segment,covariate,lineage,celltype,analysis_type,n_categories_tested,categories_tested,n_samples,n_donors,n_datasets,omega_squared,kruskal_p_value,highest_median_pct_category,highest_median_within_lineage_pct,lowest_median_pct_category,lowest_median_within_lineage_pct,n_datasets_with_multiple_categories,n_datasets_with_two_categories_each_n_ge_5,within_study_contrast_supported,spearman_age_rho,spearman_age_p_value,kruskal_fdr_within_segment_covariate,spearman_age_fdr_within_segment_covariate
duodenum,radial_tissue_term,epithelial,BEST4 Colonocytes,descriptive,3,EPI | EPI_LP | EPI_LP_MUSC,6,5,3,0.0,,EPI,0.0,EPI,0.0,0,0,False,,,,
duodenum,radial_tissue_term,epithelial,BEST4 Enterocytes,descriptive,3,EPI | EPI_LP | EPI_LP_MUSC,6,5,3,0.09322873147275382,,EPI,2.5,EPI_LP,0.0,0,0,False,,,,
duodenum,radial_tissue_term,epithelial,Brunners Gland Cells,descriptive,3,EPI | EPI_LP | EPI_LP_MUSC,6,5,3,0.11359369054677593,,EPI_LP_MUSC,2.941176470588235,EPI,0.0,0,0,False,,,,
duodenum,radial_tissue_term,epithelial,Colonocyte Progenitors,descriptive,3,EPI | EPI_LP | EPI_LP_MUSC,6,5,3,0.0,,EPI,0.0,EPI,0.0,0,0,False,,,,
duodenum,radial_tissue_term,epithelial,Crypt Top Colonocytes,descriptive,3,EPI | EPI_LP | EPI_LP_MUSC,6,5,3,0.0,,EPI,0.0,EPI,0.0,0,0,False,,,,
duodenum,radial_tissue_term,epithelial,EEC Enterochromaffin (EC),descriptive,3,EPI | EPI_LP | EPI_LP_MUSC,6,5,3,0.0,,EPI,0.0,EPI,0.0,0,0,False,,,,
duodenum,radial_tissue_term,epithelial,EEC L,descriptive,3,EPI | EPI_LP | EPI_LP_MUSC,6,5,3,0.11437575175552665,,EPI,1.6666666666666667,EPI_LP,0.0,0,0,False,,,,
duodenum,radial_tissue_term,epithelial,EEC N,descriptive,3,EPI | EPI_LP | EPI_LP_MUSC,6,5,3,0.14226149479716382,,EPI,0.8333333333333334,EPI_LP,0.0,0,0,False,,,,
duodenum,radial_tissue_term,epithelial,EEC Progenitors,descriptive,3,EPI | EPI_LP | EPI_LP_MUSC,6,5,3,0.0,,EPI_LP_MUSC,50.0,EPI,0.0,0,0,False,,,,
duodenum,radial_tissue_term,epithelial,EEC S,descriptive,3,EPI | EPI_LP | EPI_LP_MUSC,6,5,3,0.0,,EPI,0.0,EPI,0.0,0,0,False,,,,
duodenum,radial_tissue_term,epithelial,Enterocyte Progenitors,descriptive,3,EPI | EPI_LP | EPI_LP_MUSC,6,5,3,0.0,,EPI_LP_MUSC,6.862745098039216,EPI_LP,0.0,0,0,False,,,,
duodenum,radial_tissue_term,epithelial,Enteroendocrine Cells (EEC),descriptive,3,EPI | EPI_LP | EPI_LP_MUSC,6,5,3,0.0,,EPI,0.0,EPI,0.0,0,0,False,,,,
duodenum,radial_tissue_term,epithelial,Epithelial,descriptive,3,EPI | EPI_LP | EPI_LP_MUSC,6,5,3,0.0,,EPI,0.0,EPI,0.0,0,0,False,,,,
duodenum,radial_tissue_term,epithelial,Foveolar Cells,descriptive,3,EPI | EPI_LP | EPI_LP_MUSC,6,5,3,0.0,,EPI,0.0,EPI,0.0,0,0,False,,,,
duodenum,radial_tissue_term,epithelial,Goblet Cells,descriptive,3,EPI | EPI_LP | EPI_LP_MUSC,6,5,3,0.0,,EPI,0.0,EPI,0.0,0,0,False,,,,
duodenum,radial_tissue_term,epithelial,Intestinal Stem Cells (ISC),descriptive,3,EPI | EPI_LP | EPI_LP_MUSC,6,5,3,0.06368080218373674,,EPI,5.833333333333333,EPI_LP,0.0,0,0,False,,,,
duodenum,radial_tissue_term,epithelial,Lower Crypt Colonocytes,descriptive,3,EPI | EPI_LP | EPI_LP_MUSC,6,5,3,0.0,,EPI,0.0,EPI,0.0,0,0,False,,,,
duodenum,radial_tissue_term,epithelial,Lower Villus Enterocytes,descriptive,3,EPI | EPI_LP | EPI_LP_MUSC,6,5,3,0.0,,EPI,23.333333333333332,EPI_LP,0.0,0,0,False,,,,
duodenum,radial_tissue_term,epithelial,Mature Goblet Cells,descriptive,3,EPI | EPI_LP | EPI_LP_MUSC,6,5,3,0.0,,EPI,0.0,EPI,0.0,0,0,False,,,,
duodenum,radial_tissue_term,epithelial,Microfold Cells (M Cells),descriptive,3,EPI | EPI_LP | EPI_LP_MUSC,6,5,3,0.0,,EPI,0.0,EPI,0.0,0,0,False,,,,
duodenum,radial_tissue_term,epithelial,Mid Crypt Colonocytes,descriptive,3,EPI | EPI_LP | EPI_LP_MUSC,6,5,3,0.0,,EPI,0.0,EPI,0.0,0,0,False,,,,
duodenum,radial_tissue_term,epithelial,Mid Villus Enterocytes,descriptive,3,EPI | EPI_LP | EPI_LP_MUSC,6,5,3,0.0,,EPI_LP_MUSC,27.450980392156865,EPI_LP,0.0,0,0,False,,,,
duodenum,radial_tissue_term,epithelial,Paneth Cells,descriptive,3,EPI | EPI_LP | EPI_LP_MUSC,6,5,3,0.0,,EPI,50.0,EPI_LP,0.0,0,0,False,,,,
duodenum,radial_tissue_term,epithelial,Secretory Progenitors,descriptive,3,EPI | EPI_LP | EPI_LP_MUSC,6,5,3,0.0,,EPI,0.0,EPI,0.0,0,0,False,,,,
duodenum,radial_tissue_term,epithelial,Transiently Amplifying Cells (TA),descriptive,3,EPI | EPI_LP | EPI_LP_MUSC,6,5,3,0.0,,EPI,4.166666666666666,EPI_LP,0.0,0,0,False,,,,
duodenum,radial_tissue_term,epithelial,Tuft Cells,descriptive,3,EPI | EPI_LP | EPI_LP_MUSC,6,5,3,0.11437575175552665,,EPI,1.6666666666666667,EPI_LP,0.0,0,0,False,,,,
duodenum,radial_tissue_term,epithelial,Tuft Progenitors,descriptive,3,EPI | EPI_LP | EPI_LP_MUSC,6,5,3,0.7725362720490977,,EPI_LP,100.0,EPI,0.0,0,0,False,,,,
duodenum,radial_tissue_term,epithelial,Villus Tip Enterocytes,descriptive,3,EPI | EPI_LP | EPI_LP_MUSC,6,5,3,0.14226149479716382,,EPI,0.8333333333333334,EPI_LP,0.0,0,0,False,,,,
duodenum,age_range,epithelial,BEST4 Colonocytes,descriptive,2,40-49 | 60-69,4,3,3,3.831364980536568e-17,,40-49,0.0,40-49,0.0,2,0,False,,,,
duodenum,age_range,epithelial,BEST4 Enterocytes,descriptive,2,40-49 | 60-69,4,3,3,3.831364980536568e-17,,40-49,0.0,40-49,0.0,2,0,False,,,,
duodenum,age_range,epithelial,Brunners Gland Cells,descriptive,2,40-49 | 60-69,4,3,3,0.0,,60-69,2.941176470588235,40-49,0.0,2,0,False,,,,
duodenum,age_range,epithelial,Colonocyte Progenitors,descriptive,2,40-49 | 60-69,4,3,3,3.831364980536568e-17,,40-49,0.0,40-49,0.0,2,0,False,,,,
duodenum,age_range,epithelial,Crypt Top Colonocytes,descriptive,2,40-49 | 60-69,4,3,3,3.831364980536568e-17,,40-49,0.0,40-49,0.0,2,0,False,,,,
duodenum,age_range,epithelial,EEC Enterochromaffin (EC),descriptive,2,40-49 | 60-69,4,3,3,3.831364980536568e-17,,40-49,0.0,40-49,0.0,2,0,False,,,,
duodenum,age_range,epithelial,EEC L,descriptive,2,40-49 | 60-69,4,3,3,3.831364980536568e-17,,40-49,0.0,40-49,0.0,2,0,False,,,,
duodenum,age_range,epithelial,EEC N,descriptive,2,40-49 | 60-69,4,3,3,3.831364980536568e-17,,40-49,0.0,40-49,0.0,2,0,False,,,,
duodenum,age_range,epithelial,EEC Progenitors,descriptive,2,40-49 | 60-69,4,3,3,0.0,,60-69,50.0,40-49,0.0,2,0,False,,,,
duodenum,age_range,epithelial,EEC S,descriptive,2,40-49 | 60-69,4,3,3,3.831364980536568e-17,,40-49,0.0,40-49,0.0,2,0,False,,,,
duodenum,age_range,epithelial,Enterocyte Progenitors,descriptive,2,40-49 | 60-69,4,3,3,0.0,,60-69,6.862745098039216,40-49,0.0,2,0,False,,,,
duodenum,age_range,epithelial,Enteroendocrine Cells (EEC),descriptive,2,40-49 | 60-69,4,3,3,3.831364980536568e-17,,40-49,0.0,40-49,0.0,2,0,False,,,,
duodenum,age_range,epithelial,Epithelial,descriptive,2,40-49 | 60-69,4,3,3,3.831364980536568e-17,,40-49,0.0,40-49,0.0,2,0,False,,,,
duodenum,age_range,epithelial,Foveolar Cells,descriptive,2,40-49 | 60-69,4,3,3,3.831364980536568e-17,,40-49,0.0,40-49,0.0,2,0,False,,,,
duodenum,age_range,epithelial,Goblet Cells,descriptive,2,40-49 | 60-69,4,3,3,3.831364980536568e-17,,40-49,0.0,40-49,0.0,2,0,False,,,,
duodenum,age_range,epithelial,Intestinal Stem Cells (ISC),descriptive,2,40-49 | 60-69,4,3,3,3.831364980536568e-17,,40-49,0.0,40-49,0.0,2,0,False,,,,
duodenum,age_range,epithelial,Lower Crypt Colonocytes,descriptive,2,40-49 | 60-69,4,3,3,3.831364980536568e-17,,40-49,0.0,40-49,0.0,2,0,False,,,,
duodenum,age_range,epithelial,Lower Villus Enterocytes,descriptive,2,40-49 | 60-69,4,3,3,0.0,,60-69,11.76470588235294,40-49,0.0,2,0,False,,,,
duodenum,age_range,epithelial,Mature Goblet Cells,descriptive,2,40-49 | 60-69,4,3,3,3.831364980536568e-17,,40-49,0.0,40-49,0.0,2,0,False,,,,
duodenum,age_range,epithelial,Microfold Cells (M Cells),descriptive,2,40-49 | 60-69,4,3,3,3.831364980536568e-17,,40-49,0.0,40-49,0.0,2,0,False,,,,
duodenum,age_range,epithelial,Mid Crypt Colonocytes,descriptive,2,40-49 | 60-69,4,3,3,3.831364980536568e-17,,40-49,0.0,40-49,0.0,2,0,False,,,,
duodenum,age_range,epithelial,Mid Villus Enterocytes,descriptive,2,40-49 | 60-69,4,3,3,0.0,,60-69,27.450980392156865,40-49,0.0,2,0,False,,,,
duodenum,age_range,epithelial,Paneth Cells,descriptive,2,40-49 | 60-69,4,3,3,0.144138255971181,,40-49,50.0,60-69,0.0,2,0,False,,,,
duodenum,age_range,epithelial,Secretory Progenitors,descriptive,2,40-49 | 60-69,4,3,3,3.831364980536568e-17,,40-49,0.0,40-49,0.0,2,0,False,,,,
duodenum,age_range,epithelial,Transiently Amplifying Cells (TA),descriptive,2,40-49 | 60-69,4,3,3,3.0636009333859345e-17,,60-69,0.9803921568627451,40-49,0.0,2,0,False,,,,
duodenum,age_range,epithelial,Tuft Cells,descriptive,2,40-49 | 60-69,4,3,3,3.831364980536568e-17,,40-49,0.0,40-49,0.0,2,0,False,,,,
duodenum,age_range,epithelial,Tuft Progenitors,descriptive,2,40-49 | 60-69,4,3,3,0.144138255971181,,40-49,50.0,60-69,0.0,2,0,False,,,,
duodenum,age_range,epithelial,Villus Tip Enterocytes,descriptive,2,40-49 | 60-69,4,3,3,3.831364980536568e-17,,40-49,0.0,40-49,0.0,2,0,False,,,,
duodenum,assay,epithelial,BEST4 Colonocytes,descriptive,2,10x 3' v2 | 10x 3' v3,6,5,3,0.0,,10x 3' v2,0.0,10x 3' v2,0.0,0,0,False,,,,
duodenum,assay,epithelial,BEST4 Enterocytes,descriptive,2,10x 3' v2 | 10x 3' v3,6,5,3,0.26023042053801143,,10x 3' v3,2.5,10x 3' v2,0.0,0,0,False,,,,
duodenum,assay,epithelial,Brunners Gland Cells,descriptive,2,10x 3' v2 | 10x 3' v3,6,5,3,0.07060969073051226,,10x 3' v2,0.0,10x 3' v2,0.0,0,0,False,,,,
duodenum,assay,epithelial,Colonocyte Progenitors,descriptive,2,10x 3' v2 | 10x 3' v3,6,5,3,0.0,,10x 3' v2,0.0,10x 3' v2,0.0,0,0,False,,,,
duodenum,assay,epithelial,Crypt Top Colonocytes,descriptive,2,10x 3' v2 | 10x 3' v3,6,5,3,0.0,,10x 3' v2,0.0,10x 3' v2,0.0,0,0,False,,,,
duodenum,assay,epithelial,EEC Enterochromaffin (EC),descriptive,2,10x 3' v2 | 10x 3' v3,6,5,3,0.0,,10x 3' v2,0.0,10x 3' v2,0.0,0,0,False,,,,
duodenum,assay,epithelial,EEC L,descriptive,2,10x 3' v2 | 10x 3' v3,6,5,3,0.25477954228040817,,10x 3' v3,1.6666666666666667,10x 3' v2,0.0,0,0,False,,,,
duodenum,assay,epithelial,EEC N,descriptive,2,10x 3' v2 | 10x 3' v3,6,5,3,0.17483738427429654,,10x 3' v3,0.8333333333333334,10x 3' v2,0.0,0,0,False,,,,
duodenum,assay,epithelial,EEC Progenitors,descriptive,2,10x 3' v2 | 10x 3' v3,6,5,3,0.0,,10x 3' v2,0.0,10x 3' v2,0.0,0,0,False,,,,
duodenum,assay,epithelial,EEC S,descriptive,2,10x 3' v2 | 10x 3' v3,6,5,3,0.0,,10x 3' v2,0.0,10x 3' v2,0.0,0,0,False,,,,
duodenum,assay,epithelial,Enterocyte Progenitors,descriptive,2,10x 3' v2 | 10x 3' v3,6,5,3,0.0,,10x 3' v3,1.6666666666666667,10x 3' v2,0.0,0,0,False,,,,
duodenum,assay,epithelial,Enteroendocrine Cells (EEC),descriptive,2,10x 3' v2 | 10x 3' v3,6,5,3,0.0,,10x 3' v2,0.0,10x 3' v2,0.0,0,0,False,,,,
duodenum,assay,epithelial,Epithelial,descriptive,2,10x 3' v2 | 10x 3' v3,6,5,3,0.0,,10x 3' v2,0.0,10x 3' v2,0.0,0,0,False,,,,
duodenum,assay,epithelial,Foveolar Cells,descriptive,2,10x 3' v2 | 10x 3' v3,6,5,3,0.0,,10x 3' v2,0.0,10x 3' v2,0.0,0,0,False,,,,
duodenum,assay,epithelial,Goblet Cells,descriptive,2,10x 3' v2 | 10x 3' v3,6,5,3,0.0,,10x 3' v2,0.0,10x 3' v2,0.0,0,0,False,,,,
duodenum,assay,epithelial,Intestinal Stem Cells (ISC),descriptive,2,10x 3' v2 | 10x 3' v3,6,5,3,0.25532256892918115,,10x 3' v3,5.833333333333333,10x 3' v2,0.0,0,0,False,,,,
duodenum,assay,epithelial,Lower Crypt Colonocytes,descriptive,2,10x 3' v2 | 10x 3' v3,6,5,3,0.0,,10x 3' v2,0.0,10x 3' v2,0.0,0,0,False,,,,
duodenum,assay,epithelial,Lower Villus Enterocytes,descriptive,2,10x 3' v2 | 10x 3' v3,6,5,3,0.0,,10x 3' v3,23.333333333333332,10x 3' v2,0.0,0,0,False,,,,
duodenum,assay,epithelial,Mature Goblet Cells,descriptive,2,10x 3' v2 | 10x 3' v3,6,5,3,0.0,,10x 3' v2,0.0,10x 3' v2,0.0,0,0,False,,,,
duodenum,assay,epithelial,Microfold Cells (M Cells),descriptive,2,10x 3' v2 | 10x 3' v3,6,5,3,0.0,,10x 3' v2,0.0,10x 3' v2,0.0,0,0,False,,,,
duodenum,assay,epithelial,Mid Crypt Colonocytes,descriptive,2,10x 3' v2 | 10x 3' v3,6,5,3,0.0,,10x 3' v2,0.0,10x 3' v2,0.0,0,0,False,,,,
duodenum,assay,epithelial,Mid Villus Enterocytes,descriptive,2,10x 3' v2 | 10x 3' v3,6,5,3,0.0,,10x 3' v3,7.5,10x 3' v2,0.0,0,0,False,,,,
duodenum,assay,epithelial,Paneth Cells,descriptive,2,10x 3' v2 | 10x 3' v3,6,5,3,0.0,,10x 3' v3,50.0,10x 3' v2,0.0,0,0,False,,,,
duodenum,assay,epithelial,Secretory Progenitors,descriptive,2,10x 3' v2 | 10x 3' v3,6,5,3,0.0,,10x 3' v2,0.0,10x 3' v2,0.0,0,0,False,,,,
duodenum,assay,epithelial,Transiently Amplifying Cells (TA),descriptive,2,10x 3' v2 | 10x 3' v3,6,5,3,0.059257419267244774,,10x 3' v3,4.166666666666666,10x 3' v2,0.0,0,0,False,,,,
duodenum,assay,epithelial,Tuft Cells,descriptive,2,10x 3' v2 | 10x 3' v3,6,5,3,0.25477954228040817,,10x 3' v3,1.6666666666666667,10x 3' v2,0.0,0,0,False,,,,
duodenum,assay,epithelial,Tuft Progenitors,descriptive,2,10x 3' v2 | 10x 3' v3,6,5,3,0.09788670276565148,,10x 3' v2,50.0,10x 3' v3,0.0,0,0,False,,,,
duodenum,assay,epithelial,Villus Tip Enterocytes,descriptive,2,10x 3' v2 | 10x 3' v3,6,5,3,0.17483738427429654,,10x 3' v3,0.8333333333333334,10x 3' v2,0.0,0,0,False,,,,
duodenum,sample_collection_method,epithelial,BEST4 Colonocytes,descriptive,2,biopsy | surgical resection,6,5,3,0.029525010379662722,,biopsy,0.0,biopsy,0.0,0,0,False,,,,
duodenum,sample_collection_method,epithelial,BEST4 Enterocytes,descriptive,2,biopsy | surgical resection,6,5,3,0.0,,biopsy,0.0,biopsy,0.0,0,0,False,,,,
duodenum,sample_collection_method,epithelial,Brunners Gland Cells,descriptive,2,biopsy | surgical resection,6,5,3,0.0,,biopsy,0.0,biopsy,0.0,0,0,False,,,,
duodenum,sample_collection_method,epithelial,Colonocyte Progenitors,descriptive,2,biopsy | surgical resection,6,5,3,0.029525010379662722,,biopsy,0.0,biopsy,0.0,0,0,False,,,,
duodenum,sample_collection_method,epithelial,Crypt Top Colonocytes,descriptive,2,biopsy | surgical resection,6,5,3,0.029525010379662722,,biopsy,0.0,biopsy,0.0,0,0,False,,,,
duodenum,sample_collection_method,epithelial,EEC Enterochromaffin (EC),descriptive,2,biopsy | surgical resection,6,5,3,0.029525010379662722,,biopsy,0.0,biopsy,0.0,0,0,False,,,,
duodenum,sample_collection_method,epithelial,EEC L,descriptive,2,biopsy | surgical resection,6,5,3,0.0,,biopsy,0.0,biopsy,0.0,0,0,False,,,,
duodenum,sample_collection_method,epithelial,EEC N,descriptive,2,biopsy | surgical resection,6,5,3,0.0,,biopsy,0.0,biopsy,0.0,0,0,False,,,,
duodenum,sample_collection_method,epithelial,EEC Progenitors,descriptive,2,biopsy | surgical resection,6,5,3,0.0,,biopsy,0.0,biopsy,0.0,0,0,False,,,,
duodenum,sample_collection_method,epithelial,EEC S,descriptive,2,biopsy | surgical resection,6,5,3,0.029525010379662722,,biopsy,0.0,biopsy,0.0,0,0,False,,,,
duodenum,sample_collection_method,epithelial,Enterocyte Progenitors,descriptive,2,biopsy | surgical resection,6,5,3,0.0,,surgical resection,1.6666666666666667,biopsy,0.0,0,0,False,,,,
duodenum,sample_collection_method,epithelial,Enteroendocrine Cells (EEC),descriptive,2,biopsy | surgical resection,6,5,3,0.029525010379662722,,biopsy,0.0,biopsy,0.0,0,0,False,,,,
duodenum,sample_collection_method,epithelial,Epithelial,descriptive,2,biopsy | surgical resection,6,5,3,0.029525010379662722,,biopsy,0.0,biopsy,0.0,0,0,False,,,,
duodenum,sample_collection_method,epithelial,Foveolar Cells,descriptive,2,biopsy | surgical resection,6,5,3,0.029525010379662722,,biopsy,0.0,biopsy,0.0,0,0,False,,,,
duodenum,sample_collection_method,epithelial,Goblet Cells,descriptive,2,biopsy | surgical resection,6,5,3,0.029525010379662722,,biopsy,0.0,biopsy,0.0,0,0,False,,,,
duodenum,sample_collection_method,epithelial,Intestinal Stem Cells (ISC),descriptive,2,biopsy | surgical resection,6,5,3,0.0,,biopsy,0.0,biopsy,0.0,0,0,False,,,,
duodenum,sample_collection_method,epithelial,Lower Crypt Colonocytes,descriptive,2,biopsy | surgical resection,6,5,3,0.029525010379662722,,biopsy,0.0,biopsy,0.0,0,0,False,,,,
duodenum,sample_collection_method,epithelial,Lower Villus Enterocytes,descriptive,2,biopsy | surgical resection,6,5,3,0.04960429677178584,,surgical resection,11.76470588235294,biopsy,0.0,0,0,False,,,,
duodenum,sample_collection_method,epithelial,Mature Goblet Cells,descriptive,2,biopsy | surgical resection,6,5,3,0.029525010379662722,,biopsy,0.0,biopsy,0.0,0,0,False,,,,
duodenum,sample_collection_method,epithelial,Microfold Cells (M Cells),descriptive,2,biopsy | surgical resection,6,5,3,0.029525010379662722,,biopsy,0.0,biopsy,0.0,0,0,False,,,,
duodenum,sample_collection_method,epithelial,Mid Crypt Colonocytes,descriptive,2,biopsy | surgical resection,6,5,3,0.029525010379662722,,biopsy,0.0,biopsy,0.0,0,0,False,,,,
duodenum,sample_collection_method,epithelial,Mid Villus Enterocytes,descriptive,2,biopsy | surgical resection,6,5,3,0.03205277554216685,,surgical resection,7.5,biopsy,0.0,0,0,False,,,,
duodenum,sample_collection_method,epithelial,Paneth Cells,descriptive,2,biopsy | surgical resection,6,5,3,0.0,,biopsy,0.0,biopsy,0.0,0,0,False,,,,
duodenum,sample_collection_method,epithelial,Secretory Progenitors,descriptive,2,biopsy | surgical resection,6,5,3,0.029525010379662722,,biopsy,0.0,biopsy,0.0,0,0,False,,,,
duodenum,sample_collection_method,epithelial,Transiently Amplifying Cells (TA),descriptive,2,biopsy | surgical resection,6,5,3,0.0,,surgical resection,0.9803921568627451,biopsy,0.0,0,0,False,,,,
duodenum,sample_collection_method,epithelial,Tuft Cells,descriptive,2,biopsy | surgical resection,6,5,3,0.0,,biopsy,0.0,biopsy,0.0,0,0,False,,,,
duodenum,sample_collection_method,epithelial,Tuft Progenitors,descriptive,2,biopsy | surgical resection,6,5,3,0.8177604560517107,,biopsy,100.0,surgical resection,0.0,0,0,False,,,,
duodenum,sample_collection_method,epithelial,Villus Tip Enterocytes,descriptive,2,biopsy | surgical resection,6,5,3,0.0,,biopsy,0.0,biopsy,0.0,0,0,False,,,,
duodenum,gene_annotation_version,epithelial,BEST4 Colonocytes,descriptive,2,v104 | v98,6,5,3,0.0,,v104,0.0,v104,0.0,0,0,False,,,,
duodenum,gene_annotation_version,epithelial,BEST4 Enterocytes,descriptive,2,v104 | v98,6,5,3,0.26023042053801143,,v104,2.5,v98,0.0,0,0,False,,,,
duodenum,gene_annotation_version,epithelial,Brunners Gland Cells,descriptive,2,v104 | v98,6,5,3,0.07060969073051226,,v104,0.0,v104,0.0,0,0,False,,,,
duodenum,gene_annotation_version,epithelial,Colonocyte Progenitors,descriptive,2,v104 | v98,6,5,3,0.0,,v104,0.0,v104,0.0,0,0,False,,,,
duodenum,gene_annotation_version,epithelial,Crypt Top Colonocytes,descriptive,2,v104 | v98,6,5,3,0.0,,v104,0.0,v104,0.0,0,0,False,,,,
duodenum,gene_annotation_version,epithelial,EEC Enterochromaffin (EC),descriptive,2,v104 | v98,6,5,3,0.0,,v104,0.0,v104,0.0,0,0,False,,,,
duodenum,gene_annotation_version,epithelial,EEC L,descriptive,2,v104 | v98,6,5,3,0.25477954228040817,,v104,1.6666666666666667,v98,0.0,0,0,False,,,,
duodenum,gene_annotation_version,epithelial,EEC N,descriptive,2,v104 | v98,6,5,3,0.17483738427429654,,v104,0.8333333333333334,v98,0.0,0,0,False,,,,
duodenum,gene_annotation_version,epithelial,EEC Progenitors,descriptive,2,v104 | v98,6,5,3,0.0,,v104,0.0,v104,0.0,0,0,False,,,,
duodenum,gene_annotation_version,epithelial,EEC S,descriptive,2,v104 | v98,6,5,3,0.0,,v104,0.0,v104,0.0,0,0,False,,,,
duodenum,gene_annotation_version,epithelial,Enterocyte Progenitors,descriptive,2,v104 | v98,6,5,3,0.0,,v104,1.6666666666666667,v98,0.0,0,0,False,,,,
duodenum,gene_annotation_version,epithelial,Enteroendocrine Cells (EEC),descriptive,2,v104 | v98,6,5,3,0.0,,v104,0.0,v104,0.0,0,0,False,,,,
duodenum,gene_annotation_version,epithelial,Epithelial,descriptive,2,v104 | v98,6,5,3,0.0,,v104,0.0,v104,0.0,0,0,False,,,,
duodenum,gene_annotation_version,epithelial,Foveolar Cells,descriptive,2,v104 | v98,6,5,3,0.0,,v104,0.0,v104,0.0,0,0,False,,,,
duodenum,gene_annotation_version,epithelial,Goblet Cells,descriptive,2,v104 | v98,6,5,3,0.0,,v104,0.0,v104,0.0,0,0,False,,,,
duodenum,gene_annotation_version,epithelial,Intestinal Stem Cells (ISC),descriptive,2,v104 | v98,6,5,3,0.25532256892918115,,v104,5.833333333333333,v98,0.0,0,0,False,,,,
duodenum,gene_annotation_version,epithelial,Lower Crypt Colonocytes,descriptive,2,v104 | v98,6,5,3,0.0,,v104,0.0,v104,0.0,0,0,False,,,,
duodenum,gene_annotation_version,epithelial,Lower Villus Enterocytes,descriptive,2,v104 | v98,6,5,3,0.0,,v104,23.333333333333332,v98,0.0,0,0,False,,,,
duodenum,gene_annotation_version,epithelial,Mature Goblet Cells,descriptive,2,v104 | v98,6,5,3,0.0,,v104,0.0,v104,0.0,0,0,False,,,,
duodenum,gene_annotation_version,epithelial,Microfold Cells (M Cells),descriptive,2,v104 | v98,6,5,3,0.0,,v104,0.0,v104,0.0,0,0,False,,,,
duodenum,gene_annotation_version,epithelial,Mid Crypt Colonocytes,descriptive,2,v104 | v98,6,5,3,0.0,,v104,0.0,v104,0.0,0,0,False,,,,
duodenum,gene_annotation_version,epithelial,Mid Villus Enterocytes,descriptive,2,v104 | v98,6,5,3,0.0,,v104,7.5,v98,0.0,0,0,False,,,,
duodenum,gene_annotation_version,epithelial,Paneth Cells,descriptive,2,v104 | v98,6,5,3,0.0,,v104,50.0,v98,0.0,0,0,False,,,,
duodenum,gene_annotation_version,epithelial,Secretory Progenitors,descriptive,2,v104 | v98,6,5,3,0.0,,v104,0.0,v104,0.0,0,0,False,,,,
duodenum,gene_annotation_version,epithelial,Transiently Amplifying Cells (TA),descriptive,2,v104 | v98,6,5,3,0.059257419267244774,,v104,4.166666666666666,v98,0.0,0,0,False,,,,
duodenum,gene_annotation_version,epithelial,Tuft Cells,descriptive,2,v104 | v98,6,5,3,0.25477954228040817,,v104,1.6666666666666667,v98,0.0,0,0,False,,,,
duodenum,gene_annotation_version,epithelial,Tuft Progenitors,descriptive,2,v104 | v98,6,5,3,0.09788670276565148,,v98,50.0,v104,0.0,0,0,False,,,,
duodenum,gene_annotation_version,epithelial,Villus Tip Enterocytes,descriptive,2,v104 | v98,6,5,3,0.17483738427429654,,v104,0.8333333333333334,v98,0.0,0,0,False,,,,
jejunum,radial_tissue_term,lymphoid,CD4 Memory,descriptive,2,EPI | LP,5,5,2,0.0,,LP,14.814814814814813,EPI,3.4433962264150946,1,0,False,,,,
jejunum,radial_tissue_term,lymphoid,CD4 Naive,descriptive,2,EPI | LP,5,5,2,0.0,,EPI,0.0,EPI,0.0,1,0,False,,,,
jejunum,radial_tissue_term,lymphoid,CD4 Tfh,descriptive,2,EPI | LP,5,5,2,0.0,,EPI,0.0,EPI,0.0,1,0,False,,,,
jejunum,radial_tissue_term,lymphoid,CD4 Tfr,descriptive,2,EPI | LP,5,5,2,0.0,,EPI,0.0,EPI,0.0,1,0,False,,,,
jejunum,radial_tissue_term,lymphoid,CD4 Th17,descriptive,2,EPI | LP,5,5,2,0.634077711583937,,EPI,9.937106918238994,LP,1.8181818181818181,1,0,False,,,,
jejunum,radial_tissue_term,lymphoid,CD4 Tr1,descriptive,2,EPI | LP,5,5,2,0.0,,EPI,0.0,EPI,0.0,1,0,False,,,,
jejunum,radial_tissue_term,lymphoid,CD4 pTreg,descriptive,2,EPI | LP,5,5,2,0.0,,EPI,0.0,EPI,0.0,1,0,False,,,,
jejunum,radial_tissue_term,lymphoid,CD4 tTreg,descriptive,2,EPI | LP,5,5,2,0.0,,EPI,0.0,EPI,0.0,1,0,False,,,,
jejunum,radial_tissue_term,lymphoid,CD8 Circulating Effector Memory,descriptive,2,EPI | LP,5,5,2,0.0,,LP,1.8181818181818181,EPI,0.9433962264150944,1,0,False,,,,
jejunum,radial_tissue_term,lymphoid,CD8 Effector Memory,descriptive,2,EPI | LP,5,5,2,0.0,,EPI,3.3333333333333335,LP,0.0,1,0,False,,,,
jejunum,radial_tissue_term,lymphoid,CD8 IEL,descriptive,2,EPI | LP,5,5,2,0.0,,EPI,14.764150943396226,LP,6.666666666666667,1,0,False,,,,
jejunum,radial_tissue_term,lymphoid,CD8 Memory Exhausted,descriptive,2,EPI | LP,5,5,2,0.0,,EPI,0.0,EPI,0.0,1,0,False,,,,
jejunum,radial_tissue_term,lymphoid,CD8 Naive,descriptive,2,EPI | LP,5,5,2,0.0,,EPI,0.0,EPI,0.0,1,0,False,,,,
jejunum,radial_tissue_term,lymphoid,CD8 TRM,descriptive,2,EPI | LP,5,5,2,0.0,,EPI,61.918238993710695,LP,40.74074074074074,1,0,False,,,,
jejunum,radial_tissue_term,lymphoid,GC B Dark Zone (GC B DZ),descriptive,2,EPI | LP,5,5,2,0.0,,EPI,0.0,EPI,0.0,1,0,False,,,,
jejunum,radial_tissue_term,lymphoid,GC B Light Zone (GC B LZ),descriptive,2,EPI | LP,5,5,2,0.0,,EPI,0.0,EPI,0.0,1,0,False,,,,
jejunum,radial_tissue_term,lymphoid,Gamma Delta T Cells,descriptive,2,EPI | LP,5,5,2,0.0,,EPI,0.0,EPI,0.0,1,0,False,,,,
jejunum,radial_tissue_term,lymphoid,ILC3,descriptive,2,EPI | LP,5,5,2,0.0,,EPI,0.0,EPI,0.0,1,0,False,,,,
jejunum,radial_tissue_term,lymphoid,MAIT Cells,descriptive,2,EPI | LP,5,5,2,0.0,,EPI,0.0,EPI,0.0,1,0,False,,,,
jejunum,radial_tissue_term,lymphoid,Memory B,descriptive,2,EPI | LP,5,5,2,0.0,,EPI,0.0,EPI,0.0,1,0,False,,,,
jejunum,radial_tissue_term,lymphoid,NK Cells,descriptive,2,EPI | LP,5,5,2,0.0,,EPI,1.8867924528301887,LP,0.0,1,0,False,,,,
jejunum,radial_tissue_term,lymphoid,NKT Cells,descriptive,2,EPI | LP,5,5,2,0.0,,EPI,3.7735849056603774,LP,0.0,1,0,False,,,,
jejunum,radial_tissue_term,lymphoid,Naive B,descriptive,2,EPI | LP,5,5,2,0.0,,EPI,0.0,EPI,0.0,1,0,False,,,,
jejunum,radial_tissue_term,lymphoid,Plasma Cells,descriptive,2,EPI | LP,5,5,2,0.0,,EPI,0.0,EPI,0.0,1,0,False,,,,
jejunum,radial_tissue_term,lymphoid,Plasma IGA,descriptive,2,EPI | LP,5,5,2,0.17416181192920513,,LP,5.0,EPI,0.0,1,0,False,,,,
jejunum,radial_tissue_term,lymphoid,Plasma IGG,descriptive,2,EPI | LP,5,5,2,0.0,,EPI,0.0,EPI,0.0,1,0,False,,,,
jejunum,sex_ontology_term,lymphoid,CD4 Memory,descriptive,2,female | male,5,5,2,0.0,,female,10.11006289308176,male,5.0,1,0,False,,,,
jejunum,sex_ontology_term,lymphoid,CD4 Naive,descriptive,2,female | male,5,5,2,0.0,,female,0.0,female,0.0,1,0,False,,,,
jejunum,sex_ontology_term,lymphoid,CD4 Tfh,descriptive,2,female | male,5,5,2,0.0,,female,0.0,female,0.0,1,0,False,,,,
jejunum,sex_ontology_term,lymphoid,CD4 Tfr,descriptive,2,female | male,5,5,2,0.0,,female,0.0,female,0.0,1,0,False,,,,
jejunum,sex_ontology_term,lymphoid,CD4 Th17,descriptive,2,female | male,5,5,2,0.0,,female,7.437106918238993,male,5.555555555555555,1,0,False,,,,
jejunum,sex_ontology_term,lymphoid,CD4 Tr1,descriptive,2,female | male,5,5,2,0.0,,female,0.0,female,0.0,1,0,False,,,,
jejunum,sex_ontology_term,lymphoid,CD4 pTreg,descriptive,2,female | male,5,5,2,0.0,,female,0.0,female,0.0,1,0,False,,,,
jejunum,sex_ontology_term,lymphoid,CD4 tTreg,descriptive,2,female | male,5,5,2,0.0,,female,0.0,female,0.0,1,0,False,,,,
jejunum,sex_ontology_term,lymphoid,CD8 Circulating Effector Memory,descriptive,2,female | male,5,5,2,0.0,,male,1.8181818181818181,female,0.9433962264150944,1,0,False,,,,
jejunum,sex_ontology_term,lymphoid,CD8 Effector Memory,descriptive,2,female | male,5,5,2,0.13213796516471574,,male,6.666666666666667,female,0.0,1,0,False,,,,
jejunum,sex_ontology_term,lymphoid,CD8 IEL,descriptive,2,female | male,5,5,2,0.0,,female,15.59748427672956,male,5.0,1,0,False,,,,
jejunum,sex_ontology_term,lymphoid,CD8 Memory Exhausted,descriptive,2,female | male,5,5,2,0.0,,female,0.0,female,0.0,1,0,False,,,,
jejunum,sex_ontology_term,lymphoid,CD8 Naive,descriptive,2,female | male,5,5,2,0.0,,female,0.0,female,0.0,1,0,False,,,,
jejunum,sex_ontology_term,lymphoid,CD8 TRM,descriptive,2,female | male,5,5,2,0.0,,female,57.75157232704402,male,40.74074074074074,1,0,False,,,,
jejunum,sex_ontology_term,lymphoid,GC B Dark Zone (GC B DZ),descriptive,2,female | male,5,5,2,0.0,,female,0.0,female,0.0,1,0,False,,,,
jejunum,sex_ontology_term,lymphoid,GC B Light Zone (GC B LZ),descriptive,2,female | male,5,5,2,0.0,,female,0.0,female,0.0,1,0,False,,,,
jejunum,sex_ontology_term,lymphoid,Gamma Delta T Cells,descriptive,2,female | male,5,5,2,0.0,,female,0.0,female,0.0,1,0,False,,,,
jejunum,sex_ontology_term,lymphoid,ILC3,descriptive,2,female | male,5,5,2,0.0,,female,0.0,female,0.0,1,0,False,,,,
jejunum,sex_ontology_term,lymphoid,MAIT Cells,descriptive,2,female | male,5,5,2,0.0,,female,0.0,female,0.0,1,0,False,,,,
jejunum,sex_ontology_term,lymphoid,Memory B,descriptive,2,female | male,5,5,2,0.0,,female,0.0,female,0.0,1,0,False,,,,
jejunum,sex_ontology_term,lymphoid,NK Cells,descriptive,2,female | male,5,5,2,0.0,,female,1.8867924528301887,male,0.0,1,0,False,,,,
jejunum,sex_ontology_term,lymphoid,NKT Cells,descriptive,2,female | male,5,5,2,0.0,,female,3.7735849056603774,male,0.0,1,0,False,,,,
jejunum,sex_ontology_term,lymphoid,Naive B,descriptive,2,female | male,5,5,2,0.0,,female,0.0,female,0.0,1,0,False,,,,
jejunum,sex_ontology_term,lymphoid,Plasma Cells,descriptive,2,female | male,5,5,2,0.0,,female,0.0,female,0.0,1,0,False,,,,
jejunum,sex_ontology_term,lymphoid,Plasma IGA,descriptive,2,female | male,5,5,2,0.0,,female,2.5,male,0.0,1,0,False,,,,
jejunum,sex_ontology_term,lymphoid,Plasma IGG,descriptive,2,female | male,5,5,2,0.0,,female,0.0,female,0.0,1,0,False,,,,
jejunum,sex_ontology_term,myeloid,Classical Monocytes,descriptive,2,female | male,6,6,1,0.029941953580930884,,female,0.0,female,0.0,1,0,False,,,,
jejunum,sex_ontology_term,myeloid,Cycling Macrophages,descriptive,2,female | male,6,6,1,0.10009827835135006,,female,0.0,female,0.0,1,0,False,,,,
jejunum,sex_ontology_term,myeloid,Eosinophils,descriptive,2,female | male,6,6,1,0.0,,female,0.0,female,0.0,1,0,False,,,,
jejunum,sex_ontology_term,myeloid,Follicle Associated Resident Macrophages,descriptive,2,female | male,6,6,1,0.0,,female,0.0,female,0.0,1,0,False,,,,
jejunum,sex_ontology_term,myeloid,Homeostatic Macrophages,descriptive,2,female | male,6,6,1,0.06207106178371542,,female,0.0,female,0.0,1,0,False,,,,
jejunum,sex_ontology_term,myeloid,M0 Macrophages,descriptive,2,female | male,6,6,1,0.0,,female,0.0,female,0.0,1,0,False,,,,
jejunum,sex_ontology_term,myeloid,Mast Cells,descriptive,2,female | male,6,6,1,0.0,,female,0.0,female,0.0,1,0,False,,,,
jejunum,sex_ontology_term,myeloid,Monocyte Derived Dendritic Cells (MO DC),descriptive,2,female | male,6,6,1,0.0,,female,100.0,male,0.0,1,0,False,,,,
jejunum,sex_ontology_term,myeloid,Neutrophils,descriptive,2,female | male,6,6,1,0.0,,female,0.0,female,0.0,1,0,False,,,,
jejunum,sex_ontology_term,myeloid,Nonclassical Monocytes,descriptive,2,female | male,6,6,1,0.025671535946617238,,female,0.0,female,0.0,1,0,False,,,,
jejunum,sex_ontology_term,myeloid,Perivascular Resident Macrophages,descriptive,2,female | male,6,6,1,0.0,,female,0.0,female,0.0,1,0,False,,,,
jejunum,sex_ontology_term,myeloid,Tolerogenic cDC2,descriptive,2,female | male,6,6,1,0.0,,female,0.0,female,0.0,1,0,False,,,,
jejunum,sex_ontology_term,myeloid,cDC1,descriptive,2,female | male,6,6,1,0.10009827835135006,,female,0.0,female,0.0,1,0,False,,,,
jejunum,sex_ontology_term,myeloid,cDC2,descriptive,2,female | male,6,6,1,0.0,,female,0.0,female,0.0,1,0,False,,,,
jejunum,sex_ontology_term,myeloid,migDC,descriptive,2,female | male,6,6,1,0.0,,female,0.0,female,0.0,1,0,False,,,,
jejunum,sex_ontology_term,myeloid,pDC,descriptive,2,female | male,6,6,1,0.0,,female,0.0,female,0.0,1,0,False,,,,
jejunum,age_range,lymphoid,CD4 Memory,descriptive,2,20-29 | 70-79,4,4,2,0.6047068363652356,,70-79,16.574074074074073,20-29,3.4433962264150946,1,0,False,,,,
jejunum,age_range,lymphoid,CD4 Naive,descriptive,2,20-29 | 70-79,4,4,2,0.0,,20-29,0.0,20-29,0.0,1,0,False,,,,
jejunum,age_range,lymphoid,CD4 Tfh,descriptive,2,20-29 | 70-79,4,4,2,0.060797305844754554,,70-79,0.9259259259259258,20-29,0.0,1,0,False,,,,
jejunum,age_range,lymphoid,CD4 Tfr,descriptive,2,20-29 | 70-79,4,4,2,0.0,,20-29,0.0,20-29,0.0,1,0,False,,,,
jejunum,age_range,lymphoid,CD4 Th17,descriptive,2,20-29 | 70-79,4,4,2,0.5552555539129687,,20-29,9.937106918238994,70-79,3.611111111111111,1,0,False,,,,
jejunum,age_range,lymphoid,CD4 Tr1,descriptive,2,20-29 | 70-79,4,4,2,0.0,,20-29,0.0,20-29,0.0,1,0,False,,,,
jejunum,age_range,lymphoid,CD4 pTreg,descriptive,2,20-29 | 70-79,4,4,2,0.060797305844754554,,70-79,0.9259259259259258,20-29,0.0,1,0,False,,,,
jejunum,age_range,lymphoid,CD4 tTreg,descriptive,2,20-29 | 70-79,4,4,2,0.0,,20-29,0.0,20-29,0.0,1,0,False,,,,
jejunum,age_range,lymphoid,CD8 Circulating Effector Memory,descriptive,2,20-29 | 70-79,4,4,2,0.0,,20-29,0.9433962264150944,70-79,0.9259259259259258,1,0,False,,,,
jejunum,age_range,lymphoid,CD8 Effector Memory,descriptive,2,20-29 | 70-79,4,4,2,0.0,,20-29,3.3333333333333335,70-79,0.0,1,0,False,,,,
jejunum,age_range,lymphoid,CD8 IEL,descriptive,2,20-29 | 70-79,4,4,2,0.0,,70-79,17.22222222222222,20-29,14.764150943396226,1,0,False,,,,
jejunum,age_range,lymphoid,CD8 Memory Exhausted,descriptive,2,20-29 | 70-79,4,4,2,0.0,,20-29,0.0,20-29,0.0,1,0,False,,,,
jejunum,age_range,lymphoid,CD8 Naive,descriptive,2,20-29 | 70-79,4,4,2,0.0,,20-29,0.0,20-29,0.0,1,0,False,,,,
jejunum,age_range,lymphoid,CD8 TRM,descriptive,2,20-29 | 70-79,4,4,2,0.0,,20-29,61.918238993710695,70-79,54.53703703703704,1,0,False,,,,
jejunum,age_range,lymphoid,GC B Dark Zone (GC B DZ),descriptive,2,20-29 | 70-79,4,4,2,0.0,,20-29,0.0,20-29,0.0,1,0,False,,,,
jejunum,age_range,lymphoid,GC B Light Zone (GC B LZ),descriptive,2,20-29 | 70-79,4,4,2,0.0,,20-29,0.0,20-29,0.0,1,0,False,,,,
jejunum,age_range,lymphoid,Gamma Delta T Cells,descriptive,2,20-29 | 70-79,4,4,2,0.0,,20-29,0.0,20-29,0.0,1,0,False,,,,
jejunum,age_range,lymphoid,ILC3,descriptive,2,20-29 | 70-79,4,4,2,0.0,,20-29,0.0,20-29,0.0,1,0,False,,,,
jejunum,age_range,lymphoid,MAIT Cells,descriptive,2,20-29 | 70-79,4,4,2,0.0,,20-29,0.0,20-29,0.0,1,0,False,,,,
jejunum,age_range,lymphoid,Memory B,descriptive,2,20-29 | 70-79,4,4,2,0.0,,20-29,0.0,20-29,0.0,1,0,False,,,,
jejunum,age_range,lymphoid,NK Cells,descriptive,2,20-29 | 70-79,4,4,2,0.05325653245219321,,20-29,1.8867924528301887,70-79,0.0,1,0,False,,,,
jejunum,age_range,lymphoid,NKT Cells,descriptive,2,20-29 | 70-79,4,4,2,0.03902238804736255,,20-29,3.7735849056603774,70-79,0.0,1,0,False,,,,
jejunum,age_range,lymphoid,Naive B,descriptive,2,20-29 | 70-79,4,4,2,0.0,,20-29,0.0,20-29,0.0,1,0,False,,,,
jejunum,age_range,lymphoid,Plasma Cells,descriptive,2,20-29 | 70-79,4,4,2,0.0,,20-29,0.0,20-29,0.0,1,0,False,,,,
jejunum,age_range,lymphoid,Plasma IGA,descriptive,2,20-29 | 70-79,4,4,2,0.9882070056759648,,70-79,5.277777777777778,20-29,0.0,1,0,False,,,,
jejunum,age_range,lymphoid,Plasma IGG,descriptive,2,20-29 | 70-79,4,4,2,0.0,,20-29,0.0,20-29,0.0,1,0,False,,,,
jejunum,age_range,myeloid,Classical Monocytes,descriptive,2,20-29 | 40-49,4,4,1,0.09158516630299568,,40-49,20.0,20-29,0.0,1,0,False,,,,
jejunum,age_range,myeloid,Cycling Macrophages,descriptive,2,20-29 | 40-49,4,4,1,0.08543883849377902,,20-29,6.25,40-49,0.0,1,0,False,,,,
jejunum,age_range,myeloid,Eosinophils,descriptive,2,20-29 | 40-49,4,4,1,0.0,,20-29,0.0,20-29,0.0,1,0,False,,,,
jejunum,age_range,myeloid,Follicle Associated Resident Macrophages,descriptive,2,20-29 | 40-49,4,4,1,0.0,,20-29,0.0,20-29,0.0,1,0,False,,,,
jejunum,age_range,myeloid,Homeostatic Macrophages,descriptive,2,20-29 | 40-49,4,4,1,0.054927025536843775,,20-29,12.5,40-49,0.0,1,0,False,,,,
jejunum,age_range,myeloid,M0 Macrophages,descriptive,2,20-29 | 40-49,4,4,1,0.0,,20-29,0.0,20-29,0.0,1,0,False,,,,
jejunum,age_range,myeloid,Mast Cells,descriptive,2,20-29 | 40-49,4,4,1,0.038776433990429474,,20-29,25.0,40-49,0.0,1,0,False,,,,
jejunum,age_range,myeloid,Monocyte Derived Dendritic Cells (MO DC),descriptive,2,20-29 | 40-49,4,4,1,0.0,,20-29,50.0,20-29,50.0,1,0,False,,,,
jejunum,age_range,myeloid,Neutrophils,descriptive,2,20-29 | 40-49,4,4,1,0.0,,20-29,0.0,20-29,0.0,1,0,False,,,,
jejunum,age_range,myeloid,Nonclassical Monocytes,descriptive,2,20-29 | 40-49,4,4,1,0.0767180409848121,,40-49,30.0,20-29,0.0,1,0,False,,,,
jejunum,age_range,myeloid,Perivascular Resident Macrophages,descriptive,2,20-29 | 40-49,4,4,1,0.0,,20-29,0.0,20-29,0.0,1,0,False,,,,
jejunum,age_range,myeloid,Tolerogenic cDC2,descriptive,2,20-29 | 40-49,4,4,1,0.0,,20-29,0.0,20-29,0.0,1,0,False,,,,
jejunum,age_range,myeloid,cDC1,descriptive,2,20-29 | 40-49,4,4,1,0.08543883849377902,,20-29,6.25,40-49,0.0,1,0,False,,,,
jejunum,age_range,myeloid,cDC2,descriptive,2,20-29 | 40-49,4,4,1,0.0,,20-29,0.0,20-29,0.0,1,0,False,,,,
jejunum,age_range,myeloid,migDC,descriptive,2,20-29 | 40-49,4,4,1,0.0,,20-29,0.0,20-29,0.0,1,0,False,,,,
jejunum,age_range,myeloid,pDC,descriptive,2,20-29 | 40-49,4,4,1,0.0,,20-29,0.0,20-29,0.0,1,0,False,,,,
ileum,sampled_site_condition,epithelial,BEST4 Colonocytes,inferential,2,adjacent | healthy,49,43,7,0.0,0.1731644364884929,adjacent,0.0,adjacent,0.0,2,1,True,,,0.47874873617406855,
ileum,sampled_site_condition,epithelial,BEST4 Enterocytes,inferential,2,adjacent | healthy,49,43,7,0.0,0.7425578834394179,adjacent,0.0,adjacent,0.0,2,1,True,,,0.8409691691964492,
ileum,sampled_site_condition,epithelial,Brunners Gland Cells,inferential,2,adjacent | healthy,49,43,7,0.02505842612812219,0.10353118794241414,adjacent,0.0,adjacent,0.0,2,1,True,,,0.36044191357729366,
ileum,sampled_site_condition,epithelial,Colonocyte Progenitors,inferential,2,adjacent | healthy,49,43,7,0.02505842612812219,0.10353118794241414,adjacent,0.0,adjacent,0.0,2,1,True,,,0.36044191357729366,
ileum,sampled_site_condition,epithelial,Crypt Top Colonocytes,inferential,2,adjacent | healthy,49,43,7,0.0,0.1979271186975391,adjacent,0.0,adjacent,0.0,2,1,True,,,0.5028418691234777,
ileum,sampled_site_condition,epithelial,EEC Enterochromaffin (EC),inferential,2,adjacent | healthy,49,43,7,0.02505842612812219,0.10353118794241414,adjacent,0.0,adjacent,0.0,2,1,True,,,0.36044191357729366,
ileum,sampled_site_condition,epithelial,EEC L,inferential,2,adjacent | healthy,49,43,7,0.02505842612812219,0.10353118794241414,adjacent,0.0,adjacent,0.0,2,1,True,,,0.36044191357729366,
ileum,sampled_site_condition,epithelial,EEC N,inferential,2,adjacent | healthy,49,43,7,0.0,0.3887609204119111,adjacent,0.0,adjacent,0.0,2,1,True,,,0.6411145003284148,
ileum,sampled_site_condition,epithelial,EEC Progenitors,inferential,2,adjacent | healthy,49,43,7,0.053356853396102154,0.08603532152210541,adjacent,0.0,adjacent,0.0,2,1,True,,,0.36044191357729366,
ileum,sampled_site_condition,epithelial,EEC S,inferential,2,adjacent | healthy,49,43,7,0.0,0.21316172871348726,adjacent,0.0,adjacent,0.0,2,1,True,,,0.5137744230530206,
ileum,sampled_site_condition,epithelial,Enterocyte Progenitors,inferential,2,adjacent | healthy,49,43,7,0.0,0.7820556921068449,adjacent,0.0,adjacent,0.0,2,1,True,,,0.8648615889181579,
ileum,sampled_site_condition,epithelial,Enteroendocrine Cells (EEC),inferential,2,adjacent | healthy,49,43,7,0.02505842612812219,0.10353118794241414,adjacent,0.0,adjacent,0.0,2,1,True,,,0.36044191357729366,
ileum,sampled_site_condition,epithelial,Epithelial,inferential,2,adjacent | healthy,49,43,7,0.0,0.33300047168799163,adjacent,0.0,adjacent,0.0,2,1,True,,,0.5906046101636078,
ileum,sampled_site_condition,epithelial,Foveolar Cells,inferential,2,adjacent | healthy,49,43,7,0.02505842612812219,0.10353118794241414,adjacent,0.0,adjacent,0.0,2,1,True,,,0.36044191357729366,
ileum,sampled_site_condition,epithelial,Goblet Cells,inferential,2,adjacent | healthy,49,43,7,0.0,0.4760130079781606,adjacent,0.0,adjacent,0.0,2,1,True,,,0.7221646107764754,
ileum,sampled_site_condition,epithelial,Intestinal Stem Cells (ISC),inferential,2,adjacent | healthy,49,43,7,0.0,0.8231877051581642,adjacent,0.0,adjacent,0.0,2,1,True,,,0.8886510275520808,
ileum,sampled_site_condition,epithelial,Lower Crypt Colonocytes,inferential,2,adjacent | healthy,49,43,7,0.02505842612812219,0.10353118794241414,adjacent,0.0,adjacent,0.0,2,1,True,,,0.36044191357729366,
ileum,sampled_site_condition,epithelial,Lower Villus Enterocytes,inferential,2,adjacent | healthy,49,43,7,0.026169317551449283,0.5727967244376126,adjacent,0.0,adjacent,0.0,2,1,True,,,0.813903221467314,
ileum,sampled_site_condition,epithelial,Mature Goblet Cells,inferential,2,adjacent | healthy,49,43,7,0.0,0.544183624501918,adjacent,0.0,adjacent,0.0,2,1,True,,,0.8030192710312107,
ileum,sampled_site_condition,epithelial,Microfold Cells (M Cells),inferential,2,adjacent | healthy,49,43,7,0.0,0.19180991076318915,adjacent,0.0,adjacent,0.0,2,1,True,,,0.5008369892149939,
ileum,sampled_site_condition,epithelial,Mid Crypt Colonocytes,inferential,2,adjacent | healthy,49,43,7,0.02505842612812219,0.10353118794241414,adjacent,0.0,adjacent,0.0,2,1,True,,,0.36044191357729366,
ileum,sampled_site_condition,epithelial,Mid Villus Enterocytes,inferential,2,adjacent | healthy,49,43,7,0.0,0.9493036907076458,adjacent,0.0,adjacent,0.0,2,1,True,,,0.9563081173094324,
ileum,sampled_site_condition,epithelial,Paneth Cells,inferential,2,adjacent | healthy,49,43,7,0.0,0.2865780054748934,adjacent,0.0,adjacent,0.0,2,1,True,,,0.5490649092218108,
ileum,sampled_site_condition,epithelial,Secretory Progenitors,inferential,2,adjacent | healthy,49,43,7,0.0,0.10812247137477406,adjacent,0.0,adjacent,0.0,2,1,True,,,0.3629825824724558,
ileum,sampled_site_condition,epithelial,Transiently Amplifying Cells (TA),inferential,2,adjacent | healthy,49,43,7,0.0,0.1153196253815306,adjacent,0.0,adjacent,0.0,2,1,True,,,0.370079533462981,
ileum,sampled_site_condition,epithelial,Tuft Cells,inferential,2,adjacent | healthy,49,43,7,0.0,0.6320703954831506,adjacent,0.0,adjacent,0.0,2,1,True,,,0.813903221467314,
ileum,sampled_site_condition,epithelial,Tuft Progenitors,inferential,2,adjacent | healthy,49,43,7,0.0,0.14343017555738627,adjacent,0.0,adjacent,0.0,2,1,True,,,0.4349173065288487,
ileum,sampled_site_condition,epithelial,Villus Tip Enterocytes,inferential,2,adjacent | healthy,49,43,7,0.0,0.8397867617741135,adjacent,0.0,adjacent,0.0,2,1,True,,,0.8886510275520808,
ileum,sampled_site_condition,lymphoid,CD4 Memory,inferential,2,adjacent | healthy,25,23,9,0.0,0.6611714337950589,healthy,1.3157894736842104,adjacent,0.0,2,1,True,,,0.813903221467314,
ileum,sampled_site_condition,lymphoid,CD4 Naive,inferential,2,adjacent | healthy,25,23,9,0.0,0.5467365249574201,adjacent,0.0,adjacent,0.0,2,1,True,,,0.8030192710312107,
ileum,sampled_site_condition,lymphoid,CD4 Tfh,inferential,2,adjacent | healthy,25,23,9,0.0,0.5837808243009388,adjacent,0.0,adjacent,0.0,2,1,True,,,0.813903221467314,
ileum,sampled_site_condition,lymphoid,CD4 Tfr,inferential,2,adjacent | healthy,25,23,9,0.0,0.7013421376473663,adjacent,0.0,adjacent,0.0,2,1,True,,,0.813903221467314,
ileum,sampled_site_condition,lymphoid,CD4 Th17,inferential,2,adjacent | healthy,25,23,9,0.04309679950967701,0.08943256412298056,adjacent,2.631578947368421,healthy,0.0,2,1,True,,,0.36044191357729366,
ileum,sampled_site_condition,lymphoid,CD4 Tr1,inferential,2,adjacent | healthy,25,23,9,0.0,0.3516571080659381,adjacent,0.0,adjacent,0.0,2,1,True,,,0.6010139665126941,
ileum,sampled_site_condition,lymphoid,CD4 pTreg,inferential,2,adjacent | healthy,25,23,9,0.0,0.2978969188331101,adjacent,0.0,adjacent,0.0,2,1,True,,,0.5490649092218108,
ileum,sampled_site_condition,lymphoid,CD4 tTreg,inferential,2,adjacent | healthy,25,23,9,0.039390764725511625,0.3240512168434143,adjacent,0.0,adjacent,0.0,2,1,True,,,0.585784891986172,
ileum,sampled_site_condition,lymphoid,CD8 Circulating Effector Memory,inferential,2,adjacent | healthy,25,23,9,0.1465964229886173,0.08943256412298056,adjacent,0.0,adjacent,0.0,2,1,True,,,0.36044191357729366,
ileum,sampled_site_condition,lymphoid,CD8 Effector Memory,inferential,2,adjacent | healthy,25,23,9,0.0006603592522545657,0.4111874585278965,adjacent,0.0,adjacent,0.0,2,1,True,,,0.6664072603727977,
ileum,sampled_site_condition,lymphoid,CD8 IEL,inferential,2,adjacent | healthy,25,23,9,0.0,0.9563081173094324,adjacent,1.8518518518518516,healthy,0.0,2,1,True,,,0.9563081173094324,
ileum,sampled_site_condition,lymphoid,CD8 Memory Exhausted,inferential,2,adjacent | healthy,25,23,9,0.0,0.6611714337950589,adjacent,0.0,adjacent,0.0,2,1,True,,,0.813903221467314,
ileum,sampled_site_condition,lymphoid,CD8 Naive,inferential,2,adjacent | healthy,25,23,9,0.0,0.6219536226761686,adjacent,0.0,adjacent,0.0,2,1,True,,,0.813903221467314,
ileum,sampled_site_condition,lymphoid,CD8 TRM,inferential,2,adjacent | healthy,25,23,9,0.0,0.4430703952644659,healthy,24.333333333333332,adjacent,5.128205128205128,2,1,True,,,0.6941436192476632,
ileum,sampled_site_condition,lymphoid,GC B Dark Zone (GC B DZ),inferential,2,adjacent | healthy,25,23,9,0.0,0.6219536226761686,adjacent,0.0,adjacent,0.0,2,1,True,,,0.813903221467314,
ileum,sampled_site_condition,lymphoid,GC B Light Zone (GC B LZ),inferential,2,adjacent | healthy,25,23,9,0.0,0.9563081173094324,adjacent,0.0,adjacent,0.0,2,1,True,,,0.9563081173094324,
ileum,sampled_site_condition,lymphoid,Gamma Delta T Cells,inferential,2,adjacent | healthy,25,23,9,0.0,0.8265346042449142,adjacent,0.0,adjacent,0.0,2,1,True,,,0.8886510275520808,
ileum,sampled_site_condition,lymphoid,ILC3,inferential,2,adjacent | healthy,25,23,9,0.0,0.4763213390227816,adjacent,0.0,adjacent,0.0,2,1,True,,,0.7221646107764754,
ileum,sampled_site_condition,lymphoid,MAIT Cells,inferential,2,adjacent | healthy,25,23,9,0.0,0.2978969188331101,adjacent,0.0,adjacent,0.0,2,1,True,,,0.5490649092218108,
ileum,sampled_site_condition,lymphoid,Memory B,inferential,2,adjacent | healthy,25,23,9,0.0,0.7423655961249749,healthy,2.631578947368421,adjacent,0.0,2,1,True,,,0.8409691691964492,
ileum,sampled_site_condition,lymphoid,NK Cells,inferential,2,adjacent | healthy,25,23,9,0.0,0.6611714337950589,adjacent,0.0,adjacent,0.0,2,1,True,,,0.813903221467314,
ileum,sampled_site_condition,lymphoid,NKT Cells,inferential,2,adjacent | healthy,25,23,9,0.0,0.38070784913127265,healthy,1.1627906976744187,adjacent,0.0,2,1,True,,,0.6390453181846363,
ileum,sampled_site_condition,lymphoid,Naive B,inferential,2,adjacent | healthy,25,23,9,0.0,0.2978969188331101,adjacent,0.0,adjacent,0.0,2,1,True,,,0.5490649092218108,
ileum,sampled_site_condition,lymphoid,Plasma Cells,inferential,2,adjacent | healthy,25,23,9,0.0,0.8694468448153024,adjacent,0.0,adjacent,0.0,2,1,True,,,0.8981099276114113,
ileum,sampled_site_condition,lymphoid,Plasma IGA,inferential,2,adjacent | healthy,25,23,9,0.059803378056468744,0.05516850659310018,adjacent,0.0,adjacent,0.0,2,1,True,,,0.36044191357729366,
ileum,sampled_site_condition,lymphoid,Plasma IGG,inferential,2,adjacent | healthy,25,23,9,0.001894963726232887,0.3516571080659381,adjacent,0.0,adjacent,0.0,2,1,True,,,0.6010139665126941,
ileum,sampled_site_condition,myeloid,Classical Monocytes,inferential,2,adjacent | healthy,25,25,8,0.0,0.8508360902094391,adjacent,0.0,adjacent,0.0,2,1,True,,,0.8886510275520808,
ileum,sampled_site_condition,myeloid,Cycling Macrophages,inferential,2,adjacent | healthy,25,25,8,0.0,0.2951493419717197,adjacent,0.0,adjacent,0.0,2,1,True,,,0.5490649092218108,
ileum,sampled_site_condition,myeloid,Eosinophils,inferential,2,adjacent | healthy,25,25,8,0.0,0.21005778056366134,adjacent,0.0,adjacent,0.0,2,1,True,,,0.5137744230530206,
ileum,sampled_site_condition,myeloid,Follicle Associated Resident Macrophages,inferential,2,adjacent | healthy,25,25,8,0.0012088464535907797,0.7713426530081662,adjacent,0.0,adjacent,0.0,2,1,True,,,0.8631691593186622,
ileum,sampled_site_condition,myeloid,Homeostatic Macrophages,inferential,2,adjacent | healthy,25,25,8,0.0,0.6687293694258489,adjacent,0.0,adjacent,0.0,2,1,True,,,0.813903221467314,
ileum,sampled_site_condition,myeloid,M0 Macrophages,inferential,2,adjacent | healthy,25,25,8,0.16818823518108234,0.18805250466928752,adjacent,0.0,adjacent,0.0,2,1,True,,,0.5008369892149939,
ileum,sampled_site_condition,myeloid,Mast Cells,inferential,2,adjacent | healthy,25,25,8,0.0,0.2725373706678335,adjacent,0.0,adjacent,0.0,2,1,True,,,0.5490649092218108,
ileum,sampled_site_condition,myeloid,Monocyte Derived Dendritic Cells (MO DC),inferential,2,adjacent | healthy,25,25,8,0.13643390884236456,0.023320547619629445,adjacent,0.0,adjacent,0.0,2,1,True,,,0.31316163946359543,
ileum,sampled_site_condition,myeloid,Neutrophils,inferential,2,adjacent | healthy,25,25,8,0.11180532808800926,0.007180505706027792,adjacent,0.0,adjacent,0.0,2,1,True,,,0.29878649876323643,
ileum,sampled_site_condition,myeloid,Nonclassical Monocytes,inferential,2,adjacent | healthy,25,25,8,0.20591567826903573,0.041577173045827275,adjacent,0.0,adjacent,0.0,2,1,True,,,0.3552958423916149,
ileum,sampled_site_condition,myeloid,Perivascular Resident Macrophages,inferential,2,adjacent | healthy,25,25,8,0.09326665234187066,0.017178729148792884,adjacent,0.0,adjacent,0.0,2,1,True,,,0.29878649876323643,
ileum,sampled_site_condition,myeloid,Tolerogenic cDC2,inferential,2,adjacent | healthy,25,25,8,0.0,0.2725373706678335,adjacent,0.0,adjacent,0.0,2,1,True,,,0.5490649092218108,
ileum,sampled_site_condition,myeloid,cDC1,inferential,2,adjacent | healthy,25,25,8,0.12839390817561544,0.014498366918793257,adjacent,0.0,adjacent,0.0,2,1,True,,,0.29878649876323643,
ileum,sampled_site_condition,myeloid,cDC2,inferential,2,adjacent | healthy,25,25,8,0.10315728279443145,0.24607433391371525,adjacent,0.0,adjacent,0.0,2,1,True,,,0.5490649092218108,
ileum,sampled_site_condition,myeloid,migDC,inferential,2,adjacent | healthy,25,25,8,0.20591567826903573,0.041577173045827275,adjacent,0.0,adjacent,0.0,2,1,True,,,0.3552958423916149,
ileum,sampled_site_condition,myeloid,pDC,inferential,2,adjacent | healthy,25,25,8,0.0,0.2725373706678335,adjacent,0.0,adjacent,0.0,2,1,True,,,0.5490649092218108,
ileum,sampled_site_condition,stroma,Adipocytes,inferential,2,adjacent | healthy,17,13,5,0.0,0.6960275173814419,adjacent,0.0,adjacent,0.0,2,1,True,,,0.813903221467314,
ileum,sampled_site_condition,stroma,Angiogenic Pericytes,inferential,2,adjacent | healthy,17,13,5,0.061089177876170055,0.07873081119613388,adjacent,0.0,adjacent,0.0,2,1,True,,,0.36044191357729366,
ileum,sampled_site_condition,stroma,Arteriolar Endothelial,inferential,2,adjacent | healthy,17,13,5,0.06822877908287617,0.6960275173814419,adjacent,0.0,adjacent,0.0,2,1,True,,,0.813903221467314,
ileum,sampled_site_condition,stroma,Capillary Endothelial,inferential,2,adjacent | healthy,17,13,5,0.0,0.17149693330724133,adjacent,0.0,adjacent,0.0,2,1,True,,,0.47874873617406855,
ileum,sampled_site_condition,stroma,Contractile Pericytes,inferential,2,adjacent | healthy,17,13,5,0.11457268360613772,0.2826464390003391,adjacent,0.0,adjacent,0.0,2,1,True,,,0.5490649092218108,
ileum,sampled_site_condition,stroma,Crypt Bottom Fibroblasts (S2A),inferential,2,adjacent | healthy,17,13,5,0.18141936842464781,0.0466177924664771,adjacent,0.0,adjacent,0.0,2,1,True,,,0.36044191357729366,
ileum,sampled_site_condition,stroma,Crypt Top Fibroblasts (S2B),inferential,2,adjacent | healthy,17,13,5,0.0,0.24117078768650774,adjacent,0.0,adjacent,0.0,2,1,True,,,0.5490649092218108,
ileum,sampled_site_condition,stroma,Fibroblastic Reticular Cells (FRC),inferential,2,adjacent | healthy,17,13,5,0.0,0.17230736379605516,adjacent,0.0,adjacent,0.0,2,1,True,,,0.47874873617406855,
ileum,sampled_site_condition,stroma,Follicular Dendritic Cells (fDC),inferential,2,adjacent | healthy,17,13,5,0.21181641907885168,0.0190714786444619,adjacent,0.0,adjacent,0.0,2,1,True,,,0.29878649876323643,
ileum,sampled_site_condition,stroma,Glia,inferential,2,adjacent | healthy,17,13,5,0.19077449902168198,0.031974562707343564,adjacent,0.0,adjacent,0.0,2,1,True,,,0.3552958423916149,
ileum,sampled_site_condition,stroma,Interstitial Cells of Cajal (ICC),inferential,2,adjacent | healthy,17,13,5,0.0,0.5941433810440193,adjacent,0.0,adjacent,0.0,2,1,True,,,0.813903221467314,
ileum,sampled_site_condition,stroma,Lamina propria Fibroblasts (S1),inferential,2,adjacent | healthy,17,13,5,0.0,0.4354489943208246,adjacent,0.0,adjacent,0.0,2,1,True,,,0.6937661943416529,
ileum,sampled_site_condition,stroma,Lymphatic Endothelial,inferential,2,adjacent | healthy,17,13,5,0.07905161360200073,0.6960275173814419,adjacent,0.0,adjacent,0.0,2,1,True,,,0.813903221467314,
ileum,sampled_site_condition,stroma,Marginal Reticular Cells (MRC),inferential,2,adjacent | healthy,17,13,5,0.14191232458618244,0.03784896068979751,adjacent,0.0,adjacent,0.0,2,1,True,,,0.3552958423916149,
ileum,sampled_site_condition,stroma,Medullary Sinus Endothelial,inferential,2,adjacent | healthy,17,13,5,0.0,0.8451234668256287,adjacent,0.0,adjacent,0.0,2,1,True,,,0.8886510275520808,
ileum,sampled_site_condition,stroma,Mesenchymal Lymphoid Tissue Organizer Cells (mLTo Cells),inferential,2,adjacent | healthy,17,13,5,0.21181641907885168,0.0190714786444619,adjacent,0.0,adjacent,0.0,2,1,True,,,0.29878649876323643,
ileum,sampled_site_condition,stroma,Muscularis Propria Fibroblasts,inferential,2,adjacent | healthy,17,13,5,0.0,0.6960275173814419,adjacent,0.0,adjacent,0.0,2,1,True,,,0.813903221467314,
ileum,sampled_site_condition,stroma,Myofibroblasts,inferential,2,adjacent | healthy,17,13,5,0.09324764335001252,0.09682877786471922,adjacent,0.0,adjacent,0.0,2,1,True,,,0.36044191357729366,
ileum,sampled_site_condition,stroma,Post Arteriole Capillary Endothelial (PAC),inferential,2,adjacent | healthy,17,13,5,0.009531385327766748,0.11811048940307904,adjacent,0.0,adjacent,0.0,2,1,True,,,0.370079533462981,
ileum,sampled_site_condition,stroma,Pre Venule Capillary Endothelial (PVC),inferential,2,adjacent | healthy,17,13,5,0.0,0.6960275173814419,adjacent,0.0,adjacent,0.0,2,1,True,,,0.813903221467314,
ileum,sampled_site_condition,stroma,Secretory Pericytes,inferential,2,adjacent | healthy,17,13,5,0.18501319945519568,0.05076719808325995,adjacent,0.0,adjacent,0.0,2,1,True,,,0.36044191357729366,
ileum,sampled_site_condition,stroma,Smooth Muscle Cells (SMC),inferential,2,adjacent | healthy,17,13,5,0.02563757097902602,0.24117078768650774,adjacent,0.0,adjacent,0.0,2,1,True,,,0.5490649092218108,
ileum,sampled_site_condition,stroma,Submucosal Fibroblasts (S3),inferential,2,adjacent | healthy,17,13,5,0.33393608030298216,0.014614119695311432,healthy,10.0,adjacent,0.0,2,1,True,,,0.29878649876323643,
ileum,sampled_site_condition,stroma,Venular Endothelial,inferential,2,adjacent | healthy,17,13,5,0.02709829955659854,0.5934542820208727,adjacent,0.0,adjacent,0.0,2,1,True,,,0.813903221467314,
ileum,radial_tissue_term,epithelial,BEST4 Colonocytes,inferential,4,EPI | EPI_LP | EPI_LP_MUSC | LP,45,39,6,0.0,0.10548062238901214,EPI,0.0,EPI,0.0,3,1,True,,,0.3303820509697397,
ileum,radial_tissue_term,epithelial,BEST4 Enterocytes,inferential,4,EPI | EPI_LP | EPI_LP_MUSC | LP,45,39,6,0.1277230467934644,0.40371935530034775,EPI,0.0,EPI,0.0,3,1,True,,,0.7589923879646537,
ileum,radial_tissue_term,epithelial,Brunners Gland Cells,inferential,4,EPI | EPI_LP | EPI_LP_MUSC | LP,45,39,6,0.09926126584283411,0.039121690020059836,EPI,0.0,EPI,0.0,3,1,True,,,0.24516259079237496,
ileum,radial_tissue_term,epithelial,Colonocyte Progenitors,inferential,4,EPI | EPI_LP | EPI_LP_MUSC | LP,45,39,6,0.09926126584283411,0.039121690020059836,EPI,0.0,EPI,0.0,3,1,True,,,0.24516259079237496,
ileum,radial_tissue_term,epithelial,Crypt Top Colonocytes,inferential,4,EPI | EPI_LP | EPI_LP_MUSC | LP,45,39,6,0.030982134978258996,0.042284823149702715,EPI,0.0,EPI,0.0,3,1,True,,,0.24842333600450345,
ileum,radial_tissue_term,epithelial,EEC Enterochromaffin (EC),inferential,4,EPI | EPI_LP | EPI_LP_MUSC | LP,45,39,6,0.09926126584283411,0.039121690020059836,EPI,0.0,EPI,0.0,3,1,True,,,0.24516259079237496,
ileum,radial_tissue_term,epithelial,EEC L,inferential,4,EPI | EPI_LP | EPI_LP_MUSC | LP,45,39,6,0.09926126584283411,0.039121690020059836,EPI,0.0,EPI,0.0,3,1,True,,,0.24516259079237496,
ileum,radial_tissue_term,epithelial,EEC N,inferential,4,EPI | EPI_LP | EPI_LP_MUSC | LP,45,39,6,0.0,0.10979081352001768,EPI,0.0,EPI,0.0,3,1,True,,,0.3303820509697397,
ileum,radial_tissue_term,epithelial,EEC Progenitors,inferential,4,EPI | EPI_LP | EPI_LP_MUSC | LP,45,39,6,0.0,0.061307242631037415,EPI,0.0,EPI,0.0,3,1,True,,,0.2622583915291764,
ileum,radial_tissue_term,epithelial,EEC S,inferential,4,EPI | EPI_LP | EPI_LP_MUSC | LP,45,39,6,0.0,0.11489371523557428,EPI,0.0,EPI,0.0,3,1,True,,,0.3303820509697397,
ileum,radial_tissue_term,epithelial,Enterocyte Progenitors,inferential,4,EPI | EPI_LP | EPI_LP_MUSC | LP,45,39,6,0.0,0.1467097872734672,EPI,0.0,EPI,0.0,3,1,True,,,0.3940205715344548,
ileum,radial_tissue_term,epithelial,Enteroendocrine Cells (EEC),inferential,4,EPI | EPI_LP | EPI_LP_MUSC | LP,45,39,6,0.09926126584283411,0.039121690020059836,EPI,0.0,EPI,0.0,3,1,True,,,0.24516259079237496,
ileum,radial_tissue_term,epithelial,Epithelial,inferential,4,EPI | EPI_LP | EPI_LP_MUSC | LP,45,39,6,0.11850918989760316,0.18001588802668161,EPI,0.0,EPI,0.0,3,1,True,,,0.43102121170798285,
ileum,radial_tissue_term,epithelial,Foveolar Cells,inferential,4,EPI | EPI_LP | EPI_LP_MUSC | LP,45,39,6,0.09926126584283411,0.039121690020059836,EPI,0.0,EPI,0.0,3,1,True,,,0.24516259079237496,
ileum,radial_tissue_term,epithelial,Goblet Cells,inferential,4,EPI | EPI_LP | EPI_LP_MUSC | LP,45,39,6,0.0,0.03874896092419804,EPI,0.0,EPI,0.0,3,1,True,,,0.24516259079237496,
ileum,radial_tissue_term,epithelial,Intestinal Stem Cells (ISC),inferential,4,EPI | EPI_LP | EPI_LP_MUSC | LP,45,39,6,0.15627221881560785,0.09887020546930073,EPI,0.0,EPI,0.0,3,1,True,,,0.32047583841773336,
ileum,radial_tissue_term,epithelial,Lower Crypt Colonocytes,inferential,4,EPI | EPI_LP | EPI_LP_MUSC | LP,45,39,6,0.09926126584283411,0.039121690020059836,EPI,0.0,EPI,0.0,3,1,True,,,0.24516259079237496,
ileum,radial_tissue_term,epithelial,Lower Villus Enterocytes,inferential,4,EPI | EPI_LP | EPI_LP_MUSC | LP,45,39,6,0.0,0.44806308677079787,EPI,0.0,EPI,0.0,3,1,True,,,0.7745741504641135,
ileum,radial_tissue_term,epithelial,Mature Goblet Cells,inferential,4,EPI | EPI_LP | EPI_LP_MUSC | LP,45,39,6,0.08418219110583178,0.008959776075826648,EPI,1.0416666666666665,EPI_LP,0.0,3,1,True,,,0.24516259079237496,
ileum,radial_tissue_term,epithelial,Microfold Cells (M Cells),inferential,4,EPI | EPI_LP | EPI_LP_MUSC | LP,45,39,6,0.02221007133725785,0.0546474127490126,EPI,0.0,EPI,0.0,3,1,True,,,0.2622583915291764,
ileum,radial_tissue_term,epithelial,Mid Crypt Colonocytes,inferential,4,EPI | EPI_LP | EPI_LP_MUSC | LP,45,39,6,0.09926126584283411,0.039121690020059836,EPI,0.0,EPI,0.0,3,1,True,,,0.24516259079237496,
ileum,radial_tissue_term,epithelial,Mid Villus Enterocytes,inferential,4,EPI | EPI_LP | EPI_LP_MUSC | LP,45,39,6,0.11186113412421513,0.11598518810639799,EPI,10.084033613445378,EPI_LP,0.0,3,1,True,,,0.3303820509697397,
ileum,radial_tissue_term,epithelial,Paneth Cells,inferential,4,EPI | EPI_LP | EPI_LP_MUSC | LP,45,39,6,0.1100619298830667,0.018710646698713106,EPI,0.0,EPI,0.0,3,1,True,,,0.24516259079237496,
ileum,radial_tissue_term,epithelial,Secretory Progenitors,inferential,4,EPI | EPI_LP | EPI_LP_MUSC | LP,45,39,6,0.0,0.4532082795268749,EPI,0.0,EPI,0.0,3,1,True,,,0.7745741504641135,
ileum,radial_tissue_term,epithelial,Transiently Amplifying Cells (TA),inferential,4,EPI | EPI_LP | EPI_LP_MUSC | LP,45,39,6,0.0,0.6650324728103933,EPI,0.0,EPI,0.0,3,1,True,,,0.8313860085468538,
ileum,radial_tissue_term,epithelial,Tuft Cells,inferential,4,EPI | EPI_LP | EPI_LP_MUSC | LP,45,39,6,0.0,0.07253955510381475,EPI,0.0,EPI,0.0,3,1,True,,,0.2622583915291764,
ileum,radial_tissue_term,epithelial,Tuft Progenitors,inferential,4,EPI | EPI_LP | EPI_LP_MUSC | LP,45,39,6,0.0,0.33346932248959454,EPI,0.0,EPI,0.0,3,1,True,,,0.6669386449791891,
ileum,radial_tissue_term,epithelial,Villus Tip Enterocytes,inferential,4,EPI | EPI_LP | EPI_LP_MUSC | LP,45,39,6,0.2185707083396728,0.014992720944410478,EPI,19.675324675324674,EPI_LP,0.0,3,1,True,,,0.24516259079237496,
ileum,radial_tissue_term,lymphoid,CD4 Memory,inferential,3,EPI | EPI_LP | LP,20,19,7,0.14829759102110734,0.06614156631299024,EPI_LP,4.651162790697675,EPI,0.0,3,1,True,,,0.2622583915291764,
ileum,radial_tissue_term,lymphoid,CD4 Naive,inferential,3,EPI | EPI_LP | LP,20,19,7,0.0,0.9763503306136289,EPI,0.0,EPI,0.0,3,1,True,,,0.9975753378008817,
ileum,radial_tissue_term,lymphoid,CD4 Tfh,inferential,3,EPI | EPI_LP | LP,20,19,7,0.0,0.664844349113589,LP,1.25,EPI,0.0,3,1,True,,,0.8313860085468538,
ileum,radial_tissue_term,lymphoid,CD4 Tfr,inferential,3,EPI | EPI_LP | LP,20,19,7,0.0490117637599431,0.39539153559746726,LP,2.610062893081761,EPI,0.0,3,1,True,,,0.7585062111461617,
ileum,radial_tissue_term,lymphoid,CD4 Th17,inferential,3,EPI | EPI_LP | LP,20,19,7,0.1940162403036473,0.06685457491167798,LP,10.476190476190476,EPI,0.0,3,1,True,,,0.2622583915291764,
ileum,radial_tissue_term,lymphoid,CD4 Tr1,inferential,3,EPI | EPI_LP | LP,20,19,7,0.14325828996488912,0.15618088359928534,EPI,0.0,EPI,0.0,3,1,True,,,0.40780564050924506,
ileum,radial_tissue_term,lymphoid,CD4 pTreg,inferential,3,EPI | EPI_LP | LP,20,19,7,0.0,0.5632445904543089,EPI,0.0,EPI,0.0,3,1,True,,,0.8313860085468538,
ileum,radial_tissue_term,lymphoid,CD4 tTreg,inferential,3,EPI | EPI_LP | LP,20,19,7,0.11238555109948466,0.19296337191822543,LP,0.9433962264150944,EPI,0.0,3,1,True,,,0.4318704038169808,
ileum,radial_tissue_term,lymphoid,CD8 Circulating Effector Memory,inferential,3,EPI | EPI_LP | LP,20,19,7,0.37225041400988856,0.01218765602936027,LP,5.330188679245284,EPI,0.0,3,1,True,,,0.24516259079237496,
ileum,radial_tissue_term,lymphoid,CD8 Effector Memory,inferential,3,EPI | EPI_LP | LP,20,19,7,0.0,0.9110390277470689,EPI,0.0,EPI,0.0,3,1,True,,,0.9622209955980279,
ileum,radial_tissue_term,lymphoid,CD8 IEL,inferential,3,EPI | EPI_LP | LP,20,19,7,0.3651749059231436,0.12000716470622909,EPI,11.538461538461538,EPI_LP,0.0,3,1,True,,,0.3317845141878098,
ileum,radial_tissue_term,lymphoid,CD8 Memory Exhausted,inferential,3,EPI | EPI_LP | LP,20,19,7,0.0,0.44361764634582856,EPI,0.0,EPI,0.0,3,1,True,,,0.7745741504641135,
ileum,radial_tissue_term,lymphoid,CD8 Naive,inferential,3,EPI | EPI_LP | LP,20,19,7,0.003000456650195368,0.4736755205515385,EPI,0.0,EPI,0.0,3,1,True,,,0.795098195211511,
ileum,radial_tissue_term,lymphoid,CD8 TRM,inferential,3,EPI | EPI_LP | LP,20,19,7,0.18817532039586565,0.08013208637512043,EPI_LP,24.074074074074073,LP,4.109014675052411,3,1,True,,,0.26901486140219,
ileum,radial_tissue_term,lymphoid,GC B Dark Zone (GC B DZ),inferential,3,EPI | EPI_LP | LP,20,19,7,0.0,0.9763503306136289,EPI,0.0,EPI,0.0,3,1,True,,,0.9975753378008817,
ileum,radial_tissue_term,lymphoid,GC B Light Zone (GC B LZ),inferential,3,EPI | EPI_LP | LP,20,19,7,0.002131761333918692,0.21854276980361914,EPI_LP,9.375,EPI,0.0,3,1,True,,,0.47774465957070233,
ileum,radial_tissue_term,lymphoid,Gamma Delta T Cells,inferential,3,EPI | EPI_LP | LP,20,19,7,0.0,0.8451628270184768,EPI,0.0,EPI,0.0,3,1,True,,,0.9571723583100822,
ileum,radial_tissue_term,lymphoid,ILC3,inferential,3,EPI | EPI_LP | LP,20,19,7,0.1297923730079197,0.052746889050295176,EPI_LP,2.3255813953488373,EPI,0.0,3,1,True,,,0.2622583915291764,
ileum,radial_tissue_term,lymphoid,MAIT Cells,inferential,3,EPI | EPI_LP | LP,20,19,7,0.0,0.5711798225983034,EPI,0.0,EPI,0.0,3,1,True,,,0.8313860085468538,
ileum,radial_tissue_term,lymphoid,Memory B,inferential,3,EPI | EPI_LP | LP,20,19,7,0.0,0.5040170163686737,EPI_LP,5.263157894736842,EPI,0.0,3,1,True,,,0.8168551644595746,
ileum,radial_tissue_term,lymphoid,NK Cells,inferential,3,EPI | EPI_LP | LP,20,19,7,0.0,0.5172083451658516,EPI,2.631578947368421,LP,0.0,3,1,True,,,0.8240268550100008,
ileum,radial_tissue_term,lymphoid,NKT Cells,inferential,3,EPI | EPI_LP | LP,20,19,7,0.46212601938989,0.01572108502650387,EPI,7.6923076923076925,EPI_LP,0.0,3,1,True,,,0.24516259079237496,
ileum,radial_tissue_term,lymphoid,Naive B,inferential,3,EPI | EPI_LP | LP,20,19,7,0.0,0.998839086721905,EPI,0.0,EPI,0.0,3,1,True,,,1.0,
ileum,radial_tissue_term,lymphoid,Plasma Cells,inferential,3,EPI | EPI_LP | LP,20,19,7,0.011326090510345766,0.19296337191822543,LP,1.6666666666666667,EPI,0.0,3,1,True,,,0.4318704038169808,
ileum,radial_tissue_term,lymphoid,Plasma IGA,inferential,3,EPI | EPI_LP | LP,20,19,7,0.17331020625227747,0.07860034801488494,EPI,0.0,EPI,0.0,3,1,True,,,0.26901486140219,
ileum,radial_tissue_term,lymphoid,Plasma IGG,inferential,3,EPI | EPI_LP | LP,20,19,7,0.0,0.33082157439605686,EPI,0.0,EPI,0.0,3,1,True,,,0.6669386449791891,
ileum,radial_tissue_term,myeloid,Classical Monocytes,inferential,3,EPI_LP | EPI_LP_MUSC | LP,21,21,7,0.0,0.4340617541841474,EPI_LP,0.0,EPI_LP,0.0,3,1,True,,,0.7745741504641135,
ileum,radial_tissue_term,myeloid,Cycling Macrophages,inferential,3,EPI_LP | EPI_LP_MUSC | LP,21,21,7,0.05602906771085558,0.9268352785572458,EPI_LP,0.0,EPI_LP,0.0,3,1,True,,,0.9680279576042344,
ileum,radial_tissue_term,myeloid,Eosinophils,inferential,3,EPI_LP | EPI_LP_MUSC | LP,21,21,7,0.0,0.804797928735003,EPI_LP,0.0,EPI_LP,0.0,3,1,True,,,0.9456375662636285,
ileum,radial_tissue_term,myeloid,Follicle Associated Resident Macrophages,inferential,3,EPI_LP | EPI_LP_MUSC | LP,21,21,7,0.0,0.4824603396851186,EPI_LP,0.0,EPI_LP,0.0,3,1,True,,,0.7956363496561604,
ileum,radial_tissue_term,myeloid,Homeostatic Macrophages,inferential,3,EPI_LP | EPI_LP_MUSC | LP,21,21,7,0.0,0.6721844324421371,EPI_LP,0.0,EPI_LP,0.0,3,1,True,,,0.8313860085468538,
ileum,radial_tissue_term,myeloid,M0 Macrophages,inferential,3,EPI_LP | EPI_LP_MUSC | LP,21,21,7,0.15630008971233242,0.021251490587162768,EPI_LP,0.0,EPI_LP,0.0,3,1,True,,,0.24516259079237496,
ileum,radial_tissue_term,myeloid,Mast Cells,inferential,3,EPI_LP | EPI_LP_MUSC | LP,21,21,7,0.0,0.9001188580648806,EPI_LP,0.0,EPI_LP,0.0,3,1,True,,,0.9614905983874861,
ileum,radial_tissue_term,myeloid,Monocyte Derived Dendritic Cells (MO DC),inferential,3,EPI_LP | EPI_LP_MUSC | LP,21,21,7,0.0,0.8437032240631572,EPI_LP,0.0,EPI_LP,0.0,3,1,True,,,0.9571723583100822,
ileum,radial_tissue_term,myeloid,Neutrophils,inferential,3,EPI_LP | EPI_LP_MUSC | LP,21,21,7,0.46279360470049796,0.06519952210826684,EPI_LP_MUSC,100.0,EPI_LP,0.0,3,1,True,,,0.2622583915291764,
ileum,radial_tissue_term,myeloid,Nonclassical Monocytes,inferential,3,EPI_LP | EPI_LP_MUSC | LP,21,21,7,0.06426120934470485,0.6934027166948926,EPI_LP,0.0,EPI_LP,0.0,3,1,True,,,0.8356391714015373,
ileum,radial_tissue_term,myeloid,Perivascular Resident Macrophages,inferential,3,EPI_LP | EPI_LP_MUSC | LP,21,21,7,0.06317513076206485,0.41845971618375033,EPI_LP,0.0,EPI_LP,0.0,3,1,True,,,0.7712786925739713,
ileum,radial_tissue_term,myeloid,Tolerogenic cDC2,inferential,3,EPI_LP | EPI_LP_MUSC | LP,21,21,7,0.0,0.9001188580648806,EPI_LP,0.0,EPI_LP,0.0,3,1,True,,,0.9614905983874861,
ileum,radial_tissue_term,myeloid,cDC1,inferential,3,EPI_LP | EPI_LP_MUSC | LP,21,21,7,0.09203359292237594,0.23127020459189163,EPI_LP,0.0,EPI_LP,0.0,3,1,True,,,0.49407725526449575,
ileum,radial_tissue_term,myeloid,cDC2,inferential,3,EPI_LP | EPI_LP_MUSC | LP,21,21,7,0.0,0.06909342149880073,EPI_LP,0.0,EPI_LP,0.0,3,1,True,,,0.2622583915291764,
ileum,radial_tissue_term,myeloid,migDC,inferential,3,EPI_LP | EPI_LP_MUSC | LP,21,21,7,0.06426120934470485,0.6934027166948926,EPI_LP,0.0,EPI_LP,0.0,3,1,True,,,0.8356391714015373,
ileum,radial_tissue_term,myeloid,pDC,inferential,3,EPI_LP | EPI_LP_MUSC | LP,21,21,7,0.0,0.9001188580648806,EPI_LP,0.0,EPI_LP,0.0,3,1,True,,,0.9614905983874861,
ileum,radial_tissue_term,stroma,Adipocytes,inferential,2,EPI_LP | LP,13,11,5,0.0,0.6574478171828395,EPI_LP,0.0,EPI_LP,0.0,3,1,True,,,0.8313860085468538,
ileum,radial_tissue_term,stroma,Angiogenic Pericytes,inferential,2,EPI_LP | LP,13,11,5,0.0,0.7675154234584107,EPI_LP,0.0,EPI_LP,0.0,3,1,True,,,0.913246200064438,
ileum,radial_tissue_term,stroma,Arteriolar Endothelial,inferential,2,EPI_LP | LP,13,11,5,0.0,0.6574478171828395,EPI_LP,0.0,EPI_LP,0.0,3,1,True,,,0.8313860085468538,
ileum,radial_tissue_term,stroma,Capillary Endothelial,inferential,2,EPI_LP | LP,13,11,5,0.0,0.30081261519191727,EPI_LP,0.0,EPI_LP,0.0,3,1,True,,,0.6283641295120049,
ileum,radial_tissue_term,stroma,Contractile Pericytes,inferential,2,EPI_LP | LP,13,11,5,0.0,0.6574478171828395,EPI_LP,0.0,EPI_LP,0.0,3,1,True,,,0.8313860085468538,
ileum,radial_tissue_term,stroma,Crypt Bottom Fibroblasts (S2A),inferential,2,EPI_LP | LP,13,11,5,0.0,0.8270166479004942,EPI_LP,0.0,EPI_LP,0.0,3,1,True,,,0.9571723583100822,
ileum,radial_tissue_term,stroma,Crypt Top Fibroblasts (S2B),inferential,2,EPI_LP | LP,13,11,5,0.060216663711774816,0.18341328157786504,EPI_LP,0.0,EPI_LP,0.0,3,1,True,,,0.43102121170798285,
ileum,radial_tissue_term,stroma,Fibroblastic Reticular Cells (FRC),inferential,2,EPI_LP | LP,13,11,5,0.0,0.5560884145346972,EPI_LP,0.0,EPI_LP,0.0,3,1,True,,,0.8313860085468538,
ileum,radial_tissue_term,stroma,Follicular Dendritic Cells (fDC),inferential,2,EPI_LP | LP,13,11,5,0.0,0.6574478171828395,EPI_LP,0.0,EPI_LP,0.0,3,1,True,,,0.8313860085468538,
ileum,radial_tissue_term,stroma,Glia,inferential,2,EPI_LP | LP,13,11,5,0.0,0.8830015030039485,EPI_LP,0.0,EPI_LP,0.0,3,1,True,,,0.9614905983874861,
ileum,radial_tissue_term,stroma,Interstitial Cells of Cajal (ICC),inferential,2,EPI_LP | LP,13,11,5,0.1900343495528593,0.06978192651227345,EPI_LP,0.0,EPI_LP,0.0,3,1,True,,,0.2622583915291764,
ileum,radial_tissue_term,stroma,Lamina propria Fibroblasts (S1),inferential,2,EPI_LP | LP,13,11,5,0.026143293838079174,0.37724051334961484,LP,25.0,EPI_LP,0.0,3,1,True,,,0.7387626719763292,
ileum,radial_tissue_term,stroma,Lymphatic Endothelial,inferential,2,EPI_LP | LP,13,11,5,0.0,0.6574478171828395,EPI_LP,0.0,EPI_LP,0.0,3,1,True,,,0.8313860085468538,
ileum,radial_tissue_term,stroma,Marginal Reticular Cells (MRC),inferential,2,EPI_LP | LP,13,11,5,0.0,1.0,EPI_LP,0.0,EPI_LP,0.0,3,1,True,,,1.0,
ileum,radial_tissue_term,stroma,Medullary Sinus Endothelial,inferential,2,EPI_LP | LP,13,11,5,0.038854544599824604,0.6574478171828395,EPI_LP,0.0,EPI_LP,0.0,3,1,True,,,0.8313860085468538,
ileum,radial_tissue_term,stroma,Mesenchymal Lymphoid Tissue Organizer Cells (mLTo Cells),inferential,2,EPI_LP | LP,13,11,5,0.0,0.6574478171828395,EPI_LP,0.0,EPI_LP,0.0,3,1,True,,,0.8313860085468538,
ileum,radial_tissue_term,stroma,Muscularis Propria Fibroblasts,inferential,2,EPI_LP | LP,13,11,5,0.025291114360066685,0.18341328157786504,EPI_LP,0.0,EPI_LP,0.0,3,1,True,,,0.43102121170798285,
ileum,radial_tissue_term,stroma,Myofibroblasts,inferential,2,EPI_LP | LP,13,11,5,0.0,0.6574478171828395,EPI_LP,0.0,EPI_LP,0.0,3,1,True,,,0.8313860085468538,
ileum,radial_tissue_term,stroma,Post Arteriole Capillary Endothelial (PAC),inferential,2,EPI_LP | LP,13,11,5,0.013273368667850357,0.5543510734217825,EPI_LP,0.0,EPI_LP,0.0,3,1,True,,,0.8313860085468538,
ileum,radial_tissue_term,stroma,Pre Venule Capillary Endothelial (PVC),inferential,2,EPI_LP | LP,13,11,5,0.060216663711774816,0.18341328157786504,EPI_LP,0.0,EPI_LP,0.0,3,1,True,,,0.43102121170798285,
ileum,radial_tissue_term,stroma,Secretory Pericytes,inferential,2,EPI_LP | LP,13,11,5,0.0,0.6574478171828395,EPI_LP,0.0,EPI_LP,0.0,3,1,True,,,0.8313860085468538,
ileum,radial_tissue_term,stroma,Smooth Muscle Cells (SMC),inferential,2,EPI_LP | LP,13,11,5,0.0,0.6574478171828395,EPI_LP,0.0,EPI_LP,0.0,3,1,True,,,0.8313860085468538,
ileum,radial_tissue_term,stroma,Submucosal Fibroblasts (S3),inferential,2,EPI_LP | LP,13,11,5,0.1437968646755557,0.05465969937871798,EPI_LP,0.0,EPI_LP,0.0,3,1,True,,,0.2622583915291764,
ileum,radial_tissue_term,stroma,Venular Endothelial,inferential,2,EPI_LP | LP,13,11,5,0.0,0.884169059237164,EPI_LP,0.0,EPI_LP,0.0,3,1,True,,,0.9614905983874861,
ileum,sex_ontology_term,epithelial,BEST4 Colonocytes,inferential,2,female | male,48,42,6,0.0,0.8239556048577956,female,0.0,female,0.0,6,1,True,,,0.9891659337597078,
ileum,sex_ontology_term,epithelial,BEST4 Enterocytes,inferential,2,female | male,48,42,6,0.0013839839124334618,0.16365482367746723,female,0.0,female,0.0,6,1,True,,,0.769177671284096,
ileum,sex_ontology_term,epithelial,Brunners Gland Cells,inferential,2,female | male,48,42,6,0.0,0.9574113901118694,female,0.0,female,0.0,6,1,True,,,0.9891659337597078,
ileum,sex_ontology_term,epithelial,Colonocyte Progenitors,inferential,2,female | male,48,42,6,0.0,0.9574113901118694,female,0.0,female,0.0,6,1,True,,,0.9891659337597078,
ileum,sex_ontology_term,epithelial,Crypt Top Colonocytes,inferential,2,female | male,48,42,6,0.0,0.7085412542728153,female,0.0,female,0.0,6,1,True,,,0.9514991485876395,
ileum,sex_ontology_term,epithelial,EEC Enterochromaffin (EC),inferential,2,female | male,48,42,6,0.0,0.9574113901118694,female,0.0,female,0.0,6,1,True,,,0.9891659337597078,
ileum,sex_ontology_term,epithelial,EEC L,inferential,2,female | male,48,42,6,0.0,0.9574113901118694,female,0.0,female,0.0,6,1,True,,,0.9891659337597078,
ileum,sex_ontology_term,epithelial,EEC N,inferential,2,female | male,48,42,6,0.0,0.9234220103824121,female,0.0,female,0.0,6,1,True,,,0.9891659337597078,
ileum,sex_ontology_term,epithelial,EEC Progenitors,inferential,2,female | male,48,42,6,0.0,0.9575968082141852,female,0.0,female,0.0,6,1,True,,,0.9891659337597078,
ileum,sex_ontology_term,epithelial,EEC S,inferential,2,female | male,48,42,6,0.0045587896471734075,0.6460477614488338,female,0.0,female,0.0,6,1,True,,,0.9514991485876395,
ileum,sex_ontology_term,epithelial,Enterocyte Progenitors,inferential,2,female | male,48,42,6,0.0,0.3527856341682506,female,0.0,female,0.0,6,1,True,,,0.8286020510105857,
ileum,sex_ontology_term,epithelial,Enteroendocrine Cells (EEC),inferential,2,female | male,48,42,6,0.0,0.9574113901118694,female,0.0,female,0.0,6,1,True,,,0.9891659337597078,
ileum,sex_ontology_term,epithelial,Epithelial,inferential,2,female | male,48,42,6,0.0,0.7006595619112899,female,0.0,female,0.0,6,1,True,,,0.9514991485876395,
ileum,sex_ontology_term,epithelial,Foveolar Cells,inferential,2,female | male,48,42,6,0.0,0.9574113901118694,female,0.0,female,0.0,6,1,True,,,0.9891659337597078,
ileum,sex_ontology_term,epithelial,Goblet Cells,inferential,2,female | male,48,42,6,0.0,0.5148271932333839,female,0.0,female,0.0,6,1,True,,,0.9514991485876395,
ileum,sex_ontology_term,epithelial,Intestinal Stem Cells (ISC),inferential,2,female | male,48,42,6,0.0,0.5859576381625298,female,0.0,female,0.0,6,1,True,,,0.9514991485876395,
ileum,sex_ontology_term,epithelial,Lower Crypt Colonocytes,inferential,2,female | male,48,42,6,0.0,0.9574113901118694,female,0.0,female,0.0,6,1,True,,,0.9891659337597078,
ileum,sex_ontology_term,epithelial,Lower Villus Enterocytes,inferential,2,female | male,48,42,6,0.0,0.7244970339363292,female,0.0,female,0.0,6,1,True,,,0.9514991485876395,
ileum,sex_ontology_term,epithelial,Mature Goblet Cells,inferential,2,female | male,48,42,6,0.009693557737927535,0.14340652762579698,female,0.0,female,0.0,6,1,True,,,0.769177671284096,
ileum,sex_ontology_term,epithelial,Microfold Cells (M Cells),inferential,2,female | male,48,42,6,0.0,0.8658499342798083,female,0.0,female,0.0,6,1,True,,,0.9891659337597078,
ileum,sex_ontology_term,epithelial,Mid Crypt Colonocytes,inferential,2,female | male,48,42,6,0.0,0.9574113901118694,female,0.0,female,0.0,6,1,True,,,0.9891659337597078,
ileum,sex_ontology_term,epithelial,Mid Villus Enterocytes,inferential,2,female | male,48,42,6,0.0,0.15112241782813493,female,0.0,female,0.0,6,1,True,,,0.769177671284096,
ileum,sex_ontology_term,epithelial,Paneth Cells,inferential,2,female | male,48,42,6,0.0,0.5228639298437778,female,0.0,female,0.0,6,1,True,,,0.9514991485876395,
ileum,sex_ontology_term,epithelial,Secretory Progenitors,inferential,2,female | male,48,42,6,0.0,0.43558322163330776,female,0.0,female,0.0,6,1,True,,,0.8901048442071942,
ileum,sex_ontology_term,epithelial,Transiently Amplifying Cells (TA),inferential,2,female | male,48,42,6,0.0,0.528598488753683,female,0.0,female,0.0,6,1,True,,,0.9514991485876395,
ileum,sex_ontology_term,epithelial,Tuft Cells,inferential,2,female | male,48,42,6,0.0,0.7405733895867549,female,0.0,female,0.0,6,1,True,,,0.9536150496048625,
ileum,sex_ontology_term,epithelial,Tuft Progenitors,inferential,2,female | male,48,42,6,0.0,0.28623622500614676,female,0.0,female,0.0,6,1,True,,,0.8286020510105857,
ileum,sex_ontology_term,epithelial,Villus Tip Enterocytes,inferential,2,female | male,48,42,6,0.0,0.33108962171041306,female,0.0,female,0.0,6,1,True,,,0.8286020510105857,
ileum,sex_ontology_term,lymphoid,CD4 Memory,inferential,2,female | male,24,22,8,0.0,0.5633633903511603,female,0.9259259259259258,male,0.0,6,1,True,,,0.9514991485876395,
ileum,sex_ontology_term,lymphoid,CD4 Naive,inferential,2,female | male,24,22,8,0.046555608038414846,0.2722391441392963,female,0.0,female,0.0,6,1,True,,,0.8286020510105857,
ileum,sex_ontology_term,lymphoid,CD4 Tfh,inferential,2,female | male,24,22,8,0.0,0.72880785849266,female,0.0,female,0.0,6,1,True,,,0.9514991485876395,
ileum,sex_ontology_term,lymphoid,CD4 Tfr,inferential,2,female | male,24,22,8,0.0,0.488043779644895,female,0.0,female,0.0,6,1,True,,,0.9362472507473495,
ileum,sex_ontology_term,lymphoid,CD4 Th17,inferential,2,female | male,24,22,8,0.0,0.20363028847345524,female,3.167641325536062,male,0.0,6,1,True,,,0.8286020510105857,
ileum,sex_ontology_term,lymphoid,CD4 Tr1,inferential,2,female | male,24,22,8,0.0,0.11871191326888285,female,0.0,female,0.0,6,1,True,,,0.6974324904546868,
ileum,sex_ontology_term,lymphoid,CD4 pTreg,inferential,2,female | male,24,22,8,0.2622171329639722,0.009313188246733942,female,0.0,female,0.0,6,1,True,,,0.2918132317309969,
ileum,sex_ontology_term,lymphoid,CD4 tTreg,inferential,2,female | male,24,22,8,0.19646886088708806,0.020810115665129015,female,0.0,female,0.0,6,1,True,,,0.3260251454203546,
ileum,sex_ontology_term,lymphoid,CD8 Circulating Effector Memory,inferential,2,female | male,24,22,8,0.0,0.32592742679943987,female,0.0,female,0.0,6,1,True,,,0.8286020510105857,
ileum,sex_ontology_term,lymphoid,CD8 Effector Memory,inferential,2,female | male,24,22,8,0.01071527552606609,0.05653162176086347,female,0.0,female,0.0,6,1,True,,,0.5572792093596264,
ileum,sex_ontology_term,lymphoid,CD8 IEL,inferential,2,female | male,24,22,8,0.0,0.6438788371885309,female,0.0,female,0.0,6,1,True,,,0.9514991485876395,
ileum,sex_ontology_term,lymphoid,CD8 Memory Exhausted,inferential,2,female | male,24,22,8,0.06813987296162455,0.11871191326888285,female,0.0,female,0.0,6,1,True,,,0.6974324904546868,
ileum,sex_ontology_term,lymphoid,CD8 Naive,inferential,2,female | male,24,22,8,0.01046013883536347,0.32592742679943987,female,0.0,female,0.0,6,1,True,,,0.8286020510105857,
ileum,sex_ontology_term,lymphoid,CD8 TRM,inferential,2,female | male,24,22,8,0.0,0.38606286214740015,male,9.75,female,5.3418803418803416,6,1,True,,,0.8286020510105857,
ileum,sex_ontology_term,lymphoid,GC B Dark Zone (GC B DZ),inferential,2,female | male,24,22,8,0.14347094861799173,0.08299637716264925,female,5.555555555555555,male,0.0,6,1,True,,,0.6974324904546868,
ileum,sex_ontology_term,lymphoid,GC B Light Zone (GC B LZ),inferential,2,female | male,24,22,8,0.2368774571435922,0.015224991552491518,female,6.944444444444445,male,0.0,6,1,True,,,0.3260251454203546,
ileum,sex_ontology_term,lymphoid,Gamma Delta T Cells,inferential,2,female | male,24,22,8,0.0,0.35519235609847066,female,0.0,female,0.0,6,1,True,,,0.8286020510105857,
ileum,sex_ontology_term,lymphoid,ILC3,inferential,2,female | male,24,22,8,0.0,0.72880785849266,female,0.0,female,0.0,6,1,True,,,0.9514991485876395,
ileum,sex_ontology_term,lymphoid,MAIT Cells,inferential,2,female | male,24,22,8,0.27932891875043114,0.009313188246733942,female,0.0,female,0.0,6,1,True,,,0.2918132317309969,
ileum,sex_ontology_term,lymphoid,Memory B,inferential,2,female | male,24,22,8,0.2180411542937321,0.020810115665129015,female,10.520833333333332,male,0.0,6,1,True,,,0.3260251454203546,
ileum,sex_ontology_term,lymphoid,NK Cells,inferential,2,female | male,24,22,8,0.0,0.5633633903511603,female,0.9259259259259258,male,0.0,6,1,True,,,0.9514991485876395,
ileum,sex_ontology_term,lymphoid,NKT Cells,inferential,2,female | male,24,22,8,0.0,0.9539196500066972,female,1.1627906976744187,male,0.0,6,1,True,,,0.9891659337597078,
ileum,sex_ontology_term,lymphoid,Naive B,inferential,2,female | male,24,22,8,0.13814714079212337,0.03251219974382219,female,2.2739018087855296,male,0.0,6,1,True,,,0.436592396559898,
ileum,sex_ontology_term,lymphoid,Plasma Cells,inferential,2,female | male,24,22,8,0.1995592506066526,0.006609409158983905,female,0.0,female,0.0,6,1,True,,,0.2918132317309969,
ileum,sex_ontology_term,lymphoid,Plasma IGA,inferential,2,female | male,24,22,8,0.07720058319339204,0.2722391441392963,female,0.0,female,0.0,6,1,True,,,0.8286020510105857,
ileum,sex_ontology_term,lymphoid,Plasma IGG,inferential,2,female | male,24,22,8,0.1509018461262775,0.05653162176086347,female,0.0,female,0.0,6,1,True,,,0.5572792093596264,
ileum,sex_ontology_term,myeloid,Classical Monocytes,inferential,2,female | male,24,24,7,0.008498610270129969,0.6067213504884174,female,0.0,female,0.0,6,1,True,,,0.9514991485876395,
ileum,sex_ontology_term,myeloid,Cycling Macrophages,inferential,2,female | male,24,24,7,0.0,0.9248135547718004,female,0.0,female,0.0,6,1,True,,,0.9891659337597078,
ileum,sex_ontology_term,myeloid,Eosinophils,inferential,2,female | male,24,24,7,0.0,0.7897815968309455,female,0.0,female,0.0,6,1,True,,,0.9890252631176538,
ileum,sex_ontology_term,myeloid,Follicle Associated Resident Macrophages,inferential,2,female | male,24,24,7,0.08422896050270134,0.059285022272300675,female,0.0,female,0.0,6,1,True,,,0.5572792093596264,
ileum,sex_ontology_term,myeloid,Homeostatic Macrophages,inferential,2,female | male,24,24,7,0.08303812755425906,0.40478439942491473,female,0.0,female,0.0,6,1,True,,,0.8455496343542663,
ileum,sex_ontology_term,myeloid,M0 Macrophages,inferential,2,female | male,24,24,7,0.0,0.972624149434194,female,0.0,female,0.0,6,1,True,,,0.9937681526827634,
ileum,sex_ontology_term,myeloid,Mast Cells,inferential,2,female | male,24,24,7,0.023223505687335354,0.6067213504884174,female,0.0,female,0.0,6,1,True,,,0.9514991485876395,
ileum,sex_ontology_term,myeloid,Monocyte Derived Dendritic Cells (MO DC),inferential,2,female | male,24,24,7,0.04333103823358606,0.3713849945096208,female,0.0,female,0.0,6,1,True,,,0.8286020510105857,
ileum,sex_ontology_term,myeloid,Neutrophils,inferential,2,female | male,24,24,7,0.0,0.7141645348606642,female,0.0,female,0.0,6,1,True,,,0.9514991485876395,
ileum,sex_ontology_term,myeloid,Nonclassical Monocytes,inferential,2,female | male,24,24,7,0.0,0.6555072609554435,female,0.0,female,0.0,6,1,True,,,0.9514991485876395,
ileum,sex_ontology_term,myeloid,Perivascular Resident Macrophages,inferential,2,female | male,24,24,7,0.059520540632440555,0.5489402536566406,female,0.0,female,0.0,6,1,True,,,0.9514991485876395,
ileum,sex_ontology_term,myeloid,Tolerogenic cDC2,inferential,2,female | male,24,24,7,0.042183520359515086,0.2874032134158177,female,0.0,female,0.0,6,1,True,,,0.8286020510105857,
ileum,sex_ontology_term,myeloid,cDC1,inferential,2,female | male,24,24,7,0.0,0.3541516923777638,female,0.0,female,0.0,6,1,True,,,0.8286020510105857,
ileum,sex_ontology_term,myeloid,cDC2,inferential,2,female | male,24,24,7,0.0,0.8101589921282909,female,0.0,female,0.0,6,1,True,,,0.9890252631176538,
ileum,sex_ontology_term,myeloid,migDC,inferential,2,female | male,24,24,7,0.0,0.6555072609554435,female,0.0,female,0.0,6,1,True,,,0.9514991485876395,
ileum,sex_ontology_term,myeloid,pDC,inferential,2,female | male,24,24,7,0.042183520359515086,0.2874032134158177,female,0.0,female,0.0,6,1,True,,,0.8286020510105857,
ileum,sex_ontology_term,stroma,Adipocytes,inferential,2,female | male,15,11,4,0.0,0.805126798727021,female,0.0,female,0.0,6,1,True,,,0.9890252631176538,
ileum,sex_ontology_term,stroma,Angiogenic Pericytes,inferential,2,female | male,15,11,4,0.03889222941901692,0.21735650056954303,female,0.0,female,0.0,6,1,True,,,0.8286020510105857,
ileum,sex_ontology_term,stroma,Arteriolar Endothelial,inferential,2,female | male,15,11,4,0.029072420797584222,0.3878562791964444,female,0.0,female,0.0,6,1,True,,,0.8286020510105857,
ileum,sex_ontology_term,stroma,Capillary Endothelial,inferential,2,female | male,15,11,4,0.14883759174315522,0.10878807297836572,female,0.0,female,0.0,6,1,True,,,0.6974324904546868,
ileum,sex_ontology_term,stroma,Contractile Pericytes,inferential,2,female | male,15,11,4,0.07501824658540002,0.17479814663310564,female,0.0,female,0.0,6,1,True,,,0.7824297992148539,
ileum,sex_ontology_term,stroma,Crypt Bottom Fibroblasts (S2A),inferential,2,female | male,15,11,4,0.12844367715192737,0.29569403698333674,female,0.0,female,0.0,6,1,True,,,0.8286020510105857,
ileum,sex_ontology_term,stroma,Crypt Top Fibroblasts (S2B),inferential,2,female | male,15,11,4,0.0,0.7113255860518376,female,0.0,female,0.0,6,1,True,,,0.9514991485876395,
ileum,sex_ontology_term,stroma,Fibroblastic Reticular Cells (FRC),inferential,2,female | male,15,11,4,0.0,0.3250174333878715,female,0.0,female,0.0,6,1,True,,,0.8286020510105857,
ileum,sex_ontology_term,stroma,Follicular Dendritic Cells (fDC),inferential,2,female | male,15,11,4,0.15382626712024017,0.10878807297836572,female,0.0,female,0.0,6,1,True,,,0.6974324904546868,
ileum,sex_ontology_term,stroma,Glia,inferential,2,female | male,15,11,4,0.0,0.4604235322771326,female,0.0,female,0.0,6,1,True,,,0.9016627507093847,
ileum,sex_ontology_term,stroma,Interstitial Cells of Cajal (ICC),inferential,2,female | male,15,11,4,0.0,1.0,female,0.0,female,0.0,6,1,True,,,1.0,
ileum,sex_ontology_term,stroma,Lamina propria Fibroblasts (S1),inferential,2,female | male,15,11,4,0.0,0.6226488302690538,male,3.3333333333333335,female,0.0,6,1,True,,,0.9514991485876395,
ileum,sex_ontology_term,stroma,Lymphatic Endothelial,inferential,2,female | male,15,11,4,0.04064912929821779,0.3878562791964444,female,0.0,female,0.0,6,1,True,,,0.8286020510105857,
ileum,sex_ontology_term,stroma,Marginal Reticular Cells (MRC),inferential,2,female | male,15,11,4,0.09968866394210768,0.15825096536965258,female,0.0,female,0.0,6,1,True,,,0.769177671284096,
ileum,sex_ontology_term,stroma,Medullary Sinus Endothelial,inferential,2,female | male,15,11,4,0.0,1.0,female,0.0,female,0.0,6,1,True,,,1.0,
ileum,sex_ontology_term,stroma,Mesenchymal Lymphoid Tissue Organizer Cells (mLTo Cells),inferential,2,female | male,15,11,4,0.15382626712024017,0.10878807297836572,female,0.0,female,0.0,6,1,True,,,0.6974324904546868,
ileum,sex_ontology_term,stroma,Muscularis Propria Fibroblasts,inferential,2,female | male,15,11,4,0.0,0.805126798727021,female,0.0,female,0.0,6,1,True,,,0.9890252631176538,
ileum,sex_ontology_term,stroma,Myofibroblasts,inferential,2,female | male,15,11,4,0.06781656835186124,0.2669003081214546,female,0.0,female,0.0,6,1,True,,,0.8286020510105857,
ileum,sex_ontology_term,stroma,Post Arteriole Capillary Endothelial (PAC),inferential,2,female | male,15,11,4,0.0,0.6217051413751219,female,0.0,female,0.0,6,1,True,,,0.9514991485876395,
ileum,sex_ontology_term,stroma,Pre Venule Capillary Endothelial (PVC),inferential,2,female | male,15,11,4,0.0,0.3878562791964444,female,0.0,female,0.0,6,1,True,,,0.8286020510105857,
ileum,sex_ontology_term,stroma,Secretory Pericytes,inferential,2,female | male,15,11,4,0.032552798971462536,0.32370621227390817,female,0.0,female,0.0,6,1,True,,,0.8286020510105857,
ileum,sex_ontology_term,stroma,Smooth Muscle Cells (SMC),inferential,2,female | male,15,11,4,0.0,0.7113255860518376,female,0.0,female,0.0,6,1,True,,,0.9514991485876395,
ileum,sex_ontology_term,stroma,Submucosal Fibroblasts (S3),inferential,2,female | male,15,11,4,0.07977835721221149,0.21735650056954303,male,3.8461538461538463,female,0.0,6,1,True,,,0.8286020510105857,
ileum,sex_ontology_term,stroma,Venular Endothelial,inferential,2,female | male,15,11,4,0.007806619452205734,0.45920731675515525,female,0.0,female,0.0,6,1,True,,,0.9016627507093847,
ileum,age_range,epithelial,BEST4 Colonocytes,inferential,5,30-39 | 40-49 | 50-59 | 60-69 | 70-79,43,38,6,0.0035354224181938423,0.7739710921599608,30-39,0.0,30-39,0.0,6,1,True,-0.029883321428395417,0.8491319566084385,0.8673378217403462,0.996803525243255
ileum,age_range,epithelial,BEST4 Enterocytes,inferential,5,30-39 | 40-49 | 50-59 | 60-69 | 70-79,43,38,6,0.0,0.9957349264661879,30-39,0.0,30-39,0.0,6,1,True,0.04000992789600181,0.798928923339518,1.0,0.996803525243255
ileum,age_range,epithelial,Brunners Gland Cells,inferential,5,30-39 | 40-49 | 50-59 | 60-69 | 70-79,43,38,6,0.0,0.43843054753570443,30-39,0.0,30-39,0.0,6,1,True,-0.006896587071804615,0.9649906467780447,0.7716132582637679,0.996803525243255
ileum,age_range,epithelial,Colonocyte Progenitors,inferential,5,30-39 | 40-49 | 50-59 | 60-69 | 70-79,43,38,6,0.0,0.43843054753570443,30-39,0.0,30-39,0.0,6,1,True,-0.006896587071804615,0.9649906467780447,0.7716132582637679,0.996803525243255
ileum,age_range,epithelial,Crypt Top Colonocytes,inferential,5,30-39 | 40-49 | 50-59 | 60-69 | 70-79,43,38,6,0.0,0.6813252669308261,30-39,0.0,30-39,0.0,6,1,True,-0.037369878784429655,0.8119487450455861,0.8673378217403462,0.996803525243255
ileum,age_range,epithelial,EEC Enterochromaffin (EC),inferential,5,30-39 | 40-49 | 50-59 | 60-69 | 70-79,43,38,6,0.0,0.43843054753570443,30-39,0.0,30-39,0.0,6,1,True,-0.006896587071804615,0.9649906467780447,0.7716132582637679,0.996803525243255
ileum,age_range,epithelial,EEC L,inferential,5,30-39 | 40-49 | 50-59 | 60-69 | 70-79,43,38,6,0.0,0.43843054753570443,30-39,0.0,30-39,0.0,6,1,True,-0.006896587071804615,0.9649906467780447,0.7716132582637679,0.996803525243255
ileum,age_range,epithelial,EEC N,inferential,5,30-39 | 40-49 | 50-59 | 60-69 | 70-79,43,38,6,0.030462341667415262,0.1643835167562078,30-39,0.0,30-39,0.0,6,1,True,-0.12622358198861006,0.41992763418286905,0.7705412198273364,0.9335888892770671
ileum,age_range,epithelial,EEC Progenitors,inferential,5,30-39 | 40-49 | 50-59 | 60-69 | 70-79,43,38,6,0.0,0.5195161810297695,30-39,0.0,30-39,0.0,6,1,True,-0.009343925053559774,0.9525793999273132,0.7792742715446542,0.996803525243255
ileum,age_range,epithelial,EEC S,inferential,5,30-39 | 40-49 | 50-59 | 60-69 | 70-79,43,38,6,0.0,0.7050769708180373,30-39,0.0,30-39,0.0,6,1,True,-0.034964092596590834,0.823857118707177,0.8673378217403462,0.996803525243255
ileum,age_range,epithelial,Enterocyte Progenitors,inferential,5,30-39 | 40-49 | 50-59 | 60-69 | 70-79,43,38,6,0.017435480060072703,0.46536397976281185,30-39,0.0,30-39,0.0,6,1,True,-0.07345667160201194,0.6396937801158673,0.7716132582637679,0.996803525243255
ileum,age_range,epithelial,Enteroendocrine Cells (EEC),inferential,5,30-39 | 40-49 | 50-59 | 60-69 | 70-79,43,38,6,0.0,0.43843054753570443,30-39,0.0,30-39,0.0,6,1,True,-0.006896587071804615,0.9649906467780447,0.7716132582637679,0.996803525243255
ileum,age_range,epithelial,Epithelial,inferential,5,30-39 | 40-49 | 50-59 | 60-69 | 70-79,43,38,6,0.2409004219074441,0.0324954528689464,70-79,7.6923076923076925,30-39,0.0,6,1,True,0.13846030823649524,0.37590524572616857,0.5884199333257666,0.9335888892770671
ileum,age_range,epithelial,Foveolar Cells,inferential,5,30-39 | 40-49 | 50-59 | 60-69 | 70-79,43,38,6,0.0,0.43843054753570443,30-39,0.0,30-39,0.0,6,1,True,-0.006896587071804615,0.9649906467780447,0.7716132582637679,0.996803525243255
ileum,age_range,epithelial,Goblet Cells,inferential,5,30-39 | 40-49 | 50-59 | 60-69 | 70-79,43,38,6,0.0,0.35994931729526347,30-39,0.0,30-39,0.0,6,1,True,-0.02861869214559348,0.8554473021264939,0.7716132582637679,0.996803525243255
ileum,age_range,epithelial,Intestinal Stem Cells (ISC),inferential,5,30-39 | 40-49 | 50-59 | 60-69 | 70-79,43,38,6,0.0,0.8016762606543267,30-39,0.0,30-39,0.0,6,1,True,0.013231824033113506,0.9328865148914494,0.8684826157088539,0.996803525243255
ileum,age_range,epithelial,Lower Crypt Colonocytes,inferential,5,30-39 | 40-49 | 50-59 | 60-69 | 70-79,43,38,6,0.0,0.43843054753570443,30-39,0.0,30-39,0.0,6,1,True,-0.006896587071804615,0.9649906467780447,0.7716132582637679,0.996803525243255
ileum,age_range,epithelial,Lower Villus Enterocytes,inferential,5,30-39 | 40-49 | 50-59 | 60-69 | 70-79,43,38,6,0.008898317047269653,0.12744732623351315,30-39,0.0,30-39,0.0,6,1,True,-0.40264841497129034,0.0074307295646576345,0.7705412198273364,0.193642972997007
ileum,age_range,epithelial,Mature Goblet Cells,inferential,5,30-39 | 40-49 | 50-59 | 60-69 | 70-79,43,38,6,0.0,0.1025056952087246,30-39,0.0,30-39,0.0,6,1,True,-0.38011421767853343,0.011927101537893198,0.7705412198273364,0.193642972997007
ileum,age_range,epithelial,Microfold Cells (M Cells),inferential,5,30-39 | 40-49 | 50-59 | 60-69 | 70-79,43,38,6,0.0,0.5842902867280663,30-39,0.0,30-39,0.0,6,1,True,0.002697855715656626,0.9863012074627772,0.8299800190014966,1.0
ileum,age_range,epithelial,Mid Crypt Colonocytes,inferential,5,30-39 | 40-49 | 50-59 | 60-69 | 70-79,43,38,6,0.0,0.43843054753570443,30-39,0.0,30-39,0.0,6,1,True,-0.006896587071804615,0.9649906467780447,0.7716132582637679,0.996803525243255
ileum,age_range,epithelial,Mid Villus Enterocytes,inferential,5,30-39 | 40-49 | 50-59 | 60-69 | 70-79,43,38,6,0.0,0.37947302173112196,30-39,5.88235294117647,40-49,0.0,6,1,True,-0.2682185666015427,0.08203076626001075,0.7716132582637679,0.6425743357034176
ileum,age_range,epithelial,Paneth Cells,inferential,5,30-39 | 40-49 | 50-59 | 60-69 | 70-79,43,38,6,0.06191538683707128,0.23835931424858733,40-49,100.0,30-39,0.0,6,1,True,-0.04945654522413142,0.7528036919969077,0.7716132582637679,0.996803525243255
ileum,age_range,epithelial,Secretory Progenitors,inferential,5,30-39 | 40-49 | 50-59 | 60-69 | 70-79,43,38,6,0.0,0.6976508936548653,30-39,0.0,30-39,0.0,6,1,True,-0.1116284791157212,0.47605669970544984,0.8673378217403462,0.9335888892770671
ileum,age_range,epithelial,Transiently Amplifying Cells (TA),inferential,5,30-39 | 40-49 | 50-59 | 60-69 | 70-79,43,38,6,0.0,0.6510880967331312,30-39,0.0,30-39,0.0,6,1,True,0.0017642432044151337,0.9910415312722027,0.8673378217403462,1.0
ileum,age_range,epithelial,Tuft Cells,inferential,5,30-39 | 40-49 | 50-59 | 60-69 | 70-79,43,38,6,0.0,0.23930726255086132,30-39,0.0,30-39,0.0,6,1,True,-0.0629514052484491,0.6883949884774527,0.7716132582637679,0.996803525243255
ileum,age_range,epithelial,Tuft Progenitors,inferential,5,30-39 | 40-49 | 50-59 | 60-69 | 70-79,43,38,6,0.05654906746507505,0.1975949378750641,30-39,0.0,30-39,0.0,6,1,True,-0.07986128642714994,0.6107043171035841,0.7716132582637679,0.996803525243255
ileum,age_range,epithelial,Villus Tip Enterocytes,inferential,5,30-39 | 40-49 | 50-59 | 60-69 | 70-79,43,38,6,0.0,0.8490448560421199,30-39,0.0,30-39,0.0,6,1,True,-0.1495597080106466,0.33845235439999044,0.9071986133052787,0.9335888892770671
ileum,age_range,lymphoid,CD4 Memory,inferential,2,50-59 | 60-69,14,13,7,0.0,0.4232007879838605,50-59,2.631578947368421,60-69,1.8518518518518516,6,1,True,0.2221243053978068,0.4453221258254221,0.7716132582637679,0.9335888892770671
ileum,age_range,lymphoid,CD4 Naive,inferential,2,50-59 | 60-69,14,13,7,0.0,0.7894998120969818,50-59,0.0,50-59,0.0,6,1,True,0.07404143513260228,0.8013868504126587,0.8673378217403462,0.996803525243255
ileum,age_range,lymphoid,CD4 Tfh,inferential,2,50-59 | 60-69,14,13,7,0.0,0.5045163611724637,50-59,0.0,50-59,0.0,6,1,True,0.18510358783150568,0.5263852248051548,0.7716132582637679,0.9335888892770671
ileum,age_range,lymphoid,CD4 Tfr,inferential,2,50-59 | 60-69,14,13,7,0.0,0.7894998120969818,50-59,0.0,50-59,0.0,6,1,True,-0.07404143513260228,0.8013868504126587,0.8673378217403462,0.996803525243255
ileum,age_range,lymphoid,CD4 Th17,inferential,2,50-59 | 60-69,14,13,7,0.0,0.4232007879838605,50-59,4.651162790697675,60-69,0.0,6,1,True,-0.2221243053978068,0.4453221258254221,0.7716132582637679,0.9335888892770671
ileum,age_range,lymphoid,CD4 Tr1,inferential,2,50-59 | 60-69,14,13,7,0.02906560701442299,0.4232007879838605,50-59,0.0,50-59,0.0,6,1,True,0.2221243053978068,0.4453221258254221,0.7716132582637679,0.9335888892770671
ileum,age_range,lymphoid,CD4 pTreg,inferential,2,50-59 | 60-69,14,13,7,0.0,0.4232007879838605,50-59,0.0,50-59,0.0,6,1,True,0.2221243053978068,0.4453221258254221,0.7716132582637679,0.9335888892770671
ileum,age_range,lymphoid,CD4 tTreg,inferential,2,50-59 | 60-69,14,13,7,0.0,0.7894998120969818,50-59,0.0,50-59,0.0,6,1,True,0.07404143513260228,0.8013868504126587,0.8673378217403462,0.996803525243255
ileum,age_range,lymphoid,CD8 Circulating Effector Memory,inferential,2,50-59 | 60-69,14,13,7,0.0,0.2855923468144875,50-59,0.0,50-59,0.0,6,1,True,0.2961657405304091,0.3038854639087023,0.7716132582637679,0.9335888892770671
ileum,age_range,lymphoid,CD8 Effector Memory,inferential,2,50-59 | 60-69,14,13,7,0.0,1.0,50-59,0.0,50-59,0.0,6,1,True,0.0,1.0,1.0,1.0
ileum,age_range,lymphoid,CD8 IEL,inferential,2,50-59 | 60-69,14,13,7,0.05596019876843031,0.35011787930247684,50-59,0.0,50-59,0.0,6,1,True,-0.25914502296410796,0.37097268499555236,0.7716132582637679,0.9335888892770671
ileum,age_range,lymphoid,CD8 Memory Exhausted,inferential,2,50-59 | 60-69,14,13,7,0.0,0.7894998120969818,50-59,0.0,50-59,0.0,6,1,True,0.07404143513260228,0.8013868504126587,0.8673378217403462,0.996803525243255
ileum,age_range,lymphoid,CD8 Naive,inferential,2,50-59 | 60-69,14,13,7,0.10286451162115107,0.18194150105409249,50-59,0.0,50-59,0.0,6,1,True,0.37020717566301137,0.19259889722527998,0.7716132582637679,0.8621093494845866
ileum,age_range,lymphoid,CD8 TRM,inferential,2,50-59 | 60-69,14,13,7,0.0,0.4232007879838605,50-59,14.285714285714285,60-69,7.5,6,1,True,-0.2221243053978068,0.4453221258254221,0.7716132582637679,0.9335888892770671
ileum,age_range,lymphoid,GC B Dark Zone (GC B DZ),inferential,2,50-59 | 60-69,14,13,7,0.0,0.7894998120969818,50-59,0.0,50-59,0.0,6,1,True,0.07404143513260228,0.8013868504126587,0.8673378217403462,0.996803525243255
ileum,age_range,lymphoid,GC B Light Zone (GC B LZ),inferential,2,50-59 | 60-69,14,13,7,0.0,0.7894998120969818,50-59,0.0,50-59,0.0,6,1,True,0.07404143513260228,0.8013868504126587,0.8673378217403462,0.996803525243255
ileum,age_range,lymphoid,Gamma Delta T Cells,inferential,2,50-59 | 60-69,14,13,7,0.0,0.7894998120969818,50-59,0.0,50-59,0.0,6,1,True,0.07404143513260228,0.8013868504126587,0.8673378217403462,0.996803525243255
ileum,age_range,lymphoid,ILC3,inferential,2,50-59 | 60-69,14,13,7,0.0,0.5045163611724637,50-59,0.0,50-59,0.0,6,1,True,0.18510358783150568,0.5263852248051548,0.7716132582637679,0.9335888892770671
ileum,age_range,lymphoid,MAIT Cells,inferential,2,50-59 | 60-69,14,13,7,0.0,0.5045163611724637,50-59,0.0,50-59,0.0,6,1,True,0.18510358783150568,0.5263852248051548,0.7716132582637679,0.9335888892770671
ileum,age_range,lymphoid,Memory B,inferential,2,50-59 | 60-69,14,13,7,0.0,0.5045163611724637,50-59,2.380952380952381,60-69,0.0,6,1,True,-0.18510358783150568,0.5263852248051548,0.7716132582637679,0.9335888892770671
ileum,age_range,lymphoid,NK Cells,inferential,2,50-59 | 60-69,14,13,7,0.2903812637195608,0.04526307179428974,60-69,3.3333333333333335,50-59,0.0,6,1,True,0.555310763494517,0.03925683584646741,0.5884199333257666,0.36901425695679363
ileum,age_range,lymphoid,NKT Cells,inferential,2,50-59 | 60-69,14,13,7,0.0,0.5933966200428391,60-69,5.555555555555555,50-59,0.0,6,1,True,0.14808287026520456,0.6134061457676503,0.8299800190014966,0.996803525243255
ileum,age_range,lymphoid,Naive B,inferential,2,50-59 | 60-69,14,13,7,0.0,0.893813704939393,50-59,0.0,50-59,0.0,6,1,True,-0.03702071756630114,0.9000123007278324,0.9398915144729565,0.996803525243255
ileum,age_range,lymphoid,Plasma Cells,inferential,2,50-59 | 60-69,14,13,7,0.0,0.5933966200428344,50-59,0.0,50-59,0.0,6,1,True,-0.14808287026520456,0.6134061457676503,0.8299800190014966,0.996803525243255
ileum,age_range,lymphoid,Plasma IGA,inferential,2,50-59 | 60-69,14,13,7,0.0,0.688832256734952,50-59,0.0,50-59,0.0,6,1,True,0.1110621526989034,0.7054413355618796,0.8673378217403462,0.996803525243255
ileum,age_range,lymphoid,Plasma IGG,inferential,2,50-59 | 60-69,14,13,7,0.0,0.4232007879838605,50-59,0.0,50-59,0.0,6,1,True,0.2221243053978068,0.4453221258254221,0.7716132582637679,0.9335888892770671
ileum,age_range,myeloid,Classical Monocytes,descriptive,7,10-19 | 20-29 | 30-39 | 40-49 | 50-59 | 60-69 | 70-79,23,23,7,0.07920850997027491,,10-19,0.0,10-19,0.0,6,1,True,-0.21654674154639603,0.3209788798215477,,0.9335888892770671
ileum,age_range,myeloid,Cycling Macrophages,descriptive,7,10-19 | 20-29 | 30-39 | 40-49 | 50-59 | 60-69 | 70-79,23,23,7,0.013950153223677457,,40-49,50.0,10-19,0.0,6,1,True,-0.21790585049071454,0.3178764111048108,,0.9335888892770671
ileum,age_range,myeloid,Eosinophils,descriptive,7,10-19 | 20-29 | 30-39 | 40-49 | 50-59 | 60-69 | 70-79,23,23,7,0.08478743435342925,,10-19,0.0,10-19,0.0,6,1,True,-0.1882363782760354,0.3897153088891322,,0.9335888892770671
ileum,age_range,myeloid,Follicle Associated Resident Macrophages,descriptive,7,10-19 | 20-29 | 30-39 | 40-49 | 50-59 | 60-69 | 70-79,23,23,7,0.31381969750716227,,30-39,100.0,20-29,0.0,6,1,True,-0.6035144568293186,0.00229643598831341,,0.193642972997007
ileum,age_range,myeloid,Homeostatic Macrophages,descriptive,7,10-19 | 20-29 | 30-39 | 40-49 | 50-59 | 60-69 | 70-79,23,23,7,0.17082446911372762,,20-29,50.0,10-19,0.0,6,1,True,-0.15036633767612295,0.49345354369569405,,0.9335888892770671
ileum,age_range,myeloid,M0 Macrophages,descriptive,7,10-19 | 20-29 | 30-39 | 40-49 | 50-59 | 60-69 | 70-79,23,23,7,0.07309693893158116,,10-19,45.19230769230769,20-29,0.0,6,1,True,-0.41361573385316913,0.04977550977603392,,0.4253543562679262
ileum,age_range,myeloid,Mast Cells,descriptive,7,10-19 | 20-29 | 30-39 | 40-49 | 50-59 | 60-69 | 70-79,23,23,7,0.0,,10-19,0.0,10-19,0.0,6,1,True,-0.08421262171248733,0.7024413676148515,,0.996803525243255
ileum,age_range,myeloid,Monocyte Derived Dendritic Cells (MO DC),descriptive,7,10-19 | 20-29 | 30-39 | 40-49 | 50-59 | 60-69 | 70-79,23,23,7,0.04682954148771918,,20-29,50.0,10-19,0.0,6,1,True,-0.22727558700241432,0.29698595133109457,,0.9335888892770671
ileum,age_range,myeloid,Neutrophils,descriptive,7,10-19 | 20-29 | 30-39 | 40-49 | 50-59 | 60-69 | 70-79,23,23,7,0.8969868522840071,,70-79,100.0,10-19,0.0,6,1,True,0.24426337387262212,0.26133625410584177,,0.9335888892770671
ileum,age_range,myeloid,Nonclassical Monocytes,descriptive,7,10-19 | 20-29 | 30-39 | 40-49 | 50-59 | 60-69 | 70-79,23,23,7,0.20976999582863604,,10-19,0.0,10-19,0.0,6,1,True,-0.23602449078601892,0.2782672847329494,,0.9335888892770671
ileum,age_range,myeloid,Perivascular Resident Macrophages,descriptive,7,10-19 | 20-29 | 30-39 | 40-49 | 50-59 | 60-69 | 70-79,23,23,7,0.0,,10-19,0.0,10-19,0.0,6,1,True,-0.07873181640769027,0.7210296580933725,,0.996803525243255
ileum,age_range,myeloid,Tolerogenic cDC2,descriptive,7,10-19 | 20-29 | 30-39 | 40-49 | 50-59 | 60-69 | 70-79,23,23,7,0.07624611751456904,,10-19,3.8461538461538463,20-29,0.0,6,1,True,-0.5127231049841916,0.012360189765766404,,0.193642972997007
ileum,age_range,myeloid,cDC1,descriptive,7,10-19 | 20-29 | 30-39 | 40-49 | 50-59 | 60-69 | 70-79,23,23,7,0.0,,10-19,0.0,10-19,0.0,6,1,True,-0.09051424646648298,0.6812718156240598,,0.996803525243255
ileum,age_range,myeloid,cDC2,descriptive,7,10-19 | 20-29 | 30-39 | 40-49 | 50-59 | 60-69 | 70-79,23,23,7,0.06913432963814134,,10-19,19.230769230769234,20-29,0.0,6,1,True,-0.19592324235150116,0.3702830015471825,,0.9335888892770671
ileum,age_range,myeloid,migDC,descriptive,7,10-19 | 20-29 | 30-39 | 40-49 | 50-59 | 60-69 | 70-79,23,23,7,0.20976999582863604,,10-19,0.0,10-19,0.0,6,1,True,-0.23602449078601892,0.2782672847329494,,0.9335888892770671
ileum,age_range,myeloid,pDC,descriptive,7,10-19 | 20-29 | 30-39 | 40-49 | 50-59 | 60-69 | 70-79,23,23,7,0.07624611751456904,,10-19,3.8461538461538463,20-29,0.0,6,1,True,-0.5127231049841916,0.012360189765766404,,0.193642972997007
ileum,age_range,stroma,Adipocytes,inferential,2,50-59 | 60-69,10,7,3,0.0,0.7503347106699938,50-59,0.0,50-59,0.0,6,1,True,-0.10606601717798211,0.7705732340341918,0.8673378217403462,0.996803525243255
ileum,age_range,stroma,Angiogenic Pericytes,inferential,2,50-59 | 60-69,10,7,3,0.23802775497188536,0.04387800789041376,50-59,0.0,50-59,0.0,6,1,True,-0.6717514421272202,0.033392692865514294,0.5884199333257666,0.3487681254842604
ileum,age_range,stroma,Arteriolar Endothelial,inferential,2,50-59 | 60-69,10,7,3,0.15450978979637148,0.4578073941909431,50-59,0.0,50-59,0.0,6,1,True,0.24748737341529162,0.4905799736309322,0.7716132582637679,0.9335888892770671
ileum,age_range,stroma,Capillary Endothelial,inferential,2,50-59 | 60-69,10,7,3,0.0,0.5958830905651771,50-59,0.0,50-59,0.0,6,1,True,-0.1767766952966369,0.6251604278599963,0.8299800190014966,0.996803525243255
ileum,age_range,stroma,Contractile Pericytes,inferential,2,50-59 | 60-69,10,7,3,0.0906176816983142,0.4578073941909431,50-59,0.0,50-59,0.0,6,1,True,0.24748737341529162,0.4905799736309322,0.7716132582637679,0.9335888892770671
ileum,age_range,stroma,Crypt Bottom Fibroblasts (S2A),inferential,2,50-59 | 60-69,10,7,3,0.0,0.2477058704918634,50-59,0.0,50-59,0.0,6,1,True,-0.38531319425723237,0.27151230124022524,0.7716132582637679,0.9335888892770671
ileum,age_range,stroma,Crypt Top Fibroblasts (S2B),inferential,2,50-59 | 60-69,10,7,3,0.23802775497188536,0.04387800789041376,50-59,0.0,50-59,0.0,6,1,True,-0.6717514421272202,0.033392692865514294,0.5884199333257666,0.3487681254842604
ileum,age_range,stroma,Fibroblastic Reticular Cells (FRC),inferential,2,50-59 | 60-69,10,7,3,0.10068398622102492,0.11272987360132865,50-59,0.0,50-59,0.0,6,1,True,-0.528680532637681,0.11615266790042493,0.7705412198273364,0.779882198759996
ileum,age_range,stroma,Follicular Dendritic Cells (fDC),inferential,2,50-59 | 60-69,10,7,3,0.03998507464997395,0.1679384709880092,50-59,0.0,50-59,0.0,6,1,True,-0.4596194077712558,0.18141004978735653,0.7705412198273364,0.8526272340005757
ileum,age_range,stroma,Glia,inferential,2,50-59 | 60-69,10,7,3,0.10068398622102492,0.11272987360132865,50-59,0.0,50-59,0.0,6,1,True,-0.528680532637681,0.11615266790042493,0.7705412198273364,0.779882198759996
ileum,age_range,stroma,Interstitial Cells of Cajal (ICC),inferential,2,50-59 | 60-69,10,7,3,0.4084397351109349,0.021176657854316695,50-59,30.76923076923077,60-69,0.0,6,1,True,-0.768273325346536,0.00943449455261687,0.5884199333257666,0.193642972997007
ileum,age_range,stroma,Lamina propria Fibroblasts (S1),inferential,2,50-59 | 60-69,10,7,3,0.0,0.915791732050573,50-59,0.0,50-59,0.0,6,1,True,-0.03524536884251207,0.9229964597514946,0.9398915144729565,0.996803525243255
ileum,age_range,stroma,Lymphatic Endothelial,inferential,2,50-59 | 60-69,10,7,3,0.15510401091139558,0.4578073941909431,50-59,0.0,50-59,0.0,6,1,True,0.24748737341529162,0.4905799736309322,0.7716132582637679,0.9335888892770671
ileum,age_range,stroma,Marginal Reticular Cells (MRC),inferential,2,50-59 | 60-69,10,7,3,0.09047951364158784,0.14123816388881524,50-59,0.0,50-59,0.0,6,1,True,-0.49039861087284115,0.15014443418411932,0.7705412198273364,0.8526272340005757
ileum,age_range,stroma,Medullary Sinus Endothelial,inferential,2,50-59 | 60-69,10,7,3,0.0,0.7503347106699938,50-59,0.0,50-59,0.0,6,1,True,-0.10606601717798211,0.7705732340341918,0.8673378217403462,0.996803525243255
ileum,age_range,stroma,Mesenchymal Lymphoid Tissue Organizer Cells (mLTo Cells),inferential,2,50-59 | 60-69,10,7,3,0.03998507464997395,0.1679384709880092,50-59,0.0,50-59,0.0,6,1,True,-0.4596194077712558,0.18141004978735653,0.7705412198273364,0.8526272340005757
ileum,age_range,stroma,Muscularis Propria Fibroblasts,inferential,2,50-59 | 60-69,10,7,3,0.1563270606127886,0.04387800789041376,50-59,0.0,50-59,0.0,6,1,True,-0.6717514421272202,0.033392692865514294,0.5884199333257666,0.3487681254842604
ileum,age_range,stroma,Myofibroblasts,inferential,2,50-59 | 60-69,10,7,3,0.03998507464997395,0.1679384709880092,50-59,0.0,50-59,0.0,6,1,True,-0.4596194077712558,0.18141004978735653,0.7705412198273364,0.8526272340005757
ileum,age_range,stroma,Post Arteriole Capillary Endothelial (PAC),inferential,2,50-59 | 60-69,10,7,3,0.0,0.9155299733767555,50-59,0.0,50-59,0.0,6,1,True,0.035355339059327376,0.9227567980784744,0.9398915144729565,0.996803525243255
ileum,age_range,stroma,Pre Venule Capillary Endothelial (PVC),inferential,2,50-59 | 60-69,10,7,3,0.0,0.24332096313455118,50-59,0.0,50-59,0.0,6,1,True,-0.3889087296526011,0.2666795959013288,0.7716132582637679,0.9335888892770671
ileum,age_range,stroma,Secretory Pericytes,inferential,2,50-59 | 60-69,10,7,3,0.03998507464997395,0.1679384709880092,50-59,0.0,50-59,0.0,6,1,True,-0.4596194077712558,0.18141004978735653,0.7705412198273364,0.8526272340005757
ileum,age_range,stroma,Smooth Muscle Cells (SMC),inferential,2,50-59 | 60-69,10,7,3,0.03998507464997395,0.1679384709880092,50-59,0.0,50-59,0.0,6,1,True,-0.4596194077712558,0.18141004978735653,0.7705412198273364,0.8526272340005757
ileum,age_range,stroma,Submucosal Fibroblasts (S3),inferential,2,50-59 | 60-69,10,7,3,0.1718167506517589,0.24332096313455118,60-69,10.0,50-59,0.0,6,1,True,0.3889087296526011,0.2666795959013288,0.7716132582637679,0.9335888892770671
ileum,age_range,stroma,Venular Endothelial,inferential,2,50-59 | 60-69,10,7,3,0.15359158674561027,0.4578073941909431,50-59,0.0,50-59,0.0,6,1,True,0.24748737341529162,0.4905799736309322,0.7716132582637679,0.9335888892770671
ileum,assay,epithelial,BEST4 Colonocytes,inferential,2,10x 3' v2 | 10x 3' v3,49,43,7,0.017687627830180904,0.07207845271471013,10x 3' v2,0.0,10x 3' v2,0.0,0,0,False,,,0.38811474538690066,
ileum,assay,epithelial,BEST4 Enterocytes,inferential,2,10x 3' v2 | 10x 3' v3,49,43,7,0.0,0.8531375552511339,10x 3' v2,0.0,10x 3' v2,0.0,0,0,False,,,0.8989664480644437,
ileum,assay,epithelial,Brunners Gland Cells,inferential,2,10x 3' v2 | 10x 3' v3,49,43,7,0.0,0.1777409384069731,10x 3' v2,0.0,10x 3' v2,0.0,0,0,False,,,0.4053646764533111,
ileum,assay,epithelial,Colonocyte Progenitors,inferential,2,10x 3' v2 | 10x 3' v3,49,43,7,0.0,0.1777409384069731,10x 3' v2,0.0,10x 3' v2,0.0,0,0,False,,,0.4053646764533111,
ileum,assay,epithelial,Crypt Top Colonocytes,inferential,2,10x 3' v2 | 10x 3' v3,49,43,7,0.0,0.48573480853007167,10x 3' v2,0.0,10x 3' v2,0.0,0,0,False,,,0.7234348212150005,
ileum,assay,epithelial,EEC Enterochromaffin (EC),inferential,2,10x 3' v2 | 10x 3' v3,49,43,7,0.0,0.1777409384069731,10x 3' v2,0.0,10x 3' v2,0.0,0,0,False,,,0.4053646764533111,
ileum,assay,epithelial,EEC L,inferential,2,10x 3' v2 | 10x 3' v3,49,43,7,0.0,0.1777409384069731,10x 3' v2,0.0,10x 3' v2,0.0,0,0,False,,,0.4053646764533111,
ileum,assay,epithelial,EEC N,inferential,2,10x 3' v2 | 10x 3' v3,49,43,7,0.015762324942748422,0.05672416248878756,10x 3' v2,0.0,10x 3' v2,0.0,0,0,False,,,0.36982128232059347,
ileum,assay,epithelial,EEC Progenitors,inferential,2,10x 3' v2 | 10x 3' v3,49,43,7,0.0,0.1721334419322584,10x 3' v2,0.0,10x 3' v2,0.0,0,0,False,,,0.4053646764533111,
ileum,assay,epithelial,EEC S,inferential,2,10x 3' v2 | 10x 3' v3,49,43,7,0.0,0.10382487979374104,10x 3' v2,0.0,10x 3' v2,0.0,0,0,False,,,0.4053646764533111,
ileum,assay,epithelial,Enterocyte Progenitors,inferential,2,10x 3' v2 | 10x 3' v3,49,43,7,0.0,0.9444252850300049,10x 3' v2,0.0,10x 3' v2,0.0,0,0,False,,,0.951916495718344,
ileum,assay,epithelial,Enteroendocrine Cells (EEC),inferential,2,10x 3' v2 | 10x 3' v3,49,43,7,0.0,0.1777409384069731,10x 3' v2,0.0,10x 3' v2,0.0,0,0,False,,,0.4053646764533111,
ileum,assay,epithelial,Epithelial,inferential,2,10x 3' v2 | 10x 3' v3,49,43,7,0.07098816261421988,0.7101002981128489,10x 3' v2,0.0,10x 3' v2,0.0,0,0,False,,,0.7833871841973598,
ileum,assay,epithelial,Foveolar Cells,inferential,2,10x 3' v2 | 10x 3' v3,49,43,7,0.0,0.1777409384069731,10x 3' v2,0.0,10x 3' v2,0.0,0,0,False,,,0.4053646764533111,
ileum,assay,epithelial,Goblet Cells,inferential,2,10x 3' v2 | 10x 3' v3,49,43,7,0.006801850107588969,0.0034208521831653443,10x 3' v2,0.0,10x 3' v2,0.0,0,0,False,,,0.11972982641078705,
ileum,assay,epithelial,Intestinal Stem Cells (ISC),inferential,2,10x 3' v2 | 10x 3' v3,49,43,7,0.03816650776869957,0.6928220553525497,10x 3' v2,0.0,10x 3' v2,0.0,0,0,False,,,0.7822184495915884,
ileum,assay,epithelial,Lower Crypt Colonocytes,inferential,2,10x 3' v2 | 10x 3' v3,49,43,7,0.0,0.1777409384069731,10x 3' v2,0.0,10x 3' v2,0.0,0,0,False,,,0.4053646764533111,
ileum,assay,epithelial,Lower Villus Enterocytes,inferential,2,10x 3' v2 | 10x 3' v3,49,43,7,0.0,0.4571290647923092,10x 3' v2,0.0,10x 3' v2,0.0,0,0,False,,,0.695631185553514,
ileum,assay,epithelial,Mature Goblet Cells,inferential,2,10x 3' v2 | 10x 3' v3,49,43,7,0.07197754947885988,0.00045016685876595787,10x 3' v2,0.0,10x 3' v2,0.0,0,0,False,,,0.031511680113617054,
ileum,assay,epithelial,Microfold Cells (M Cells),inferential,2,10x 3' v2 | 10x 3' v3,49,43,7,0.010257232683025263,0.1351245376865129,10x 3' v2,0.0,10x 3' v2,0.0,0,0,False,,,0.4053646764533111,
ileum,assay,epithelial,Mid Crypt Colonocytes,inferential,2,10x 3' v2 | 10x 3' v3,49,43,7,0.0,0.1777409384069731,10x 3' v2,0.0,10x 3' v2,0.0,0,0,False,,,0.4053646764533111,
ileum,assay,epithelial,Mid Villus Enterocytes,inferential,2,10x 3' v2 | 10x 3' v3,49,43,7,0.0,0.17951864242932347,10x 3' v2,0.0,10x 3' v2,0.0,0,0,False,,,0.4053646764533111,
ileum,assay,epithelial,Paneth Cells,inferential,2,10x 3' v2 | 10x 3' v3,49,43,7,0.0,0.6812995402255988,10x 3' v2,0.0,10x 3' v2,0.0,0,0,False,,,0.782202529790653,
ileum,assay,epithelial,Secretory Progenitors,inferential,2,10x 3' v2 | 10x 3' v3,49,43,7,0.04137608314123731,0.5457367268153794,10x 3' v2,0.0,10x 3' v2,0.0,0,0,False,,,0.7367724523959098,
ileum,assay,epithelial,Transiently Amplifying Cells (TA),inferential,2,10x 3' v2 | 10x 3' v3,49,43,7,0.008528780367091732,0.7274309567546913,10x 3' v2,0.0,10x 3' v2,0.0,0,0,False,,,0.7833871841973598,
ileum,assay,epithelial,Tuft Cells,inferential,2,10x 3' v2 | 10x 3' v3,49,43,7,0.032465907688581264,0.02894213966781705,10x 3' v2,0.0,10x 3' v2,0.0,0,0,False,,,0.3179494486390743,
ileum,assay,epithelial,Tuft Progenitors,inferential,2,10x 3' v2 | 10x 3' v3,49,43,7,0.0,0.1292204651828364,10x 3' v2,0.0,10x 3' v2,0.0,0,0,False,,,0.4053646764533111,
ileum,assay,epithelial,Villus Tip Enterocytes,inferential,2,10x 3' v2 | 10x 3' v3,49,43,7,0.0,0.26469026290334496,10x 3' v2,0.0,10x 3' v2,0.0,0,0,False,,,0.47653127704609993,
ileum,assay,lymphoid,CD4 Memory,inferential,2,10x 3' v2 | 10x 3' v3,24,22,8,0.0,0.5191508739142539,10x 3' v3,2.4884259259259256,10x 3' v2,0.0,0,0,False,,,0.7268112234799554,
ileum,assay,lymphoid,CD4 Naive,inferential,2,10x 3' v2 | 10x 3' v3,24,22,8,0.0,0.5978846795348121,10x 3' v2,0.0,10x 3' v2,0.0,0,0,False,,,0.7473558494185151,
ileum,assay,lymphoid,CD4 Tfh,inferential,2,10x 3' v2 | 10x 3' v3,24,22,8,0.0,0.5978846795348121,10x 3' v2,0.0,10x 3' v2,0.0,0,0,False,,,0.7473558494185151,
ileum,assay,lymphoid,CD4 Tfr,inferential,2,10x 3' v2 | 10x 3' v3,24,22,8,0.03440579267343152,0.21843331627223142,10x 3' v2,0.0,10x 3' v2,0.0,0,0,False,,,0.43686663254446284,
ileum,assay,lymphoid,CD4 Th17,inferential,2,10x 3' v2 | 10x 3' v3,24,22,8,0.0,0.6816336331032833,10x 3' v3,3.167641325536062,10x 3' v2,0.0,0,0,False,,,0.782202529790653,
ileum,assay,lymphoid,CD4 Tr1,inferential,2,10x 3' v2 | 10x 3' v3,24,22,8,0.0,0.7251158201857372,10x 3' v2,0.0,10x 3' v2,0.0,0,0,False,,,0.7833871841973598,
ileum,assay,lymphoid,CD4 pTreg,inferential,2,10x 3' v2 | 10x 3' v3,24,22,8,0.003838149717154957,0.5578419996711889,10x 3' v2,0.0,10x 3' v2,0.0,0,0,False,,,0.7367724523959098,
ileum,assay,lymphoid,CD4 tTreg,inferential,2,10x 3' v2 | 10x 3' v3,24,22,8,0.0,0.2411570110028076,10x 3' v2,0.0,10x 3' v2,0.0,0,0,False,,,0.46891641028323705,
ileum,assay,lymphoid,CD8 Circulating Effector Memory,inferential,2,10x 3' v2 | 10x 3' v3,24,22,8,0.0,0.6816336331032833,10x 3' v2,0.0,10x 3' v2,0.0,0,0,False,,,0.782202529790653,
ileum,assay,lymphoid,CD8 Effector Memory,inferential,2,10x 3' v2 | 10x 3' v3,24,22,8,0.0,0.29147573993150677,10x 3' v2,0.0,10x 3' v2,0.0,0,0,False,,,0.4976415072001335,
ileum,assay,lymphoid,CD8 IEL,inferential,2,10x 3' v2 | 10x 3' v3,24,22,8,0.0,0.5191508739142539,10x 3' v2,0.9259259259259258,10x 3' v3,0.0,0,0,False,,,0.7268112234799554,
ileum,assay,lymphoid,CD8 Memory Exhausted,inferential,2,10x 3' v2 | 10x 3' v3,24,22,8,0.16644082150211748,0.034877348990510475,10x 3' v2,0.0,10x 3' v2,0.0,0,0,False,,,0.3179494486390743,
ileum,assay,lymphoid,CD8 Naive,inferential,2,10x 3' v2 | 10x 3' v3,24,22,8,0.0,0.6391840780843443,10x 3' v2,0.0,10x 3' v2,0.0,0,0,False,,,0.7714290597569672,
ileum,assay,lymphoid,CD8 TRM,inferential,2,10x 3' v2 | 10x 3' v3,24,22,8,0.10493651721877793,0.034877348990510794,10x 3' v3,13.142857142857142,10x 3' v2,3.538011695906433,0,0,False,,,0.3179494486390743,
ileum,assay,lymphoid,GC B Dark Zone (GC B DZ),inferential,2,10x 3' v2 | 10x 3' v3,24,22,8,0.0,0.21843331627223142,10x 3' v2,0.0,10x 3' v2,0.0,0,0,False,,,0.43686663254446284,
ileum,assay,lymphoid,GC B Light Zone (GC B LZ),inferential,2,10x 3' v2 | 10x 3' v3,24,22,8,0.0,0.29147573993150677,10x 3' v2,0.0,10x 3' v2,0.0,0,0,False,,,0.4976415072001335,
ileum,assay,lymphoid,Gamma Delta T Cells,inferential,2,10x 3' v2 | 10x 3' v3,24,22,8,0.0770635846565704,0.1135731922841336,10x 3' v2,0.0,10x 3' v2,0.0,0,0,False,,,0.4053646764533111,
ileum,assay,lymphoid,ILC3,inferential,2,10x 3' v2 | 10x 3' v3,24,22,8,0.10373302863358584,0.1135731922841336,10x 3' v2,0.0,10x 3' v2,0.0,0,0,False,,,0.4053646764533111,
ileum,assay,lymphoid,MAIT Cells,inferential,2,10x 3' v2 | 10x 3' v3,24,22,8,0.0,0.5978846795348121,10x 3' v2,0.0,10x 3' v2,0.0,0,0,False,,,0.7473558494185151,
ileum,assay,lymphoid,Memory B,inferential,2,10x 3' v2 | 10x 3' v3,24,22,8,0.0,0.8604393145759676,10x 3' v3,1.1904761904761905,10x 3' v2,0.0,0,0,False,,,0.8989664480644437,
ileum,assay,lymphoid,NK Cells,inferential,2,10x 3' v2 | 10x 3' v3,24,22,8,0.0,0.5191508739142539,10x 3' v3,1.8693221523410202,10x 3' v2,0.0,0,0,False,,,0.7268112234799554,
ileum,assay,lymphoid,NKT Cells,inferential,2,10x 3' v2 | 10x 3' v3,24,22,8,0.008285716597453786,0.5578419996711889,10x 3' v3,1.1627906976744187,10x 3' v2,0.0,0,0,False,,,0.7367724523959098,
ileum,assay,lymphoid,Naive B,inferential,2,10x 3' v2 | 10x 3' v3,24,22,8,0.08448780880357622,0.26549599721139855,10x 3' v2,0.0,10x 3' v2,0.0,0,0,False,,,0.47653127704609993,
ileum,assay,lymphoid,Plasma Cells,inferential,2,10x 3' v2 | 10x 3' v3,24,22,8,0.0,0.9066936626397483,10x 3' v2,0.0,10x 3' v2,0.0,0,0,False,,,0.9333611233056233,
ileum,assay,lymphoid,Plasma IGA,inferential,2,10x 3' v2 | 10x 3' v3,24,22,8,0.10242873821176379,0.1008099438646441,10x 3' v2,0.0,10x 3' v2,0.0,0,0,False,,,0.4053646764533111,
ileum,assay,lymphoid,Plasma IGG,inferential,2,10x 3' v2 | 10x 3' v3,24,22,8,0.10464570435417937,0.05311748235817301,10x 3' v2,0.0,10x 3' v2,0.0,0,0,False,,,0.36982128232059347,
ileum,assay,myeloid,Classical Monocytes,inferential,2,10x 3' v2 | 10x 3' v3,25,25,8,0.0,0.09485191674951758,10x 3' v2,0.0,10x 3' v2,0.0,0,0,False,,,0.4053646764533111,
ileum,assay,myeloid,Cycling Macrophages,inferential,2,10x 3' v2 | 10x 3' v3,25,25,8,0.0,0.07999565580455653,10x 3' v2,0.0,10x 3' v2,0.0,0,0,False,,,0.39997827902278266,
ileum,assay,myeloid,Eosinophils,inferential,2,10x 3' v2 | 10x 3' v3,25,25,8,0.06590232555797998,0.011264474995651936,10x 3' v2,0.0,10x 3' v2,0.0,0,0,False,,,0.23304113429129655,
ileum,assay,myeloid,Follicle Associated Resident Macrophages,inferential,2,10x 3' v2 | 10x 3' v3,25,25,8,0.0,0.20694592189308025,10x 3' v2,0.0,10x 3' v2,0.0,0,0,False,,,0.43686663254446284,
ileum,assay,myeloid,Homeostatic Macrophages,inferential,2,10x 3' v2 | 10x 3' v3,25,25,8,0.0,0.2161863915837458,10x 3' v2,0.0,10x 3' v2,0.0,0,0,False,,,0.43686663254446284,
ileum,assay,myeloid,M0 Macrophages,inferential,2,10x 3' v2 | 10x 3' v3,25,25,8,0.0,0.38643382393572545,10x 3' v2,0.0,10x 3' v2,0.0,0,0,False,,,0.6147810835341087,
ileum,assay,myeloid,Mast Cells,inferential,2,10x 3' v2 | 10x 3' v3,25,25,8,0.03257187189363292,0.013316636245216945,10x 3' v2,0.0,10x 3' v2,0.0,0,0,False,,,0.23304113429129655,
ileum,assay,myeloid,Monocyte Derived Dendritic Cells (MO DC),inferential,2,10x 3' v2 | 10x 3' v3,25,25,8,0.0743883566838081,0.03633707984446564,10x 3' v2,0.0,10x 3' v2,0.0,0,0,False,,,0.3179494486390743,
ileum,assay,myeloid,Neutrophils,inferential,2,10x 3' v2 | 10x 3' v3,25,25,8,0.08173010821774708,0.951916495718344,10x 3' v2,0.0,10x 3' v2,0.0,0,0,False,,,0.951916495718344,
ileum,assay,myeloid,Nonclassical Monocytes,inferential,2,10x 3' v2 | 10x 3' v3,25,25,8,0.0,0.06339793411210173,10x 3' v2,0.0,10x 3' v2,0.0,0,0,False,,,0.36982128232059347,
ileum,assay,myeloid,Perivascular Resident Macrophages,inferential,2,10x 3' v2 | 10x 3' v3,25,25,8,0.02253049261456456,0.43309681442508563,10x 3' v2,0.0,10x 3' v2,0.0,0,0,False,,,0.6737061557723554,
ileum,assay,myeloid,Tolerogenic cDC2,inferential,2,10x 3' v2 | 10x 3' v3,25,25,8,0.0,0.3221375241894015,10x 3' v2,0.0,10x 3' v2,0.0,0,0,False,,,0.5244099230990257,
ileum,assay,myeloid,cDC1,inferential,2,10x 3' v2 | 10x 3' v3,25,25,8,0.0,0.26546771007473896,10x 3' v2,0.0,10x 3' v2,0.0,0,0,False,,,0.47653127704609993,
ileum,assay,myeloid,cDC2,inferential,2,10x 3' v2 | 10x 3' v3,25,25,8,0.011069298076266864,0.6205736951226337,10x 3' v2,0.0,10x 3' v2,0.0,0,0,False,,,0.7621080466418308,
ileum,assay,myeloid,migDC,inferential,2,10x 3' v2 | 10x 3' v3,25,25,8,0.0,0.06339793411210173,10x 3' v2,0.0,10x 3' v2,0.0,0,0,False,,,0.36982128232059347,
ileum,assay,myeloid,pDC,inferential,2,10x 3' v2 | 10x 3' v3,25,25,8,0.0,0.3221375241894015,10x 3' v2,0.0,10x 3' v2,0.0,0,0,False,,,0.5244099230990257,
ileum,assay,stroma,Adipocytes,descriptive,2,10x 3' v2 | 10x 3' v3,17,13,5,0.0,,10x 3' v2,0.0,10x 3' v2,0.0,0,0,False,,,,
ileum,assay,stroma,Angiogenic Pericytes,descriptive,2,10x 3' v2 | 10x 3' v3,17,13,5,0.0,,10x 3' v2,0.0,10x 3' v2,0.0,0,0,False,,,,
ileum,assay,stroma,Arteriolar Endothelial,descriptive,2,10x 3' v2 | 10x 3' v3,17,13,5,0.0,,10x 3' v2,0.0,10x 3' v2,0.0,0,0,False,,,,
ileum,assay,stroma,Capillary Endothelial,descriptive,2,10x 3' v2 | 10x 3' v3,17,13,5,0.0,,10x 3' v2,0.0,10x 3' v2,0.0,0,0,False,,,,
ileum,assay,stroma,Contractile Pericytes,descriptive,2,10x 3' v2 | 10x 3' v3,17,13,5,0.0,,10x 3' v2,0.0,10x 3' v2,0.0,0,0,False,,,,
ileum,assay,stroma,Crypt Bottom Fibroblasts (S2A),descriptive,2,10x 3' v2 | 10x 3' v3,17,13,5,0.23362780663783292,,10x 3' v2,0.0,10x 3' v2,0.0,0,0,False,,,,
ileum,assay,stroma,Crypt Top Fibroblasts (S2B),descriptive,2,10x 3' v2 | 10x 3' v3,17,13,5,0.0,,10x 3' v2,0.0,10x 3' v2,0.0,0,0,False,,,,
ileum,assay,stroma,Fibroblastic Reticular Cells (FRC),descriptive,2,10x 3' v2 | 10x 3' v3,17,13,5,0.0,,10x 3' v2,0.0,10x 3' v2,0.0,0,0,False,,,,
ileum,assay,stroma,Follicular Dendritic Cells (fDC),descriptive,2,10x 3' v2 | 10x 3' v3,17,13,5,0.0,,10x 3' v2,0.0,10x 3' v2,0.0,0,0,False,,,,
ileum,assay,stroma,Glia,descriptive,2,10x 3' v2 | 10x 3' v3,17,13,5,0.24502336143409112,,10x 3' v2,0.0,10x 3' v2,0.0,0,0,False,,,,
ileum,assay,stroma,Interstitial Cells of Cajal (ICC),descriptive,2,10x 3' v2 | 10x 3' v3,17,13,5,0.0,,10x 3' v2,0.0,10x 3' v2,0.0,0,0,False,,,,
ileum,assay,stroma,Lamina propria Fibroblasts (S1),descriptive,2,10x 3' v2 | 10x 3' v3,17,13,5,0.0,,10x 3' v3,25.0,10x 3' v2,0.0,0,0,False,,,,
ileum,assay,stroma,Lymphatic Endothelial,descriptive,2,10x 3' v2 | 10x 3' v3,17,13,5,0.0,,10x 3' v2,0.0,10x 3' v2,0.0,0,0,False,,,,
ileum,assay,stroma,Marginal Reticular Cells (MRC),descriptive,2,10x 3' v2 | 10x 3' v3,17,13,5,0.0,,10x 3' v2,0.0,10x 3' v2,0.0,0,0,False,,,,
ileum,assay,stroma,Medullary Sinus Endothelial,descriptive,2,10x 3' v2 | 10x 3' v3,17,13,5,0.0,,10x 3' v2,0.0,10x 3' v2,0.0,0,0,False,,,,
ileum,assay,stroma,Mesenchymal Lymphoid Tissue Organizer Cells (mLTo Cells),descriptive,2,10x 3' v2 | 10x 3' v3,17,13,5,0.0,,10x 3' v2,0.0,10x 3' v2,0.0,0,0,False,,,,
ileum,assay,stroma,Muscularis Propria Fibroblasts,descriptive,2,10x 3' v2 | 10x 3' v3,17,13,5,0.0,,10x 3' v2,0.0,10x 3' v2,0.0,0,0,False,,,,
ileum,assay,stroma,Myofibroblasts,descriptive,2,10x 3' v2 | 10x 3' v3,17,13,5,0.0,,10x 3' v2,0.0,10x 3' v2,0.0,0,0,False,,,,
ileum,assay,stroma,Post Arteriole Capillary Endothelial (PAC),descriptive,2,10x 3' v2 | 10x 3' v3,17,13,5,0.0,,10x 3' v2,0.0,10x 3' v2,0.0,0,0,False,,,,
ileum,assay,stroma,Pre Venule Capillary Endothelial (PVC),descriptive,2,10x 3' v2 | 10x 3' v3,17,13,5,0.0,,10x 3' v2,0.0,10x 3' v2,0.0,0,0,False,,,,
ileum,assay,stroma,Secretory Pericytes,descriptive,2,10x 3' v2 | 10x 3' v3,17,13,5,0.0882241626602568,,10x 3' v2,0.0,10x 3' v2,0.0,0,0,False,,,,
ileum,assay,stroma,Smooth Muscle Cells (SMC),descriptive,2,10x 3' v2 | 10x 3' v3,17,13,5,0.017907813198770432,,10x 3' v2,0.0,10x 3' v2,0.0,0,0,False,,,,
ileum,assay,stroma,Submucosal Fibroblasts (S3),descriptive,2,10x 3' v2 | 10x 3' v3,17,13,5,0.05509410730510396,,10x 3' v2,0.0,10x 3' v2,0.0,0,0,False,,,,
ileum,assay,stroma,Venular Endothelial,descriptive,2,10x 3' v2 | 10x 3' v3,17,13,5,0.03398879911305595,,10x 3' v2,0.0,10x 3' v2,0.0,0,0,False,,,,
ileum,sample_collection_method,epithelial,BEST4 Colonocytes,inferential,2,biopsy | surgical resection,49,43,7,0.0,0.059189527676071135,biopsy,0.0,biopsy,0.0,1,0,False,,,0.27819078007753434,
ileum,sample_collection_method,epithelial,BEST4 Enterocytes,inferential,2,biopsy | surgical resection,49,43,7,0.027571743734105494,0.6285960870014344,biopsy,0.0,biopsy,0.0,1,0,False,,,0.7386004022266854,
ileum,sample_collection_method,epithelial,Brunners Gland Cells,inferential,2,biopsy | surgical resection,49,43,7,0.0,0.11048865215497859,biopsy,0.0,biopsy,0.0,1,0,False,,,0.2923181743379088,
ileum,sample_collection_method,epithelial,Colonocyte Progenitors,inferential,2,biopsy | surgical resection,49,43,7,0.0,0.11048865215497859,biopsy,0.0,biopsy,0.0,1,0,False,,,0.2923181743379088,
ileum,sample_collection_method,epithelial,Crypt Top Colonocytes,inferential,2,biopsy | surgical resection,49,43,7,0.0,0.08277919594975587,biopsy,0.0,biopsy,0.0,1,0,False,,,0.2923181743379088,
ileum,sample_collection_method,epithelial,EEC Enterochromaffin (EC),inferential,2,biopsy | surgical resection,49,43,7,0.0,0.11048865215497859,biopsy,0.0,biopsy,0.0,1,0,False,,,0.2923181743379088,
ileum,sample_collection_method,epithelial,EEC L,inferential,2,biopsy | surgical resection,49,43,7,0.0,0.11048865215497859,biopsy,0.0,biopsy,0.0,1,0,False,,,0.2923181743379088,
ileum,sample_collection_method,epithelial,EEC N,inferential,2,biopsy | surgical resection,49,43,7,0.0,0.041339853283952815,biopsy,0.0,biopsy,0.0,1,0,False,,,0.23223867092385037,
ileum,sample_collection_method,epithelial,EEC Progenitors,inferential,2,biopsy | surgical resection,49,43,7,0.0,0.11195164123579486,biopsy,0.0,biopsy,0.0,1,0,False,,,0.2923181743379088,
ileum,sample_collection_method,epithelial,EEC S,inferential,2,biopsy | surgical resection,49,43,7,0.0,0.06905604872576357,biopsy,0.0,biopsy,0.0,1,0,False,,,0.2822290687052946,
ileum,sample_collection_method,epithelial,Enterocyte Progenitors,inferential,2,biopsy | surgical resection,49,43,7,0.0001842710926175949,0.5693604573545985,biopsy,0.0,biopsy,0.0,1,0,False,,,0.7042089867280561,
ileum,sample_collection_method,epithelial,Enteroendocrine Cells (EEC),inferential,2,biopsy | surgical resection,49,43,7,0.0,0.11048865215497859,biopsy,0.0,biopsy,0.0,1,0,False,,,0.2923181743379088,
ileum,sample_collection_method,epithelial,Epithelial,inferential,2,biopsy | surgical resection,49,43,7,0.07184419902856208,0.824305691331623,biopsy,0.0,biopsy,0.0,1,0,False,,,0.9009852905252623,
ileum,sample_collection_method,epithelial,Foveolar Cells,inferential,2,biopsy | surgical resection,49,43,7,0.0,0.11048865215497859,biopsy,0.0,biopsy,0.0,1,0,False,,,0.2923181743379088,
ileum,sample_collection_method,epithelial,Goblet Cells,inferential,2,biopsy | surgical resection,49,43,7,0.0,0.019754133541280985,biopsy,0.0,biopsy,0.0,1,0,False,,,0.1688080502618557,
ileum,sample_collection_method,epithelial,Intestinal Stem Cells (ISC),inferential,2,biopsy | surgical resection,49,43,7,0.1334317391457744,0.35245194047326056,biopsy,0.0,biopsy,0.0,1,0,False,,,0.5172044166321293,
ileum,sample_collection_method,epithelial,Lower Crypt Colonocytes,inferential,2,biopsy | surgical resection,49,43,7,0.0,0.11048865215497859,biopsy,0.0,biopsy,0.0,1,0,False,,,0.2923181743379088,
ileum,sample_collection_method,epithelial,Lower Villus Enterocytes,inferential,2,biopsy | surgical resection,49,43,7,0.0,0.11682417619525416,biopsy,0.0,biopsy,0.0,1,0,False,,,0.29679655573929437,
ileum,sample_collection_method,epithelial,Mature Goblet Cells,inferential,2,biopsy | surgical resection,49,43,7,0.028986265254556744,0.0010049076358865754,biopsy,0.0,biopsy,0.0,1,0,False,,,0.057762291393376,
ileum,sample_collection_method,epithelial,Microfold Cells (M Cells),inferential,2,biopsy | surgical resection,49,43,7,0.0,0.10820048189616223,biopsy,0.0,biopsy,0.0,1,0,False,,,0.2923181743379088,
ileum,sample_collection_method,epithelial,Mid Crypt Colonocytes,inferential,2,biopsy | surgical resection,49,43,7,0.0,0.11048865215497859,biopsy,0.0,biopsy,0.0,1,0,False,,,0.2923181743379088,
ileum,sample_collection_method,epithelial,Mid Villus Enterocytes,inferential,2,biopsy | surgical resection,49,43,7,0.0,0.11195164123579486,biopsy,0.0,biopsy,0.0,1,0,False,,,0.2923181743379088,
ileum,sample_collection_method,epithelial,Paneth Cells,inferential,2,biopsy | surgical resection,49,43,7,0.02244953226873059,0.05468162167598986,biopsy,0.0,biopsy,0.0,1,0,False,,,0.27053012829173934,
ileum,sample_collection_method,epithelial,Secretory Progenitors,inferential,2,biopsy | surgical resection,49,43,7,0.0,0.13755057880212548,biopsy,0.0,biopsy,0.0,1,0,False,,,0.3232438601849949,
ileum,sample_collection_method,epithelial,Transiently Amplifying Cells (TA),inferential,2,biopsy | surgical resection,49,43,7,0.018877865157746882,0.7078812660190732,surgical resection,3.571428571428571,biopsy,0.0,1,0,False,,,0.8015671157662869,
ileum,sample_collection_method,epithelial,Tuft Cells,inferential,2,biopsy | surgical resection,49,43,7,0.007437590729349969,0.023687679136198323,biopsy,0.0,biopsy,0.0,1,0,False,,,0.1855534865668869,
ileum,sample_collection_method,epithelial,Tuft Progenitors,inferential,2,biopsy | surgical resection,49,43,7,0.0,0.1573256907112219,biopsy,0.0,biopsy,0.0,1,0,False,,,0.3286358872634413,
ileum,sample_collection_method,epithelial,Villus Tip Enterocytes,inferential,2,biopsy | surgical resection,49,43,7,0.0,0.009452604119883972,biopsy,0.0,biopsy,0.0,1,0,False,,,0.1269349696098705,
ileum,sample_collection_method,lymphoid,CD4 Memory,inferential,2,biopsy | surgical resection,25,23,9,0.0,0.9035811560829035,biopsy,2.241715399610136,surgical resection,0.0,1,0,False,,,0.9437403185754769,
ileum,sample_collection_method,lymphoid,CD4 Naive,inferential,2,biopsy | surgical resection,25,23,9,0.017893439538990488,0.4673286592720247,biopsy,0.0,biopsy,0.0,1,0,False,,,0.6275556281652903,
ileum,sample_collection_method,lymphoid,CD4 Tfh,inferential,2,biopsy | surgical resection,25,23,9,0.0,0.8558118175116227,biopsy,0.0,biopsy,0.0,1,0,False,,,0.9141626232510516,
ileum,sample_collection_method,lymphoid,CD4 Tfr,inferential,2,biopsy | surgical resection,25,23,9,0.0,0.5052430151598232,biopsy,0.0,biopsy,0.0,1,0,False,,,0.650586896233197,
ileum,sample_collection_method,lymphoid,CD4 Th17,inferential,2,biopsy | surgical resection,25,23,9,0.0,0.3635927551706726,biopsy,3.167641325536062,surgical resection,0.0,1,0,False,,,0.5172044166321293,
ileum,sample_collection_method,lymphoid,CD4 Tr1,inferential,2,biopsy | surgical resection,25,23,9,0.0,0.4673286592720247,biopsy,0.0,biopsy,0.0,1,0,False,,,0.6275556281652903,
ileum,sample_collection_method,lymphoid,CD4 pTreg,inferential,2,biopsy | surgical resection,25,23,9,0.0,0.9517021734792529,biopsy,0.0,biopsy,0.0,1,0,False,,,0.9619355301833309,
ileum,sample_collection_method,lymphoid,CD4 tTreg,inferential,2,biopsy | surgical resection,25,23,9,0.0,0.3635927551706726,biopsy,0.0,biopsy,0.0,1,0,False,,,0.5172044166321293,
ileum,sample_collection_method,lymphoid,CD8 Circulating Effector Memory,inferential,2,biopsy | surgical resection,25,23,9,0.02113647796301472,0.5052430151598232,biopsy,0.0,biopsy,0.0,1,0,False,,,0.650586896233197,
ileum,sample_collection_method,lymphoid,CD8 Effector Memory,inferential,2,biopsy | surgical resection,25,23,9,0.2026876769155898,0.015402483409913492,biopsy,0.0,biopsy,0.0,1,0,False,,,0.1608703822813187,
ileum,sample_collection_method,lymphoid,CD8 IEL,inferential,2,biopsy | surgical resection,25,23,9,0.0,0.7162940183443415,biopsy,0.0,biopsy,0.0,1,0,False,,,0.8015671157662869,
ileum,sample_collection_method,lymphoid,CD8 Memory Exhausted,inferential,2,biopsy | surgical resection,25,23,9,0.2199632472848634,0.015402483409913492,biopsy,0.0,biopsy,0.0,1,0,False,,,0.1608703822813187,
ileum,sample_collection_method,lymphoid,CD8 Naive,inferential,2,biopsy | surgical resection,25,23,9,0.0,0.9517021734792529,biopsy,0.0,biopsy,0.0,1,0,False,,,0.9619355301833309,
ileum,sample_collection_method,lymphoid,CD8 TRM,inferential,2,biopsy | surgical resection,25,23,9,0.0,0.5856680535389229,surgical resection,24.074074074074073,biopsy,6.527777777777778,1,0,False,,,0.7149713900345293,
ileum,sample_collection_method,lymphoid,GC B Dark Zone (GC B DZ),inferential,2,biopsy | surgical resection,25,23,9,0.06969630043067751,0.30316063627911294,biopsy,0.0,biopsy,0.0,1,0,False,,,0.4740934250778039,
ileum,sample_collection_method,lymphoid,GC B Light Zone (GC B LZ),inferential,2,biopsy | surgical resection,25,23,9,0.06906797387152243,0.24980716023275756,biopsy,1.9230769230769231,surgical resection,0.0,1,0,False,,,0.426943146579622,
ileum,sample_collection_method,lymphoid,Gamma Delta T Cells,inferential,2,biopsy | surgical resection,25,23,9,0.1408638857348718,0.039459923273416464,biopsy,0.0,biopsy,0.0,1,0,False,,,0.23223867092385037,
ileum,sample_collection_method,lymphoid,ILC3,inferential,2,biopsy | surgical resection,25,23,9,0.030446444185467315,0.30316063627911294,biopsy,0.0,biopsy,0.0,1,0,False,,,0.4740934250778039,
ileum,sample_collection_method,lymphoid,MAIT Cells,inferential,2,biopsy | surgical resection,25,23,9,0.0,0.3964540756434811,biopsy,0.0,biopsy,0.0,1,0,False,,,0.5480394575071651,
ileum,sample_collection_method,lymphoid,Memory B,inferential,2,biopsy | surgical resection,25,23,9,0.00856946980582938,0.33249040447567074,biopsy,3.7545787545787546,surgical resection,0.0,1,0,False,,,0.5040983551727911,
ileum,sample_collection_method,lymphoid,NK Cells,inferential,2,biopsy | surgical resection,25,23,9,0.0,0.5447182146312761,biopsy,0.9259259259259258,surgical resection,0.0,1,0,False,,,0.6827134956711994,
ileum,sample_collection_method,lymphoid,NKT Cells,inferential,2,biopsy | surgical resection,25,23,9,0.0,0.5447182146312761,biopsy,0.0,biopsy,0.0,1,0,False,,,0.6827134956711994,
ileum,sample_collection_method,lymphoid,Naive B,inferential,2,biopsy | surgical resection,25,23,9,0.0,0.7620066043825835,biopsy,0.0,biopsy,0.0,1,0,False,,,0.8426896566113276,
ileum,sample_collection_method,lymphoid,Plasma Cells,inferential,2,biopsy | surgical resection,25,23,9,0.0,0.8558118175116227,biopsy,0.0,biopsy,0.0,1,0,False,,,0.9141626232510516,
ileum,sample_collection_method,lymphoid,Plasma IGA,inferential,2,biopsy | surgical resection,25,23,9,0.34454453956852754,0.0024579698465266382,surgical resection,1.6666666666666667,biopsy,0.0,1,0,False,,,0.057762291393376,
ileum,sample_collection_method,lymphoid,Plasma IGG,inferential,2,biopsy | surgical resection,25,23,9,0.19272972464791516,0.018166585661033175,biopsy,0.0,biopsy,0.0,1,0,False,,,0.1688080502618557,
ileum,sample_collection_method,myeloid,Classical Monocytes,inferential,2,biopsy | surgical resection,25,25,8,0.017702542583139427,0.8856530634678809,biopsy,0.0,biopsy,0.0,1,0,False,,,0.9354088535503461,
ileum,sample_collection_method,myeloid,Cycling Macrophages,inferential,2,biopsy | surgical resection,25,25,8,0.0,0.2709857551149635,biopsy,0.0,biopsy,0.0,1,0,False,,,0.4468887891369573,
ileum,sample_collection_method,myeloid,Eosinophils,inferential,2,biopsy | surgical resection,25,25,8,0.0,0.17143058064873634,biopsy,0.0,biopsy,0.0,1,0,False,,,0.3379219537208982,
ileum,sample_collection_method,myeloid,Follicle Associated Resident Macrophages,inferential,2,biopsy | surgical resection,25,25,8,0.06210939525235484,0.04200061069899422,biopsy,0.0,biopsy,0.0,1,0,False,,,0.23223867092385037,
ileum,sample_collection_method,myeloid,Homeostatic Macrophages,inferential,2,biopsy | surgical resection,25,25,8,0.13900268859318538,0.6997564123509874,biopsy,0.0,biopsy,0.0,1,0,False,,,0.8015671157662869,
ileum,sample_collection_method,myeloid,M0 Macrophages,inferential,2,biopsy | surgical resection,25,25,8,0.037251129959388826,0.0031979711969673252,biopsy,0.0,biopsy,0.0,1,0,False,,,0.060121858502985716,
ileum,sample_collection_method,myeloid,Mast Cells,inferential,2,biopsy | surgical resection,25,25,8,0.0,0.1833406344655937,biopsy,0.0,biopsy,0.0,1,0,False,,,0.3379219537208982,
ileum,sample_collection_method,myeloid,Monocyte Derived Dendritic Cells (MO DC),inferential,2,biopsy | surgical resection,25,25,8,0.0,0.29489082544042433,biopsy,0.0,biopsy,0.0,1,0,False,,,0.4740934250778039,
ileum,sample_collection_method,myeloid,Neutrophils,inferential,2,biopsy | surgical resection,25,25,8,0.36604703737371835,0.13185306919381629,surgical resection,50.0,biopsy,0.0,1,0,False,,,0.31779970523637774,
ileum,sample_collection_method,myeloid,Nonclassical Monocytes,inferential,2,biopsy | surgical resection,25,25,8,0.0,0.36864570121651774,biopsy,0.0,biopsy,0.0,1,0,False,,,0.5172044166321293,
ileum,sample_collection_method,myeloid,Perivascular Resident Macrophages,inferential,2,biopsy | surgical resection,25,25,8,0.023050280017322303,0.9999998952327005,biopsy,0.0,biopsy,0.0,1,0,False,,,0.9999998952327005,
ileum,sample_collection_method,myeloid,Tolerogenic cDC2,inferential,2,biopsy | surgical resection,25,25,8,0.0,0.1833406344655937,biopsy,0.0,biopsy,0.0,1,0,False,,,0.3379219537208982,
ileum,sample_collection_method,myeloid,cDC1,inferential,2,biopsy | surgical resection,25,25,8,0.0,0.19557533334033914,biopsy,0.0,biopsy,0.0,1,0,False,,,0.34686945913192224,
ileum,sample_collection_method,myeloid,cDC2,inferential,2,biopsy | surgical resection,25,25,8,0.0,0.1833406344655937,biopsy,0.0,biopsy,0.0,1,0,False,,,0.3379219537208982,
ileum,sample_collection_method,myeloid,migDC,inferential,2,biopsy | surgical resection,25,25,8,0.0,0.36864570121651774,biopsy,0.0,biopsy,0.0,1,0,False,,,0.5172044166321293,
ileum,sample_collection_method,myeloid,pDC,inferential,2,biopsy | surgical resection,25,25,8,0.0,0.1833406344655937,biopsy,0.0,biopsy,0.0,1,0,False,,,0.3379219537208982,
ileum,sample_collection_method,stroma,Adipocytes,inferential,2,biopsy | surgical resection,17,13,5,0.061151999690038955,0.30765637159304293,biopsy,0.0,biopsy,0.0,1,0,False,,,0.4740934250778039,
ileum,sample_collection_method,stroma,Angiogenic Pericytes,inferential,2,biopsy | surgical resection,17,13,5,0.30295012615348277,0.06631719848311947,biopsy,0.0,biopsy,0.0,1,0,False,,,0.2822290687052946,
ileum,sample_collection_method,stroma,Arteriolar Endothelial,inferential,2,biopsy | surgical resection,17,13,5,0.27231676653589065,0.032167802491825756,surgical resection,2.380952380952381,biopsy,0.0,1,0,False,,,0.21598381673083009,
ileum,sample_collection_method,stroma,Capillary Endothelial,inferential,2,biopsy | surgical resection,17,13,5,0.17451662555937325,0.15323061185675785,biopsy,0.0,biopsy,0.0,1,0,False,,,0.3286358872634413,
ileum,sample_collection_method,stroma,Contractile Pericytes,inferential,2,biopsy | surgical resection,17,13,5,0.4333311447882302,0.002210001993609386,surgical resection,3.630952380952381,biopsy,0.0,1,0,False,,,0.057762291393376,
ileum,sample_collection_method,stroma,Crypt Bottom Fibroblasts (S2A),inferential,2,biopsy | surgical resection,17,13,5,0.15297465852687042,0.18753591441320827,biopsy,0.0,biopsy,0.0,1,0,False,,,0.33900722990079957,
ileum,sample_collection_method,stroma,Crypt Top Fibroblasts (S2B),inferential,2,biopsy | surgical resection,17,13,5,0.2559722482169203,0.12596029775151293,biopsy,0.0,biopsy,0.0,1,0,False,,,0.31158599970111095,
ileum,sample_collection_method,stroma,Fibroblastic Reticular Cells (FRC),inferential,2,biopsy | surgical resection,17,13,5,0.2356989976457582,0.0530359343356243,biopsy,0.0,biopsy,0.0,1,0,False,,,0.27053012829173934,
ileum,sample_collection_method,stroma,Follicular Dendritic Cells (fDC),inferential,2,biopsy | surgical resection,17,13,5,0.17977387717790894,0.15323061185675785,biopsy,0.0,biopsy,0.0,1,0,False,,,0.3286358872634413,
ileum,sample_collection_method,stroma,Glia,inferential,2,biopsy | surgical resection,17,13,5,0.1612237551005643,0.1540082337793116,biopsy,0.0,biopsy,0.0,1,0,False,,,0.3286358872634413,
ileum,sample_collection_method,stroma,Interstitial Cells of Cajal (ICC),inferential,2,biopsy | surgical resection,17,13,5,0.19481200351559333,0.06854816807443118,biopsy,0.0,biopsy,0.0,1,0,False,,,0.2822290687052946,
ileum,sample_collection_method,stroma,Lamina propria Fibroblasts (S1),inferential,2,biopsy | surgical resection,17,13,5,0.0,0.47599566426715867,biopsy,0.0,biopsy,0.0,1,0,False,,,0.6301914428325762,
ileum,sample_collection_method,stroma,Lymphatic Endothelial,inferential,2,biopsy | surgical resection,17,13,5,0.3131759035749357,0.032167802491825756,surgical resection,3.571428571428571,biopsy,0.0,1,0,False,,,0.21598381673083009,
ileum,sample_collection_method,stroma,Marginal Reticular Cells (MRC),inferential,2,biopsy | surgical resection,17,13,5,0.03944177238518774,0.1732556552469256,biopsy,0.0,biopsy,0.0,1,0,False,,,0.3379219537208982,
ileum,sample_collection_method,stroma,Medullary Sinus Endothelial,inferential,2,biopsy | surgical resection,17,13,5,0.05973227200186947,0.10262825880390518,surgical resection,1.25,biopsy,0.0,1,0,False,,,0.2923181743379088,
ileum,sample_collection_method,stroma,Mesenchymal Lymphoid Tissue Organizer Cells (mLTo Cells),inferential,2,biopsy | surgical resection,17,13,5,0.17977387717790894,0.15323061185675785,biopsy,0.0,biopsy,0.0,1,0,False,,,0.3286358872634413,
ileum,sample_collection_method,stroma,Muscularis Propria Fibroblasts,inferential,2,biopsy | surgical resection,17,13,5,0.02751952698546142,0.6099982135659285,biopsy,0.0,biopsy,0.0,1,0,False,,,0.7258206591797124,
ileum,sample_collection_method,stroma,Myofibroblasts,inferential,2,biopsy | surgical resection,17,13,5,0.0179902365313899,0.6832290342031802,biopsy,0.0,biopsy,0.0,1,0,False,,,0.7928830767296166,
ileum,sample_collection_method,stroma,Post Arteriole Capillary Endothelial (PAC),inferential,2,biopsy | surgical resection,17,13,5,0.03890170787566383,0.26179134927743897,biopsy,0.0,biopsy,0.0,1,0,False,,,0.43943547914427256,
ileum,sample_collection_method,stroma,Pre Venule Capillary Endothelial (PVC),inferential,2,biopsy | surgical resection,17,13,5,0.0,0.6099982135659285,biopsy,0.0,biopsy,0.0,1,0,False,,,0.7258206591797124,
ileum,sample_collection_method,stroma,Secretory Pericytes,inferential,2,biopsy | surgical resection,17,13,5,0.22155475578352804,0.22088342070021158,biopsy,0.0,biopsy,0.0,1,0,False,,,0.3845007693670349,
ileum,sample_collection_method,stroma,Smooth Muscle Cells (SMC),inferential,2,biopsy | surgical resection,17,13,5,0.0,0.9187446090647843,biopsy,0.0,biopsy,0.0,1,0,False,,,0.9490328928801068,
ileum,sample_collection_method,stroma,Submucosal Fibroblasts (S3),inferential,2,biopsy | surgical resection,17,13,5,0.4111590339535201,0.007992292587138837,surgical resection,13.823529411764707,biopsy,0.0,1,0,False,,,0.12521258386517514,
ileum,sample_collection_method,stroma,Venular Endothelial,inferential,2,biopsy | surgical resection,17,13,5,0.4859180432847542,0.0019880974004523795,surgical resection,18.27731092436975,biopsy,0.0,1,0,False,,,0.057762291393376,
colon,sampled_site_condition,epithelial,BEST4 Colonocytes,inferential,2,adjacent | healthy,29,25,9,0.12028522018844952,0.04184801983918124,healthy,4.640151515151516,adjacent,0.0,1,0,False,,,0.25176470949880214,
colon,sampled_site_condition,epithelial,BEST4 Enterocytes,inferential,2,adjacent | healthy,29,25,9,0.0,0.20640756726275675,adjacent,0.0,adjacent,0.0,1,0,False,,,0.3612132427098243,
colon,sampled_site_condition,epithelial,Brunners Gland Cells,inferential,2,adjacent | healthy,29,25,9,0.1409524609727982,0.023430148417222074,adjacent,0.0,adjacent,0.0,1,0,False,,,0.25176470949880214,
colon,sampled_site_condition,epithelial,Colonocyte Progenitors,inferential,2,adjacent | healthy,29,25,9,0.023448318774354274,0.657874664879438,adjacent,0.0,adjacent,0.0,1,0,False,,,0.7368196246649705,
colon,sampled_site_condition,epithelial,Crypt Top Colonocytes,inferential,2,adjacent | healthy,29,25,9,0.0,0.622643352033516,adjacent,0.0,adjacent,0.0,1,0,False,,,0.726417244039102,
colon,sampled_site_condition,epithelial,EEC Enterochromaffin (EC),inferential,2,adjacent | healthy,29,25,9,0.0162618929725772,0.16738717178370313,adjacent,0.0,adjacent,0.0,1,0,False,,,0.3124560539962459,
colon,sampled_site_condition,epithelial,EEC L,inferential,2,adjacent | healthy,29,25,9,0.0,0.16738717178370313,adjacent,0.0,adjacent,0.0,1,0,False,,,0.3124560539962459,
colon,sampled_site_condition,epithelial,EEC N,inferential,2,adjacent | healthy,29,25,9,0.05919650336349779,0.08092437091032927,adjacent,0.0,adjacent,0.0,1,0,False,,,0.25176470949880214,
colon,sampled_site_condition,epithelial,EEC Progenitors,inferential,2,adjacent | healthy,29,25,9,0.0,0.12937020337288113,adjacent,0.0,adjacent,0.0,1,0,False,,,0.301863807870056,
colon,sampled_site_condition,epithelial,EEC S,inferential,2,adjacent | healthy,29,25,9,0.05919650336349779,0.08092437091032927,adjacent,0.0,adjacent,0.0,1,0,False,,,0.25176470949880214,
colon,sampled_site_condition,epithelial,Enterocyte Progenitors,inferential,2,adjacent | healthy,29,25,9,0.0,0.3096538464030499,adjacent,0.0,adjacent,0.0,1,0,False,,,0.4128717952040665,
colon,sampled_site_condition,epithelial,Enteroendocrine Cells (EEC),inferential,2,adjacent | healthy,29,25,9,0.0,0.16738717178370313,adjacent,0.0,adjacent,0.0,1,0,False,,,0.3124560539962459,
colon,sampled_site_condition,epithelial,Epithelial,inferential,2,adjacent | healthy,29,25,9,0.0,0.12430605911921118,adjacent,0.0,adjacent,0.0,1,0,False,,,0.301863807870056,
colon,sampled_site_condition,epithelial,Foveolar Cells,inferential,2,adjacent | healthy,29,25,9,0.05919650336349779,0.08092437091032927,adjacent,0.0,adjacent,0.0,1,0,False,,,0.25176470949880214,
colon,sampled_site_condition,epithelial,Goblet Cells,inferential,2,adjacent | healthy,29,25,9,0.007382493335321104,0.07255818977255928,adjacent,0.0,adjacent,0.0,1,0,False,,,0.25176470949880214,
colon,sampled_site_condition,epithelial,Intestinal Stem Cells (ISC),inferential,2,adjacent | healthy,29,25,9,0.0,0.7744571981655094,adjacent,0.0,adjacent,0.0,1,0,False,,,0.8340308287936254,
colon,sampled_site_condition,epithelial,Lower Crypt Colonocytes,inferential,2,adjacent | healthy,29,25,9,0.06095693367530882,0.24109733085751325,adjacent,0.0,adjacent,0.0,1,0,False,,,0.382513239549071,
colon,sampled_site_condition,epithelial,Lower Villus Enterocytes,inferential,2,adjacent | healthy,29,25,9,0.05919650336349779,0.08092437091032927,adjacent,0.0,adjacent,0.0,1,0,False,,,0.25176470949880214,
colon,sampled_site_condition,epithelial,Mature Goblet Cells,inferential,2,adjacent | healthy,29,25,9,0.05919650336349779,0.08092437091032927,adjacent,0.0,adjacent,0.0,1,0,False,,,0.25176470949880214,
colon,sampled_site_condition,epithelial,Microfold Cells (M Cells),inferential,2,adjacent | healthy,29,25,9,0.0,0.12430605911921118,adjacent,0.0,adjacent,0.0,1,0,False,,,0.301863807870056,
colon,sampled_site_condition,epithelial,Mid Crypt Colonocytes,inferential,2,adjacent | healthy,29,25,9,0.0,0.9377088179560795,adjacent,0.0,adjacent,0.0,1,0,False,,,0.9377088179560795,
colon,sampled_site_condition,epithelial,Mid Villus Enterocytes,inferential,2,adjacent | healthy,29,25,9,0.0,0.3096538464030499,adjacent,0.0,adjacent,0.0,1,0,False,,,0.4128717952040665,
colon,sampled_site_condition,epithelial,Paneth Cells,inferential,2,adjacent | healthy,29,25,9,0.05919650336349779,0.08092437091032927,adjacent,0.0,adjacent,0.0,1,0,False,,,0.25176470949880214,
colon,sampled_site_condition,epithelial,Secretory Progenitors,inferential,2,adjacent | healthy,29,25,9,0.0,0.5148856829447876,adjacent,0.0,adjacent,0.0,1,0,False,,,0.6268173531501763,
colon,sampled_site_condition,epithelial,Transiently Amplifying Cells (TA),inferential,2,adjacent | healthy,29,25,9,0.0,0.9377088179560795,adjacent,0.0,adjacent,0.0,1,0,False,,,0.9377088179560795,
colon,sampled_site_condition,epithelial,Tuft Cells,inferential,2,adjacent | healthy,29,25,9,0.0,0.3096538464030499,adjacent,0.0,adjacent,0.0,1,0,False,,,0.4128717952040665,
colon,sampled_site_condition,epithelial,Tuft Progenitors,inferential,2,adjacent | healthy,29,25,9,0.0,0.24590136828154568,adjacent,0.0,adjacent,0.0,1,0,False,,,0.382513239549071,
colon,sampled_site_condition,epithelial,Villus Tip Enterocytes,inferential,2,adjacent | healthy,29,25,9,0.0,0.5148856829447876,adjacent,0.0,adjacent,0.0,1,0,False,,,0.6268173531501763,
colon,sampled_site_condition,lymphoid,CD4 Memory,descriptive,2,adjacent | healthy,15,13,6,0.0,,adjacent,5.084745762711865,healthy,0.0,1,0,False,,,,
colon,sampled_site_condition,lymphoid,CD4 Naive,descriptive,2,adjacent | healthy,15,13,6,0.008046470147643882,,adjacent,5.084745762711865,healthy,0.0,1,0,False,,,,
colon,sampled_site_condition,lymphoid,CD4 Tfh,descriptive,2,adjacent | healthy,15,13,6,0.5412057990674356,,adjacent,4.886404615939416,healthy,0.0,1,0,False,,,,
colon,sampled_site_condition,lymphoid,CD4 Tfr,descriptive,2,adjacent | healthy,15,13,6,0.03337705491997109,,adjacent,0.0,adjacent,0.0,1,0,False,,,,
colon,sampled_site_condition,lymphoid,CD4 Th17,descriptive,2,adjacent | healthy,15,13,6,0.0,,healthy,3.571428571428571,adjacent,2.127659574468085,1,0,False,,,,
colon,sampled_site_condition,lymphoid,CD4 Tr1,descriptive,2,adjacent | healthy,15,13,6,0.010930857470149376,,adjacent,0.0,adjacent,0.0,1,0,False,,,,
colon,sampled_site_condition,lymphoid,CD4 pTreg,descriptive,2,adjacent | healthy,15,13,6,0.25374058008272027,,adjacent,8.294266137756942,healthy,0.0,1,0,False,,,,
colon,sampled_site_condition,lymphoid,CD4 tTreg,descriptive,2,adjacent | healthy,15,13,6,0.0,,adjacent,0.847457627118644,healthy,0.0,1,0,False,,,,
colon,sampled_site_condition,lymphoid,CD8 Circulating Effector Memory,descriptive,2,adjacent | healthy,15,13,6,0.0,,adjacent,2.127659574468085,healthy,1.8867924528301887,1,0,False,,,,
colon,sampled_site_condition,lymphoid,CD8 Effector Memory,descriptive,2,adjacent | healthy,15,13,6,0.0,,adjacent,1.0638297872340425,healthy,0.0,1,0,False,,,,
colon,sampled_site_condition,lymphoid,CD8 IEL,descriptive,2,adjacent | healthy,15,13,6,0.0,,adjacent,4.23728813559322,healthy,1.8867924528301887,1,0,False,,,,
colon,sampled_site_condition,lymphoid,CD8 Memory Exhausted,descriptive,2,adjacent | healthy,15,13,6,0.06305619912083145,,adjacent,4.25531914893617,healthy,0.0,1,0,False,,,,
colon,sampled_site_condition,lymphoid,CD8 Naive,descriptive,2,adjacent | healthy,15,13,6,0.0,,adjacent,0.847457627118644,healthy,0.0,1,0,False,,,,
colon,sampled_site_condition,lymphoid,CD8 TRM,descriptive,2,adjacent | healthy,15,13,6,0.0,,healthy,1.6666666666666667,adjacent,0.847457627118644,1,0,False,,,,
colon,sampled_site_condition,lymphoid,GC B Dark Zone (GC B DZ),descriptive,2,adjacent | healthy,15,13,6,0.20906224400096593,,adjacent,15.290299314821493,healthy,2.7777777777777777,1,0,False,,,,
colon,sampled_site_condition,lymphoid,GC B Light Zone (GC B LZ),descriptive,2,adjacent | healthy,15,13,6,0.01701118191946574,,adjacent,7.645149657410746,healthy,2.7777777777777777,1,0,False,,,,
colon,sampled_site_condition,lymphoid,Gamma Delta T Cells,descriptive,2,adjacent | healthy,15,13,6,0.02609009835574137,,adjacent,0.0,adjacent,0.0,1,0,False,,,,
colon,sampled_site_condition,lymphoid,ILC3,descriptive,2,adjacent | healthy,15,13,6,0.0,,adjacent,0.0,adjacent,0.0,1,0,False,,,,
colon,sampled_site_condition,lymphoid,MAIT Cells,descriptive,2,adjacent | healthy,15,13,6,0.10702328806142579,,adjacent,0.0,adjacent,0.0,1,0,False,,,,
colon,sampled_site_condition,lymphoid,Memory B,descriptive,2,adjacent | healthy,15,13,6,0.08820395740689363,,adjacent,12.72989542012261,healthy,1.6666666666666667,1,0,False,,,,
colon,sampled_site_condition,lymphoid,NK Cells,descriptive,2,adjacent | healthy,15,13,6,0.06228143392051505,,adjacent,0.0,adjacent,0.0,1,0,False,,,,
colon,sampled_site_condition,lymphoid,NKT Cells,descriptive,2,adjacent | healthy,15,13,6,0.0992498655282479,,healthy,2.127659574468085,adjacent,0.0,1,0,False,,,,
colon,sampled_site_condition,lymphoid,Naive B,descriptive,2,adjacent | healthy,15,13,6,0.12397645884698814,,adjacent,11.46772448611612,healthy,0.0,1,0,False,,,,
colon,sampled_site_condition,lymphoid,Plasma Cells,descriptive,2,adjacent | healthy,15,13,6,0.0,,adjacent,6.779661016949152,healthy,0.0,1,0,False,,,,
colon,sampled_site_condition,lymphoid,Plasma IGA,descriptive,2,adjacent | healthy,15,13,6,0.18389161618824776,,healthy,7.142857142857142,adjacent,0.0,1,0,False,,,,
colon,sampled_site_condition,lymphoid,Plasma IGG,descriptive,2,adjacent | healthy,15,13,6,0.0,,adjacent,6.382978723404255,healthy,0.0,1,0,False,,,,
colon,radial_tissue_term,epithelial,BEST4 Colonocytes,inferential,3,EPI | EPI_LP | EPI_LP_MUSC,25,23,8,0.09279391020440074,0.1674554767732414,EPI_LP_MUSC,6.25,EPI,0.0,1,1,True,,,0.3509820359651727,
colon,radial_tissue_term,epithelial,BEST4 Enterocytes,inferential,3,EPI | EPI_LP | EPI_LP_MUSC,25,23,8,0.0,0.22444343850232343,EPI,0.0,EPI,0.0,1,1,True,,,0.3509820359651727,
colon,radial_tissue_term,epithelial,Brunners Gland Cells,inferential,3,EPI | EPI_LP | EPI_LP_MUSC,25,23,8,0.15400185696497093,0.06782722612650896,EPI,0.0,EPI,0.0,1,1,True,,,0.3509820359651727,
colon,radial_tissue_term,epithelial,Colonocyte Progenitors,inferential,3,EPI | EPI_LP | EPI_LP_MUSC,25,23,8,0.0,0.8878952950178117,EPI,0.0,EPI,0.0,1,1,True,,,0.9207803059443973,
colon,radial_tissue_term,epithelial,Crypt Top Colonocytes,inferential,3,EPI | EPI_LP | EPI_LP_MUSC,25,23,8,0.0,0.7479300212426314,EPI,0.0,EPI,0.0,1,1,True,,,0.8054630997997568,
colon,radial_tissue_term,epithelial,EEC Enterochromaffin (EC),inferential,3,EPI | EPI_LP | EPI_LP_MUSC,25,23,8,0.0,0.22563130883475388,EPI,0.0,EPI,0.0,1,1,True,,,0.3509820359651727,
colon,radial_tissue_term,epithelial,EEC L,inferential,3,EPI | EPI_LP | EPI_LP_MUSC,25,23,8,0.0,0.22563130883475388,EPI,0.0,EPI,0.0,1,1,True,,,0.3509820359651727,
colon,radial_tissue_term,epithelial,EEC N,inferential,3,EPI | EPI_LP | EPI_LP_MUSC,25,23,8,0.010310143778238084,0.21151204238981647,EPI,0.0,EPI,0.0,1,1,True,,,0.3509820359651727,
colon,radial_tissue_term,epithelial,EEC Progenitors,inferential,3,EPI | EPI_LP | EPI_LP_MUSC,25,23,8,0.0,0.3331706331398942,EPI,0.0,EPI,0.0,1,1,True,,,0.42403535126895625,
colon,radial_tissue_term,epithelial,EEC S,inferential,3,EPI | EPI_LP | EPI_LP_MUSC,25,23,8,0.010310143778238084,0.21151204238981647,EPI,0.0,EPI,0.0,1,1,True,,,0.3509820359651727,
colon,radial_tissue_term,epithelial,Enterocyte Progenitors,inferential,3,EPI | EPI_LP | EPI_LP_MUSC,25,23,8,0.0669956727435815,0.17423777139025423,EPI,0.0,EPI,0.0,1,1,True,,,0.3509820359651727,
colon,radial_tissue_term,epithelial,Enteroendocrine Cells (EEC),inferential,3,EPI | EPI_LP | EPI_LP_MUSC,25,23,8,0.0,0.22563130883475388,EPI,0.0,EPI,0.0,1,1,True,,,0.3509820359651727,
colon,radial_tissue_term,epithelial,Epithelial,inferential,3,EPI | EPI_LP | EPI_LP_MUSC,25,23,8,0.010310143778238084,0.21151204238981647,EPI,0.0,EPI,0.0,1,1,True,,,0.3509820359651727,
colon,radial_tissue_term,epithelial,Foveolar Cells,inferential,3,EPI | EPI_LP | EPI_LP_MUSC,25,23,8,0.010310143778238084,0.21151204238981647,EPI,0.0,EPI,0.0,1,1,True,,,0.3509820359651727,
colon,radial_tissue_term,epithelial,Goblet Cells,inferential,3,EPI | EPI_LP | EPI_LP_MUSC,25,23,8,0.01919614173362602,0.09506380908438118,EPI,0.0,EPI,0.0,1,1,True,,,0.3509820359651727,
colon,radial_tissue_term,epithelial,Intestinal Stem Cells (ISC),inferential,3,EPI | EPI_LP | EPI_LP_MUSC,25,23,8,0.0912175225965498,0.039415245936810596,EPI,0.0,EPI,0.0,1,1,True,,,0.3509820359651727,
colon,radial_tissue_term,epithelial,Lower Crypt Colonocytes,inferential,3,EPI | EPI_LP | EPI_LP_MUSC,25,23,8,0.03223653878495897,0.4072928006702059,EPI_LP_MUSC,6.666666666666667,EPI,0.0,1,1,True,,,0.47517493411524026,
colon,radial_tissue_term,epithelial,Lower Villus Enterocytes,inferential,3,EPI | EPI_LP | EPI_LP_MUSC,25,23,8,0.010310143778238084,0.21151204238981647,EPI,0.0,EPI,0.0,1,1,True,,,0.3509820359651727,
colon,radial_tissue_term,epithelial,Mature Goblet Cells,inferential,3,EPI | EPI_LP | EPI_LP_MUSC,25,23,8,0.010310143778238084,0.21151204238981647,EPI,0.0,EPI,0.0,1,1,True,,,0.3509820359651727,
colon,radial_tissue_term,epithelial,Microfold Cells (M Cells),inferential,3,EPI | EPI_LP | EPI_LP_MUSC,25,23,8,0.0,0.26144833718219374,EPI,0.0,EPI,0.0,1,1,True,,,0.3660276720550712,
colon,radial_tissue_term,epithelial,Mid Crypt Colonocytes,inferential,3,EPI | EPI_LP | EPI_LP_MUSC,25,23,8,0.4175458675676236,0.14023175887667705,EPI_LP_MUSC,21.21212121212121,EPI,0.0,1,1,True,,,0.3509820359651727,
colon,radial_tissue_term,epithelial,Mid Villus Enterocytes,inferential,3,EPI | EPI_LP | EPI_LP_MUSC,25,23,8,0.0,0.28472835055341517,EPI,0.0,EPI,0.0,1,1,True,,,0.3796378007378869,
colon,radial_tissue_term,epithelial,Paneth Cells,inferential,3,EPI | EPI_LP | EPI_LP_MUSC,25,23,8,0.010310143778238084,0.21151204238981647,EPI,0.0,EPI,0.0,1,1,True,,,0.3509820359651727,
colon,radial_tissue_term,epithelial,Secretory Progenitors,inferential,3,EPI | EPI_LP | EPI_LP_MUSC,25,23,8,0.0,0.7257737420179823,EPI,0.0,EPI,0.0,1,1,True,,,0.8054630997997568,
colon,radial_tissue_term,epithelial,Transiently Amplifying Cells (TA),inferential,3,EPI | EPI_LP | EPI_LP_MUSC,25,23,8,0.0,0.9594865057547536,EPI,0.0,EPI,0.0,1,1,True,,,0.9594865057547536,
colon,radial_tissue_term,epithelial,Tuft Cells,inferential,3,EPI | EPI_LP | EPI_LP_MUSC,25,23,8,0.0,0.17423777139025423,EPI,0.0,EPI,0.0,1,1,True,,,0.3509820359651727,
colon,radial_tissue_term,epithelial,Tuft Progenitors,inferential,3,EPI | EPI_LP | EPI_LP_MUSC,25,23,8,0.0,0.3488849744378901,EPI,0.0,EPI,0.0,1,1,True,,,0.42472953409830105,
colon,radial_tissue_term,epithelial,Villus Tip Enterocytes,inferential,3,EPI | EPI_LP | EPI_LP_MUSC,25,23,8,0.0,0.2422534958073014,EPI,0.0,EPI,0.0,1,1,True,,,0.3570051517160231,
colon,radial_tissue_term,lymphoid,CD4 Memory,descriptive,4,EPI | EPI_LP | EPI_LP_MUSC | LP,15,13,6,0.0,,LP,8.51063829787234,EPI,0.0,1,1,True,,,,
colon,radial_tissue_term,lymphoid,CD4 Naive,descriptive,4,EPI | EPI_LP | EPI_LP_MUSC | LP,15,13,6,0.0,,EPI,0.0,EPI,0.0,1,1,True,,,,
colon,radial_tissue_term,lymphoid,CD4 Tfh,descriptive,4,EPI | EPI_LP | EPI_LP_MUSC | LP,15,13,6,0.0,,EPI_LP,1.694915254237288,EPI,0.0,1,1,True,,,,
colon,radial_tissue_term,lymphoid,CD4 Tfr,descriptive,4,EPI | EPI_LP | EPI_LP_MUSC | LP,15,13,6,0.25092250430200225,,EPI,0.0,EPI,0.0,1,1,True,,,,
colon,radial_tissue_term,lymphoid,CD4 Th17,descriptive,4,EPI | EPI_LP | EPI_LP_MUSC | LP,15,13,6,0.0,,LP,10.638297872340425,EPI_LP_MUSC,0.0,1,1,True,,,,
colon,radial_tissue_term,lymphoid,CD4 Tr1,descriptive,4,EPI | EPI_LP | EPI_LP_MUSC | LP,15,13,6,0.7733713452508275,,EPI,0.0,EPI,0.0,1,1,True,,,,
colon,radial_tissue_term,lymphoid,CD4 pTreg,descriptive,4,EPI | EPI_LP | EPI_LP_MUSC | LP,15,13,6,0.0,,EPI_LP,0.847457627118644,EPI,0.0,1,1,True,,,,
colon,radial_tissue_term,lymphoid,CD4 tTreg,descriptive,4,EPI | EPI_LP | EPI_LP_MUSC | LP,15,13,6,0.00802184420995168,,EPI_LP,0.847457627118644,EPI,0.0,1,1,True,,,,
colon,radial_tissue_term,lymphoid,CD8 Circulating Effector Memory,descriptive,4,EPI | EPI_LP | EPI_LP_MUSC | LP,15,13,6,0.06856738803183506,,LP,4.25531914893617,EPI_LP_MUSC,0.0,1,1,True,,,,
colon,radial_tissue_term,lymphoid,CD8 Effector Memory,descriptive,4,EPI | EPI_LP | EPI_LP_MUSC | LP,15,13,6,0.0,,EPI,5.555555555555555,EPI_LP_MUSC,0.0,1,1,True,,,,
colon,radial_tissue_term,lymphoid,CD8 IEL,descriptive,4,EPI | EPI_LP | EPI_LP_MUSC | LP,15,13,6,0.22674157452765017,,EPI,53.57142857142857,LP,1.6666666666666667,1,1,True,,,,
colon,radial_tissue_term,lymphoid,CD8 Memory Exhausted,descriptive,4,EPI | EPI_LP | EPI_LP_MUSC | LP,15,13,6,0.0,,EPI,0.0,EPI,0.0,1,1,True,,,,
colon,radial_tissue_term,lymphoid,CD8 Naive,descriptive,4,EPI | EPI_LP | EPI_LP_MUSC | LP,15,13,6,0.0,,EPI,0.0,EPI,0.0,1,1,True,,,,
colon,radial_tissue_term,lymphoid,CD8 TRM,descriptive,4,EPI | EPI_LP | EPI_LP_MUSC | LP,15,13,6,0.5465265180162148,,EPI,14.285714285714285,EPI_LP_MUSC,0.0,1,1,True,,,,
colon,radial_tissue_term,lymphoid,GC B Dark Zone (GC B DZ),descriptive,4,EPI | EPI_LP | EPI_LP_MUSC | LP,15,13,6,0.06118106209027228,,EPI_LP,9.322033898305085,EPI_LP_MUSC,0.0,1,1,True,,,,
colon,radial_tissue_term,lymphoid,GC B Light Zone (GC B LZ),descriptive,4,EPI | EPI_LP | EPI_LP_MUSC | LP,15,13,6,0.35468409031730125,,EPI_LP,9.340064911648035,EPI_LP_MUSC,0.0,1,1,True,,,,
colon,radial_tissue_term,lymphoid,Gamma Delta T Cells,descriptive,4,EPI | EPI_LP | EPI_LP_MUSC | LP,15,13,6,0.0,,EPI,0.0,EPI,0.0,1,1,True,,,,
colon,radial_tissue_term,lymphoid,ILC3,descriptive,4,EPI | EPI_LP | EPI_LP_MUSC | LP,15,13,6,0.0,,EPI,0.0,EPI,0.0,1,1,True,,,,
colon,radial_tissue_term,lymphoid,MAIT Cells,descriptive,4,EPI | EPI_LP | EPI_LP_MUSC | LP,15,13,6,0.3352921059986891,,LP,1.6666666666666667,EPI,0.0,1,1,True,,,,
colon,radial_tissue_term,lymphoid,Memory B,descriptive,4,EPI | EPI_LP | EPI_LP_MUSC | LP,15,13,6,0.11617048651190429,,EPI_LP,7.645149657410746,EPI,0.0,1,1,True,,,,
colon,radial_tissue_term,lymphoid,NK Cells,descriptive,4,EPI | EPI_LP | EPI_LP_MUSC | LP,15,13,6,0.0,,EPI_LP,0.847457627118644,EPI,0.0,1,1,True,,,,
colon,radial_tissue_term,lymphoid,NKT Cells,descriptive,4,EPI | EPI_LP | EPI_LP_MUSC | LP,15,13,6,0.11409184304907774,,EPI_LP_MUSC,12.5,EPI,0.0,1,1,True,,,,
colon,radial_tissue_term,lymphoid,Naive B,descriptive,4,EPI | EPI_LP | EPI_LP_MUSC | LP,15,13,6,0.16560383715931543,,EPI_LP,8.474576271186441,EPI_LP_MUSC,0.0,1,1,True,,,,
colon,radial_tissue_term,lymphoid,Plasma Cells,descriptive,4,EPI | EPI_LP | EPI_LP_MUSC | LP,15,13,6,0.13084484789064627,,EPI_LP,7.627118644067796,EPI,0.0,1,1,True,,,,
colon,radial_tissue_term,lymphoid,Plasma IGA,descriptive,4,EPI | EPI_LP | EPI_LP_MUSC | LP,15,13,6,0.29864319852194426,,EPI_LP_MUSC,46.15384615384615,EPI_LP,0.0,1,1,True,,,,
colon,radial_tissue_term,lymphoid,Plasma IGG,descriptive,4,EPI | EPI_LP | EPI_LP_MUSC | LP,15,13,6,0.0,,EPI_LP,3.389830508474576,EPI,0.0,1,1,True,,,,
colon,radial_tissue_term,myeloid,Classical Monocytes,descriptive,3,EPI_LP | EPI_LP_MUSC | WM,8,8,7,0.0,,EPI_LP,0.0,EPI_LP,0.0,1,1,True,,,,
colon,radial_tissue_term,myeloid,Cycling Macrophages,descriptive,3,EPI_LP | EPI_LP_MUSC | WM,8,8,7,0.03198798787914308,,EPI_LP,0.0,EPI_LP,0.0,1,1,True,,,,
colon,radial_tissue_term,myeloid,Eosinophils,descriptive,3,EPI_LP | EPI_LP_MUSC | WM,8,8,7,0.9681153733430536,,WM,83.33333333333333,EPI_LP,0.0,1,1,True,,,,
colon,radial_tissue_term,myeloid,Follicle Associated Resident Macrophages,descriptive,3,EPI_LP | EPI_LP_MUSC | WM,8,8,7,0.17986224341975623,,WM,16.666666666666664,EPI_LP,0.0,1,1,True,,,,
colon,radial_tissue_term,myeloid,Homeostatic Macrophages,descriptive,3,EPI_LP | EPI_LP_MUSC | WM,8,8,7,0.0,,EPI_LP,0.0,EPI_LP,0.0,1,1,True,,,,
colon,radial_tissue_term,myeloid,M0 Macrophages,descriptive,3,EPI_LP | EPI_LP_MUSC | WM,8,8,7,0.0,,EPI_LP,0.0,EPI_LP,0.0,1,1,True,,,,
colon,radial_tissue_term,myeloid,Mast Cells,descriptive,3,EPI_LP | EPI_LP_MUSC | WM,8,8,7,0.0,,EPI_LP,0.0,EPI_LP,0.0,1,1,True,,,,
colon,radial_tissue_term,myeloid,Monocyte Derived Dendritic Cells (MO DC),descriptive,3,EPI_LP | EPI_LP_MUSC | WM,8,8,7,0.0,,EPI_LP,0.0,EPI_LP,0.0,1,1,True,,,,
colon,radial_tissue_term,myeloid,Neutrophils,descriptive,3,EPI_LP | EPI_LP_MUSC | WM,8,8,7,0.0,,EPI_LP,0.0,EPI_LP,0.0,1,1,True,,,,
colon,radial_tissue_term,myeloid,Nonclassical Monocytes,descriptive,3,EPI_LP | EPI_LP_MUSC | WM,8,8,7,0.0,,EPI_LP,0.0,EPI_LP,0.0,1,1,True,,,,
colon,radial_tissue_term,myeloid,Perivascular Resident Macrophages,descriptive,3,EPI_LP | EPI_LP_MUSC | WM,8,8,7,0.03198798787914304,,EPI_LP,0.0,EPI_LP,0.0,1,1,True,,,,
colon,radial_tissue_term,myeloid,Tolerogenic cDC2,descriptive,3,EPI_LP | EPI_LP_MUSC | WM,8,8,7,0.0,,EPI_LP,0.0,EPI_LP,0.0,1,1,True,,,,
colon,radial_tissue_term,myeloid,cDC1,descriptive,3,EPI_LP | EPI_LP_MUSC | WM,8,8,7,0.09669590170177225,,EPI_LP,100.0,EPI_LP_MUSC,0.0,1,1,True,,,,
colon,radial_tissue_term,myeloid,cDC2,descriptive,3,EPI_LP | EPI_LP_MUSC | WM,8,8,7,0.0,,EPI_LP,0.0,EPI_LP,0.0,1,1,True,,,,
colon,radial_tissue_term,myeloid,migDC,descriptive,3,EPI_LP | EPI_LP_MUSC | WM,8,8,7,0.0,,EPI_LP,0.0,EPI_LP,0.0,1,1,True,,,,
colon,radial_tissue_term,myeloid,pDC,descriptive,3,EPI_LP | EPI_LP_MUSC | WM,8,8,7,0.0,,EPI_LP,0.0,EPI_LP,0.0,1,1,True,,,,
colon,radial_tissue_term,stroma,Adipocytes,descriptive,4,EPI_LP | EPI_LP_MUSC | LP | WM,11,10,5,0.0,,EPI_LP,0.0,EPI_LP,0.0,1,1,True,,,,
colon,radial_tissue_term,stroma,Angiogenic Pericytes,descriptive,4,EPI_LP | EPI_LP_MUSC | LP | WM,11,10,5,0.24025625091358888,,LP,6.25,EPI_LP,0.0,1,1,True,,,,
colon,radial_tissue_term,stroma,Arteriolar Endothelial,descriptive,4,EPI_LP | EPI_LP_MUSC | LP | WM,11,10,5,0.0,,LP,6.25,EPI_LP,0.0,1,1,True,,,,
colon,radial_tissue_term,stroma,Capillary Endothelial,descriptive,4,EPI_LP | EPI_LP_MUSC | LP | WM,11,10,5,0.0,,EPI_LP,0.0,EPI_LP,0.0,1,1,True,,,,
colon,radial_tissue_term,stroma,Contractile Pericytes,descriptive,4,EPI_LP | EPI_LP_MUSC | LP | WM,11,10,5,0.0,,EPI_LP,0.0,EPI_LP,0.0,1,1,True,,,,
colon,radial_tissue_term,stroma,Crypt Bottom Fibroblasts (S2A),descriptive,4,EPI_LP | EPI_LP_MUSC | LP | WM,11,10,5,0.6129408015612671,,WM,100.0,EPI_LP_MUSC,0.0,1,1,True,,,,
colon,radial_tissue_term,stroma,Crypt Top Fibroblasts (S2B),descriptive,4,EPI_LP | EPI_LP_MUSC | LP | WM,11,10,5,0.0,,EPI_LP,0.0,EPI_LP,0.0,1,1,True,,,,
colon,radial_tissue_term,stroma,Fibroblastic Reticular Cells (FRC),descriptive,4,EPI_LP | EPI_LP_MUSC | LP | WM,11,10,5,0.30194189209689337,,EPI_LP,50.0,EPI_LP_MUSC,0.0,1,1,True,,,,
colon,radial_tissue_term,stroma,Follicular Dendritic Cells (fDC),descriptive,4,EPI_LP | EPI_LP_MUSC | LP | WM,11,10,5,0.0,,EPI_LP,0.0,EPI_LP,0.0,1,1,True,,,,
colon,radial_tissue_term,stroma,Glia,descriptive,4,EPI_LP | EPI_LP_MUSC | LP | WM,11,10,5,0.23607291434060546,,LP,25.0,EPI_LP,0.0,1,1,True,,,,
colon,radial_tissue_term,stroma,Interstitial Cells of Cajal (ICC),descriptive,4,EPI_LP | EPI_LP_MUSC | LP | WM,11,10,5,0.0,,EPI_LP,0.0,EPI_LP,0.0,1,1,True,,,,
colon,radial_tissue_term,stroma,Lamina propria Fibroblasts (S1),descriptive,4,EPI_LP | EPI_LP_MUSC | LP | WM,11,10,5,0.0,,EPI_LP,0.0,EPI_LP,0.0,1,1,True,,,,
colon,radial_tissue_term,stroma,Lymphatic Endothelial,descriptive,4,EPI_LP | EPI_LP_MUSC | LP | WM,11,10,5,0.014847273150121442,,EPI_LP,0.0,EPI_LP,0.0,1,1,True,,,,
colon,radial_tissue_term,stroma,Marginal Reticular Cells (MRC),descriptive,4,EPI_LP | EPI_LP_MUSC | LP | WM,11,10,5,0.0,,LP,50.0,EPI_LP,0.0,1,1,True,,,,
colon,radial_tissue_term,stroma,Medullary Sinus Endothelial,descriptive,4,EPI_LP | EPI_LP_MUSC | LP | WM,11,10,5,0.0,,EPI_LP,0.0,EPI_LP,0.0,1,1,True,,,,
colon,radial_tissue_term,stroma,Mesenchymal Lymphoid Tissue Organizer Cells (mLTo Cells),descriptive,4,EPI_LP | EPI_LP_MUSC | LP | WM,11,10,5,0.0,,EPI_LP,0.0,EPI_LP,0.0,1,1,True,,,,
colon,radial_tissue_term,stroma,Muscularis Propria Fibroblasts,descriptive,4,EPI_LP | EPI_LP_MUSC | LP | WM,11,10,5,0.0,,EPI_LP,0.0,EPI_LP,0.0,1,1,True,,,,
colon,radial_tissue_term,stroma,Myofibroblasts,descriptive,4,EPI_LP | EPI_LP_MUSC | LP | WM,11,10,5,0.043757884676224865,,EPI_LP,0.0,EPI_LP,0.0,1,1,True,,,,
colon,radial_tissue_term,stroma,Post Arteriole Capillary Endothelial (PAC),descriptive,4,EPI_LP | EPI_LP_MUSC | LP | WM,11,10,5,0.0,,LP,6.25,EPI_LP,0.0,1,1,True,,,,
colon,radial_tissue_term,stroma,Pre Venule Capillary Endothelial (PVC),descriptive,4,EPI_LP | EPI_LP_MUSC | LP | WM,11,10,5,0.0,,EPI_LP,0.0,EPI_LP,0.0,1,1,True,,,,
colon,radial_tissue_term,stroma,Secretory Pericytes,descriptive,4,EPI_LP | EPI_LP_MUSC | LP | WM,11,10,5,0.0,,EPI_LP,0.0,EPI_LP,0.0,1,1,True,,,,
colon,radial_tissue_term,stroma,Smooth Muscle Cells (SMC),descriptive,4,EPI_LP | EPI_LP_MUSC | LP | WM,11,10,5,0.0,,EPI_LP,0.0,EPI_LP,0.0,1,1,True,,,,
colon,radial_tissue_term,stroma,Submucosal Fibroblasts (S3),descriptive,4,EPI_LP | EPI_LP_MUSC | LP | WM,11,10,5,0.10557751164789968,,EPI_LP,0.0,EPI_LP,0.0,1,1,True,,,,
colon,radial_tissue_term,stroma,Venular Endothelial,descriptive,4,EPI_LP | EPI_LP_MUSC | LP | WM,11,10,5,0.0,,LP,6.25,EPI_LP,0.0,1,1,True,,,,
colon,sample_preservation_method,epithelial,BEST4 Colonocytes,inferential,2,ambient temperature | frozen at -80C,29,25,9,0.056742611693601834,0.030631810604830265,ambient temperature,3.0303030303030303,frozen at -80C,0.0,0,0,False,,,0.6062671696586253,
colon,sample_preservation_method,epithelial,BEST4 Enterocytes,inferential,2,ambient temperature | frozen at -80C,29,25,9,0.0,0.6587546148971353,ambient temperature,0.0,ambient temperature,0.0,0,0,False,,,0.946424365216959,
colon,sample_preservation_method,epithelial,Brunners Gland Cells,inferential,2,ambient temperature | frozen at -80C,29,25,9,0.02457878491171575,0.8234743543890543,ambient temperature,0.0,ambient temperature,0.0,0,0,False,,,0.946424365216959,
colon,sample_preservation_method,epithelial,Colonocyte Progenitors,inferential,2,ambient temperature | frozen at -80C,29,25,9,0.0,0.24604531284447037,ambient temperature,0.0,ambient temperature,0.0,0,0,False,,,0.7414799196357073,
colon,sample_preservation_method,epithelial,Crypt Top Colonocytes,inferential,2,ambient temperature | frozen at -80C,29,25,9,0.0,0.876617601973957,ambient temperature,0.0,ambient temperature,0.0,0,0,False,,,0.946424365216959,
colon,sample_preservation_method,epithelial,EEC Enterochromaffin (EC),inferential,2,ambient temperature | frozen at -80C,29,25,9,0.0,0.47531905125374996,ambient temperature,0.0,ambient temperature,0.0,0,0,False,,,0.946424365216959,
colon,sample_preservation_method,epithelial,EEC L,inferential,2,ambient temperature | frozen at -80C,29,25,9,0.0,0.47531905125374996,ambient temperature,0.0,ambient temperature,0.0,0,0,False,,,0.946424365216959,
colon,sample_preservation_method,epithelial,EEC N,inferential,2,ambient temperature | frozen at -80C,29,25,9,0.0,0.9288979880833117,ambient temperature,0.0,ambient temperature,0.0,0,0,False,,,0.946424365216959,
colon,sample_preservation_method,epithelial,EEC Progenitors,inferential,2,ambient temperature | frozen at -80C,29,25,9,0.026896714891403918,0.6757752036741109,ambient temperature,0.0,ambient temperature,0.0,0,0,False,,,0.946424365216959,
colon,sample_preservation_method,epithelial,EEC S,inferential,2,ambient temperature | frozen at -80C,29,25,9,0.0,0.9288979880833117,ambient temperature,0.0,ambient temperature,0.0,0,0,False,,,0.946424365216959,
colon,sample_preservation_method,epithelial,Enterocyte Progenitors,inferential,2,ambient temperature | frozen at -80C,29,25,9,0.0,0.1807428048473806,ambient temperature,0.0,ambient temperature,0.0,0,0,False,,,0.7308615817771553,
colon,sample_preservation_method,epithelial,Enteroendocrine Cells (EEC),inferential,2,ambient temperature | frozen at -80C,29,25,9,0.05931034692721459,0.6235871070365411,ambient temperature,0.0,ambient temperature,0.0,0,0,False,,,0.946424365216959,
colon,sample_preservation_method,epithelial,Epithelial,inferential,2,ambient temperature | frozen at -80C,29,25,9,0.027051492817345174,0.8234743543890543,ambient temperature,0.0,ambient temperature,0.0,0,0,False,,,0.946424365216959,
colon,sample_preservation_method,epithelial,Foveolar Cells,inferential,2,ambient temperature | frozen at -80C,29,25,9,0.0,0.9288979880833117,ambient temperature,0.0,ambient temperature,0.0,0,0,False,,,0.946424365216959,
colon,sample_preservation_method,epithelial,Goblet Cells,inferential,2,ambient temperature | frozen at -80C,29,25,9,0.0,0.5927617533862988,ambient temperature,0.0,ambient temperature,0.0,0,0,False,,,0.946424365216959,
colon,sample_preservation_method,epithelial,Intestinal Stem Cells (ISC),inferential,2,ambient temperature | frozen at -80C,29,25,9,0.0,0.8935234471695229,ambient temperature,0.0,ambient temperature,0.0,0,0,False,,,0.946424365216959,
colon,sample_preservation_method,epithelial,Lower Crypt Colonocytes,inferential,2,ambient temperature | frozen at -80C,29,25,9,0.0021333044313627276,0.16663814436162866,ambient temperature,0.0,ambient temperature,0.0,0,0,False,,,0.7308615817771553,
colon,sample_preservation_method,epithelial,Lower Villus Enterocytes,inferential,2,ambient temperature | frozen at -80C,29,25,9,0.0,0.9288979880833117,ambient temperature,0.0,ambient temperature,0.0,0,0,False,,,0.946424365216959,
colon,sample_preservation_method,epithelial,Mature Goblet Cells,inferential,2,ambient temperature | frozen at -80C,29,25,9,0.0,0.9288979880833117,ambient temperature,0.0,ambient temperature,0.0,0,0,False,,,0.946424365216959,
colon,sample_preservation_method,epithelial,Microfold Cells (M Cells),inferential,2,ambient temperature | frozen at -80C,29,25,9,0.028985365374495895,0.8234743543890543,ambient temperature,0.0,ambient temperature,0.0,0,0,False,,,0.946424365216959,
colon,sample_preservation_method,epithelial,Mid Crypt Colonocytes,inferential,2,ambient temperature | frozen at -80C,29,25,9,0.04026568956679857,0.06736301885095836,ambient temperature,0.0,ambient temperature,0.0,0,0,False,,,0.6062671696586253,
colon,sample_preservation_method,epithelial,Mid Villus Enterocytes,inferential,2,ambient temperature | frozen at -80C,29,25,9,0.071393419233392,0.42192684200026154,ambient temperature,0.0,ambient temperature,0.0,0,0,False,,,0.946424365216959,
colon,sample_preservation_method,epithelial,Paneth Cells,inferential,2,ambient temperature | frozen at -80C,29,25,9,0.0,0.9288979880833117,ambient temperature,0.0,ambient temperature,0.0,0,0,False,,,0.946424365216959,
colon,sample_preservation_method,epithelial,Secretory Progenitors,inferential,2,ambient temperature | frozen at -80C,29,25,9,0.06249969981067846,0.06094972203606096,ambient temperature,0.0,ambient temperature,0.0,0,0,False,,,0.6062671696586253,
colon,sample_preservation_method,epithelial,Transiently Amplifying Cells (TA),inferential,2,ambient temperature | frozen at -80C,29,25,9,0.0,0.5619117248046162,ambient temperature,0.0,ambient temperature,0.0,0,0,False,,,0.946424365216959,
colon,sample_preservation_method,epithelial,Tuft Cells,inferential,2,ambient temperature | frozen at -80C,29,25,9,0.03366334193554116,0.1807428048473806,ambient temperature,0.0,ambient temperature,0.0,0,0,False,,,0.7308615817771553,
colon,sample_preservation_method,epithelial,Tuft Progenitors,inferential,2,ambient temperature | frozen at -80C,29,25,9,0.0,0.7572125384871433,ambient temperature,0.0,ambient temperature,0.0,0,0,False,,,0.946424365216959,
colon,sample_preservation_method,epithelial,Villus Tip Enterocytes,inferential,2,ambient temperature | frozen at -80C,29,25,9,0.007554108872058536,0.788934647161238,ambient temperature,0.0,ambient temperature,0.0,0,0,False,,,0.946424365216959,
colon,sample_preservation_method,lymphoid,CD4 Memory,inferential,2,ambient temperature | frozen at -80C,15,13,6,0.0,0.9078685009495221,frozen at -80C,1.8867924528301887,ambient temperature,0.0,0,0,False,,,0.946424365216959,
colon,sample_preservation_method,lymphoid,CD4 Naive,inferential,2,ambient temperature | frozen at -80C,15,13,6,0.0,0.48745329036403295,ambient temperature,0.0,ambient temperature,0.0,0,0,False,,,0.946424365216959,
colon,sample_preservation_method,lymphoid,CD4 Tfh,inferential,2,ambient temperature | frozen at -80C,15,13,6,0.015886476288532476,0.20301710604920886,frozen at -80C,1.6666666666666667,ambient temperature,0.0,0,0,False,,,0.7308615817771553,
colon,sample_preservation_method,lymphoid,CD4 Tfr,inferential,2,ambient temperature | frozen at -80C,15,13,6,0.0,0.9078685009495221,ambient temperature,0.0,ambient temperature,0.0,0,0,False,,,0.946424365216959,
colon,sample_preservation_method,lymphoid,CD4 Th17,inferential,2,ambient temperature | frozen at -80C,15,13,6,0.015249627284635628,0.10519250512004164,frozen at -80C,4.25531914893617,ambient temperature,0.0,0,0,False,,,0.7100494095602811,
colon,sample_preservation_method,lymphoid,CD4 Tr1,inferential,2,ambient temperature | frozen at -80C,15,13,6,0.042860012410628714,0.48745329036403295,ambient temperature,0.0,ambient temperature,0.0,0,0,False,,,0.946424365216959,
colon,sample_preservation_method,lymphoid,CD4 pTreg,inferential,2,ambient temperature | frozen at -80C,15,13,6,0.0,0.7284541890106637,ambient temperature,0.0,ambient temperature,0.0,0,0,False,,,0.946424365216959,
colon,sample_preservation_method,lymphoid,CD4 tTreg,inferential,2,ambient temperature | frozen at -80C,15,13,6,0.20114848427283813,0.0825792741523268,ambient temperature,0.0,ambient temperature,0.0,0,0,False,,,0.6370401148893782,
colon,sample_preservation_method,lymphoid,CD8 Circulating Effector Memory,inferential,2,ambient temperature | frozen at -80C,15,13,6,0.20415524981820807,0.06407750645105978,frozen at -80C,4.25531914893617,ambient temperature,0.0,0,0,False,,,0.6062671696586253,
colon,sample_preservation_method,lymphoid,CD8 Effector Memory,inferential,2,ambient temperature | frozen at -80C,15,13,6,0.0,0.6434288435636197,frozen at -80C,2.127659574468085,ambient temperature,0.0,0,0,False,,,0.946424365216959,
colon,sample_preservation_method,lymphoid,CD8 IEL,inferential,2,ambient temperature | frozen at -80C,15,13,6,0.0,0.8169613217153878,ambient temperature,5.084745762711863,frozen at -80C,1.8867924528301887,0,0,False,,,0.946424365216959,
colon,sample_preservation_method,lymphoid,CD8 Memory Exhausted,inferential,2,ambient temperature | frozen at -80C,15,13,6,0.0,0.6434288435636143,ambient temperature,0.0,ambient temperature,0.0,0,0,False,,,0.946424365216959,
colon,sample_preservation_method,lymphoid,CD8 Naive,inferential,2,ambient temperature | frozen at -80C,15,13,6,0.0,0.6434288435636197,ambient temperature,0.0,ambient temperature,0.0,0,0,False,,,0.946424365216959,
colon,sample_preservation_method,lymphoid,CD8 TRM,inferential,2,ambient temperature | frozen at -80C,15,13,6,0.19058715444738733,0.04914083391185107,frozen at -80C,3.7735849056603774,ambient temperature,0.0,0,0,False,,,0.6062671696586253,
colon,sample_preservation_method,lymphoid,GC B Dark Zone (GC B DZ),inferential,2,ambient temperature | frozen at -80C,15,13,6,0.02175200867214789,0.24715997321190242,frozen at -80C,5.0,ambient temperature,0.847457627118644,0,0,False,,,0.7414799196357073,
colon,sample_preservation_method,lymphoid,GC B Light Zone (GC B LZ),inferential,2,ambient temperature | frozen at -80C,15,13,6,0.0,0.2976214678911126,ambient temperature,5.3129074315514995,frozen at -80C,2.7777777777777777,0,0,False,,,0.8458715403221094,
colon,sample_preservation_method,lymphoid,Gamma Delta T Cells,inferential,2,ambient temperature | frozen at -80C,15,13,6,0.0,1.0,ambient temperature,0.0,ambient temperature,0.0,0,0,False,,,1.0,
colon,sample_preservation_method,lymphoid,ILC3,inferential,2,ambient temperature | frozen at -80C,15,13,6,0.0832777342939441,0.16491482255329717,ambient temperature,0.0,ambient temperature,0.0,0,0,False,,,0.7308615817771553,
colon,sample_preservation_method,lymphoid,MAIT Cells,inferential,2,ambient temperature | frozen at -80C,15,13,6,0.0,0.7284541890106637,ambient temperature,0.0,ambient temperature,0.0,0,0,False,,,0.946424365216959,
colon,sample_preservation_method,lymphoid,Memory B,inferential,2,ambient temperature | frozen at -80C,15,13,6,0.0,0.48745329036403295,frozen at -80C,6.666666666666667,ambient temperature,1.1627906976744187,0,0,False,,,0.946424365216959,
colon,sample_preservation_method,lymphoid,NK Cells,inferential,2,ambient temperature | frozen at -80C,15,13,6,0.11193899875692928,0.16491482255329717,ambient temperature,0.0,ambient temperature,0.0,0,0,False,,,0.7308615817771553,
colon,sample_preservation_method,lymphoid,NKT Cells,inferential,2,ambient temperature | frozen at -80C,15,13,6,0.24437532141181487,0.06407750645105906,ambient temperature,7.0949940875049275,frozen at -80C,0.0,0,0,False,,,0.6062671696586253,
colon,sample_preservation_method,lymphoid,Naive B,inferential,2,ambient temperature | frozen at -80C,15,13,6,0.05468526414828966,0.24715997321190242,frozen at -80C,6.382978723404255,ambient temperature,0.0,0,0,False,,,0.7414799196357073,
colon,sample_preservation_method,lymphoid,Plasma Cells,inferential,2,ambient temperature | frozen at -80C,15,13,6,0.02810943682774865,0.20301710604920983,ambient temperature,0.847457627118644,frozen at -80C,0.0,0,0,False,,,0.7308615817771553,
colon,sample_preservation_method,lymphoid,Plasma IGA,inferential,2,ambient temperature | frozen at -80C,15,13,6,0.0,0.8169613217153878,ambient temperature,20.05649717514124,frozen at -80C,4.25531914893617,0,0,False,,,0.946424365216959,
colon,sample_preservation_method,lymphoid,Plasma IGG,inferential,2,ambient temperature | frozen at -80C,15,13,6,0.0,0.8169613217153878,ambient temperature,0.0,ambient temperature,0.0,0,0,False,,,0.946424365216959,
colon,sample_preservation_method,stroma,Adipocytes,descriptive,2,ambient temperature | frozen at -80C,11,10,5,0.0,,ambient temperature,0.0,ambient temperature,0.0,0,0,False,,,,
colon,sample_preservation_method,stroma,Angiogenic Pericytes,descriptive,2,ambient temperature | frozen at -80C,11,10,5,0.129384511640026,,ambient temperature,0.0,ambient temperature,0.0,0,0,False,,,,
colon,sample_preservation_method,stroma,Arteriolar Endothelial,descriptive,2,ambient temperature | frozen at -80C,11,10,5,0.0,,ambient temperature,0.0,ambient temperature,0.0,0,0,False,,,,
colon,sample_preservation_method,stroma,Capillary Endothelial,descriptive,2,ambient temperature | frozen at -80C,11,10,5,0.0,,ambient temperature,0.0,ambient temperature,0.0,0,0,False,,,,
colon,sample_preservation_method,stroma,Contractile Pericytes,descriptive,2,ambient temperature | frozen at -80C,11,10,5,0.0,,ambient temperature,0.0,ambient temperature,0.0,0,0,False,,,,
colon,sample_preservation_method,stroma,Crypt Bottom Fibroblasts (S2A),descriptive,2,ambient temperature | frozen at -80C,11,10,5,0.19543664302563243,,ambient temperature,37.5,frozen at -80C,0.0,0,0,False,,,,
colon,sample_preservation_method,stroma,Crypt Top Fibroblasts (S2B),descriptive,2,ambient temperature | frozen at -80C,11,10,5,0.0,,ambient temperature,0.0,ambient temperature,0.0,0,0,False,,,,
colon,sample_preservation_method,stroma,Fibroblastic Reticular Cells (FRC),descriptive,2,ambient temperature | frozen at -80C,11,10,5,0.0,,ambient temperature,0.0,ambient temperature,0.0,0,0,False,,,,
colon,sample_preservation_method,stroma,Follicular Dendritic Cells (fDC),descriptive,2,ambient temperature | frozen at -80C,11,10,5,0.0,,ambient temperature,0.0,ambient temperature,0.0,0,0,False,,,,
colon,sample_preservation_method,stroma,Glia,descriptive,2,ambient temperature | frozen at -80C,11,10,5,0.16225188639399182,,ambient temperature,0.0,ambient temperature,0.0,0,0,False,,,,
colon,sample_preservation_method,stroma,Interstitial Cells of Cajal (ICC),descriptive,2,ambient temperature | frozen at -80C,11,10,5,0.0,,ambient temperature,0.0,ambient temperature,0.0,0,0,False,,,,
colon,sample_preservation_method,stroma,Lamina propria Fibroblasts (S1),descriptive,2,ambient temperature | frozen at -80C,11,10,5,0.0,,ambient temperature,0.0,ambient temperature,0.0,0,0,False,,,,
colon,sample_preservation_method,stroma,Lymphatic Endothelial,descriptive,2,ambient temperature | frozen at -80C,11,10,5,0.0,,ambient temperature,0.0,ambient temperature,0.0,0,0,False,,,,
colon,sample_preservation_method,stroma,Marginal Reticular Cells (MRC),descriptive,2,ambient temperature | frozen at -80C,11,10,5,0.0,,ambient temperature,0.0,ambient temperature,0.0,0,0,False,,,,
colon,sample_preservation_method,stroma,Medullary Sinus Endothelial,descriptive,2,ambient temperature | frozen at -80C,11,10,5,0.0,,ambient temperature,0.0,ambient temperature,0.0,0,0,False,,,,
colon,sample_preservation_method,stroma,Mesenchymal Lymphoid Tissue Organizer Cells (mLTo Cells),descriptive,2,ambient temperature | frozen at -80C,11,10,5,0.0,,ambient temperature,0.0,ambient temperature,0.0,0,0,False,,,,
colon,sample_preservation_method,stroma,Muscularis Propria Fibroblasts,descriptive,2,ambient temperature | frozen at -80C,11,10,5,0.0,,ambient temperature,0.0,ambient temperature,0.0,0,0,False,,,,
colon,sample_preservation_method,stroma,Myofibroblasts,descriptive,2,ambient temperature | frozen at -80C,11,10,5,0.0,,ambient temperature,0.0,ambient temperature,0.0,0,0,False,,,,
colon,sample_preservation_method,stroma,Post Arteriole Capillary Endothelial (PAC),descriptive,2,ambient temperature | frozen at -80C,11,10,5,0.517731130878816,,frozen at -80C,12.5,ambient temperature,0.0,0,0,False,,,,
colon,sample_preservation_method,stroma,Pre Venule Capillary Endothelial (PVC),descriptive,2,ambient temperature | frozen at -80C,11,10,5,0.0,,ambient temperature,0.0,ambient temperature,0.0,0,0,False,,,,
colon,sample_preservation_method,stroma,Secretory Pericytes,descriptive,2,ambient temperature | frozen at -80C,11,10,5,0.08918316745976192,,ambient temperature,0.0,ambient temperature,0.0,0,0,False,,,,
colon,sample_preservation_method,stroma,Smooth Muscle Cells (SMC),descriptive,2,ambient temperature | frozen at -80C,11,10,5,0.0,,ambient temperature,0.0,ambient temperature,0.0,0,0,False,,,,
colon,sample_preservation_method,stroma,Submucosal Fibroblasts (S3),descriptive,2,ambient temperature | frozen at -80C,11,10,5,0.041575201533294026,,ambient temperature,0.0,ambient temperature,0.0,0,0,False,,,,
colon,sample_preservation_method,stroma,Venular Endothelial,descriptive,2,ambient temperature | frozen at -80C,11,10,5,0.11770008056198564,,frozen at -80C,12.5,ambient temperature,0.0,0,0,False,,,,
colon,sex_ontology_term,epithelial,BEST4 Colonocytes,inferential,2,female | male,29,25,9,0.0,0.1279840333205928,male,3.0303030303030303,female,0.0,6,1,True,,,0.6239221624378899,
colon,sex_ontology_term,epithelial,BEST4 Enterocytes,inferential,2,female | male,29,25,9,0.05967569052530885,0.49363957590044116,female,0.0,female,0.0,6,1,True,,,0.8370410200050958,
colon,sex_ontology_term,epithelial,Brunners Gland Cells,inferential,2,female | male,29,25,9,0.0456994843298743,0.7718145966196754,female,0.0,female,0.0,6,1,True,,,0.9715541934081756,
colon,sex_ontology_term,epithelial,Colonocyte Progenitors,inferential,2,female | male,29,25,9,0.02202175344202851,0.015034105544613544,female,0.0,female,0.0,6,1,True,,,0.29316505811996413,
colon,sex_ontology_term,epithelial,Crypt Top Colonocytes,inferential,2,female | male,29,25,9,0.0,0.16908621134306046,female,0.0,female,0.0,6,1,True,,,0.7336646631070574,
colon,sex_ontology_term,epithelial,EEC Enterochromaffin (EC),inferential,2,female | male,29,25,9,0.0,0.48922400583144987,female,0.0,female,0.0,6,1,True,,,0.8370410200050958,
colon,sex_ontology_term,epithelial,EEC L,inferential,2,female | male,29,25,9,0.0,0.48922400583144987,female,0.0,female,0.0,6,1,True,,,0.8370410200050958,
colon,sex_ontology_term,epithelial,EEC N,inferential,2,female | male,29,25,9,0.043751599640980944,0.9466425474233506,female,0.0,female,0.0,6,1,True,,,0.9715541934081756,
colon,sex_ontology_term,epithelial,EEC Progenitors,inferential,2,female | male,29,25,9,0.0,0.7916654842108387,female,0.0,female,0.0,6,1,True,,,0.9715541934081756,
colon,sex_ontology_term,epithelial,EEC S,inferential,2,female | male,29,25,9,0.043751599640980944,0.9466425474233506,female,0.0,female,0.0,6,1,True,,,0.9715541934081756,
colon,sex_ontology_term,epithelial,Enterocyte Progenitors,inferential,2,female | male,29,25,9,0.0,0.18811914438642494,female,0.0,female,0.0,6,1,True,,,0.7336646631070574,
colon,sex_ontology_term,epithelial,Enteroendocrine Cells (EEC),inferential,2,female | male,29,25,9,0.0,0.5176786325265762,female,0.0,female,0.0,6,1,True,,,0.859126241214318,
colon,sex_ontology_term,epithelial,Epithelial,inferential,2,female | male,29,25,9,0.06710681986630235,0.8061572348713307,female,0.0,female,0.0,6,1,True,,,0.9715541934081756,
colon,sex_ontology_term,epithelial,Foveolar Cells,inferential,2,female | male,29,25,9,0.043751599640980944,0.9466425474233506,female,0.0,female,0.0,6,1,True,,,0.9715541934081756,
colon,sex_ontology_term,epithelial,Goblet Cells,inferential,2,female | male,29,25,9,0.0,0.7720426815338837,female,0.0,female,0.0,6,1,True,,,0.9715541934081756,
colon,sex_ontology_term,epithelial,Intestinal Stem Cells (ISC),inferential,2,female | male,29,25,9,0.015559632788575768,0.17358344674478474,female,0.0,female,0.0,6,1,True,,,0.7336646631070574,
colon,sex_ontology_term,epithelial,Lower Crypt Colonocytes,inferential,2,female | male,29,25,9,0.05317358193643367,0.009053711326957377,female,0.0,female,0.0,6,1,True,,,0.2629206819546689,
colon,sex_ontology_term,epithelial,Lower Villus Enterocytes,inferential,2,female | male,29,25,9,0.043751599640980944,0.9466425474233506,female,0.0,female,0.0,6,1,True,,,0.9715541934081756,
colon,sex_ontology_term,epithelial,Mature Goblet Cells,inferential,2,female | male,29,25,9,0.043751599640980944,0.9466425474233506,female,0.0,female,0.0,6,1,True,,,0.9715541934081756,
colon,sex_ontology_term,epithelial,Microfold Cells (M Cells),inferential,2,female | male,29,25,9,0.0,0.737913370818488,female,0.0,female,0.0,6,1,True,,,0.9715541934081756,
colon,sex_ontology_term,epithelial,Mid Crypt Colonocytes,inferential,2,female | male,29,25,9,0.10826347360736854,0.0025990840159197267,female,0.0,female,0.0,6,1,True,,,0.2027285532417387,
colon,sex_ontology_term,epithelial,Mid Villus Enterocytes,inferential,2,female | male,29,25,9,0.10574418488756528,0.4616337632769507,female,0.0,female,0.0,6,1,True,,,0.8370410200050958,
colon,sex_ontology_term,epithelial,Paneth Cells,inferential,2,female | male,29,25,9,0.043751599640980944,0.9466425474233506,female,0.0,female,0.0,6,1,True,,,0.9715541934081756,
colon,sex_ontology_term,epithelial,Secretory Progenitors,inferential,2,female | male,29,25,9,0.03541413476899783,0.057937850170050896,female,0.0,female,0.0,6,1,True,,,0.5184643978422007,
colon,sex_ontology_term,epithelial,Transiently Amplifying Cells (TA),inferential,2,female | male,29,25,9,0.0,0.48922400583144987,female,0.0,female,0.0,6,1,True,,,0.8370410200050958,
colon,sex_ontology_term,epithelial,Tuft Cells,inferential,2,female | male,29,25,9,0.015025760897701133,0.18811914438642494,female,0.0,female,0.0,6,1,True,,,0.7336646631070574,
colon,sex_ontology_term,epithelial,Tuft Progenitors,inferential,2,female | male,29,25,9,0.0,0.9823828138788513,female,0.0,female,0.0,6,1,True,,,0.9951410322409142,
colon,sex_ontology_term,epithelial,Villus Tip Enterocytes,inferential,2,female | male,29,25,9,0.0279283497976933,0.8408778620969455,female,0.0,female,0.0,6,1,True,,,0.9715541934081756,
colon,sex_ontology_term,lymphoid,CD4 Memory,inferential,2,female | male,15,13,6,0.0,1.0,female,1.8867924528301887,male,0.0,6,1,True,,,1.0,
colon,sex_ontology_term,lymphoid,CD4 Naive,inferential,2,female | male,15,13,6,0.14020916824491048,0.08641073297370011,female,0.0,female,0.0,6,1,True,,,0.5184643978422007,
colon,sex_ontology_term,lymphoid,CD4 Tfh,inferential,2,female | male,15,13,6,0.034561239399656433,0.27034414065477624,female,1.6666666666666667,male,0.0,6,1,True,,,0.7809941841137981,
colon,sex_ontology_term,lymphoid,CD4 Tfr,inferential,2,female | male,15,13,6,0.0,0.7133031738784523,female,0.0,female,0.0,6,1,True,,,0.9715541934081756,
colon,sex_ontology_term,lymphoid,CD4 Th17,inferential,2,female | male,15,13,6,0.06236160248633843,0.08641073297369987,female,4.25531914893617,male,0.0,6,1,True,,,0.5184643978422007,
colon,sex_ontology_term,lymphoid,CD4 Tr1,inferential,2,female | male,15,13,6,0.0,0.7133031738784523,female,0.0,female,0.0,6,1,True,,,0.9715541934081756,
colon,sex_ontology_term,lymphoid,CD4 pTreg,inferential,2,female | male,15,13,6,0.0,0.6242061147664044,female,0.0,female,0.0,6,1,True,,,0.9715541934081756,
colon,sex_ontology_term,lymphoid,CD4 tTreg,inferential,2,female | male,15,13,6,0.3411197935938146,0.019964453305216078,female,0.0,female,0.0,6,1,True,,,0.31144547156137087,
colon,sex_ontology_term,lymphoid,CD8 Circulating Effector Memory,inferential,2,female | male,15,13,6,0.35704221620002063,0.01011233392133342,female,4.25531914893617,male,0.0,6,1,True,,,0.2629206819546689,
colon,sex_ontology_term,lymphoid,CD8 Effector Memory,inferential,2,female | male,15,13,6,0.0,0.8064959405073364,female,2.127659574468085,male,0.0,6,1,True,,,0.9715541934081756,
colon,sex_ontology_term,lymphoid,CD8 IEL,inferential,2,female | male,15,13,6,0.0,0.9025232501776776,male,5.084745762711863,female,1.8867924528301887,6,1,True,,,0.9715541934081756,
colon,sex_ontology_term,lymphoid,CD8 Memory Exhausted,inferential,2,female | male,15,13,6,0.10974065021987327,0.27034414065477624,female,0.0,female,0.0,6,1,True,,,0.7809941841137981,
colon,sex_ontology_term,lymphoid,CD8 Naive,inferential,2,female | male,15,13,6,0.1729777291659335,0.11134688653314055,female,0.0,female,0.0,6,1,True,,,0.5790038099723308,
colon,sex_ontology_term,lymphoid,CD8 TRM,inferential,2,female | male,15,13,6,0.0,0.22067136191984327,female,3.7735849056603774,male,0.0,6,1,True,,,0.7809941841137981,
colon,sex_ontology_term,lymphoid,GC B Dark Zone (GC B DZ),inferential,2,female | male,15,13,6,0.02176751235659953,0.27034414065477624,female,11.320754716981133,male,2.236346516007533,6,1,True,,,0.7809941841137981,
colon,sex_ontology_term,lymphoid,GC B Light Zone (GC B LZ),inferential,2,female | male,15,13,6,0.0,0.8064959405073364,female,4.25531914893617,male,3.3119658119658117,6,1,True,,,0.9715541934081756,
colon,sex_ontology_term,lymphoid,Gamma Delta T Cells,inferential,2,female | male,15,13,6,0.14746935997141108,0.11134688653314055,female,0.0,female,0.0,6,1,True,,,0.5790038099723308,
colon,sex_ontology_term,lymphoid,ILC3,inferential,2,female | male,15,13,6,0.016608724961336717,0.3271868777903008,female,0.0,female,0.0,6,1,True,,,0.8303224984173215,
colon,sex_ontology_term,lymphoid,MAIT Cells,inferential,2,female | male,15,13,6,0.0,0.9025232501776776,female,0.0,female,0.0,6,1,True,,,0.9715541934081756,
colon,sex_ontology_term,lymphoid,Memory B,inferential,2,female | male,15,13,6,0.05465379466208959,0.27034414065477624,female,8.51063829787234,male,1.1627906976744187,6,1,True,,,0.7809941841137981,
colon,sex_ontology_term,lymphoid,NK Cells,inferential,2,female | male,15,13,6,0.19449984472455403,0.02748633611151024,female,0.0,female,0.0,6,1,True,,,0.3573223694496331,
colon,sex_ontology_term,lymphoid,NKT Cells,inferential,2,female | male,15,13,6,0.036741407433445616,0.3271868777903008,male,2.0102483247930625,female,0.0,6,1,True,,,0.8303224984173215,
colon,sex_ontology_term,lymphoid,Naive B,inferential,2,female | male,15,13,6,0.0,0.7133031738784523,female,6.382978723404255,male,0.847457627118644,6,1,True,,,0.9715541934081756,
colon,sex_ontology_term,lymphoid,Plasma Cells,inferential,2,female | male,15,13,6,0.0,0.27034414065477624,male,0.8333333333333334,female,0.0,6,1,True,,,0.7809941841137981,
colon,sex_ontology_term,lymphoid,Plasma IGA,inferential,2,female | male,15,13,6,0.0,0.8064959405073364,male,12.556497175141242,female,4.25531914893617,6,1,True,,,0.9715541934081756,
colon,sex_ontology_term,lymphoid,Plasma IGG,inferential,2,female | male,15,13,6,0.0,0.4624327264504765,female,1.6666666666666667,male,0.0,6,1,True,,,0.8370410200050958,
colon,sex_ontology_term,myeloid,Classical Monocytes,descriptive,2,female | male,8,8,7,0.009396728866424071,,female,0.0,female,0.0,6,1,True,,,,
colon,sex_ontology_term,myeloid,Cycling Macrophages,descriptive,2,female | male,8,8,7,0.06645276708310724,,female,0.0,female,0.0,6,1,True,,,,
colon,sex_ontology_term,myeloid,Eosinophils,descriptive,2,female | male,8,8,7,0.27236228784134164,,female,66.66666666666666,male,0.0,6,1,True,,,,
colon,sex_ontology_term,myeloid,Follicle Associated Resident Macrophages,descriptive,2,female | male,8,8,7,0.0,,female,0.0,female,0.0,6,1,True,,,,
colon,sex_ontology_term,myeloid,Homeostatic Macrophages,descriptive,2,female | male,8,8,7,0.3525898476894587,,female,0.0,female,0.0,6,1,True,,,,
colon,sex_ontology_term,myeloid,M0 Macrophages,descriptive,2,female | male,8,8,7,0.009396728866424071,,female,0.0,female,0.0,6,1,True,,,,
colon,sex_ontology_term,myeloid,Mast Cells,descriptive,2,female | male,8,8,7,0.042639459489818156,,female,0.0,female,0.0,6,1,True,,,,
colon,sex_ontology_term,myeloid,Monocyte Derived Dendritic Cells (MO DC),descriptive,2,female | male,8,8,7,0.3525898476894587,,female,0.0,female,0.0,6,1,True,,,,
colon,sex_ontology_term,myeloid,Neutrophils,descriptive,2,female | male,8,8,7,0.3525898476894587,,female,0.0,female,0.0,6,1,True,,,,
colon,sex_ontology_term,myeloid,Nonclassical Monocytes,descriptive,2,female | male,8,8,7,0.3525898476894587,,female,0.0,female,0.0,6,1,True,,,,
colon,sex_ontology_term,myeloid,Perivascular Resident Macrophages,descriptive,2,female | male,8,8,7,0.0664527670831072,,female,0.0,female,0.0,6,1,True,,,,
colon,sex_ontology_term,myeloid,Tolerogenic cDC2,descriptive,2,female | male,8,8,7,0.3525898476894587,,female,0.0,female,0.0,6,1,True,,,,
colon,sex_ontology_term,myeloid,cDC1,descriptive,2,female | male,8,8,7,0.1725256552864844,,female,0.0,female,0.0,6,1,True,,,,
colon,sex_ontology_term,myeloid,cDC2,descriptive,2,female | male,8,8,7,0.0,,female,0.0,female,0.0,6,1,True,,,,
colon,sex_ontology_term,myeloid,migDC,descriptive,2,female | male,8,8,7,0.009396728866424071,,female,0.0,female,0.0,6,1,True,,,,
colon,sex_ontology_term,myeloid,pDC,descriptive,2,female | male,8,8,7,0.3525898476894587,,female,0.0,female,0.0,6,1,True,,,,
colon,sex_ontology_term,stroma,Adipocytes,inferential,2,female | male,11,10,5,0.0,0.4258064094447802,female,0.0,female,0.0,6,1,True,,,0.8303224984173215,
colon,sex_ontology_term,stroma,Angiogenic Pericytes,inferential,2,female | male,11,10,5,0.015465653914393494,0.8421868203073826,female,0.0,female,0.0,6,1,True,,,0.9715541934081756,
colon,sex_ontology_term,stroma,Arteriolar Endothelial,inferential,2,female | male,11,10,5,0.0,0.8481453011329687,female,0.0,female,0.0,6,1,True,,,0.9715541934081756,
colon,sex_ontology_term,stroma,Capillary Endothelial,inferential,2,female | male,11,10,5,0.0,0.4258064094447802,female,0.0,female,0.0,6,1,True,,,0.8303224984173215,
colon,sex_ontology_term,stroma,Contractile Pericytes,inferential,2,female | male,11,10,5,0.0,0.4258064094447802,female,0.0,female,0.0,6,1,True,,,0.8303224984173215,
colon,sex_ontology_term,stroma,Crypt Bottom Fibroblasts (S2A),inferential,2,female | male,11,10,5,0.0,0.5768708461633721,male,25.0,female,0.0,6,1,True,,,0.9182842040967965,
colon,sex_ontology_term,stroma,Crypt Top Fibroblasts (S2B),inferential,2,female | male,11,10,5,0.0,0.4258064094447802,female,0.0,female,0.0,6,1,True,,,0.8303224984173215,
colon,sex_ontology_term,stroma,Fibroblastic Reticular Cells (FRC),inferential,2,female | male,11,10,5,0.0,0.8421868203073826,female,0.0,female,0.0,6,1,True,,,0.9715541934081756,
colon,sex_ontology_term,stroma,Follicular Dendritic Cells (fDC),inferential,2,female | male,11,10,5,0.0,0.4258064094447802,female,0.0,female,0.0,6,1,True,,,0.8303224984173215,
colon,sex_ontology_term,stroma,Glia,inferential,2,female | male,11,10,5,0.02337691620780811,0.8421868203073826,female,0.0,female,0.0,6,1,True,,,0.9715541934081756,
colon,sex_ontology_term,stroma,Interstitial Cells of Cajal (ICC),inferential,2,female | male,11,10,5,0.0,0.4258064094447802,female,0.0,female,0.0,6,1,True,,,0.8303224984173215,
colon,sex_ontology_term,stroma,Lamina propria Fibroblasts (S1),inferential,2,female | male,11,10,5,0.017695364096894966,0.07315322412452592,female,0.0,female,0.0,6,1,True,,,0.5184643978422007,
colon,sex_ontology_term,stroma,Lymphatic Endothelial,inferential,2,female | male,11,10,5,0.03042540979376901,0.07315322412452592,female,0.0,female,0.0,6,1,True,,,0.5184643978422007,
colon,sex_ontology_term,stroma,Marginal Reticular Cells (MRC),inferential,2,female | male,11,10,5,0.11449128589650857,0.5656590880740358,female,0.0,female,0.0,6,1,True,,,0.9182842040967965,
colon,sex_ontology_term,stroma,Medullary Sinus Endothelial,inferential,2,female | male,11,10,5,0.0,0.4258064094447802,female,0.0,female,0.0,6,1,True,,,0.8303224984173215,
colon,sex_ontology_term,stroma,Mesenchymal Lymphoid Tissue Organizer Cells (mLTo Cells),inferential,2,female | male,11,10,5,0.0,0.4258064094447802,female,0.0,female,0.0,6,1,True,,,0.8303224984173215,
colon,sex_ontology_term,stroma,Muscularis Propria Fibroblasts,inferential,2,female | male,11,10,5,0.0,0.3383517215622159,female,0.0,female,0.0,6,1,True,,,0.8303224984173215,
colon,sex_ontology_term,stroma,Myofibroblasts,inferential,2,female | male,11,10,5,0.054285913674874835,0.07315322412452592,female,0.0,female,0.0,6,1,True,,,0.5184643978422007,
colon,sex_ontology_term,stroma,Post Arteriole Capillary Endothelial (PAC),inferential,2,female | male,11,10,5,0.1853274825897042,0.2322502426518258,female,0.0,female,0.0,6,1,True,,,0.7809941841137981,
colon,sex_ontology_term,stroma,Pre Venule Capillary Endothelial (PVC),inferential,2,female | male,11,10,5,0.0,0.4258064094447802,female,0.0,female,0.0,6,1,True,,,0.8303224984173215,
colon,sex_ontology_term,stroma,Secretory Pericytes,inferential,2,female | male,11,10,5,0.0,0.8421868203073826,female,0.0,female,0.0,6,1,True,,,0.9715541934081756,
colon,sex_ontology_term,stroma,Smooth Muscle Cells (SMC),inferential,2,female | male,11,10,5,0.0,0.4258064094447802,female,0.0,female,0.0,6,1,True,,,0.8303224984173215,
colon,sex_ontology_term,stroma,Submucosal Fibroblasts (S3),inferential,2,female | male,11,10,5,0.10587553567839068,0.07315322412452592,female,0.0,female,0.0,6,1,True,,,0.5184643978422007,
colon,sex_ontology_term,stroma,Venular Endothelial,inferential,2,female | male,11,10,5,0.0,0.8421868203073826,female,0.0,female,0.0,6,1,True,,,0.9715541934081756,
colon,age_range,epithelial,BEST4 Colonocytes,inferential,2,50-59 | 60-69,12,11,5,0.07284845310583359,0.041595938170196675,60-69,3.3333333333333335,50-59,0.0,7,0,False,0.614341483978738,0.03355400065374379,0.29117156719137677,0.4505822944931309
colon,age_range,epithelial,BEST4 Enterocytes,inferential,2,50-59 | 60-69,12,11,5,0.0,0.8702827722810271,50-59,0.0,50-59,0.0,7,0,False,-0.049236596391733084,0.8792226147777963,0.8702827722810271,0.9082079757045368
colon,age_range,epithelial,Brunners Gland Cells,inferential,2,50-59 | 60-69,12,11,5,0.0,0.2795693010521837,50-59,0.0,50-59,0.0,7,0,False,0.3260204106740874,0.30104983813407443,0.37275906806957826,0.7161930333143561
colon,age_range,epithelial,Colonocyte Progenitors,inferential,2,50-59 | 60-69,12,11,5,0.030266078064712005,0.037580710681364524,50-59,0.0,50-59,0.0,7,0,False,0.6269623282193989,0.029115839460192625,0.29117156719137677,0.4505822944931309
colon,age_range,epithelial,Crypt Top Colonocytes,inferential,2,50-59 | 60-69,12,11,5,0.05883775568940167,0.037580710681364524,50-59,0.0,50-59,0.0,7,0,False,0.6269623282193989,0.029115839460192625,0.29117156719137677,0.4505822944931309
colon,age_range,epithelial,EEC Enterochromaffin (EC),inferential,2,50-59 | 60-69,12,11,5,0.0,0.2795693010521837,50-59,0.0,50-59,0.0,7,0,False,0.3260204106740874,0.30104983813407443,0.37275906806957826,0.7161930333143561
colon,age_range,epithelial,EEC L,inferential,2,50-59 | 60-69,12,11,5,0.0,0.2795693010521837,50-59,0.0,50-59,0.0,7,0,False,0.3260204106740874,0.30104983813407443,0.37275906806957826,0.7161930333143561
colon,age_range,epithelial,EEC N,inferential,2,50-59 | 60-69,12,11,5,0.0,0.2795693010521837,50-59,0.0,50-59,0.0,7,0,False,0.3260204106740874,0.30104983813407443,0.37275906806957826,0.7161930333143561
colon,age_range,epithelial,EEC Progenitors,inferential,2,50-59 | 60-69,12,11,5,0.0,0.2529990614746798,50-59,0.0,50-59,0.0,7,0,False,0.34465617474213167,0.2725919903755461,0.37275906806957826,0.7161930333143561
colon,age_range,epithelial,EEC S,inferential,2,50-59 | 60-69,12,11,5,0.0,0.2795693010521837,50-59,0.0,50-59,0.0,7,0,False,0.3260204106740874,0.30104983813407443,0.37275906806957826,0.7161930333143561
colon,age_range,epithelial,Enterocyte Progenitors,inferential,2,50-59 | 60-69,12,11,5,0.0,0.2795693010521837,50-59,0.0,50-59,0.0,7,0,False,0.3260204106740874,0.30104983813407443,0.37275906806957826,0.7161930333143561
colon,age_range,epithelial,Enteroendocrine Cells (EEC),inferential,2,50-59 | 60-69,12,11,5,0.0,0.2795693010521837,50-59,0.0,50-59,0.0,7,0,False,0.3260204106740874,0.30104983813407443,0.37275906806957826,0.7161930333143561
colon,age_range,epithelial,Epithelial,inferential,2,50-59 | 60-69,12,11,5,0.0,0.6774979907148471,50-59,0.0,50-59,0.0,7,0,False,0.1253924656438798,0.6977953622047762,0.7587977496006286,0.8199095505906121
colon,age_range,epithelial,Foveolar Cells,inferential,2,50-59 | 60-69,12,11,5,0.0,0.2795693010521837,50-59,0.0,50-59,0.0,7,0,False,0.3260204106740874,0.30104983813407443,0.37275906806957826,0.7161930333143561
colon,age_range,epithelial,Goblet Cells,inferential,2,50-59 | 60-69,12,11,5,0.0,0.7398304856316705,50-59,0.0,50-59,0.0,7,0,False,0.10012523486435176,0.756862073033167,0.7967405229879528,0.846431790017216
colon,age_range,epithelial,Intestinal Stem Cells (ISC),inferential,2,50-59 | 60-69,12,11,5,0.0,0.2795693010521837,50-59,0.0,50-59,0.0,7,0,False,0.3260204106740874,0.30104983813407443,0.37275906806957826,0.7161930333143561
colon,age_range,epithelial,Lower Crypt Colonocytes,inferential,2,50-59 | 60-69,12,11,5,0.0,0.2795693010521837,50-59,0.0,50-59,0.0,7,0,False,0.3260204106740874,0.30104983813407443,0.37275906806957826,0.7161930333143561
colon,age_range,epithelial,Lower Villus Enterocytes,inferential,2,50-59 | 60-69,12,11,5,0.0,0.2795693010521837,50-59,0.0,50-59,0.0,7,0,False,0.3260204106740874,0.30104983813407443,0.37275906806957826,0.7161930333143561
colon,age_range,epithelial,Mature Goblet Cells,inferential,2,50-59 | 60-69,12,11,5,0.0,0.2795693010521837,50-59,0.0,50-59,0.0,7,0,False,0.3260204106740874,0.30104983813407443,0.37275906806957826,0.7161930333143561
colon,age_range,epithelial,Microfold Cells (M Cells),inferential,2,50-59 | 60-69,12,11,5,0.0,0.2795693010521837,50-59,0.0,50-59,0.0,7,0,False,0.3260204106740874,0.30104983813407443,0.37275906806957826,0.7161930333143561
colon,age_range,epithelial,Mid Crypt Colonocytes,inferential,2,50-59 | 60-69,12,11,5,0.019117966120260482,0.037580710681364524,50-59,0.0,50-59,0.0,7,0,False,0.6269623282193989,0.029115839460192625,0.29117156719137677,0.4505822944931309
colon,age_range,epithelial,Mid Villus Enterocytes,inferential,2,50-59 | 60-69,12,11,5,0.11126224190746907,0.5604106478408523,50-59,0.0,50-59,0.0,7,0,False,-0.1755494519014317,0.5852502070420076,0.6538124224809944,0.7473800363076586
colon,age_range,epithelial,Paneth Cells,inferential,2,50-59 | 60-69,12,11,5,0.0,0.2795693010521837,50-59,0.0,50-59,0.0,7,0,False,0.3260204106740874,0.30104983813407443,0.37275906806957826,0.7161930333143561
colon,age_range,epithelial,Secretory Progenitors,inferential,2,50-59 | 60-69,12,11,5,0.0,0.2795693010521837,50-59,0.0,50-59,0.0,7,0,False,0.3260204106740874,0.30104983813407443,0.37275906806957826,0.7161930333143561
colon,age_range,epithelial,Transiently Amplifying Cells (TA),inferential,2,50-59 | 60-69,12,11,5,0.006143922432924691,0.8029524961967989,50-59,0.0,50-59,0.0,7,0,False,0.07523547938632787,0.8162404450785703,0.832691477537421,0.8718932026975638
colon,age_range,epithelial,Tuft Cells,inferential,2,50-59 | 60-69,12,11,5,0.0,0.2795693010521837,50-59,0.0,50-59,0.0,7,0,False,0.3260204106740874,0.30104983813407443,0.37275906806957826,0.7161930333143561
colon,age_range,epithelial,Tuft Progenitors,inferential,2,50-59 | 60-69,12,11,5,0.0,0.41841530161993457,50-59,0.0,50-59,0.0,7,0,False,0.2439750182371333,0.444762866753978,0.5325285656980986,0.7473800363076586
colon,age_range,epithelial,Villus Tip Enterocytes,inferential,2,50-59 | 60-69,12,11,5,0.09594300743651989,0.5604106478408523,50-59,0.0,50-59,0.0,7,0,False,-0.1755494519014317,0.5852502070420076,0.6538124224809944,0.7473800363076586
colon,age_range,lymphoid,CD4 Memory,descriptive,3,0-9 | 20-29 | 50-59,11,9,4,0.26796336758884803,,50-59,8.49260728452939,20-29,0.0,7,0,False,0.66332495807108,0.02607929201068389,,0.4505822944931309
colon,age_range,lymphoid,CD4 Naive,descriptive,3,0-9 | 20-29 | 50-59,11,9,4,0.11950415904671886,,0-9,6.666666666666667,20-29,0.0,7,0,False,-0.44221663871405337,0.17323052623066273,,0.7161930333143561
colon,age_range,lymphoid,CD4 Tfh,descriptive,3,0-9 | 20-29 | 50-59,11,9,4,0.0,,0-9,0.8333333333333334,20-29,0.0,7,0,False,-0.09547859244962516,0.7800539410580106,,0.846431790017216
colon,age_range,lymphoid,CD4 Tfr,descriptive,3,0-9 | 20-29 | 50-59,11,9,4,0.0,,0-9,0.0,0-9,0.0,7,0,False,0.05527707983925667,0.8717611095653064,,0.9082079757045368
colon,age_range,lymphoid,CD4 Th17,descriptive,3,0-9 | 20-29 | 50-59,11,9,4,0.15418911754333053,,50-59,7.861521817526145,20-29,0.0,7,0,False,0.5728715546977509,0.0654595303397044,,0.7161930333143561
colon,age_range,lymphoid,CD4 Tr1,descriptive,3,0-9 | 20-29 | 50-59,11,9,4,0.0846855909286782,,0-9,0.0,0-9,0.0,7,0,False,-0.15075567228888181,0.6581584423866587,,0.7931653023634092
colon,age_range,lymphoid,CD4 pTreg,descriptive,3,0-9 | 20-29 | 50-59,11,9,4,0.0,,0-9,0.0,0-9,0.0,7,0,False,0.26130983196739516,0.4376599418502827,,0.7473800363076586
colon,age_range,lymphoid,CD4 tTreg,descriptive,3,0-9 | 20-29 | 50-59,11,9,4,0.0,,0-9,0.8333333333333334,20-29,0.0,7,0,False,-0.09547859244962516,0.7800539410580106,,0.846431790017216
colon,age_range,lymphoid,CD8 Circulating Effector Memory,descriptive,3,0-9 | 20-29 | 50-59,11,9,4,0.0,,50-59,2.6383114806523826,20-29,0.0,7,0,False,0.4874433404007179,0.12830240201064372,,0.7161930333143561
colon,age_range,lymphoid,CD8 Effector Memory,descriptive,3,0-9 | 20-29 | 50-59,11,9,4,0.014834505538133742,,20-29,7.142857142857142,50-59,0.0,7,0,False,-0.24623426473850699,0.465462891040787,,0.7473800363076586
colon,age_range,lymphoid,CD8 IEL,descriptive,3,0-9 | 20-29 | 50-59,11,9,4,0.4795810261945685,,0-9,30.0,50-59,1.6807909604519775,7,0,False,-0.5477456093162706,0.08111078806208094,,0.7161930333143561
colon,age_range,lymphoid,CD8 Memory Exhausted,descriptive,3,0-9 | 20-29 | 50-59,11,9,4,0.0,,0-9,0.0,0-9,0.0,7,0,False,0.05527707983925667,0.8717611095653064,,0.9082079757045368
colon,age_range,lymphoid,CD8 Naive,descriptive,3,0-9 | 20-29 | 50-59,11,9,4,0.25961392009574735,,0-9,1.6666666666666667,20-29,0.0,7,0,False,-0.6482493908421918,0.030986632622097252,,0.4505822944931309
colon,age_range,lymphoid,CD8 TRM,descriptive,3,0-9 | 20-29 | 50-59,11,9,4,0.0,,0-9,10.555555555555557,20-29,0.0,7,0,False,-0.14573048321258578,0.6689826179853843,,0.7960046340585585
colon,age_range,lymphoid,GC B Dark Zone (GC B DZ),descriptive,3,0-9 | 20-29 | 50-59,11,9,4,0.0,,0-9,3.888888888888889,20-29,0.0,7,0,False,0.015075567228888184,0.9649102268524268,,0.9752856056357861
colon,age_range,lymphoid,GC B Light Zone (GC B LZ),descriptive,3,0-9 | 20-29 | 50-59,11,9,4,0.0,,50-59,2.127659574468085,20-29,0.0,7,0,False,0.21105794120443455,0.5333104828086446,,0.7473800363076586
colon,age_range,lymphoid,Gamma Delta T Cells,descriptive,3,0-9 | 20-29 | 50-59,11,9,4,0.8731814537292313,,0-9,9.166666666666666,20-29,0.0,7,0,False,-0.7688539286732973,0.005683668651270812,,0.4505822944931309
colon,age_range,lymphoid,ILC3,descriptive,3,0-9 | 20-29 | 50-59,11,9,4,0.0846855909286782,,0-9,0.0,0-9,0.0,7,0,False,-0.15075567228888181,0.6581584423866587,,0.7931653023634092
colon,age_range,lymphoid,MAIT Cells,descriptive,3,0-9 | 20-29 | 50-59,11,9,4,0.0,,0-9,0.8333333333333334,20-29,0.0,7,0,False,0.18090680674665818,0.594502686775326,,0.7473800363076586
colon,age_range,lymphoid,Memory B,descriptive,3,0-9 | 20-29 | 50-59,11,9,4,0.019520266530312698,,0-9,3.3333333333333335,20-29,0.0,7,0,False,0.3165869118066518,0.3428583670121918,,0.7161930333143561
colon,age_range,lymphoid,NK Cells,descriptive,3,0-9 | 20-29 | 50-59,11,9,4,0.0,,0-9,0.8333333333333334,20-29,0.0,7,0,False,-0.3718639916459085,0.2601181698884204,,0.7161930333143561
colon,age_range,lymphoid,NKT Cells,descriptive,3,0-9 | 20-29 | 50-59,11,9,4,0.4647608693014752,,20-29,12.5,0-9,0.0,7,0,False,-0.03015113445777637,0.92987624557313,,0.9500909465638502
colon,age_range,lymphoid,Naive B,descriptive,3,0-9 | 20-29 | 50-59,11,9,4,0.0685567223428919,,0-9,8.88888888888889,20-29,0.0,7,0,False,-0.15075567228888181,0.6581584423866587,,0.7931653023634092
colon,age_range,lymphoid,Plasma Cells,descriptive,3,0-9 | 20-29 | 50-59,11,9,4,0.0,,50-59,1.0638297872340425,20-29,0.0,7,0,False,0.18090680674665818,0.594502686775326,,0.7473800363076586
colon,age_range,lymphoid,Plasma IGA,descriptive,3,0-9 | 20-29 | 50-59,11,9,4,0.05619336526581121,,20-29,46.15384615384615,50-59,5.517490082942661,7,0,False,-0.22110831935702668,0.5135175214559262,,0.7473800363076586
colon,age_range,lymphoid,Plasma IGG,descriptive,3,0-9 | 20-29 | 50-59,11,9,4,0.0,,50-59,0.8333333333333334,0-9,0.0,7,0,False,0.26130983196739516,0.4376599418502827,,0.7473800363076586
colon,age_range,myeloid,Classical Monocytes,descriptive,2,30-39 | 50-59,5,5,5,0.1522196497197104,,30-39,7.142857142857142,50-59,0.0,7,0,False,-0.6454972243679028,0.23944259863600284,,0.7161930333143561
colon,age_range,myeloid,Cycling Macrophages,descriptive,2,30-39 | 50-59,5,5,5,0.0,,30-39,50.0,50-59,0.0,7,0,False,0.0,1.0,,1.0
colon,age_range,myeloid,Eosinophils,descriptive,2,30-39 | 50-59,5,5,5,0.0026753502873170256,,30-39,0.0,30-39,0.0,7,0,False,0.6454972243679028,0.23944259863600284,,0.7161930333143561
colon,age_range,myeloid,Follicle Associated Resident Macrophages,descriptive,2,30-39 | 50-59,5,5,5,0.10107973254549175,,30-39,0.0,30-39,0.0,7,0,False,0.3227486121839514,0.5963138587561105,,0.7473800363076586
colon,age_range,myeloid,Homeostatic Macrophages,descriptive,2,30-39 | 50-59,5,5,5,0.10107973254549175,,30-39,0.0,30-39,0.0,7,0,False,0.3227486121839514,0.5963138587561105,,0.7473800363076586
colon,age_range,myeloid,M0 Macrophages,descriptive,2,30-39 | 50-59,5,5,5,0.1522196497197104,,30-39,7.142857142857142,50-59,0.0,7,0,False,-0.6454972243679028,0.23944259863600284,,0.7161930333143561
colon,age_range,myeloid,Mast Cells,descriptive,2,30-39 | 50-59,5,5,5,0.14664554884154163,,30-39,14.285714285714285,50-59,0.0,7,0,False,-0.6454972243679028,0.23944259863600284,,0.7161930333143561
colon,age_range,myeloid,Monocyte Derived Dendritic Cells (MO DC),descriptive,2,30-39 | 50-59,5,5,5,0.10107973254549175,,30-39,0.0,30-39,0.0,7,0,False,0.3227486121839514,0.5963138587561105,,0.7473800363076586
colon,age_range,myeloid,Neutrophils,descriptive,2,30-39 | 50-59,5,5,5,0.10107973254549175,,30-39,0.0,30-39,0.0,7,0,False,0.3227486121839514,0.5963138587561105,,0.7473800363076586
colon,age_range,myeloid,Nonclassical Monocytes,descriptive,2,30-39 | 50-59,5,5,5,0.10107973254549175,,30-39,0.0,30-39,0.0,7,0,False,0.3227486121839514,0.5963138587561105,,0.7473800363076586
colon,age_range,myeloid,Perivascular Resident Macrophages,descriptive,2,30-39 | 50-59,5,5,5,0.10107973254549175,,30-39,0.0,30-39,0.0,7,0,False,0.3227486121839514,0.5963138587561105,,0.7473800363076586
colon,age_range,myeloid,Tolerogenic cDC2,descriptive,2,30-39 | 50-59,5,5,5,0.10107973254549175,,30-39,0.0,30-39,0.0,7,0,False,0.3227486121839514,0.5963138587561105,,0.7473800363076586
colon,age_range,myeloid,cDC1,descriptive,2,30-39 | 50-59,5,5,5,0.023274628905409614,,30-39,0.0,30-39,0.0,7,0,False,0.4442616583193193,0.4535493471690853,,0.7473800363076586
colon,age_range,myeloid,cDC2,descriptive,2,30-39 | 50-59,5,5,5,0.0,,30-39,14.285714285714285,50-59,0.0,7,0,False,-0.4442616583193193,0.4535493471690853,,0.7473800363076586
colon,age_range,myeloid,migDC,descriptive,2,30-39 | 50-59,5,5,5,0.1522196497197104,,30-39,7.142857142857142,50-59,0.0,7,0,False,-0.6454972243679028,0.23944259863600284,,0.7161930333143561
colon,age_range,myeloid,pDC,descriptive,2,30-39 | 50-59,5,5,5,0.10107973254549175,,30-39,0.0,30-39,0.0,7,0,False,0.3227486121839514,0.5963138587561105,,0.7473800363076586
colon,age_range,stroma,Adipocytes,descriptive,3,20-29 | 50-59 | 60-69,9,8,4,0.0,,20-29,0.0,20-29,0.0,7,0,False,0.2537340189666186,0.5100322956267047,,0.7473800363076586
colon,age_range,stroma,Angiogenic Pericytes,descriptive,3,20-29 | 50-59 | 60-69,9,8,4,0.0245137566255316,,20-29,0.0,20-29,0.0,7,0,False,0.10734900802433867,0.7833996354414658,,0.846431790017216
colon,age_range,stroma,Arteriolar Endothelial,descriptive,3,20-29 | 50-59 | 60-69,9,8,4,0.0,,20-29,50.0,50-59,0.0,7,0,False,-0.13026778945578593,0.7383448778952837,,0.846431790017216
colon,age_range,stroma,Capillary Endothelial,descriptive,3,20-29 | 50-59 | 60-69,9,8,4,0.0,,20-29,0.0,20-29,0.0,7,0,False,0.2537340189666186,0.5100322956267047,,0.7473800363076586
colon,age_range,stroma,Contractile Pericytes,descriptive,3,20-29 | 50-59 | 60-69,9,8,4,0.2611869579665674,,20-29,7.5,50-59,0.0,7,0,False,-0.3610830269909573,0.33971494379481315,,0.7161930333143561
colon,age_range,stroma,Crypt Bottom Fibroblasts (S2A),descriptive,3,20-29 | 50-59 | 60-69,9,8,4,0.0766457483146384,,50-59,25.0,20-29,0.0,7,0,False,0.4959671731606862,0.17449970546908614,,0.7161930333143561
colon,age_range,stroma,Crypt Top Fibroblasts (S2B),descriptive,3,20-29 | 50-59 | 60-69,9,8,4,0.0,,20-29,0.0,20-29,0.0,7,0,False,0.2537340189666186,0.5100322956267047,,0.7473800363076586
colon,age_range,stroma,Fibroblastic Reticular Cells (FRC),descriptive,3,20-29 | 50-59 | 60-69,9,8,4,0.0,,20-29,0.0,20-29,0.0,7,0,False,0.5074680379332372,0.16315168048935302,,0.7161930333143561
colon,age_range,stroma,Follicular Dendritic Cells (fDC),descriptive,3,20-29 | 50-59 | 60-69,9,8,4,0.0,,20-29,0.0,20-29,0.0,7,0,False,0.2537340189666186,0.5100322956267047,,0.7473800363076586
colon,age_range,stroma,Glia,descriptive,3,20-29 | 50-59 | 60-69,9,8,4,0.0,,20-29,0.0,20-29,0.0,7,0,False,0.10734900802433867,0.7833996354414658,,0.846431790017216
colon,age_range,stroma,Interstitial Cells of Cajal (ICC),descriptive,3,20-29 | 50-59 | 60-69,9,8,4,0.0,,20-29,0.0,20-29,0.0,7,0,False,0.2537340189666186,0.5100322956267047,,0.7473800363076586
colon,age_range,stroma,Lamina propria Fibroblasts (S1),descriptive,3,20-29 | 50-59 | 60-69,9,8,4,0.2520225030754533,,20-29,20.0,50-59,0.0,7,0,False,-0.3610830269909573,0.33971494379481315,,0.7161930333143561
colon,age_range,stroma,Lymphatic Endothelial,descriptive,3,20-29 | 50-59 | 60-69,9,8,4,0.25804481558410114,,20-29,10.0,50-59,0.0,7,0,False,-0.3610830269909573,0.33971494379481315,,0.7161930333143561
colon,age_range,stroma,Marginal Reticular Cells (MRC),descriptive,3,20-29 | 50-59 | 60-69,9,8,4,0.0,,20-29,0.0,20-29,0.0,7,0,False,0.45593726309525073,0.21740391889394273,,0.7161930333143561
colon,age_range,stroma,Medullary Sinus Endothelial,descriptive,3,20-29 | 50-59 | 60-69,9,8,4,0.0,,20-29,0.0,20-29,0.0,7,0,False,0.2537340189666186,0.5100322956267047,,0.7473800363076586
colon,age_range,stroma,Mesenchymal Lymphoid Tissue Organizer Cells (mLTo Cells),descriptive,3,20-29 | 50-59 | 60-69,9,8,4,0.0,,20-29,0.0,20-29,0.0,7,0,False,0.2537340189666186,0.5100322956267047,,0.7473800363076586
colon,age_range,stroma,Muscularis Propria Fibroblasts,descriptive,3,20-29 | 50-59 | 60-69,9,8,4,0.05159063860443361,,20-29,0.0,20-29,0.0,7,0,False,0.36754126310739604,0.3304990849302222,,0.7161930333143561
colon,age_range,stroma,Myofibroblasts,descriptive,3,20-29 | 50-59 | 60-69,9,8,4,0.26608300700811943,,20-29,5.0,50-59,0.0,7,0,False,-0.3610830269909573,0.33971494379481315,,0.7161930333143561
colon,age_range,stroma,Post Arteriole Capillary Endothelial (PAC),descriptive,3,20-29 | 50-59 | 60-69,9,8,4,0.0245137566255316,,20-29,0.0,20-29,0.0,7,0,False,0.10734900802433867,0.7833996354414658,,0.846431790017216
colon,age_range,stroma,Pre Venule Capillary Endothelial (PVC),descriptive,3,20-29 | 50-59 | 60-69,9,8,4,0.0,,20-29,0.0,20-29,0.0,7,0,False,0.2537340189666186,0.5100322956267047,,0.7473800363076586
colon,age_range,stroma,Secretory Pericytes,descriptive,3,20-29 | 50-59 | 60-69,9,8,4,0.0,,20-29,0.0,20-29,0.0,7,0,False,0.2537340189666186,0.5100322956267047,,0.7473800363076586
colon,age_range,stroma,Smooth Muscle Cells (SMC),descriptive,3,20-29 | 50-59 | 60-69,9,8,4,0.0,,20-29,0.0,20-29,0.0,7,0,False,0.2537340189666186,0.5100322956267047,,0.7473800363076586
colon,age_range,stroma,Submucosal Fibroblasts (S3),descriptive,3,20-29 | 50-59 | 60-69,9,8,4,0.27028127085886416,,20-29,2.5,50-59,0.0,7,0,False,-0.3610830269909573,0.33971494379481315,,0.7161930333143561
colon,age_range,stroma,Venular Endothelial,descriptive,3,20-29 | 50-59 | 60-69,9,8,4,0.021758157285572417,,20-29,5.0,50-59,0.0,7,0,False,-0.5074680379332372,0.16315168048935302,,0.7161930333143561
colon,assay,epithelial,BEST4 Colonocytes,inferential,2,10x 3' v2 | 10x 3' v3,25,21,6,0.0,0.6965783986198962,10x 3' v2,0.0,10x 3' v2,0.0,0,0,False,,,0.9123114081652951,
colon,assay,epithelial,BEST4 Enterocytes,inferential,2,10x 3' v2 | 10x 3' v3,25,21,6,0.0,0.9999999043312117,10x 3' v2,0.0,10x 3' v2,0.0,0,0,False,,,0.9999999043312117,
colon,assay,epithelial,Brunners Gland Cells,inferential,2,10x 3' v2 | 10x 3' v3,25,21,6,0.036083765364823835,0.4171547260371756,10x 3' v2,0.0,10x 3' v2,0.0,0,0,False,,,0.8874220010375042,
colon,assay,epithelial,Colonocyte Progenitors,inferential,2,10x 3' v2 | 10x 3' v3,25,21,6,0.0,0.8011928207080418,10x 3' v2,0.0,10x 3' v2,0.0,0,0,False,,,0.9123114081652951,
colon,assay,epithelial,Crypt Top Colonocytes,inferential,2,10x 3' v2 | 10x 3' v3,25,21,6,0.0,0.5199008389315124,10x 3' v2,0.0,10x 3' v2,0.0,0,0,False,,,0.9123114081652951,
colon,assay,epithelial,EEC Enterochromaffin (EC),inferential,2,10x 3' v2 | 10x 3' v3,25,21,6,0.0,0.8887461695304955,10x 3' v2,0.0,10x 3' v2,0.0,0,0,False,,,0.9123114081652951,
colon,assay,epithelial,EEC L,inferential,2,10x 3' v2 | 10x 3' v3,25,21,6,0.0,0.8887461695304955,10x 3' v2,0.0,10x 3' v2,0.0,0,0,False,,,0.9123114081652951,
colon,assay,epithelial,EEC N,inferential,2,10x 3' v2 | 10x 3' v3,25,21,6,0.0,0.6747245105808788,10x 3' v2,0.0,10x 3' v2,0.0,0,0,False,,,0.9123114081652951,
colon,assay,epithelial,EEC Progenitors,inferential,2,10x 3' v2 | 10x 3' v3,25,21,6,0.0,0.8238062561343196,10x 3' v2,0.0,10x 3' v2,0.0,0,0,False,,,0.9123114081652951,
colon,assay,epithelial,EEC S,inferential,2,10x 3' v2 | 10x 3' v3,25,21,6,0.0,0.6747245105808788,10x 3' v2,0.0,10x 3' v2,0.0,0,0,False,,,0.9123114081652951,
colon,assay,epithelial,Enterocyte Progenitors,inferential,2,10x 3' v2 | 10x 3' v3,25,21,6,0.0,0.4842679523119149,10x 3' v2,0.0,10x 3' v2,0.0,0,0,False,,,0.9123114081652951,
colon,assay,epithelial,Enteroendocrine Cells (EEC),inferential,2,10x 3' v2 | 10x 3' v3,25,21,6,0.0,0.8887461695304955,10x 3' v2,0.0,10x 3' v2,0.0,0,0,False,,,0.9123114081652951,
colon,assay,epithelial,Epithelial,inferential,2,10x 3' v2 | 10x 3' v3,25,21,6,0.0,0.8011928207080418,10x 3' v2,0.0,10x 3' v2,0.0,0,0,False,,,0.9123114081652951,
colon,assay,epithelial,Foveolar Cells,inferential,2,10x 3' v2 | 10x 3' v3,25,21,6,0.0,0.6747245105808788,10x 3' v2,0.0,10x 3' v2,0.0,0,0,False,,,0.9123114081652951,
colon,assay,epithelial,Goblet Cells,inferential,2,10x 3' v2 | 10x 3' v3,25,21,6,0.0,0.8889188079559286,10x 3' v2,0.0,10x 3' v2,0.0,0,0,False,,,0.9123114081652951,
colon,assay,epithelial,Intestinal Stem Cells (ISC),inferential,2,10x 3' v2 | 10x 3' v3,25,21,6,0.11408352219360417,0.06897521705712106,10x 3' v2,0.0,10x 3' v2,0.0,0,0,False,,,0.7548132886184339,
colon,assay,epithelial,Lower Crypt Colonocytes,inferential,2,10x 3' v2 | 10x 3' v3,25,21,6,0.0,0.8447296879117634,10x 3' v2,0.0,10x 3' v2,0.0,0,0,False,,,0.9123114081652951,
colon,assay,epithelial,Lower Villus Enterocytes,inferential,2,10x 3' v2 | 10x 3' v3,25,21,6,0.0,0.6747245105808788,10x 3' v2,0.0,10x 3' v2,0.0,0,0,False,,,0.9123114081652951,
colon,assay,epithelial,Mature Goblet Cells,inferential,2,10x 3' v2 | 10x 3' v3,25,21,6,0.0,0.6747245105808788,10x 3' v2,0.0,10x 3' v2,0.0,0,0,False,,,0.9123114081652951,
colon,assay,epithelial,Microfold Cells (M Cells),inferential,2,10x 3' v2 | 10x 3' v3,25,21,6,0.0,0.8011928207080418,10x 3' v2,0.0,10x 3' v2,0.0,0,0,False,,,0.9123114081652951,
colon,assay,epithelial,Mid Crypt Colonocytes,inferential,2,10x 3' v2 | 10x 3' v3,25,21,6,0.13286294033918453,0.1381159072601392,10x 3' v2,0.0,10x 3' v2,0.0,0,0,False,,,0.7548132886184339,
colon,assay,epithelial,Mid Villus Enterocytes,inferential,2,10x 3' v2 | 10x 3' v3,25,21,6,0.0,0.7160697867529855,10x 3' v2,0.0,10x 3' v2,0.0,0,0,False,,,0.9123114081652951,
colon,assay,epithelial,Paneth Cells,inferential,2,10x 3' v2 | 10x 3' v3,25,21,6,0.0,0.6747245105808788,10x 3' v2,0.0,10x 3' v2,0.0,0,0,False,,,0.9123114081652951,
colon,assay,epithelial,Secretory Progenitors,inferential,2,10x 3' v2 | 10x 3' v3,25,21,6,0.0,0.9331084643294686,10x 3' v2,0.0,10x 3' v2,0.0,0,0,False,,,0.9452267560740071,
colon,assay,epithelial,Transiently Amplifying Cells (TA),inferential,2,10x 3' v2 | 10x 3' v3,25,21,6,0.0,0.8887461695304955,10x 3' v2,0.0,10x 3' v2,0.0,0,0,False,,,0.9123114081652951,
colon,assay,epithelial,Tuft Cells,inferential,2,10x 3' v2 | 10x 3' v3,25,21,6,0.01974415124987623,0.4842679523119149,10x 3' v2,0.0,10x 3' v2,0.0,0,0,False,,,0.9123114081652951,
colon,assay,epithelial,Tuft Progenitors,inferential,2,10x 3' v2 | 10x 3' v3,25,21,6,0.0,0.6155721978407618,10x 3' v2,0.0,10x 3' v2,0.0,0,0,False,,,0.9123114081652951,
colon,assay,epithelial,Villus Tip Enterocytes,inferential,2,10x 3' v2 | 10x 3' v3,25,21,6,0.01333846625837006,0.3558612440620046,10x 3' v2,0.0,10x 3' v2,0.0,0,0,False,,,0.8874220010375042,
colon,assay,lymphoid,CD4 Memory,inferential,2,10x 3' v2 | 10x 3' v3,12,10,4,0.0,0.336668367610035,10x 3' v3,4.276729559748428,10x 3' v2,0.0,0,0,False,,,0.8874220010375042,
colon,assay,lymphoid,CD4 Naive,inferential,2,10x 3' v2 | 10x 3' v3,12,10,4,0.0,0.2623316754083529,10x 3' v2,0.0,10x 3' v2,0.0,0,0,False,,,0.7869950262250587,
colon,assay,lymphoid,CD4 Tfh,inferential,2,10x 3' v2 | 10x 3' v3,12,10,4,0.0,0.8727801237939032,10x 3' v3,0.8333333333333334,10x 3' v2,0.0,0,0,False,,,0.9123114081652951,
colon,assay,lymphoid,CD4 Tfr,inferential,2,10x 3' v2 | 10x 3' v3,12,10,4,0.0,0.42333964158244053,10x 3' v2,0.0,10x 3' v2,0.0,0,0,False,,,0.8874220010375042,
colon,assay,lymphoid,CD4 Th17,inferential,2,10x 3' v2 | 10x 3' v3,12,10,4,0.0,0.2623316754083529,10x 3' v3,5.220125786163522,10x 3' v2,0.0,0,0,False,,,0.7869950262250587,
colon,assay,lymphoid,CD4 Tr1,inferential,2,10x 3' v2 | 10x 3' v3,12,10,4,0.2635043515668736,0.07816908582428324,10x 3' v2,0.0,10x 3' v2,0.0,0,0,False,,,0.7548132886184339,
colon,assay,lymphoid,CD4 pTreg,inferential,2,10x 3' v2 | 10x 3' v3,12,10,4,0.22352853912441292,0.05466393589167514,10x 3' v2,0.0,10x 3' v2,0.0,0,0,False,,,0.7548132886184339,
colon,assay,lymphoid,CD4 tTreg,inferential,2,10x 3' v2 | 10x 3' v3,12,10,4,0.09426804215080781,0.2001848041775744,10x 3' v2,0.0,10x 3' v2,0.0,0,0,False,,,0.7548132886184339,
colon,assay,lymphoid,CD8 Circulating Effector Memory,inferential,2,10x 3' v2 | 10x 3' v3,12,10,4,0.02922946673231233,0.42333964158244053,10x 3' v3,3.794326241134752,10x 3' v2,0.847457627118644,0,0,False,,,0.8874220010375042,
colon,assay,lymphoid,CD8 Effector Memory,inferential,2,10x 3' v2 | 10x 3' v3,12,10,4,0.0,0.6309540411841686,10x 3' v3,1.6666666666666667,10x 3' v2,0.0,0,0,False,,,0.9123114081652951,
colon,assay,lymphoid,CD8 IEL,inferential,2,10x 3' v2 | 10x 3' v3,12,10,4,0.0,0.336668367610035,10x 3' v2,5.813953488372093,10x 3' v3,2.007226013649137,0,0,False,,,0.8874220010375042,
colon,assay,lymphoid,CD8 Memory Exhausted,inferential,2,10x 3' v2 | 10x 3' v3,12,10,4,0.04019181506744034,0.14954135458461063,10x 3' v2,0.0,10x 3' v2,0.0,0,0,False,,,0.7548132886184339,
colon,assay,lymphoid,CD8 Naive,inferential,2,10x 3' v2 | 10x 3' v3,12,10,4,0.0,0.42333964158244053,10x 3' v2,0.0,10x 3' v2,0.0,0,0,False,,,0.8874220010375042,
colon,assay,lymphoid,CD8 TRM,inferential,2,10x 3' v2 | 10x 3' v3,12,10,4,0.5112463931489929,0.003947751856903449,10x 3' v3,4.386792452830189,10x 3' v2,0.0,0,0,False,,,0.307924644838469,
colon,assay,lymphoid,GC B Dark Zone (GC B DZ),inferential,2,10x 3' v2 | 10x 3' v3,12,10,4,0.0,0.5218393903336124,10x 3' v3,4.285714285714286,10x 3' v2,0.0,0,0,False,,,0.9123114081652951,
colon,assay,lymphoid,GC B Light Zone (GC B LZ),inferential,2,10x 3' v2 | 10x 3' v3,12,10,4,0.0,0.42333964158244053,10x 3' v2,1.9230769230769231,10x 3' v3,1.3888888888888888,0,0,False,,,0.8874220010375042,
colon,assay,lymphoid,Gamma Delta T Cells,inferential,2,10x 3' v2 | 10x 3' v3,12,10,4,0.0,0.7487740417065392,10x 3' v2,0.0,10x 3' v2,0.0,0,0,False,,,0.9123114081652951,
colon,assay,lymphoid,ILC3,inferential,2,10x 3' v2 | 10x 3' v3,12,10,4,0.2635043515668736,0.07816908582428324,10x 3' v2,0.0,10x 3' v2,0.0,0,0,False,,,0.7548132886184339,
colon,assay,lymphoid,MAIT Cells,inferential,2,10x 3' v2 | 10x 3' v3,12,10,4,0.0,0.6309540411841686,10x 3' v3,0.8333333333333334,10x 3' v2,0.0,0,0,False,,,0.9123114081652951,
colon,assay,lymphoid,Memory B,inferential,2,10x 3' v2 | 10x 3' v3,12,10,4,0.023871527886016243,0.42333964158244053,10x 3' v3,4.166666666666667,10x 3' v2,0.0,0,0,False,,,0.8874220010375042,
colon,assay,lymphoid,NK Cells,inferential,2,10x 3' v2 | 10x 3' v3,12,10,4,0.004996283727886539,0.42333964158244053,10x 3' v2,0.0,10x 3' v2,0.0,0,0,False,,,0.8874220010375042,
colon,assay,lymphoid,NKT Cells,inferential,2,10x 3' v2 | 10x 3' v3,12,10,4,0.1719616828813247,0.10931457620866572,10x 3' v2,7.412790697674419,10x 3' v3,0.0,0,0,False,,,0.7548132886184339,
colon,assay,lymphoid,Naive B,inferential,2,10x 3' v2 | 10x 3' v3,12,10,4,0.026209649679830478,0.336668367610035,10x 3' v3,4.580378250591016,10x 3' v2,0.0,0,0,False,,,0.8874220010375042,
colon,assay,lymphoid,Plasma Cells,inferential,2,10x 3' v2 | 10x 3' v3,12,10,4,0.0,0.6309540411841686,10x 3' v3,0.8333333333333334,10x 3' v2,0.0,0,0,False,,,0.9123114081652951,
colon,assay,lymphoid,Plasma IGA,inferential,2,10x 3' v2 | 10x 3' v3,12,10,4,0.0,0.7487740417065392,10x 3' v2,39.74358974358974,10x 3' v3,5.699088145896656,0,0,False,,,0.9123114081652951,
colon,assay,lymphoid,Plasma IGG,inferential,2,10x 3' v2 | 10x 3' v3,12,10,4,0.1703678884996174,0.10931457620866572,10x 3' v2,1.1627906976744187,10x 3' v3,0.0,0,0,False,,,0.7548132886184339,
colon,assay,myeloid,Classical Monocytes,descriptive,3,10x 3' v2 | 10x 3' v3 | 10x 5' v1,7,7,6,0.0,,10x 3' v2,0.0,10x 3' v2,0.0,0,0,False,,,,
colon,assay,myeloid,Cycling Macrophages,descriptive,3,10x 3' v2 | 10x 3' v3 | 10x 5' v1,7,7,6,0.1748988340217902,,10x 5' v1,50.0,10x 3' v2,0.0,0,0,False,,,,
colon,assay,myeloid,Eosinophils,descriptive,3,10x 3' v2 | 10x 3' v3 | 10x 5' v1,7,7,6,0.9639314404739667,,10x 3' v3,83.33333333333333,10x 3' v2,0.0,0,0,False,,,,
colon,assay,myeloid,Follicle Associated Resident Macrophages,descriptive,3,10x 3' v2 | 10x 3' v3 | 10x 5' v1,7,7,6,0.12029385080692398,,10x 3' v3,16.666666666666664,10x 3' v2,0.0,0,0,False,,,,
colon,assay,myeloid,Homeostatic Macrophages,descriptive,3,10x 3' v2 | 10x 3' v3 | 10x 5' v1,7,7,6,0.0,,10x 3' v2,0.0,10x 3' v2,0.0,0,0,False,,,,
colon,assay,myeloid,M0 Macrophages,descriptive,3,10x 3' v2 | 10x 3' v3 | 10x 5' v1,7,7,6,0.0,,10x 3' v2,0.0,10x 3' v2,0.0,0,0,False,,,,
colon,assay,myeloid,Mast Cells,descriptive,3,10x 3' v2 | 10x 3' v3 | 10x 5' v1,7,7,6,0.0,,10x 3' v2,0.0,10x 3' v2,0.0,0,0,False,,,,
colon,assay,myeloid,Monocyte Derived Dendritic Cells (MO DC),descriptive,3,10x 3' v2 | 10x 3' v3 | 10x 5' v1,7,7,6,0.0,,10x 3' v2,0.0,10x 3' v2,0.0,0,0,False,,,,
colon,assay,myeloid,Neutrophils,descriptive,3,10x 3' v2 | 10x 3' v3 | 10x 5' v1,7,7,6,0.0,,10x 3' v2,0.0,10x 3' v2,0.0,0,0,False,,,,
colon,assay,myeloid,Nonclassical Monocytes,descriptive,3,10x 3' v2 | 10x 3' v3 | 10x 5' v1,7,7,6,0.0,,10x 3' v2,0.0,10x 3' v2,0.0,0,0,False,,,,
colon,assay,myeloid,Perivascular Resident Macrophages,descriptive,3,10x 3' v2 | 10x 3' v3 | 10x 5' v1,7,7,6,0.0,,10x 3' v2,0.0,10x 3' v2,0.0,0,0,False,,,,
colon,assay,myeloid,Tolerogenic cDC2,descriptive,3,10x 3' v2 | 10x 3' v3 | 10x 5' v1,7,7,6,0.0,,10x 3' v2,0.0,10x 3' v2,0.0,0,0,False,,,,
colon,assay,myeloid,cDC1,descriptive,3,10x 3' v2 | 10x 3' v3 | 10x 5' v1,7,7,6,0.1748988340217902,,10x 5' v1,50.0,10x 3' v2,0.0,0,0,False,,,,
colon,assay,myeloid,cDC2,descriptive,3,10x 3' v2 | 10x 3' v3 | 10x 5' v1,7,7,6,0.29234221861167964,,10x 3' v2,28.57142857142857,10x 3' v3,0.0,0,0,False,,,,
colon,assay,myeloid,migDC,descriptive,3,10x 3' v2 | 10x 3' v3 | 10x 5' v1,7,7,6,0.0,,10x 3' v2,0.0,10x 3' v2,0.0,0,0,False,,,,
colon,assay,myeloid,pDC,descriptive,3,10x 3' v2 | 10x 3' v3 | 10x 5' v1,7,7,6,0.0,,10x 3' v2,0.0,10x 3' v2,0.0,0,0,False,,,,
colon,assay,stroma,Adipocytes,inferential,2,10x 3' v2 | 10x 3' v3,11,10,5,0.0,0.2322502426518258,10x 3' v2,0.0,10x 3' v2,0.0,0,0,False,,,0.7548132886184339,
colon,assay,stroma,Angiogenic Pericytes,inferential,2,10x 3' v2 | 10x 3' v3,11,10,5,0.14708358001056446,0.028519329549708105,10x 3' v2,0.0,10x 3' v2,0.0,0,0,False,,,0.7415025682924107,
colon,assay,stroma,Arteriolar Endothelial,inferential,2,10x 3' v2 | 10x 3' v3,11,10,5,0.0,0.1255512173787736,10x 3' v2,0.0,10x 3' v2,0.0,0,0,False,,,0.7548132886184339,
colon,assay,stroma,Capillary Endothelial,inferential,2,10x 3' v2 | 10x 3' v3,11,10,5,0.0,0.2322502426518258,10x 3' v2,0.0,10x 3' v2,0.0,0,0,False,,,0.7548132886184339,
colon,assay,stroma,Contractile Pericytes,inferential,2,10x 3' v2 | 10x 3' v3,11,10,5,0.07737357890575554,0.5503129903799919,10x 3' v2,0.0,10x 3' v2,0.0,0,0,False,,,0.9123114081652951,
colon,assay,stroma,Crypt Bottom Fibroblasts (S2A),inferential,2,10x 3' v2 | 10x 3' v3,11,10,5,0.0,0.19294729732384813,10x 3' v3,100.0,10x 3' v2,0.0,0,0,False,,,0.7548132886184339,
colon,assay,stroma,Crypt Top Fibroblasts (S2B),inferential,2,10x 3' v2 | 10x 3' v3,11,10,5,0.0,0.2322502426518258,10x 3' v2,0.0,10x 3' v2,0.0,0,0,False,,,0.7548132886184339,
colon,assay,stroma,Fibroblastic Reticular Cells (FRC),inferential,2,10x 3' v2 | 10x 3' v3,11,10,5,0.016988395163945447,0.6904870986800573,10x 3' v2,0.0,10x 3' v2,0.0,0,0,False,,,0.9123114081652951,
colon,assay,stroma,Follicular Dendritic Cells (fDC),inferential,2,10x 3' v2 | 10x 3' v3,11,10,5,0.0,0.2322502426518258,10x 3' v2,0.0,10x 3' v2,0.0,0,0,False,,,0.7548132886184339,
colon,assay,stroma,Glia,inferential,2,10x 3' v2 | 10x 3' v3,11,10,5,0.08393473238648837,0.028519329549708105,10x 3' v2,0.0,10x 3' v2,0.0,0,0,False,,,0.7415025682924107,
colon,assay,stroma,Interstitial Cells of Cajal (ICC),inferential,2,10x 3' v2 | 10x 3' v3,11,10,5,0.0,0.2322502426518258,10x 3' v2,0.0,10x 3' v2,0.0,0,0,False,,,0.7548132886184339,
colon,assay,stroma,Lamina propria Fibroblasts (S1),inferential,2,10x 3' v2 | 10x 3' v3,11,10,5,0.0,0.8421868203073826,10x 3' v2,0.0,10x 3' v2,0.0,0,0,False,,,0.9123114081652951,
colon,assay,stroma,Lymphatic Endothelial,inferential,2,10x 3' v2 | 10x 3' v3,11,10,5,0.0,0.8421868203073826,10x 3' v2,0.0,10x 3' v2,0.0,0,0,False,,,0.9123114081652951,
colon,assay,stroma,Marginal Reticular Cells (MRC),inferential,2,10x 3' v2 | 10x 3' v3,11,10,5,0.0,0.4437110005187521,10x 3' v2,0.0,10x 3' v2,0.0,0,0,False,,,0.8874220010375042,
colon,assay,stroma,Medullary Sinus Endothelial,inferential,2,10x 3' v2 | 10x 3' v3,11,10,5,0.0,0.2322502426518258,10x 3' v2,0.0,10x 3' v2,0.0,0,0,False,,,0.7548132886184339,
colon,assay,stroma,Mesenchymal Lymphoid Tissue Organizer Cells (mLTo Cells),inferential,2,10x 3' v2 | 10x 3' v3,11,10,5,0.0,0.2322502426518258,10x 3' v2,0.0,10x 3' v2,0.0,0,0,False,,,0.7548132886184339,
colon,assay,stroma,Muscularis Propria Fibroblasts,inferential,2,10x 3' v2 | 10x 3' v3,11,10,5,0.0,0.4437110005187521,10x 3' v2,0.0,10x 3' v2,0.0,0,0,False,,,0.8874220010375042,
colon,assay,stroma,Myofibroblasts,inferential,2,10x 3' v2 | 10x 3' v3,11,10,5,0.0,0.8421868203073826,10x 3' v2,0.0,10x 3' v2,0.0,0,0,False,,,0.9123114081652951,
colon,assay,stroma,Post Arteriole Capillary Endothelial (PAC),inferential,2,10x 3' v2 | 10x 3' v3,11,10,5,0.0,0.2322502426518258,10x 3' v2,0.0,10x 3' v2,0.0,0,0,False,,,0.7548132886184339,
colon,assay,stroma,Pre Venule Capillary Endothelial (PVC),inferential,2,10x 3' v2 | 10x 3' v3,11,10,5,0.0,0.2322502426518258,10x 3' v2,0.0,10x 3' v2,0.0,0,0,False,,,0.7548132886184339,
colon,assay,stroma,Secretory Pericytes,inferential,2,10x 3' v2 | 10x 3' v3,11,10,5,0.0,0.6904870986800573,10x 3' v2,0.0,10x 3' v2,0.0,0,0,False,,,0.9123114081652951,
colon,assay,stroma,Smooth Muscle Cells (SMC),inferential,2,10x 3' v2 | 10x 3' v3,11,10,5,0.0,0.2322502426518258,10x 3' v2,0.0,10x 3' v2,0.0,0,0,False,,,0.7548132886184339,
colon,assay,stroma,Submucosal Fibroblasts (S3),inferential,2,10x 3' v2 | 10x 3' v3,11,10,5,0.0,0.8421868203073826,10x 3' v2,0.0,10x 3' v2,0.0,0,0,False,,,0.9123114081652951,
colon,assay,stroma,Venular Endothelial,inferential,2,10x 3' v2 | 10x 3' v3,11,10,5,0.0,0.8421868203073826,10x 3' v2,0.0,10x 3' v2,0.0,0,0,False,,,0.9123114081652951,
colon,sample_collection_method,epithelial,BEST4 Colonocytes,inferential,2,biopsy | surgical resection,29,25,9,0.0,0.6258084968511038,biopsy,0.0,biopsy,0.0,0,0,False,,,0.8046109245228478,
colon,sample_collection_method,epithelial,BEST4 Enterocytes,inferential,2,biopsy | surgical resection,29,25,9,0.03604600827724851,0.13136145432749896,biopsy,0.0,biopsy,0.0,0,0,False,,,0.5856222237698312,
colon,sample_collection_method,epithelial,Brunners Gland Cells,inferential,2,biopsy | surgical resection,29,25,9,0.0,0.530255654968848,biopsy,0.0,biopsy,0.0,0,0,False,,,0.7535211939030997,
colon,sample_collection_method,epithelial,Colonocyte Progenitors,inferential,2,biopsy | surgical resection,29,25,9,0.0,0.5906071488022882,biopsy,0.0,biopsy,0.0,0,0,False,,,0.7828400646373058,
colon,sample_collection_method,epithelial,Crypt Top Colonocytes,inferential,2,biopsy | surgical resection,29,25,9,0.0,0.39706549615569187,biopsy,0.0,biopsy,0.0,0,0,False,,,0.6502163604510465,
colon,sample_collection_method,epithelial,EEC Enterochromaffin (EC),inferential,2,biopsy | surgical resection,29,25,9,0.0,0.7198662142490453,biopsy,0.0,biopsy,0.0,0,0,False,,,0.8141328110607333,
colon,sample_collection_method,epithelial,EEC L,inferential,2,biopsy | surgical resection,29,25,9,0.0,0.7198662142490453,biopsy,0.0,biopsy,0.0,0,0,False,,,0.8141328110607333,
colon,sample_collection_method,epithelial,EEC N,inferential,2,biopsy | surgical resection,29,25,9,0.04807800818287983,0.28196625588917795,biopsy,0.0,biopsy,0.0,0,0,False,,,0.5856222237698312,
colon,sample_collection_method,epithelial,EEC Progenitors,inferential,2,biopsy | surgical resection,29,25,9,0.030146405462567066,0.21549171023678404,biopsy,0.0,biopsy,0.0,0,0,False,,,0.5856222237698312,
colon,sample_collection_method,epithelial,EEC S,inferential,2,biopsy | surgical resection,29,25,9,0.04807800818287983,0.28196625588917795,biopsy,0.0,biopsy,0.0,0,0,False,,,0.5856222237698312,
colon,sample_collection_method,epithelial,Enterocyte Progenitors,inferential,2,biopsy | surgical resection,29,25,9,0.0,0.7198662142490453,biopsy,0.0,biopsy,0.0,0,0,False,,,0.8141328110607333,
colon,sample_collection_method,epithelial,Enteroendocrine Cells (EEC),inferential,2,biopsy | surgical resection,29,25,9,0.10969099458146302,0.11663873469500026,biopsy,0.0,biopsy,0.0,0,0,False,,,0.5856222237698312,
colon,sample_collection_method,epithelial,Epithelial,inferential,2,biopsy | surgical resection,29,25,9,0.060270469379776655,0.2093946964359474,biopsy,0.0,biopsy,0.0,0,0,False,,,0.5856222237698312,
colon,sample_collection_method,epithelial,Foveolar Cells,inferential,2,biopsy | surgical resection,29,25,9,0.04807800818287983,0.28196625588917795,biopsy,0.0,biopsy,0.0,0,0,False,,,0.5856222237698312,
colon,sample_collection_method,epithelial,Goblet Cells,inferential,2,biopsy | surgical resection,29,25,9,0.0,0.5017401787383756,biopsy,0.0,biopsy,0.0,0,0,False,,,0.7322694500506022,
colon,sample_collection_method,epithelial,Intestinal Stem Cells (ISC),inferential,2,biopsy | surgical resection,29,25,9,0.0,0.5013001240432093,biopsy,0.0,biopsy,0.0,0,0,False,,,0.7322694500506022,
colon,sample_collection_method,epithelial,Lower Crypt Colonocytes,inferential,2,biopsy | surgical resection,29,25,9,0.034850718270845925,0.34648777208514414,biopsy,0.0,biopsy,0.0,0,0,False,,,0.6035593449225092,
colon,sample_collection_method,epithelial,Lower Villus Enterocytes,inferential,2,biopsy | surgical resection,29,25,9,0.04807800818287983,0.28196625588917795,biopsy,0.0,biopsy,0.0,0,0,False,,,0.5856222237698312,
colon,sample_collection_method,epithelial,Mature Goblet Cells,inferential,2,biopsy | surgical resection,29,25,9,0.04807800818287983,0.28196625588917795,biopsy,0.0,biopsy,0.0,0,0,False,,,0.5856222237698312,
colon,sample_collection_method,epithelial,Microfold Cells (M Cells),inferential,2,biopsy | surgical resection,29,25,9,0.0632314631460066,0.2093946964359474,biopsy,0.0,biopsy,0.0,0,0,False,,,0.5856222237698312,
colon,sample_collection_method,epithelial,Mid Crypt Colonocytes,inferential,2,biopsy | surgical resection,29,25,9,0.06319557591837294,0.26239748505368865,biopsy,0.0,biopsy,0.0,0,0,False,,,0.5856222237698312,
colon,sample_collection_method,epithelial,Mid Villus Enterocytes,inferential,2,biopsy | surgical resection,29,25,9,0.08587031614631045,0.07294286767205616,biopsy,0.0,biopsy,0.0,0,0,False,,,0.5856222237698312,
colon,sample_collection_method,epithelial,Paneth Cells,inferential,2,biopsy | surgical resection,29,25,9,0.04807800818287983,0.28196625588917795,biopsy,0.0,biopsy,0.0,0,0,False,,,0.5856222237698312,
colon,sample_collection_method,epithelial,Secretory Progenitors,inferential,2,biopsy | surgical resection,29,25,9,0.06818005245392124,0.3240087799945461,biopsy,0.0,biopsy,0.0,0,0,False,,,0.6035593449225092,
colon,sample_collection_method,epithelial,Transiently Amplifying Cells (TA),inferential,2,biopsy | surgical resection,29,25,9,0.0,0.8930158295259201,biopsy,0.0,biopsy,0.0,0,0,False,,,0.9232834575616116,
colon,sample_collection_method,epithelial,Tuft Cells,inferential,2,biopsy | surgical resection,29,25,9,0.03814112061406007,0.7198662142490453,biopsy,0.0,biopsy,0.0,0,0,False,,,0.8141328110607333,
colon,sample_collection_method,epithelial,Tuft Progenitors,inferential,2,biopsy | surgical resection,29,25,9,0.0,0.5943785675949915,biopsy,0.0,biopsy,0.0,0,0,False,,,0.7828400646373058,
colon,sample_collection_method,epithelial,Villus Tip Enterocytes,inferential,2,biopsy | surgical resection,29,25,9,0.008027672693973208,0.24378745223697157,biopsy,0.0,biopsy,0.0,0,0,False,,,0.5856222237698312,
colon,sample_collection_method,lymphoid,CD4 Memory,inferential,2,biopsy | surgical resection,15,13,6,0.0,0.40939548620991817,biopsy,6.666666666666667,surgical resection,0.0,0,0,False,,,0.6502163604510465,
colon,sample_collection_method,lymphoid,CD4 Naive,inferential,2,biopsy | surgical resection,15,13,6,0.0,0.23859282931643258,biopsy,0.0,biopsy,0.0,0,0,False,,,0.5856222237698312,
colon,sample_collection_method,lymphoid,CD4 Tfh,inferential,2,biopsy | surgical resection,15,13,6,0.0,0.7236736098317629,biopsy,0.0,biopsy,0.0,0,0,False,,,0.8141328110607333,
colon,sample_collection_method,lymphoid,CD4 Tfr,inferential,2,biopsy | surgical resection,15,13,6,0.10378040002604318,0.09896015401940611,biopsy,0.0,biopsy,0.0,0,0,False,,,0.5856222237698312,
colon,sample_collection_method,lymphoid,CD4 Th17,inferential,2,biopsy | surgical resection,15,13,6,0.0,0.7236736098317629,biopsy,3.7735849056603774,surgical resection,0.0,0,0,False,,,0.8141328110607333,
colon,sample_collection_method,lymphoid,CD4 Tr1,inferential,2,biopsy | surgical resection,15,13,6,0.3863899968160625,0.018422125454098992,biopsy,0.0,biopsy,0.0,0,0,False,,,0.4973973872606728,
colon,sample_collection_method,lymphoid,CD4 pTreg,inferential,2,biopsy | surgical resection,15,13,6,0.2589525891265813,0.045126948888676084,biopsy,0.0,biopsy,0.0,0,0,False,,,0.5856222237698312,
colon,sample_collection_method,lymphoid,CD4 tTreg,inferential,2,biopsy | surgical resection,15,13,6,0.0064219926386658,0.40939548620991817,biopsy,0.0,biopsy,0.0,0,0,False,,,0.6502163604510465,
colon,sample_collection_method,lymphoid,CD8 Circulating Effector Memory,inferential,2,biopsy | surgical resection,15,13,6,0.0,1.0,biopsy,3.3333333333333335,surgical resection,0.847457627118644,0,0,False,,,1.0,
colon,sample_collection_method,lymphoid,CD8 Effector Memory,inferential,2,biopsy | surgical resection,15,13,6,0.0,0.9061856157549151,biopsy,3.3333333333333335,surgical resection,0.0,0,0,False,,,0.9232834575616116,
colon,sample_collection_method,lymphoid,CD8 IEL,inferential,2,biopsy | surgical resection,15,13,6,0.0,0.47950012218695337,surgical resection,5.813953488372093,biopsy,1.8867924528301887,0,0,False,,,0.7322694500506022,
colon,sample_collection_method,lymphoid,CD8 Memory Exhausted,inferential,2,biopsy | surgical resection,15,13,6,0.15697375392881735,0.033894853524689315,biopsy,0.0,biopsy,0.0,0,0,False,,,0.5856222237698312,
colon,sample_collection_method,lymphoid,CD8 Naive,inferential,2,biopsy | surgical resection,15,13,6,0.0,0.3457785861511611,biopsy,0.0,biopsy,0.0,0,0,False,,,0.6035593449225092,
colon,sample_collection_method,lymphoid,CD8 TRM,inferential,2,biopsy | surgical resection,15,13,6,0.27687061844821853,0.013328328780817572,biopsy,3.7735849056603774,surgical resection,0.0,0,0,False,,,0.4973973872606728,
colon,sample_collection_method,lymphoid,GC B Dark Zone (GC B DZ),inferential,2,biopsy | surgical resection,15,13,6,0.0,0.3457785861511592,biopsy,5.0,surgical resection,0.0,0,0,False,,,0.6035593449225092,
colon,sample_collection_method,lymphoid,GC B Light Zone (GC B LZ),inferential,2,biopsy | surgical resection,15,13,6,0.0,0.8136637157667893,biopsy,4.25531914893617,surgical resection,1.9230769230769231,0,0,False,,,0.8787568130281325,
colon,sample_collection_method,lymphoid,Gamma Delta T Cells,inferential,2,biopsy | surgical resection,15,13,6,0.0,0.5556897902827911,biopsy,0.0,biopsy,0.0,0,0,False,,,0.7694166326992492,
colon,sample_collection_method,lymphoid,ILC3,inferential,2,biopsy | surgical resection,15,13,6,0.0,0.09896015401940611,biopsy,0.0,biopsy,0.0,0,0,False,,,0.5856222237698312,
colon,sample_collection_method,lymphoid,MAIT Cells,inferential,2,biopsy | surgical resection,15,13,6,0.0,0.9061856157549151,biopsy,0.0,biopsy,0.0,0,0,False,,,0.9232834575616116,
colon,sample_collection_method,lymphoid,Memory B,inferential,2,biopsy | surgical resection,15,13,6,0.09646152069889444,0.15729920705028105,biopsy,6.666666666666667,surgical resection,0.0,0,0,False,,,0.5856222237698312,
colon,sample_collection_method,lymphoid,NK Cells,inferential,2,biopsy | surgical resection,15,13,6,0.0,0.8136637157667893,biopsy,0.0,biopsy,0.0,0,0,False,,,0.8787568130281325,
colon,sample_collection_method,lymphoid,NKT Cells,inferential,2,biopsy | surgical resection,15,13,6,0.054508264273095595,0.15729920705028105,surgical resection,7.412790697674419,biopsy,0.0,0,0,False,,,0.5856222237698312,
colon,sample_collection_method,lymphoid,Naive B,inferential,2,biopsy | surgical resection,15,13,6,0.0764551436402924,0.15729920705028105,biopsy,6.382978723404255,surgical resection,0.0,0,0,False,,,0.5856222237698312,
colon,sample_collection_method,lymphoid,Plasma Cells,inferential,2,biopsy | surgical resection,15,13,6,0.06437781351849368,0.19485064860886558,biopsy,1.694915254237288,surgical resection,0.0,0,0,False,,,0.5856222237698312,
colon,sample_collection_method,lymphoid,Plasma IGA,inferential,2,biopsy | surgical resection,15,13,6,0.0,0.3457785861511611,surgical resection,39.74358974358974,biopsy,4.25531914893617,0,0,False,,,0.6035593449225092,
colon,sample_collection_method,lymphoid,Plasma IGG,inferential,2,biopsy | surgical resection,15,13,6,0.11542258861902491,0.09896015401940611,surgical resection,1.1627906976744187,biopsy,0.0,0,0,False,,,0.5856222237698312,
colon,sample_collection_method,myeloid,Classical Monocytes,descriptive,2,biopsy | surgical resection,8,8,7,0.0428249822552393,,biopsy,0.0,biopsy,0.0,0,0,False,,,,
colon,sample_collection_method,myeloid,Cycling Macrophages,descriptive,2,biopsy | surgical resection,8,8,7,0.0,,biopsy,0.0,biopsy,0.0,0,0,False,,,,
colon,sample_collection_method,myeloid,Eosinophils,descriptive,2,biopsy | surgical resection,8,8,7,0.24257363353039135,,biopsy,33.33333333333333,surgical resection,0.0,0,0,False,,,,
colon,sample_collection_method,myeloid,Follicle Associated Resident Macrophages,descriptive,2,biopsy | surgical resection,8,8,7,0.059081615296726314,,biopsy,0.0,biopsy,0.0,0,0,False,,,,
colon,sample_collection_method,myeloid,Homeostatic Macrophages,descriptive,2,biopsy | surgical resection,8,8,7,0.0,,biopsy,0.0,biopsy,0.0,0,0,False,,,,
colon,sample_collection_method,myeloid,M0 Macrophages,descriptive,2,biopsy | surgical resection,8,8,7,0.0428249822552393,,biopsy,0.0,biopsy,0.0,0,0,False,,,,
colon,sample_collection_method,myeloid,Mast Cells,descriptive,2,biopsy | surgical resection,8,8,7,0.02589320279679753,,biopsy,0.0,biopsy,0.0,0,0,False,,,,
colon,sample_collection_method,myeloid,Monocyte Derived Dendritic Cells (MO DC),descriptive,2,biopsy | surgical resection,8,8,7,0.0,,biopsy,0.0,biopsy,0.0,0,0,False,,,,
colon,sample_collection_method,myeloid,Neutrophils,descriptive,2,biopsy | surgical resection,8,8,7,0.0,,biopsy,0.0,biopsy,0.0,0,0,False,,,,
colon,sample_collection_method,myeloid,Nonclassical Monocytes,descriptive,2,biopsy | surgical resection,8,8,7,0.0,,biopsy,0.0,biopsy,0.0,0,0,False,,,,
colon,sample_collection_method,myeloid,Perivascular Resident Macrophages,descriptive,2,biopsy | surgical resection,8,8,7,0.0,,biopsy,0.0,biopsy,0.0,0,0,False,,,,
colon,sample_collection_method,myeloid,Tolerogenic cDC2,descriptive,2,biopsy | surgical resection,8,8,7,0.0,,biopsy,0.0,biopsy,0.0,0,0,False,,,,
colon,sample_collection_method,myeloid,cDC1,descriptive,2,biopsy | surgical resection,8,8,7,0.1997739731584991,,biopsy,50.0,surgical resection,0.0,0,0,False,,,,
colon,sample_collection_method,myeloid,cDC2,descriptive,2,biopsy | surgical resection,8,8,7,0.22286735341555583,,surgical resection,14.285714285714285,biopsy,0.0,0,0,False,,,,
colon,sample_collection_method,myeloid,migDC,descriptive,2,biopsy | surgical resection,8,8,7,0.0428249822552393,,biopsy,0.0,biopsy,0.0,0,0,False,,,,
colon,sample_collection_method,myeloid,pDC,descriptive,2,biopsy | surgical resection,8,8,7,0.0,,biopsy,0.0,biopsy,0.0,0,0,False,,,,
colon,sample_collection_method,stroma,Adipocytes,descriptive,2,biopsy | surgical resection,11,10,5,6.877677041556726e-05,,biopsy,0.0,biopsy,0.0,0,0,False,,,,
colon,sample_collection_method,stroma,Angiogenic Pericytes,descriptive,2,biopsy | surgical resection,11,10,5,0.0549105607934048,,biopsy,0.0,biopsy,0.0,0,0,False,,,,
colon,sample_collection_method,stroma,Arteriolar Endothelial,descriptive,2,biopsy | surgical resection,11,10,5,0.0,,biopsy,0.0,biopsy,0.0,0,0,False,,,,
colon,sample_collection_method,stroma,Capillary Endothelial,descriptive,2,biopsy | surgical resection,11,10,5,6.877677041556726e-05,,biopsy,0.0,biopsy,0.0,0,0,False,,,,
colon,sample_collection_method,stroma,Contractile Pericytes,descriptive,2,biopsy | surgical resection,11,10,5,0.3127286496595178,,surgical resection,7.5,biopsy,0.0,0,0,False,,,,
colon,sample_collection_method,stroma,Crypt Bottom Fibroblasts (S2A),descriptive,2,biopsy | surgical resection,11,10,5,0.39103577407235646,,biopsy,50.0,surgical resection,0.0,0,0,False,,,,
colon,sample_collection_method,stroma,Crypt Top Fibroblasts (S2B),descriptive,2,biopsy | surgical resection,11,10,5,6.877677041556726e-05,,biopsy,0.0,biopsy,0.0,0,0,False,,,,
colon,sample_collection_method,stroma,Fibroblastic Reticular Cells (FRC),descriptive,2,biopsy | surgical resection,11,10,5,0.07212872779034012,,biopsy,0.0,biopsy,0.0,0,0,False,,,,
colon,sample_collection_method,stroma,Follicular Dendritic Cells (fDC),descriptive,2,biopsy | surgical resection,11,10,5,6.877677041556726e-05,,biopsy,0.0,biopsy,0.0,0,0,False,,,,
colon,sample_collection_method,stroma,Glia,descriptive,2,biopsy | surgical resection,11,10,5,0.0027311634099104858,,biopsy,0.0,biopsy,0.0,0,0,False,,,,
colon,sample_collection_method,stroma,Interstitial Cells of Cajal (ICC),descriptive,2,biopsy | surgical resection,11,10,5,6.877677041556726e-05,,biopsy,0.0,biopsy,0.0,0,0,False,,,,
colon,sample_collection_method,stroma,Lamina propria Fibroblasts (S1),descriptive,2,biopsy | surgical resection,11,10,5,0.07904079292409026,,biopsy,0.0,biopsy,0.0,0,0,False,,,,
colon,sample_collection_method,stroma,Lymphatic Endothelial,descriptive,2,biopsy | surgical resection,11,10,5,0.07908609456940409,,biopsy,0.0,biopsy,0.0,0,0,False,,,,
colon,sample_collection_method,stroma,Marginal Reticular Cells (MRC),descriptive,2,biopsy | surgical resection,11,10,5,0.07832729707284947,,biopsy,0.0,biopsy,0.0,0,0,False,,,,
colon,sample_collection_method,stroma,Medullary Sinus Endothelial,descriptive,2,biopsy | surgical resection,11,10,5,6.877677041556726e-05,,biopsy,0.0,biopsy,0.0,0,0,False,,,,
colon,sample_collection_method,stroma,Mesenchymal Lymphoid Tissue Organizer Cells (mLTo Cells),descriptive,2,biopsy | surgical resection,11,10,5,6.877677041556726e-05,,biopsy,0.0,biopsy,0.0,0,0,False,,,,
colon,sample_collection_method,stroma,Muscularis Propria Fibroblasts,descriptive,2,biopsy | surgical resection,11,10,5,0.0,,biopsy,0.0,biopsy,0.0,0,0,False,,,,
colon,sample_collection_method,stroma,Myofibroblasts,descriptive,2,biopsy | surgical resection,11,10,5,0.07800612091582934,,biopsy,0.0,biopsy,0.0,0,0,False,,,,
colon,sample_collection_method,stroma,Post Arteriole Capillary Endothelial (PAC),descriptive,2,biopsy | surgical resection,11,10,5,0.0,,biopsy,0.0,biopsy,0.0,0,0,False,,,,
colon,sample_collection_method,stroma,Pre Venule Capillary Endothelial (PVC),descriptive,2,biopsy | surgical resection,11,10,5,6.877677041556726e-05,,biopsy,0.0,biopsy,0.0,0,0,False,,,,
colon,sample_collection_method,stroma,Secretory Pericytes,descriptive,2,biopsy | surgical resection,11,10,5,0.0,,biopsy,0.0,biopsy,0.0,0,0,False,,,,
colon,sample_collection_method,stroma,Smooth Muscle Cells (SMC),descriptive,2,biopsy | surgical resection,11,10,5,6.877677041556726e-05,,biopsy,0.0,biopsy,0.0,0,0,False,,,,
colon,sample_collection_method,stroma,Submucosal Fibroblasts (S3),descriptive,2,biopsy | surgical resection,11,10,5,0.0710445502677495,,biopsy,0.0,biopsy,0.0,0,0,False,,,,
colon,sample_collection_method,stroma,Venular Endothelial,descriptive,2,biopsy | surgical resection,11,10,5,0.10645901954682115,,surgical resection,5.0,biopsy,0.0,0,0,False,,,,
colon,sequenced_fragment,epithelial,BEST4 Colonocytes,descriptive,2,3 prime tag | 5 prime tag,29,25,9,0.0,,3 prime tag,0.0,3 prime tag,0.0,0,0,False,,,,
colon,sequenced_fragment,epithelial,BEST4 Enterocytes,descriptive,2,3 prime tag | 5 prime tag,29,25,9,0.001899847736780949,,3 prime tag,0.0,3 prime tag,0.0,0,0,False,,,,
colon,sequenced_fragment,epithelial,Brunners Gland Cells,descriptive,2,3 prime tag | 5 prime tag,29,25,9,0.0,,3 prime tag,0.0,3 prime tag,0.0,0,0,False,,,,
colon,sequenced_fragment,epithelial,Colonocyte Progenitors,descriptive,2,3 prime tag | 5 prime tag,29,25,9,0.0,,3 prime tag,0.0,3 prime tag,0.0,0,0,False,,,,
colon,sequenced_fragment,epithelial,Crypt Top Colonocytes,descriptive,2,3 prime tag | 5 prime tag,29,25,9,0.0,,3 prime tag,0.0,3 prime tag,0.0,0,0,False,,,,
colon,sequenced_fragment,epithelial,EEC Enterochromaffin (EC),descriptive,2,3 prime tag | 5 prime tag,29,25,9,0.011201243513557281,,3 prime tag,0.0,3 prime tag,0.0,0,0,False,,,,
colon,sequenced_fragment,epithelial,EEC L,descriptive,2,3 prime tag | 5 prime tag,29,25,9,0.0,,3 prime tag,0.0,3 prime tag,0.0,0,0,False,,,,
colon,sequenced_fragment,epithelial,EEC N,descriptive,2,3 prime tag | 5 prime tag,29,25,9,0.03672835583747972,,3 prime tag,0.0,3 prime tag,0.0,0,0,False,,,,
colon,sequenced_fragment,epithelial,EEC Progenitors,descriptive,2,3 prime tag | 5 prime tag,29,25,9,0.0,,3 prime tag,0.0,3 prime tag,0.0,0,0,False,,,,
colon,sequenced_fragment,epithelial,EEC S,descriptive,2,3 prime tag | 5 prime tag,29,25,9,0.03672835583747972,,3 prime tag,0.0,3 prime tag,0.0,0,0,False,,,,
colon,sequenced_fragment,epithelial,Enterocyte Progenitors,descriptive,2,3 prime tag | 5 prime tag,29,25,9,0.0,,3 prime tag,0.0,3 prime tag,0.0,0,0,False,,,,
colon,sequenced_fragment,epithelial,Enteroendocrine Cells (EEC),descriptive,2,3 prime tag | 5 prime tag,29,25,9,0.0,,3 prime tag,0.0,3 prime tag,0.0,0,0,False,,,,
colon,sequenced_fragment,epithelial,Epithelial,descriptive,2,3 prime tag | 5 prime tag,29,25,9,0.0,,3 prime tag,0.0,3 prime tag,0.0,0,0,False,,,,
colon,sequenced_fragment,epithelial,Foveolar Cells,descriptive,2,3 prime tag | 5 prime tag,29,25,9,0.03672835583747972,,3 prime tag,0.0,3 prime tag,0.0,0,0,False,,,,
colon,sequenced_fragment,epithelial,Goblet Cells,descriptive,2,3 prime tag | 5 prime tag,29,25,9,0.0,,3 prime tag,0.0,3 prime tag,0.0,0,0,False,,,,
colon,sequenced_fragment,epithelial,Intestinal Stem Cells (ISC),descriptive,2,3 prime tag | 5 prime tag,29,25,9,0.0,,3 prime tag,0.0,3 prime tag,0.0,0,0,False,,,,
colon,sequenced_fragment,epithelial,Lower Crypt Colonocytes,descriptive,2,3 prime tag | 5 prime tag,29,25,9,0.00838810323054145,,3 prime tag,0.0,3 prime tag,0.0,0,0,False,,,,
colon,sequenced_fragment,epithelial,Lower Villus Enterocytes,descriptive,2,3 prime tag | 5 prime tag,29,25,9,0.03672835583747972,,3 prime tag,0.0,3 prime tag,0.0,0,0,False,,,,
colon,sequenced_fragment,epithelial,Mature Goblet Cells,descriptive,2,3 prime tag | 5 prime tag,29,25,9,0.03672835583747972,,3 prime tag,0.0,3 prime tag,0.0,0,0,False,,,,
colon,sequenced_fragment,epithelial,Microfold Cells (M Cells),descriptive,2,3 prime tag | 5 prime tag,29,25,9,0.0,,3 prime tag,0.0,3 prime tag,0.0,0,0,False,,,,
colon,sequenced_fragment,epithelial,Mid Crypt Colonocytes,descriptive,2,3 prime tag | 5 prime tag,29,25,9,0.0,,3 prime tag,0.0,3 prime tag,0.0,0,0,False,,,,
colon,sequenced_fragment,epithelial,Mid Villus Enterocytes,descriptive,2,3 prime tag | 5 prime tag,29,25,9,0.0,,3 prime tag,0.0,3 prime tag,0.0,0,0,False,,,,
colon,sequenced_fragment,epithelial,Paneth Cells,descriptive,2,3 prime tag | 5 prime tag,29,25,9,0.03672835583747972,,3 prime tag,0.0,3 prime tag,0.0,0,0,False,,,,
colon,sequenced_fragment,epithelial,Secretory Progenitors,descriptive,2,3 prime tag | 5 prime tag,29,25,9,0.0,,3 prime tag,0.0,3 prime tag,0.0,0,0,False,,,,
colon,sequenced_fragment,epithelial,Transiently Amplifying Cells (TA),descriptive,2,3 prime tag | 5 prime tag,29,25,9,0.0,,3 prime tag,0.0,3 prime tag,0.0,0,0,False,,,,
colon,sequenced_fragment,epithelial,Tuft Cells,descriptive,2,3 prime tag | 5 prime tag,29,25,9,0.0,,3 prime tag,0.0,3 prime tag,0.0,0,0,False,,,,
colon,sequenced_fragment,epithelial,Tuft Progenitors,descriptive,2,3 prime tag | 5 prime tag,29,25,9,0.04581195362596628,,3 prime tag,0.0,3 prime tag,0.0,0,0,False,,,,
colon,sequenced_fragment,epithelial,Villus Tip Enterocytes,descriptive,2,3 prime tag | 5 prime tag,29,25,9,0.0,,3 prime tag,0.0,3 prime tag,0.0,0,0,False,,,,
colon,sequenced_fragment,lymphoid,CD4 Memory,descriptive,2,3 prime tag | 5 prime tag,15,13,6,0.0,,5 prime tag,8.47457627118644,3 prime tag,0.0,0,0,False,,,,
colon,sequenced_fragment,lymphoid,CD4 Naive,descriptive,2,3 prime tag | 5 prime tag,15,13,6,0.0,,3 prime tag,0.0,3 prime tag,0.0,0,0,False,,,,
colon,sequenced_fragment,lymphoid,CD4 Tfh,descriptive,2,3 prime tag | 5 prime tag,15,13,6,0.0,,3 prime tag,0.0,3 prime tag,0.0,0,0,False,,,,
colon,sequenced_fragment,lymphoid,CD4 Tfr,descriptive,2,3 prime tag | 5 prime tag,15,13,6,0.19679258834964333,,3 prime tag,0.0,3 prime tag,0.0,0,0,False,,,,
colon,sequenced_fragment,lymphoid,CD4 Th17,descriptive,2,3 prime tag | 5 prime tag,15,13,6,0.0565562745182126,,3 prime tag,3.6725067385444743,5 prime tag,0.0,0,0,False,,,,
colon,sequenced_fragment,lymphoid,CD4 Tr1,descriptive,2,3 prime tag | 5 prime tag,15,13,6,0.1657365949070386,,3 prime tag,0.0,3 prime tag,0.0,0,0,False,,,,
colon,sequenced_fragment,lymphoid,CD4 pTreg,descriptive,2,3 prime tag | 5 prime tag,15,13,6,0.0,,3 prime tag,0.0,3 prime tag,0.0,0,0,False,,,,
colon,sequenced_fragment,lymphoid,CD4 tTreg,descriptive,2,3 prime tag | 5 prime tag,15,13,6,0.0,,5 prime tag,1.694915254237288,3 prime tag,0.0,0,0,False,,,,
colon,sequenced_fragment,lymphoid,CD8 Circulating Effector Memory,descriptive,2,3 prime tag | 5 prime tag,15,13,6,0.17534468467809858,,3 prime tag,2.106186924089513,5 prime tag,0.0,0,0,False,,,,
colon,sequenced_fragment,lymphoid,CD8 Effector Memory,descriptive,2,3 prime tag | 5 prime tag,15,13,6,0.0,,5 prime tag,5.084745762711865,3 prime tag,0.0,0,0,False,,,,
colon,sequenced_fragment,lymphoid,CD8 IEL,descriptive,2,3 prime tag | 5 prime tag,15,13,6,0.0,,3 prime tag,2.007226013649137,5 prime tag,1.694915254237288,0,0,False,,,,
colon,sequenced_fragment,lymphoid,CD8 Memory Exhausted,descriptive,2,3 prime tag | 5 prime tag,15,13,6,0.12158877220499889,,3 prime tag,0.0,3 prime tag,0.0,0,0,False,,,,
colon,sequenced_fragment,lymphoid,CD8 Naive,descriptive,2,3 prime tag | 5 prime tag,15,13,6,0.0,,3 prime tag,0.0,3 prime tag,0.0,0,0,False,,,,
colon,sequenced_fragment,lymphoid,CD8 TRM,descriptive,2,3 prime tag | 5 prime tag,15,13,6,0.0,,5 prime tag,1.694915254237288,3 prime tag,0.8333333333333334,0,0,False,,,,
colon,sequenced_fragment,lymphoid,GC B Dark Zone (GC B DZ),descriptive,2,3 prime tag | 5 prime tag,15,13,6,0.0,,5 prime tag,5.084745762711865,3 prime tag,3.1746031746031744,0,0,False,,,,
colon,sequenced_fragment,lymphoid,GC B Light Zone (GC B LZ),descriptive,2,3 prime tag | 5 prime tag,15,13,6,0.21241610482295625,,5 prime tag,10.16949152542373,3 prime tag,1.3888888888888888,0,0,False,,,,
colon,sequenced_fragment,lymphoid,Gamma Delta T Cells,descriptive,2,3 prime tag | 5 prime tag,15,13,6,0.0,,3 prime tag,0.0,3 prime tag,0.0,0,0,False,,,,
colon,sequenced_fragment,lymphoid,ILC3,descriptive,2,3 prime tag | 5 prime tag,15,13,6,0.05179821549961087,,3 prime tag,0.0,3 prime tag,0.0,0,0,False,,,,
colon,sequenced_fragment,lymphoid,MAIT Cells,descriptive,2,3 prime tag | 5 prime tag,15,13,6,0.02835700270785719,,3 prime tag,0.0,3 prime tag,0.0,0,0,False,,,,
colon,sequenced_fragment,lymphoid,Memory B,descriptive,2,3 prime tag | 5 prime tag,15,13,6,0.02323825590842193,,5 prime tag,6.779661016949152,3 prime tag,0.8333333333333334,0,0,False,,,,
colon,sequenced_fragment,lymphoid,NK Cells,descriptive,2,3 prime tag | 5 prime tag,15,13,6,0.1467303898913662,,5 prime tag,1.694915254237288,3 prime tag,0.0,0,0,False,,,,
colon,sequenced_fragment,lymphoid,NKT Cells,descriptive,2,3 prime tag | 5 prime tag,15,13,6,0.0,,5 prime tag,1.694915254237288,3 prime tag,1.0638297872340425,0,0,False,,,,
colon,sequenced_fragment,lymphoid,Naive B,descriptive,2,3 prime tag | 5 prime tag,15,13,6,0.0,,5 prime tag,6.779661016949152,3 prime tag,0.0,0,0,False,,,,
colon,sequenced_fragment,lymphoid,Plasma Cells,descriptive,2,3 prime tag | 5 prime tag,15,13,6,0.3830904728513977,,5 prime tag,13.559322033898304,3 prime tag,0.0,0,0,False,,,,
colon,sequenced_fragment,lymphoid,Plasma IGA,descriptive,2,3 prime tag | 5 prime tag,15,13,6,0.09885423736730432,,3 prime tag,12.738095238095237,5 prime tag,0.0,0,0,False,,,,
colon,sequenced_fragment,lymphoid,Plasma IGG,descriptive,2,3 prime tag | 5 prime tag,15,13,6,0.0,,3 prime tag,0.0,3 prime tag,0.0,0,0,False,,,,
colon,sequenced_fragment,myeloid,Classical Monocytes,descriptive,2,3 prime tag | 5 prime tag,8,8,7,0.0,,3 prime tag,0.0,3 prime tag,0.0,0,0,False,,,,
colon,sequenced_fragment,myeloid,Cycling Macrophages,descriptive,2,3 prime tag | 5 prime tag,8,8,7,0.17454444728519225,,3 prime tag,0.0,3 prime tag,0.0,0,0,False,,,,
colon,sequenced_fragment,myeloid,Eosinophils,descriptive,2,3 prime tag | 5 prime tag,8,8,7,0.0010450918246361315,,3 prime tag,0.0,3 prime tag,0.0,0,0,False,,,,
colon,sequenced_fragment,myeloid,Follicle Associated Resident Macrophages,descriptive,2,3 prime tag | 5 prime tag,8,8,7,0.0,,3 prime tag,0.0,3 prime tag,0.0,0,0,False,,,,
colon,sequenced_fragment,myeloid,Homeostatic Macrophages,descriptive,2,3 prime tag | 5 prime tag,8,8,7,0.027620590287729258,,3 prime tag,0.0,3 prime tag,0.0,0,0,False,,,,
colon,sequenced_fragment,myeloid,M0 Macrophages,descriptive,2,3 prime tag | 5 prime tag,8,8,7,0.0,,3 prime tag,0.0,3 prime tag,0.0,0,0,False,,,,
colon,sequenced_fragment,myeloid,Mast Cells,descriptive,2,3 prime tag | 5 prime tag,8,8,7,0.0,,3 prime tag,0.0,3 prime tag,0.0,0,0,False,,,,
colon,sequenced_fragment,myeloid,Monocyte Derived Dendritic Cells (MO DC),descriptive,2,3 prime tag | 5 prime tag,8,8,7,0.027620590287729258,,3 prime tag,0.0,3 prime tag,0.0,0,0,False,,,,
colon,sequenced_fragment,myeloid,Neutrophils,descriptive,2,3 prime tag | 5 prime tag,8,8,7,0.027620590287729258,,3 prime tag,0.0,3 prime tag,0.0,0,0,False,,,,
colon,sequenced_fragment,myeloid,Nonclassical Monocytes,descriptive,2,3 prime tag | 5 prime tag,8,8,7,0.027620590287729258,,3 prime tag,0.0,3 prime tag,0.0,0,0,False,,,,
colon,sequenced_fragment,myeloid,Perivascular Resident Macrophages,descriptive,2,3 prime tag | 5 prime tag,8,8,7,0.0,,3 prime tag,0.0,3 prime tag,0.0,0,0,False,,,,
colon,sequenced_fragment,myeloid,Tolerogenic cDC2,descriptive,2,3 prime tag | 5 prime tag,8,8,7,0.027620590287729258,,3 prime tag,0.0,3 prime tag,0.0,0,0,False,,,,
colon,sequenced_fragment,myeloid,cDC1,descriptive,2,3 prime tag | 5 prime tag,8,8,7,0.48967298388022085,,5 prime tag,100.0,3 prime tag,0.0,0,0,False,,,,
colon,sequenced_fragment,myeloid,cDC2,descriptive,2,3 prime tag | 5 prime tag,8,8,7,0.02781515773342585,,3 prime tag,0.0,3 prime tag,0.0,0,0,False,,,,
colon,sequenced_fragment,myeloid,migDC,descriptive,2,3 prime tag | 5 prime tag,8,8,7,0.0,,3 prime tag,0.0,3 prime tag,0.0,0,0,False,,,,
colon,sequenced_fragment,myeloid,pDC,descriptive,2,3 prime tag | 5 prime tag,8,8,7,0.027620590287729258,,3 prime tag,0.0,3 prime tag,0.0,0,0,False,,,,
colon,gene_annotation_version,epithelial,BEST4 Colonocytes,descriptive,2,v104 | v98,29,25,9,0.03957014303776429,,v104,7.5,v98,0.0,0,0,False,,,,
colon,gene_annotation_version,epithelial,BEST4 Enterocytes,descriptive,2,v104 | v98,29,25,9,0.13537339676228008,,v104,0.0,v104,0.0,0,0,False,,,,
colon,gene_annotation_version,epithelial,Brunners Gland Cells,descriptive,2,v104 | v98,29,25,9,0.08752738675687778,,v104,0.0,v104,0.0,0,0,False,,,,
colon,gene_annotation_version,epithelial,Colonocyte Progenitors,descriptive,2,v104 | v98,29,25,9,0.0,,v104,4.166666666666667,v98,0.0,0,0,False,,,,
colon,gene_annotation_version,epithelial,Crypt Top Colonocytes,descriptive,2,v104 | v98,29,25,9,0.10134839430839632,,v104,0.0,v104,0.0,0,0,False,,,,
colon,gene_annotation_version,epithelial,EEC Enterochromaffin (EC),descriptive,2,v104 | v98,29,25,9,0.0,,v104,0.8333333333333334,v98,0.0,0,0,False,,,,
colon,gene_annotation_version,epithelial,EEC L,descriptive,2,v104 | v98,29,25,9,0.0,,v104,1.6666666666666667,v98,0.0,0,0,False,,,,
colon,gene_annotation_version,epithelial,EEC N,descriptive,2,v104 | v98,29,25,9,0.5714614868247194,,v104,0.0,v104,0.0,0,0,False,,,,
colon,gene_annotation_version,epithelial,EEC Progenitors,descriptive,2,v104 | v98,29,25,9,0.15549046011726034,,v104,0.0,v104,0.0,0,0,False,,,,
colon,gene_annotation_version,epithelial,EEC S,descriptive,2,v104 | v98,29,25,9,0.5714614868247194,,v104,0.0,v104,0.0,0,0,False,,,,
colon,gene_annotation_version,epithelial,Enterocyte Progenitors,descriptive,2,v104 | v98,29,25,9,0.3462078952959923,,v104,1.6666666666666667,v98,0.0,0,0,False,,,,
colon,gene_annotation_version,epithelial,Enteroendocrine Cells (EEC),descriptive,2,v104 | v98,29,25,9,0.46304861420868965,,v104,0.0,v104,0.0,0,0,False,,,,
colon,gene_annotation_version,epithelial,Epithelial,descriptive,2,v104 | v98,29,25,9,0.29212775100241334,,v104,0.0,v104,0.0,0,0,False,,,,
colon,gene_annotation_version,epithelial,Foveolar Cells,descriptive,2,v104 | v98,29,25,9,0.5714614868247194,,v104,0.0,v104,0.0,0,0,False,,,,
colon,gene_annotation_version,epithelial,Goblet Cells,descriptive,2,v104 | v98,29,25,9,0.09572900190335305,,v104,12.5,v98,0.0,0,0,False,,,,
colon,gene_annotation_version,epithelial,Intestinal Stem Cells (ISC),descriptive,2,v104 | v98,29,25,9,0.5246119912291285,,v104,7.5,v98,0.0,0,0,False,,,,
colon,gene_annotation_version,epithelial,Lower Crypt Colonocytes,descriptive,2,v104 | v98,29,25,9,0.32967038225175055,,v104,36.666666666666664,v98,0.0,0,0,False,,,,
colon,gene_annotation_version,epithelial,Lower Villus Enterocytes,descriptive,2,v104 | v98,29,25,9,0.5714614868247194,,v104,0.0,v104,0.0,0,0,False,,,,
colon,gene_annotation_version,epithelial,Mature Goblet Cells,descriptive,2,v104 | v98,29,25,9,0.5714614868247194,,v104,0.0,v104,0.0,0,0,False,,,,
colon,gene_annotation_version,epithelial,Microfold Cells (M Cells),descriptive,2,v104 | v98,29,25,9,0.30232737924914765,,v104,0.0,v104,0.0,0,0,False,,,,
colon,gene_annotation_version,epithelial,Mid Crypt Colonocytes,descriptive,2,v104 | v98,29,25,9,0.0,,v104,0.8333333333333334,v98,0.0,0,0,False,,,,
colon,gene_annotation_version,epithelial,Mid Villus Enterocytes,descriptive,2,v104 | v98,29,25,9,0.1554251264442261,,v104,0.0,v104,0.0,0,0,False,,,,
colon,gene_annotation_version,epithelial,Paneth Cells,descriptive,2,v104 | v98,29,25,9,0.5714614868247194,,v104,0.0,v104,0.0,0,0,False,,,,
colon,gene_annotation_version,epithelial,Secretory Progenitors,descriptive,2,v104 | v98,29,25,9,0.6826139457442345,,v104,9.166666666666666,v98,0.0,0,0,False,,,,
colon,gene_annotation_version,epithelial,Transiently Amplifying Cells (TA),descriptive,2,v104 | v98,29,25,9,0.0055486094855065745,,v104,0.8333333333333334,v98,0.0,0,0,False,,,,
colon,gene_annotation_version,epithelial,Tuft Cells,descriptive,2,v104 | v98,29,25,9,0.9369353667187692,,v104,14.166666666666668,v98,0.0,0,0,False,,,,
colon,gene_annotation_version,epithelial,Tuft Progenitors,descriptive,2,v104 | v98,29,25,9,0.0,,v104,0.8333333333333334,v98,0.0,0,0,False,,,,
colon,gene_annotation_version,epithelial,Villus Tip Enterocytes,descriptive,2,v104 | v98,29,25,9,0.0,,v104,1.6666666666666667,v98,0.0,0,0,False,,,,
