segment,covariate,category_A,category_B,contrast,lineage,celltype,analysis_type,n_samples_A,n_samples_B,n_donors_A,n_donors_B,n_datasets_A,n_datasets_B,mean_clr_A,mean_clr_B,delta_clr_B_minus_A,median_within_lineage_pct_A,median_within_lineage_pct_B,delta_median_pct_B_minus_A,mannwhitney_p_value,n_datasets_with_multiple_categories,n_datasets_with_two_categories_each_n_ge_5,within_study_contrast_supported,mannwhitney_fdr_within_segment_covariate_contrast
duodenum,radial_tissue_term,EPI,EPI_LP,EPI_LP minus EPI,epithelial,BEST4 Colonocytes,descriptive,2,2,2,2,1,1,-0.3957767227368476,-0.039236153166716914,0.3565405695701307,0.0,0.0,0.0,,0,0,False,
duodenum,radial_tissue_term,EPI,EPI_LP_MUSC,EPI_LP_MUSC minus EPI,epithelial,BEST4 Colonocytes,descriptive,2,2,2,1,1,1,-0.3957767227368476,-0.25201985750350864,0.14375686523333897,0.0,0.0,0.0,,0,0,False,
duodenum,radial_tissue_term,EPI_LP,EPI_LP_MUSC,EPI_LP_MUSC minus EPI_LP,epithelial,BEST4 Colonocytes,descriptive,2,2,2,1,1,1,-0.039236153166716914,-0.25201985750350864,-0.21278370433679172,0.0,0.0,0.0,,0,0,False,
duodenum,radial_tissue_term,EPI,EPI_LP,EPI_LP minus EPI,epithelial,BEST4 Enterocytes,descriptive,2,2,2,2,1,1,0.5771783517908089,-0.039236153166716914,-0.6164145049575258,2.5,0.0,-2.5,,0,0,False,
duodenum,radial_tissue_term,EPI,EPI_LP_MUSC,EPI_LP_MUSC minus EPI,epithelial,BEST4 Enterocytes,descriptive,2,2,2,1,1,1,0.5771783517908089,-0.25201985750350864,-0.8291982092943175,2.5,0.0,-2.5,,0,0,False,
duodenum,radial_tissue_term,EPI_LP,EPI_LP_MUSC,EPI_LP_MUSC minus EPI_LP,epithelial,BEST4 Enterocytes,descriptive,2,2,2,1,1,1,-0.039236153166716914,-0.25201985750350864,-0.21278370433679172,0.0,0.0,0.0,,0,0,False,
duodenum,radial_tissue_term,EPI,EPI_LP,EPI_LP minus EPI,epithelial,Brunners Gland Cells,descriptive,2,2,2,2,1,1,-0.3957767227368476,-0.039236153166716914,0.3565405695701307,0.0,0.0,0.0,,0,0,False,
duodenum,radial_tissue_term,EPI,EPI_LP_MUSC,EPI_LP_MUSC minus EPI,epithelial,Brunners Gland Cells,descriptive,2,2,2,1,1,1,-0.3957767227368476,0.7209352170241479,1.1167119397609955,0.0,2.941176470588235,2.941176470588235,,0,0,False,
duodenum,radial_tissue_term,EPI_LP,EPI_LP_MUSC,EPI_LP_MUSC minus EPI_LP,epithelial,Brunners Gland Cells,descriptive,2,2,2,1,1,1,-0.039236153166716914,0.7209352170241479,0.7601713701908648,0.0,2.941176470588235,2.941176470588235,,0,0,False,
duodenum,radial_tissue_term,EPI,EPI_LP,EPI_LP minus EPI,epithelial,Colonocyte Progenitors,descriptive,2,2,2,2,1,1,-0.3957767227368476,-0.039236153166716914,0.3565405695701307,0.0,0.0,0.0,,0,0,False,
duodenum,radial_tissue_term,EPI,EPI_LP_MUSC,EPI_LP_MUSC minus EPI,epithelial,Colonocyte Progenitors,descriptive,2,2,2,1,1,1,-0.3957767227368476,-0.25201985750350864,0.14375686523333897,0.0,0.0,0.0,,0,0,False,
duodenum,radial_tissue_term,EPI_LP,EPI_LP_MUSC,EPI_LP_MUSC minus EPI_LP,epithelial,Colonocyte Progenitors,descriptive,2,2,2,1,1,1,-0.039236153166716914,-0.25201985750350864,-0.21278370433679172,0.0,0.0,0.0,,0,0,False,
duodenum,radial_tissue_term,EPI,EPI_LP,EPI_LP minus EPI,epithelial,Crypt Top Colonocytes,descriptive,2,2,2,2,1,1,-0.3957767227368476,-0.039236153166716914,0.3565405695701307,0.0,0.0,0.0,,0,0,False,
duodenum,radial_tissue_term,EPI,EPI_LP_MUSC,EPI_LP_MUSC minus EPI,epithelial,Crypt Top Colonocytes,descriptive,2,2,2,1,1,1,-0.3957767227368476,-0.25201985750350864,0.14375686523333897,0.0,0.0,0.0,,0,0,False,
duodenum,radial_tissue_term,EPI_LP,EPI_LP_MUSC,EPI_LP_MUSC minus EPI_LP,epithelial,Crypt Top Colonocytes,descriptive,2,2,2,1,1,1,-0.039236153166716914,-0.25201985750350864,-0.21278370433679172,0.0,0.0,0.0,,0,0,False,
duodenum,radial_tissue_term,EPI,EPI_LP,EPI_LP minus EPI,epithelial,EEC Enterochromaffin (EC),descriptive,2,2,2,2,1,1,-0.3957767227368476,-0.039236153166716914,0.3565405695701307,0.0,0.0,0.0,,0,0,False,
duodenum,radial_tissue_term,EPI,EPI_LP_MUSC,EPI_LP_MUSC minus EPI,epithelial,EEC Enterochromaffin (EC),descriptive,2,2,2,1,1,1,-0.3957767227368476,-0.25201985750350864,0.14375686523333897,0.0,0.0,0.0,,0,0,False,
duodenum,radial_tissue_term,EPI_LP,EPI_LP_MUSC,EPI_LP_MUSC minus EPI_LP,epithelial,EEC Enterochromaffin (EC),descriptive,2,2,2,1,1,1,-0.039236153166716914,-0.25201985750350864,-0.21278370433679172,0.0,0.0,0.0,,0,0,False,
duodenum,radial_tissue_term,EPI,EPI_LP,EPI_LP minus EPI,epithelial,EEC L,descriptive,2,2,2,2,1,1,0.4089422334802024,-0.039236153166716914,-0.44817838664691934,1.6666666666666667,0.0,-1.6666666666666667,,0,0,False,
duodenum,radial_tissue_term,EPI,EPI_LP_MUSC,EPI_LP_MUSC minus EPI,epithelial,EEC L,descriptive,2,2,2,1,1,1,0.4089422334802024,-0.25201985750350864,-0.6609620909837111,1.6666666666666667,0.0,-1.6666666666666667,,0,0,False,
duodenum,radial_tissue_term,EPI_LP,EPI_LP_MUSC,EPI_LP_MUSC minus EPI_LP,epithelial,EEC L,descriptive,2,2,2,1,1,1,-0.039236153166716914,-0.25201985750350864,-0.21278370433679172,0.0,0.0,0.0,,0,0,False,
duodenum,radial_tissue_term,EPI,EPI_LP,EPI_LP minus EPI,epithelial,EEC N,descriptive,2,2,2,2,1,1,0.15352942159720717,-0.039236153166716914,-0.19276557476392409,0.8333333333333334,0.0,-0.8333333333333334,,0,0,False,
duodenum,radial_tissue_term,EPI,EPI_LP_MUSC,EPI_LP_MUSC minus EPI,epithelial,EEC N,descriptive,2,2,2,1,1,1,0.15352942159720717,-0.25201985750350864,-0.4055492791007158,0.8333333333333334,0.0,-0.8333333333333334,,0,0,False,
duodenum,radial_tissue_term,EPI_LP,EPI_LP_MUSC,EPI_LP_MUSC minus EPI_LP,epithelial,EEC N,descriptive,2,2,2,1,1,1,-0.039236153166716914,-0.25201985750350864,-0.21278370433679172,0.0,0.0,0.0,,0,0,False,
duodenum,radial_tissue_term,EPI,EPI_LP,EPI_LP minus EPI,epithelial,EEC Progenitors,descriptive,2,2,2,2,1,1,-0.3957767227368476,-0.039236153166716914,0.3565405695701307,0.0,0.0,0.0,,0,0,False,
duodenum,radial_tissue_term,EPI,EPI_LP_MUSC,EPI_LP_MUSC minus EPI,epithelial,EEC Progenitors,descriptive,2,2,2,1,1,1,-0.3957767227368476,0.29728628683054636,0.693063009567394,0.0,50.0,50.0,,0,0,False,
duodenum,radial_tissue_term,EPI_LP,EPI_LP_MUSC,EPI_LP_MUSC minus EPI_LP,epithelial,EEC Progenitors,descriptive,2,2,2,1,1,1,-0.039236153166716914,0.29728628683054636,0.3365224399972633,0.0,50.0,50.0,,0,0,False,
duodenum,radial_tissue_term,EPI,EPI_LP,EPI_LP minus EPI,epithelial,EEC S,descriptive,2,2,2,2,1,1,-0.3957767227368476,-0.039236153166716914,0.3565405695701307,0.0,0.0,0.0,,0,0,False,
duodenum,radial_tissue_term,EPI,EPI_LP_MUSC,EPI_LP_MUSC minus EPI,epithelial,EEC S,descriptive,2,2,2,1,1,1,-0.3957767227368476,-0.25201985750350864,0.14375686523333897,0.0,0.0,0.0,,0,0,False,
duodenum,radial_tissue_term,EPI_LP,EPI_LP_MUSC,EPI_LP_MUSC minus EPI_LP,epithelial,EEC S,descriptive,2,2,2,1,1,1,-0.039236153166716914,-0.25201985750350864,-0.21278370433679172,0.0,0.0,0.0,,0,0,False,
duodenum,radial_tissue_term,EPI,EPI_LP,EPI_LP minus EPI,epithelial,Enterocyte Progenitors,descriptive,2,2,2,2,1,1,0.4089422334802024,-0.039236153166716914,-0.44817838664691934,1.6666666666666667,0.0,-1.6666666666666667,,0,0,False,
duodenum,radial_tissue_term,EPI,EPI_LP_MUSC,EPI_LP_MUSC minus EPI,epithelial,Enterocyte Progenitors,descriptive,2,2,2,1,1,1,0.4089422334802024,1.1020052430475964,0.693063009567394,1.6666666666666667,6.862745098039216,5.196078431372549,,0,0,False,
duodenum,radial_tissue_term,EPI_LP,EPI_LP_MUSC,EPI_LP_MUSC minus EPI_LP,epithelial,Enterocyte Progenitors,descriptive,2,2,2,1,1,1,-0.039236153166716914,1.1020052430475964,1.1412413962143133,0.0,6.862745098039216,6.862745098039216,,0,0,False,
duodenum,radial_tissue_term,EPI,EPI_LP,EPI_LP minus EPI,epithelial,Enteroendocrine Cells (EEC),descriptive,2,2,2,2,1,1,-0.3957767227368476,-0.039236153166716914,0.3565405695701307,0.0,0.0,0.0,,0,0,False,
duodenum,radial_tissue_term,EPI,EPI_LP_MUSC,EPI_LP_MUSC minus EPI,epithelial,Enteroendocrine Cells (EEC),descriptive,2,2,2,1,1,1,-0.3957767227368476,-0.25201985750350864,0.14375686523333897,0.0,0.0,0.0,,0,0,False,
duodenum,radial_tissue_term,EPI_LP,EPI_LP_MUSC,EPI_LP_MUSC minus EPI_LP,epithelial,Enteroendocrine Cells (EEC),descriptive,2,2,2,1,1,1,-0.039236153166716914,-0.25201985750350864,-0.21278370433679172,0.0,0.0,0.0,,0,0,False,
duodenum,radial_tissue_term,EPI,EPI_LP,EPI_LP minus EPI,epithelial,Epithelial,descriptive,2,2,2,2,1,1,-0.3957767227368476,-0.039236153166716914,0.3565405695701307,0.0,0.0,0.0,,0,0,False,
duodenum,radial_tissue_term,EPI,EPI_LP_MUSC,EPI_LP_MUSC minus EPI,epithelial,Epithelial,descriptive,2,2,2,1,1,1,-0.3957767227368476,-0.25201985750350864,0.14375686523333897,0.0,0.0,0.0,,0,0,False,
duodenum,radial_tissue_term,EPI_LP,EPI_LP_MUSC,EPI_LP_MUSC minus EPI_LP,epithelial,Epithelial,descriptive,2,2,2,1,1,1,-0.039236153166716914,-0.25201985750350864,-0.21278370433679172,0.0,0.0,0.0,,0,0,False,
duodenum,radial_tissue_term,EPI,EPI_LP,EPI_LP minus EPI,epithelial,Foveolar Cells,descriptive,2,2,2,2,1,1,-0.3957767227368476,-0.039236153166716914,0.3565405695701307,0.0,0.0,0.0,,0,0,False,
duodenum,radial_tissue_term,EPI,EPI_LP_MUSC,EPI_LP_MUSC minus EPI,epithelial,Foveolar Cells,descriptive,2,2,2,1,1,1,-0.3957767227368476,-0.25201985750350864,0.14375686523333897,0.0,0.0,0.0,,0,0,False,
duodenum,radial_tissue_term,EPI_LP,EPI_LP_MUSC,EPI_LP_MUSC minus EPI_LP,epithelial,Foveolar Cells,descriptive,2,2,2,1,1,1,-0.039236153166716914,-0.25201985750350864,-0.21278370433679172,0.0,0.0,0.0,,0,0,False,
duodenum,radial_tissue_term,EPI,EPI_LP,EPI_LP minus EPI,epithelial,Goblet Cells,descriptive,2,2,2,2,1,1,-0.3957767227368476,-0.039236153166716914,0.3565405695701307,0.0,0.0,0.0,,0,0,False,
duodenum,radial_tissue_term,EPI,EPI_LP_MUSC,EPI_LP_MUSC minus EPI,epithelial,Goblet Cells,descriptive,2,2,2,1,1,1,-0.3957767227368476,-0.25201985750350864,0.14375686523333897,0.0,0.0,0.0,,0,0,False,
duodenum,radial_tissue_term,EPI_LP,EPI_LP_MUSC,EPI_LP_MUSC minus EPI_LP,epithelial,Goblet Cells,descriptive,2,2,2,1,1,1,-0.039236153166716914,-0.25201985750350864,-0.21278370433679172,0.0,0.0,0.0,,0,0,False,
duodenum,radial_tissue_term,EPI,EPI_LP,EPI_LP minus EPI,epithelial,Intestinal Stem Cells (ISC),descriptive,2,2,2,2,1,1,0.9582483778142572,-0.039236153166716914,-0.9974845309809741,5.833333333333333,0.0,-5.833333333333333,,0,0,False,
duodenum,radial_tissue_term,EPI,EPI_LP_MUSC,EPI_LP_MUSC minus EPI,epithelial,Intestinal Stem Cells (ISC),descriptive,2,2,2,1,1,1,0.9582483778142572,-0.25201985750350864,-1.2102682353177658,5.833333333333333,0.0,-5.833333333333333,,0,0,False,
duodenum,radial_tissue_term,EPI_LP,EPI_LP_MUSC,EPI_LP_MUSC minus EPI_LP,epithelial,Intestinal Stem Cells (ISC),descriptive,2,2,2,1,1,1,-0.039236153166716914,-0.25201985750350864,-0.21278370433679172,0.0,0.0,0.0,,0,0,False,
duodenum,radial_tissue_term,EPI,EPI_LP,EPI_LP minus EPI,epithelial,Lower Crypt Colonocytes,descriptive,2,2,2,2,1,1,-0.3957767227368476,-0.039236153166716914,0.3565405695701307,0.0,0.0,0.0,,0,0,False,
duodenum,radial_tissue_term,EPI,EPI_LP_MUSC,EPI_LP_MUSC minus EPI,epithelial,Lower Crypt Colonocytes,descriptive,2,2,2,1,1,1,-0.3957767227368476,-0.25201985750350864,0.14375686523333897,0.0,0.0,0.0,,0,0,False,
duodenum,radial_tissue_term,EPI_LP,EPI_LP_MUSC,EPI_LP_MUSC minus EPI_LP,epithelial,Lower Crypt Colonocytes,descriptive,2,2,2,1,1,1,-0.039236153166716914,-0.25201985750350864,-0.21278370433679172,0.0,0.0,0.0,,0,0,False,
duodenum,radial_tissue_term,EPI,EPI_LP,EPI_LP minus EPI,epithelial,Lower Villus Enterocytes,descriptive,2,2,2,2,1,1,1.6257489111804273,-0.039236153166716914,-1.6649850643471442,23.333333333333332,0.0,-23.333333333333332,,0,0,False,
duodenum,radial_tissue_term,EPI,EPI_LP_MUSC,EPI_LP_MUSC minus EPI,epithelial,Lower Villus Enterocytes,descriptive,2,2,2,1,1,1,1.6257489111804273,1.3574180549305916,-0.26833085624983566,23.333333333333332,11.76470588235294,-11.568627450980392,,0,0,False,
duodenum,radial_tissue_term,EPI_LP,EPI_LP_MUSC,EPI_LP_MUSC minus EPI_LP,epithelial,Lower Villus Enterocytes,descriptive,2,2,2,1,1,1,-0.039236153166716914,1.3574180549305916,1.3966542080973086,0.0,11.76470588235294,11.76470588235294,,0,0,False,
duodenum,radial_tissue_term,EPI,EPI_LP,EPI_LP minus EPI,epithelial,Mature Goblet Cells,descriptive,2,2,2,2,1,1,-0.3957767227368476,-0.039236153166716914,0.3565405695701307,0.0,0.0,0.0,,0,0,False,
duodenum,radial_tissue_term,EPI,EPI_LP_MUSC,EPI_LP_MUSC minus EPI,epithelial,Mature Goblet Cells,descriptive,2,2,2,1,1,1,-0.3957767227368476,-0.25201985750350864,0.14375686523333897,0.0,0.0,0.0,,0,0,False,
duodenum,radial_tissue_term,EPI_LP,EPI_LP_MUSC,EPI_LP_MUSC minus EPI_LP,epithelial,Mature Goblet Cells,descriptive,2,2,2,1,1,1,-0.039236153166716914,-0.25201985750350864,-0.21278370433679172,0.0,0.0,0.0,,0,0,False,
duodenum,radial_tissue_term,EPI,EPI_LP,EPI_LP minus EPI,epithelial,Microfold Cells (M Cells),descriptive,2,2,2,2,1,1,-0.3957767227368476,-0.039236153166716914,0.3565405695701307,0.0,0.0,0.0,,0,0,False,
duodenum,radial_tissue_term,EPI,EPI_LP_MUSC,EPI_LP_MUSC minus EPI,epithelial,Microfold Cells (M Cells),descriptive,2,2,2,1,1,1,-0.3957767227368476,-0.25201985750350864,0.14375686523333897,0.0,0.0,0.0,,0,0,False,
duodenum,radial_tissue_term,EPI_LP,EPI_LP_MUSC,EPI_LP_MUSC minus EPI_LP,epithelial,Microfold Cells (M Cells),descriptive,2,2,2,1,1,1,-0.039236153166716914,-0.25201985750350864,-0.21278370433679172,0.0,0.0,0.0,,0,0,False,
duodenum,radial_tissue_term,EPI,EPI_LP,EPI_LP minus EPI,epithelial,Mid Crypt Colonocytes,descriptive,2,2,2,2,1,1,-0.3957767227368476,-0.039236153166716914,0.3565405695701307,0.0,0.0,0.0,,0,0,False,
duodenum,radial_tissue_term,EPI,EPI_LP_MUSC,EPI_LP_MUSC minus EPI,epithelial,Mid Crypt Colonocytes,descriptive,2,2,2,1,1,1,-0.3957767227368476,-0.25201985750350864,0.14375686523333897,0.0,0.0,0.0,,0,0,False,
duodenum,radial_tissue_term,EPI_LP,EPI_LP_MUSC,EPI_LP_MUSC minus EPI_LP,epithelial,Mid Crypt Colonocytes,descriptive,2,2,2,1,1,1,-0.039236153166716914,-0.25201985750350864,-0.21278370433679172,0.0,0.0,0.0,,0,0,False,
duodenum,radial_tissue_term,EPI,EPI_LP,EPI_LP minus EPI,epithelial,Mid Villus Enterocytes,descriptive,2,2,2,2,1,1,1.0764427668463725,-0.039236153166716914,-1.1156789200130894,7.5,0.0,-7.5,,0,0,False,
duodenum,radial_tissue_term,EPI,EPI_LP_MUSC,EPI_LP_MUSC minus EPI,epithelial,Mid Villus Enterocytes,descriptive,2,2,2,1,1,1,1.0764427668463725,1.7695057764137663,0.6930630095673938,7.5,27.450980392156865,19.950980392156865,,0,0,False,
duodenum,radial_tissue_term,EPI_LP,EPI_LP_MUSC,EPI_LP_MUSC minus EPI_LP,epithelial,Mid Villus Enterocytes,descriptive,2,2,2,1,1,1,-0.039236153166716914,1.7695057764137663,1.8087419295804832,0.0,27.450980392156865,27.450980392156865,,0,0,False,
duodenum,radial_tissue_term,EPI,EPI_LP,EPI_LP minus EPI,epithelial,Paneth Cells,descriptive,2,2,2,2,1,1,0.1535294215972074,-0.039236153166716914,-0.1927655747639243,50.0,0.0,-50.0,,0,0,False,
duodenum,radial_tissue_term,EPI,EPI_LP_MUSC,EPI_LP_MUSC minus EPI,epithelial,Paneth Cells,descriptive,2,2,2,1,1,1,0.1535294215972074,-0.25201985750350864,-0.40554927910071603,50.0,0.0,-50.0,,0,0,False,
duodenum,radial_tissue_term,EPI_LP,EPI_LP_MUSC,EPI_LP_MUSC minus EPI_LP,epithelial,Paneth Cells,descriptive,2,2,2,1,1,1,-0.039236153166716914,-0.25201985750350864,-0.21278370433679172,0.0,0.0,0.0,,0,0,False,
duodenum,radial_tissue_term,EPI,EPI_LP,EPI_LP minus EPI,epithelial,Secretory Progenitors,descriptive,2,2,2,2,1,1,-0.3957767227368476,-0.039236153166716914,0.3565405695701307,0.0,0.0,0.0,,0,0,False,
duodenum,radial_tissue_term,EPI,EPI_LP_MUSC,EPI_LP_MUSC minus EPI,epithelial,Secretory Progenitors,descriptive,2,2,2,1,1,1,-0.3957767227368476,-0.25201985750350864,0.14375686523333897,0.0,0.0,0.0,,0,0,False,
duodenum,radial_tissue_term,EPI_LP,EPI_LP_MUSC,EPI_LP_MUSC minus EPI_LP,epithelial,Secretory Progenitors,descriptive,2,2,2,1,1,1,-0.039236153166716914,-0.25201985750350864,-0.21278370433679172,0.0,0.0,0.0,,0,0,False,
duodenum,radial_tissue_term,EPI,EPI_LP,EPI_LP minus EPI,epithelial,Transiently Amplifying Cells (TA),descriptive,2,2,2,2,1,1,0.8031709136623375,-0.039236153166716914,-0.8424070668290544,4.166666666666666,0.0,-4.166666666666666,,0,0,False,
duodenum,radial_tissue_term,EPI,EPI_LP_MUSC,EPI_LP_MUSC minus EPI,epithelial,Transiently Amplifying Cells (TA),descriptive,2,2,2,1,1,1,0.8031709136623375,0.29728628683054614,-0.5058846268317914,4.166666666666666,0.9803921568627451,-3.186274509803921,,0,0,False,
duodenum,radial_tissue_term,EPI_LP,EPI_LP_MUSC,EPI_LP_MUSC minus EPI_LP,epithelial,Transiently Amplifying Cells (TA),descriptive,2,2,2,1,1,1,-0.039236153166716914,0.29728628683054614,0.33652243999726306,0.0,0.9803921568627451,0.9803921568627451,,0,0,False,
duodenum,radial_tissue_term,EPI,EPI_LP,EPI_LP minus EPI,epithelial,Tuft Cells,descriptive,2,2,2,2,1,1,0.4089422334802024,-0.039236153166716914,-0.44817838664691934,1.6666666666666667,0.0,-1.6666666666666667,,0,0,False,
duodenum,radial_tissue_term,EPI,EPI_LP_MUSC,EPI_LP_MUSC minus EPI,epithelial,Tuft Cells,descriptive,2,2,2,1,1,1,0.4089422334802024,-0.25201985750350864,-0.6609620909837111,1.6666666666666667,0.0,-1.6666666666666667,,0,0,False,
duodenum,radial_tissue_term,EPI_LP,EPI_LP_MUSC,EPI_LP_MUSC minus EPI_LP,epithelial,Tuft Cells,descriptive,2,2,2,1,1,1,-0.039236153166716914,-0.25201985750350864,-0.21278370433679172,0.0,0.0,0.0,,0,0,False,
duodenum,radial_tissue_term,EPI,EPI_LP,EPI_LP minus EPI,epithelial,Tuft Progenitors,descriptive,2,2,2,2,1,1,-0.3957767227368476,1.059376135501393,1.4551528582382407,0.0,100.0,100.0,,0,0,False,
duodenum,radial_tissue_term,EPI,EPI_LP_MUSC,EPI_LP_MUSC minus EPI,epithelial,Tuft Progenitors,descriptive,2,2,2,1,1,1,-0.3957767227368476,-0.25201985750350864,0.14375686523333897,0.0,0.0,0.0,,0,0,False,
duodenum,radial_tissue_term,EPI_LP,EPI_LP_MUSC,EPI_LP_MUSC minus EPI_LP,epithelial,Tuft Progenitors,descriptive,2,2,2,1,1,1,1.059376135501393,-0.25201985750350864,-1.3113959930049017,100.0,0.0,-100.0,,0,0,False,
duodenum,radial_tissue_term,EPI,EPI_LP,EPI_LP minus EPI,epithelial,Villus Tip Enterocytes,descriptive,2,2,2,2,1,1,0.15352942159720717,-0.039236153166716914,-0.19276557476392409,0.8333333333333334,0.0,-0.8333333333333334,,0,0,False,
duodenum,radial_tissue_term,EPI,EPI_LP_MUSC,EPI_LP_MUSC minus EPI,epithelial,Villus Tip Enterocytes,descriptive,2,2,2,1,1,1,0.15352942159720717,-0.25201985750350864,-0.4055492791007158,0.8333333333333334,0.0,-0.8333333333333334,,0,0,False,
duodenum,radial_tissue_term,EPI_LP,EPI_LP_MUSC,EPI_LP_MUSC minus EPI_LP,epithelial,Villus Tip Enterocytes,descriptive,2,2,2,1,1,1,-0.039236153166716914,-0.25201985750350864,-0.21278370433679172,0.0,0.0,0.0,,0,0,False,
duodenum,age_range,40-49,60-69,60-69 minus 40-49,epithelial,BEST4 Colonocytes,descriptive,2,2,2,1,2,1,-0.039236153166716914,-0.25201985750350864,-0.21278370433679172,0.0,0.0,0.0,,2,0,False,
duodenum,age_range,40-49,60-69,60-69 minus 40-49,epithelial,BEST4 Enterocytes,descriptive,2,2,2,1,2,1,-0.039236153166716914,-0.25201985750350864,-0.21278370433679172,0.0,0.0,0.0,,2,0,False,
duodenum,age_range,40-49,60-69,60-69 minus 40-49,epithelial,Brunners Gland Cells,descriptive,2,2,2,1,2,1,-0.039236153166716914,0.7209352170241479,0.7601713701908648,0.0,2.941176470588235,2.941176470588235,,2,0,False,
duodenum,age_range,40-49,60-69,60-69 minus 40-49,epithelial,Colonocyte Progenitors,descriptive,2,2,2,1,2,1,-0.039236153166716914,-0.25201985750350864,-0.21278370433679172,0.0,0.0,0.0,,2,0,False,
duodenum,age_range,40-49,60-69,60-69 minus 40-49,epithelial,Crypt Top Colonocytes,descriptive,2,2,2,1,2,1,-0.039236153166716914,-0.25201985750350864,-0.21278370433679172,0.0,0.0,0.0,,2,0,False,
duodenum,age_range,40-49,60-69,60-69 minus 40-49,epithelial,EEC Enterochromaffin (EC),descriptive,2,2,2,1,2,1,-0.039236153166716914,-0.25201985750350864,-0.21278370433679172,0.0,0.0,0.0,,2,0,False,
duodenum,age_range,40-49,60-69,60-69 minus 40-49,epithelial,EEC L,descriptive,2,2,2,1,2,1,-0.039236153166716914,-0.25201985750350864,-0.21278370433679172,0.0,0.0,0.0,,2,0,False,
duodenum,age_range,40-49,60-69,60-69 minus 40-49,epithelial,EEC N,descriptive,2,2,2,1,2,1,-0.039236153166716914,-0.25201985750350864,-0.21278370433679172,0.0,0.0,0.0,,2,0,False,
duodenum,age_range,40-49,60-69,60-69 minus 40-49,epithelial,EEC Progenitors,descriptive,2,2,2,1,2,1,-0.039236153166716914,0.29728628683054636,0.3365224399972633,0.0,50.0,50.0,,2,0,False,
duodenum,age_range,40-49,60-69,60-69 minus 40-49,epithelial,EEC S,descriptive,2,2,2,1,2,1,-0.039236153166716914,-0.25201985750350864,-0.21278370433679172,0.0,0.0,0.0,,2,0,False,
duodenum,age_range,40-49,60-69,60-69 minus 40-49,epithelial,Enterocyte Progenitors,descriptive,2,2,2,1,2,1,-0.039236153166716914,1.1020052430475964,1.1412413962143133,0.0,6.862745098039216,6.862745098039216,,2,0,False,
duodenum,age_range,40-49,60-69,60-69 minus 40-49,epithelial,Enteroendocrine Cells (EEC),descriptive,2,2,2,1,2,1,-0.039236153166716914,-0.25201985750350864,-0.21278370433679172,0.0,0.0,0.0,,2,0,False,
duodenum,age_range,40-49,60-69,60-69 minus 40-49,epithelial,Epithelial,descriptive,2,2,2,1,2,1,-0.039236153166716914,-0.25201985750350864,-0.21278370433679172,0.0,0.0,0.0,,2,0,False,
duodenum,age_range,40-49,60-69,60-69 minus 40-49,epithelial,Foveolar Cells,descriptive,2,2,2,1,2,1,-0.039236153166716914,-0.25201985750350864,-0.21278370433679172,0.0,0.0,0.0,,2,0,False,
duodenum,age_range,40-49,60-69,60-69 minus 40-49,epithelial,Goblet Cells,descriptive,2,2,2,1,2,1,-0.039236153166716914,-0.25201985750350864,-0.21278370433679172,0.0,0.0,0.0,,2,0,False,
duodenum,age_range,40-49,60-69,60-69 minus 40-49,epithelial,Intestinal Stem Cells (ISC),descriptive,2,2,2,1,2,1,-0.039236153166716914,-0.25201985750350864,-0.21278370433679172,0.0,0.0,0.0,,2,0,False,
duodenum,age_range,40-49,60-69,60-69 minus 40-49,epithelial,Lower Crypt Colonocytes,descriptive,2,2,2,1,2,1,-0.039236153166716914,-0.25201985750350864,-0.21278370433679172,0.0,0.0,0.0,,2,0,False,
duodenum,age_range,40-49,60-69,60-69 minus 40-49,epithelial,Lower Villus Enterocytes,descriptive,2,2,2,1,2,1,-0.039236153166716914,1.3574180549305916,1.3966542080973086,0.0,11.76470588235294,11.76470588235294,,2,0,False,
duodenum,age_range,40-49,60-69,60-69 minus 40-49,epithelial,Mature Goblet Cells,descriptive,2,2,2,1,2,1,-0.039236153166716914,-0.25201985750350864,-0.21278370433679172,0.0,0.0,0.0,,2,0,False,
duodenum,age_range,40-49,60-69,60-69 minus 40-49,epithelial,Microfold Cells (M Cells),descriptive,2,2,2,1,2,1,-0.039236153166716914,-0.25201985750350864,-0.21278370433679172,0.0,0.0,0.0,,2,0,False,
duodenum,age_range,40-49,60-69,60-69 minus 40-49,epithelial,Mid Crypt Colonocytes,descriptive,2,2,2,1,2,1,-0.039236153166716914,-0.25201985750350864,-0.21278370433679172,0.0,0.0,0.0,,2,0,False,
duodenum,age_range,40-49,60-69,60-69 minus 40-49,epithelial,Mid Villus Enterocytes,descriptive,2,2,2,1,2,1,-0.039236153166716914,1.7695057764137663,1.8087419295804832,0.0,27.450980392156865,27.450980392156865,,2,0,False,
duodenum,age_range,40-49,60-69,60-69 minus 40-49,epithelial,Paneth Cells,descriptive,2,2,2,1,2,1,0.5100699911673381,-0.25201985750350864,-0.7620898486708467,50.0,0.0,-50.0,,2,0,False,
duodenum,age_range,40-49,60-69,60-69 minus 40-49,epithelial,Secretory Progenitors,descriptive,2,2,2,1,2,1,-0.039236153166716914,-0.25201985750350864,-0.21278370433679172,0.0,0.0,0.0,,2,0,False,
duodenum,age_range,40-49,60-69,60-69 minus 40-49,epithelial,Transiently Amplifying Cells (TA),descriptive,2,2,2,1,2,1,-0.039236153166716914,0.29728628683054614,0.33652243999726306,0.0,0.9803921568627451,0.9803921568627451,,2,0,False,
duodenum,age_range,40-49,60-69,60-69 minus 40-49,epithelial,Tuft Cells,descriptive,2,2,2,1,2,1,-0.039236153166716914,-0.25201985750350864,-0.21278370433679172,0.0,0.0,0.0,,2,0,False,
duodenum,age_range,40-49,60-69,60-69 minus 40-49,epithelial,Tuft Progenitors,descriptive,2,2,2,1,2,1,0.5100699911673381,-0.25201985750350864,-0.7620898486708467,50.0,0.0,-50.0,,2,0,False,
duodenum,age_range,40-49,60-69,60-69 minus 40-49,epithelial,Villus Tip Enterocytes,descriptive,2,2,2,1,2,1,-0.039236153166716914,-0.25201985750350864,-0.21278370433679172,0.0,0.0,0.0,,2,0,False,
duodenum,assay,10x 3' v2,10x 3' v3,10x 3' v3 minus 10x 3' v2,epithelial,BEST4 Colonocytes,descriptive,4,2,3,2,2,1,-0.14562800533511278,-0.3957767227368476,-0.25014871740173483,0.0,0.0,0.0,,0,0,False,
duodenum,assay,10x 3' v2,10x 3' v3,10x 3' v3 minus 10x 3' v2,epithelial,BEST4 Enterocytes,descriptive,4,2,3,2,2,1,-0.14562800533511278,0.5771783517908089,0.7228063571259217,0.0,2.5,2.5,,0,0,False,
duodenum,assay,10x 3' v2,10x 3' v3,10x 3' v3 minus 10x 3' v2,epithelial,Brunners Gland Cells,descriptive,4,2,3,2,2,1,0.3408495319287155,-0.3957767227368476,-0.7366262546655631,0.0,0.0,0.0,,0,0,False,
duodenum,assay,10x 3' v2,10x 3' v3,10x 3' v3 minus 10x 3' v2,epithelial,Colonocyte Progenitors,descriptive,4,2,3,2,2,1,-0.14562800533511278,-0.3957767227368476,-0.25014871740173483,0.0,0.0,0.0,,0,0,False,
duodenum,assay,10x 3' v2,10x 3' v3,10x 3' v3 minus 10x 3' v2,epithelial,Crypt Top Colonocytes,descriptive,4,2,3,2,2,1,-0.14562800533511278,-0.3957767227368476,-0.25014871740173483,0.0,0.0,0.0,,0,0,False,
duodenum,assay,10x 3' v2,10x 3' v3,10x 3' v3 minus 10x 3' v2,epithelial,EEC Enterochromaffin (EC),descriptive,4,2,3,2,2,1,-0.14562800533511278,-0.3957767227368476,-0.25014871740173483,0.0,0.0,0.0,,0,0,False,
duodenum,assay,10x 3' v2,10x 3' v3,10x 3' v3 minus 10x 3' v2,epithelial,EEC L,descriptive,4,2,3,2,2,1,-0.14562800533511278,0.4089422334802024,0.5545702388153152,0.0,1.6666666666666667,1.6666666666666667,,0,0,False,
duodenum,assay,10x 3' v2,10x 3' v3,10x 3' v3 minus 10x 3' v2,epithelial,EEC N,descriptive,4,2,3,2,2,1,-0.14562800533511278,0.15352942159720717,0.29915742693231995,0.0,0.8333333333333334,0.8333333333333334,,0,0,False,
duodenum,assay,10x 3' v2,10x 3' v3,10x 3' v3 minus 10x 3' v2,epithelial,EEC Progenitors,descriptive,4,2,3,2,2,1,0.12902506683191473,-0.3957767227368476,-0.5248017895687623,0.0,0.0,0.0,,0,0,False,
duodenum,assay,10x 3' v2,10x 3' v3,10x 3' v3 minus 10x 3' v2,epithelial,EEC S,descriptive,4,2,3,2,2,1,-0.14562800533511278,-0.3957767227368476,-0.25014871740173483,0.0,0.0,0.0,,0,0,False,
duodenum,assay,10x 3' v2,10x 3' v3,10x 3' v3 minus 10x 3' v2,epithelial,Enterocyte Progenitors,descriptive,4,2,3,2,2,1,0.5313845449404397,0.4089422334802024,-0.12244231146023732,0.0,1.6666666666666667,1.6666666666666667,,0,0,False,
duodenum,assay,10x 3' v2,10x 3' v3,10x 3' v3 minus 10x 3' v2,epithelial,Enteroendocrine Cells (EEC),descriptive,4,2,3,2,2,1,-0.14562800533511278,-0.3957767227368476,-0.25014871740173483,0.0,0.0,0.0,,0,0,False,
duodenum,assay,10x 3' v2,10x 3' v3,10x 3' v3 minus 10x 3' v2,epithelial,Epithelial,descriptive,4,2,3,2,2,1,-0.14562800533511278,-0.3957767227368476,-0.25014871740173483,0.0,0.0,0.0,,0,0,False,
duodenum,assay,10x 3' v2,10x 3' v3,10x 3' v3 minus 10x 3' v2,epithelial,Foveolar Cells,descriptive,4,2,3,2,2,1,-0.14562800533511278,-0.3957767227368476,-0.25014871740173483,0.0,0.0,0.0,,0,0,False,
duodenum,assay,10x 3' v2,10x 3' v3,10x 3' v3 minus 10x 3' v2,epithelial,Goblet Cells,descriptive,4,2,3,2,2,1,-0.14562800533511278,-0.3957767227368476,-0.25014871740173483,0.0,0.0,0.0,,0,0,False,
duodenum,assay,10x 3' v2,10x 3' v3,10x 3' v3 minus 10x 3' v2,epithelial,Intestinal Stem Cells (ISC),descriptive,4,2,3,2,2,1,-0.14562800533511278,0.9582483778142572,1.10387638314937,0.0,5.833333333333333,5.833333333333333,,0,0,False,
duodenum,assay,10x 3' v2,10x 3' v3,10x 3' v3 minus 10x 3' v2,epithelial,Lower Crypt Colonocytes,descriptive,4,2,3,2,2,1,-0.14562800533511278,-0.3957767227368476,-0.25014871740173483,0.0,0.0,0.0,,0,0,False,
duodenum,assay,10x 3' v2,10x 3' v3,10x 3' v3 minus 10x 3' v2,epithelial,Lower Villus Enterocytes,descriptive,4,2,3,2,2,1,0.6590909508819374,1.6257489111804273,0.9666579602984899,0.0,23.333333333333332,23.333333333333332,,0,0,False,
duodenum,assay,10x 3' v2,10x 3' v3,10x 3' v3 minus 10x 3' v2,epithelial,Mature Goblet Cells,descriptive,4,2,3,2,2,1,-0.14562800533511278,-0.3957767227368476,-0.25014871740173483,0.0,0.0,0.0,,0,0,False,
duodenum,assay,10x 3' v2,10x 3' v3,10x 3' v3 minus 10x 3' v2,epithelial,Microfold Cells (M Cells),descriptive,4,2,3,2,2,1,-0.14562800533511278,-0.3957767227368476,-0.25014871740173483,0.0,0.0,0.0,,0,0,False,
duodenum,assay,10x 3' v2,10x 3' v3,10x 3' v3 minus 10x 3' v2,epithelial,Mid Crypt Colonocytes,descriptive,4,2,3,2,2,1,-0.14562800533511278,-0.3957767227368476,-0.25014871740173483,0.0,0.0,0.0,,0,0,False,
duodenum,assay,10x 3' v2,10x 3' v3,10x 3' v3 minus 10x 3' v2,epithelial,Mid Villus Enterocytes,descriptive,4,2,3,2,2,1,0.8651348116235247,1.0764427668463725,0.21130795522284784,0.0,7.5,7.5,,0,0,False,
duodenum,assay,10x 3' v2,10x 3' v3,10x 3' v3 minus 10x 3' v2,epithelial,Paneth Cells,descriptive,4,2,3,2,2,1,-0.14562800533511278,0.1535294215972074,0.29915742693232017,0.0,50.0,50.0,,0,0,False,
duodenum,assay,10x 3' v2,10x 3' v3,10x 3' v3 minus 10x 3' v2,epithelial,Secretory Progenitors,descriptive,4,2,3,2,2,1,-0.14562800533511278,-0.3957767227368476,-0.25014871740173483,0.0,0.0,0.0,,0,0,False,
duodenum,assay,10x 3' v2,10x 3' v3,10x 3' v3 minus 10x 3' v2,epithelial,Transiently Amplifying Cells (TA),descriptive,4,2,3,2,2,1,0.12902506683191461,0.8031709136623375,0.6741458468304229,0.0,4.166666666666666,4.166666666666666,,0,0,False,
duodenum,assay,10x 3' v2,10x 3' v3,10x 3' v3 minus 10x 3' v2,epithelial,Tuft Cells,descriptive,4,2,3,2,2,1,-0.14562800533511278,0.4089422334802024,0.5545702388153152,0.0,1.6666666666666667,1.6666666666666667,,0,0,False,
duodenum,assay,10x 3' v2,10x 3' v3,10x 3' v3 minus 10x 3' v2,epithelial,Tuft Progenitors,descriptive,4,2,3,2,2,1,0.4036781389989422,-0.3957767227368476,-0.7994548617357898,50.0,0.0,-50.0,,0,0,False,
duodenum,assay,10x 3' v2,10x 3' v3,10x 3' v3 minus 10x 3' v2,epithelial,Villus Tip Enterocytes,descriptive,4,2,3,2,2,1,-0.14562800533511278,0.15352942159720717,0.29915742693231995,0.0,0.8333333333333334,0.8333333333333334,,0,0,False,
duodenum,sample_collection_method,biopsy,surgical resection,surgical resection minus biopsy,epithelial,BEST4 Colonocytes,descriptive,2,4,2,3,1,2,-0.039236153166716914,-0.3238982901201781,-0.2846621369534612,0.0,0.0,0.0,,0,0,False,
duodenum,sample_collection_method,biopsy,surgical resection,surgical resection minus biopsy,epithelial,BEST4 Enterocytes,descriptive,2,4,2,3,1,2,-0.039236153166716914,0.16257924714365013,0.20181540031036704,0.0,0.0,0.0,,0,0,False,
duodenum,sample_collection_method,biopsy,surgical resection,surgical resection minus biopsy,epithelial,Brunners Gland Cells,descriptive,2,4,2,3,1,2,-0.039236153166716914,0.16257924714365013,0.20181540031036704,0.0,0.0,0.0,,0,0,False,
duodenum,sample_collection_method,biopsy,surgical resection,surgical resection minus biopsy,epithelial,Colonocyte Progenitors,descriptive,2,4,2,3,1,2,-0.039236153166716914,-0.3238982901201781,-0.2846621369534612,0.0,0.0,0.0,,0,0,False,
duodenum,sample_collection_method,biopsy,surgical resection,surgical resection minus biopsy,epithelial,Crypt Top Colonocytes,descriptive,2,4,2,3,1,2,-0.039236153166716914,-0.3238982901201781,-0.2846621369534612,0.0,0.0,0.0,,0,0,False,
duodenum,sample_collection_method,biopsy,surgical resection,surgical resection minus biopsy,epithelial,EEC Enterochromaffin (EC),descriptive,2,4,2,3,1,2,-0.039236153166716914,-0.3238982901201781,-0.2846621369534612,0.0,0.0,0.0,,0,0,False,
duodenum,sample_collection_method,biopsy,surgical resection,surgical resection minus biopsy,epithelial,EEC L,descriptive,2,4,2,3,1,2,-0.039236153166716914,0.07846118798834689,0.1176973411550638,0.0,0.0,0.0,,0,0,False,
duodenum,sample_collection_method,biopsy,surgical resection,surgical resection minus biopsy,epithelial,EEC N,descriptive,2,4,2,3,1,2,-0.039236153166716914,-0.04924521795315073,-0.010009064786433819,0.0,0.0,0.0,,0,0,False,
duodenum,sample_collection_method,biopsy,surgical resection,surgical resection minus biopsy,epithelial,EEC Progenitors,descriptive,2,4,2,3,1,2,-0.039236153166716914,-0.04924521795315062,-0.010009064786433708,0.0,0.0,0.0,,0,0,False,
duodenum,sample_collection_method,biopsy,surgical resection,surgical resection minus biopsy,epithelial,EEC S,descriptive,2,4,2,3,1,2,-0.039236153166716914,-0.3238982901201781,-0.2846621369534612,0.0,0.0,0.0,,0,0,False,
duodenum,sample_collection_method,biopsy,surgical resection,surgical resection minus biopsy,epithelial,Enterocyte Progenitors,descriptive,2,4,2,3,1,2,-0.039236153166716914,0.7554737382638994,0.7947098914306163,0.0,1.6666666666666667,1.6666666666666667,,0,0,False,
duodenum,sample_collection_method,biopsy,surgical resection,surgical resection minus biopsy,epithelial,Enteroendocrine Cells (EEC),descriptive,2,4,2,3,1,2,-0.039236153166716914,-0.3238982901201781,-0.2846621369534612,0.0,0.0,0.0,,0,0,False,
duodenum,sample_collection_method,biopsy,surgical resection,surgical resection minus biopsy,epithelial,Epithelial,descriptive,2,4,2,3,1,2,-0.039236153166716914,-0.3238982901201781,-0.2846621369534612,0.0,0.0,0.0,,0,0,False,
duodenum,sample_collection_method,biopsy,surgical resection,surgical resection minus biopsy,epithelial,Foveolar Cells,descriptive,2,4,2,3,1,2,-0.039236153166716914,-0.3238982901201781,-0.2846621369534612,0.0,0.0,0.0,,0,0,False,
duodenum,sample_collection_method,biopsy,surgical resection,surgical resection minus biopsy,epithelial,Goblet Cells,descriptive,2,4,2,3,1,2,-0.039236153166716914,-0.3238982901201781,-0.2846621369534612,0.0,0.0,0.0,,0,0,False,
duodenum,sample_collection_method,biopsy,surgical resection,surgical resection minus biopsy,epithelial,Intestinal Stem Cells (ISC),descriptive,2,4,2,3,1,2,-0.039236153166716914,0.3531142601553743,0.3923504133220912,0.0,0.0,0.0,,0,0,False,
duodenum,sample_collection_method,biopsy,surgical resection,surgical resection minus biopsy,epithelial,Lower Crypt Colonocytes,descriptive,2,4,2,3,1,2,-0.039236153166716914,-0.3238982901201781,-0.2846621369534612,0.0,0.0,0.0,,0,0,False,
duodenum,sample_collection_method,biopsy,surgical resection,surgical resection minus biopsy,epithelial,Lower Villus Enterocytes,descriptive,2,4,2,3,1,2,-0.039236153166716914,1.4915834830555093,1.5308196362222262,0.0,11.76470588235294,11.76470588235294,,0,0,False,
duodenum,sample_collection_method,biopsy,surgical resection,surgical resection minus biopsy,epithelial,Mature Goblet Cells,descriptive,2,4,2,3,1,2,-0.039236153166716914,-0.3238982901201781,-0.2846621369534612,0.0,0.0,0.0,,0,0,False,
duodenum,sample_collection_method,biopsy,surgical resection,surgical resection minus biopsy,epithelial,Microfold Cells (M Cells),descriptive,2,4,2,3,1,2,-0.039236153166716914,-0.3238982901201781,-0.2846621369534612,0.0,0.0,0.0,,0,0,False,
duodenum,sample_collection_method,biopsy,surgical resection,surgical resection minus biopsy,epithelial,Mid Crypt Colonocytes,descriptive,2,4,2,3,1,2,-0.039236153166716914,-0.3238982901201781,-0.2846621369534612,0.0,0.0,0.0,,0,0,False,
duodenum,sample_collection_method,biopsy,surgical resection,surgical resection minus biopsy,epithelial,Mid Villus Enterocytes,descriptive,2,4,2,3,1,2,-0.039236153166716914,1.4229742716300695,1.4622104247967864,0.0,7.5,7.5,,0,0,False,
duodenum,sample_collection_method,biopsy,surgical resection,surgical resection minus biopsy,epithelial,Paneth Cells,descriptive,2,4,2,3,1,2,-0.039236153166716914,-0.04924521795315062,-0.010009064786433708,0.0,0.0,0.0,,0,0,False,
duodenum,sample_collection_method,biopsy,surgical resection,surgical resection minus biopsy,epithelial,Secretory Progenitors,descriptive,2,4,2,3,1,2,-0.039236153166716914,-0.3238982901201781,-0.2846621369534612,0.0,0.0,0.0,,0,0,False,
duodenum,sample_collection_method,biopsy,surgical resection,surgical resection minus biopsy,epithelial,Transiently Amplifying Cells (TA),descriptive,2,4,2,3,1,2,-0.039236153166716914,0.5502286002464418,0.5894647534131587,0.0,0.9803921568627451,0.9803921568627451,,0,0,False,
duodenum,sample_collection_method,biopsy,surgical resection,surgical resection minus biopsy,epithelial,Tuft Cells,descriptive,2,4,2,3,1,2,-0.039236153166716914,0.07846118798834689,0.1176973411550638,0.0,0.0,0.0,,0,0,False,
duodenum,sample_collection_method,biopsy,surgical resection,surgical resection minus biopsy,epithelial,Tuft Progenitors,descriptive,2,4,2,3,1,2,1.059376135501393,-0.3238982901201781,-1.3832744256215712,100.0,0.0,-100.0,,0,0,False,
duodenum,sample_collection_method,biopsy,surgical resection,surgical resection minus biopsy,epithelial,Villus Tip Enterocytes,descriptive,2,4,2,3,1,2,-0.039236153166716914,-0.04924521795315073,-0.010009064786433819,0.0,0.0,0.0,,0,0,False,
duodenum,gene_annotation_version,v104,v98,v98 minus v104,epithelial,BEST4 Colonocytes,descriptive,2,4,2,3,1,2,-0.3957767227368476,-0.14562800533511278,0.25014871740173483,0.0,0.0,0.0,,0,0,False,
duodenum,gene_annotation_version,v104,v98,v98 minus v104,epithelial,BEST4 Enterocytes,descriptive,2,4,2,3,1,2,0.5771783517908089,-0.14562800533511278,-0.7228063571259217,2.5,0.0,-2.5,,0,0,False,
duodenum,gene_annotation_version,v104,v98,v98 minus v104,epithelial,Brunners Gland Cells,descriptive,2,4,2,3,1,2,-0.3957767227368476,0.3408495319287155,0.7366262546655631,0.0,0.0,0.0,,0,0,False,
duodenum,gene_annotation_version,v104,v98,v98 minus v104,epithelial,Colonocyte Progenitors,descriptive,2,4,2,3,1,2,-0.3957767227368476,-0.14562800533511278,0.25014871740173483,0.0,0.0,0.0,,0,0,False,
duodenum,gene_annotation_version,v104,v98,v98 minus v104,epithelial,Crypt Top Colonocytes,descriptive,2,4,2,3,1,2,-0.3957767227368476,-0.14562800533511278,0.25014871740173483,0.0,0.0,0.0,,0,0,False,
duodenum,gene_annotation_version,v104,v98,v98 minus v104,epithelial,EEC Enterochromaffin (EC),descriptive,2,4,2,3,1,2,-0.3957767227368476,-0.14562800533511278,0.25014871740173483,0.0,0.0,0.0,,0,0,False,
duodenum,gene_annotation_version,v104,v98,v98 minus v104,epithelial,EEC L,descriptive,2,4,2,3,1,2,0.4089422334802024,-0.14562800533511278,-0.5545702388153152,1.6666666666666667,0.0,-1.6666666666666667,,0,0,False,
duodenum,gene_annotation_version,v104,v98,v98 minus v104,epithelial,EEC N,descriptive,2,4,2,3,1,2,0.15352942159720717,-0.14562800533511278,-0.29915742693231995,0.8333333333333334,0.0,-0.8333333333333334,,0,0,False,
duodenum,gene_annotation_version,v104,v98,v98 minus v104,epithelial,EEC Progenitors,descriptive,2,4,2,3,1,2,-0.3957767227368476,0.12902506683191473,0.5248017895687623,0.0,0.0,0.0,,0,0,False,
duodenum,gene_annotation_version,v104,v98,v98 minus v104,epithelial,EEC S,descriptive,2,4,2,3,1,2,-0.3957767227368476,-0.14562800533511278,0.25014871740173483,0.0,0.0,0.0,,0,0,False,
duodenum,gene_annotation_version,v104,v98,v98 minus v104,epithelial,Enterocyte Progenitors,descriptive,2,4,2,3,1,2,0.4089422334802024,0.5313845449404397,0.12244231146023732,1.6666666666666667,0.0,-1.6666666666666667,,0,0,False,
duodenum,gene_annotation_version,v104,v98,v98 minus v104,epithelial,Enteroendocrine Cells (EEC),descriptive,2,4,2,3,1,2,-0.3957767227368476,-0.14562800533511278,0.25014871740173483,0.0,0.0,0.0,,0,0,False,
duodenum,gene_annotation_version,v104,v98,v98 minus v104,epithelial,Epithelial,descriptive,2,4,2,3,1,2,-0.3957767227368476,-0.14562800533511278,0.25014871740173483,0.0,0.0,0.0,,0,0,False,
duodenum,gene_annotation_version,v104,v98,v98 minus v104,epithelial,Foveolar Cells,descriptive,2,4,2,3,1,2,-0.3957767227368476,-0.14562800533511278,0.25014871740173483,0.0,0.0,0.0,,0,0,False,
duodenum,gene_annotation_version,v104,v98,v98 minus v104,epithelial,Goblet Cells,descriptive,2,4,2,3,1,2,-0.3957767227368476,-0.14562800533511278,0.25014871740173483,0.0,0.0,0.0,,0,0,False,
duodenum,gene_annotation_version,v104,v98,v98 minus v104,epithelial,Intestinal Stem Cells (ISC),descriptive,2,4,2,3,1,2,0.9582483778142572,-0.14562800533511278,-1.10387638314937,5.833333333333333,0.0,-5.833333333333333,,0,0,False,
duodenum,gene_annotation_version,v104,v98,v98 minus v104,epithelial,Lower Crypt Colonocytes,descriptive,2,4,2,3,1,2,-0.3957767227368476,-0.14562800533511278,0.25014871740173483,0.0,0.0,0.0,,0,0,False,
duodenum,gene_annotation_version,v104,v98,v98 minus v104,epithelial,Lower Villus Enterocytes,descriptive,2,4,2,3,1,2,1.6257489111804273,0.6590909508819374,-0.9666579602984899,23.333333333333332,0.0,-23.333333333333332,,0,0,False,
duodenum,gene_annotation_version,v104,v98,v98 minus v104,epithelial,Mature Goblet Cells,descriptive,2,4,2,3,1,2,-0.3957767227368476,-0.14562800533511278,0.25014871740173483,0.0,0.0,0.0,,0,0,False,
duodenum,gene_annotation_version,v104,v98,v98 minus v104,epithelial,Microfold Cells (M Cells),descriptive,2,4,2,3,1,2,-0.3957767227368476,-0.14562800533511278,0.25014871740173483,0.0,0.0,0.0,,0,0,False,
duodenum,gene_annotation_version,v104,v98,v98 minus v104,epithelial,Mid Crypt Colonocytes,descriptive,2,4,2,3,1,2,-0.3957767227368476,-0.14562800533511278,0.25014871740173483,0.0,0.0,0.0,,0,0,False,
duodenum,gene_annotation_version,v104,v98,v98 minus v104,epithelial,Mid Villus Enterocytes,descriptive,2,4,2,3,1,2,1.0764427668463725,0.8651348116235247,-0.21130795522284784,7.5,0.0,-7.5,,0,0,False,
duodenum,gene_annotation_version,v104,v98,v98 minus v104,epithelial,Paneth Cells,descriptive,2,4,2,3,1,2,0.1535294215972074,-0.14562800533511278,-0.29915742693232017,50.0,0.0,-50.0,,0,0,False,
duodenum,gene_annotation_version,v104,v98,v98 minus v104,epithelial,Secretory Progenitors,descriptive,2,4,2,3,1,2,-0.3957767227368476,-0.14562800533511278,0.25014871740173483,0.0,0.0,0.0,,0,0,False,
duodenum,gene_annotation_version,v104,v98,v98 minus v104,epithelial,Transiently Amplifying Cells (TA),descriptive,2,4,2,3,1,2,0.8031709136623375,0.12902506683191461,-0.6741458468304229,4.166666666666666,0.0,-4.166666666666666,,0,0,False,
duodenum,gene_annotation_version,v104,v98,v98 minus v104,epithelial,Tuft Cells,descriptive,2,4,2,3,1,2,0.4089422334802024,-0.14562800533511278,-0.5545702388153152,1.6666666666666667,0.0,-1.6666666666666667,,0,0,False,
duodenum,gene_annotation_version,v104,v98,v98 minus v104,epithelial,Tuft Progenitors,descriptive,2,4,2,3,1,2,-0.3957767227368476,0.4036781389989422,0.7994548617357898,0.0,50.0,50.0,,0,0,False,
duodenum,gene_annotation_version,v104,v98,v98 minus v104,epithelial,Villus Tip Enterocytes,descriptive,2,4,2,3,1,2,0.15352942159720717,-0.14562800533511278,-0.29915742693231995,0.8333333333333334,0.0,-0.8333333333333334,,0,0,False,
jejunum,radial_tissue_term,EPI,LP,LP minus EPI,lymphoid,CD4 Memory,descriptive,2,3,2,3,1,2,0.9692137436141377,1.388030632545829,0.4188168889316912,3.4433962264150946,14.814814814814813,11.371418588399719,,1,0,False,
jejunum,radial_tissue_term,EPI,LP,LP minus EPI,lymphoid,CD4 Naive,descriptive,2,3,2,3,1,2,-0.5530474752475736,-0.6015385541159596,-0.048491078868385995,0.0,0.0,0.0,,1,0,False,
jejunum,radial_tissue_term,EPI,LP,LP minus EPI,lymphoid,CD4 Tfh,descriptive,2,3,2,3,1,2,-0.5530474752475736,-0.23533445789325644,0.3177130173543171,0.0,0.0,0.0,,1,0,False,
jejunum,radial_tissue_term,EPI,LP,LP minus EPI,lymphoid,CD4 Tfr,descriptive,2,3,2,3,1,2,-0.5530474752475736,-0.6015385541159596,-0.048491078868385995,0.0,0.0,0.0,,1,0,False,
jejunum,radial_tissue_term,EPI,LP,LP minus EPI,lymphoid,CD4 Th17,descriptive,2,3,2,3,1,2,1.8995899139716408,0.7795063546812179,-1.120083559290423,9.937106918238994,1.8181818181818181,-8.118925100057176,,1,0,False,
jejunum,radial_tissue_term,EPI,LP,LP minus EPI,lymphoid,CD4 Tr1,descriptive,2,3,2,3,1,2,-0.5530474752475736,-0.6015385541159596,-0.048491078868385995,0.0,0.0,0.0,,1,0,False,
jejunum,radial_tissue_term,EPI,LP,LP minus EPI,lymphoid,CD4 pTreg,descriptive,2,3,2,3,1,2,-0.5530474752475736,-0.23533445789325644,0.3177130173543171,0.0,0.0,0.0,,1,0,False,
jejunum,radial_tissue_term,EPI,LP,LP minus EPI,lymphoid,CD4 tTreg,descriptive,2,3,2,3,1,2,-0.5530474752475736,-0.6015385541159596,-0.048491078868385995,0.0,0.0,0.0,,1,0,False,
jejunum,radial_tissue_term,EPI,LP,LP minus EPI,lymphoid,CD8 Circulating Effector Memory,descriptive,2,3,2,3,1,2,-0.0037413309135188033,0.1308696383294469,0.1346109692429657,0.9433962264150944,1.8181818181818181,0.8747855917667238,,1,0,False,
jejunum,radial_tissue_term,EPI,LP,LP minus EPI,lymphoid,CD8 Effector Memory,descriptive,2,3,2,3,1,2,0.545564813420536,0.7795063546812181,0.23394154126068212,3.3333333333333335,0.0,-3.3333333333333335,,1,0,False,
jejunum,radial_tissue_term,EPI,LP,LP minus EPI,lymphoid,CD8 IEL,descriptive,2,3,2,3,1,2,2.0678260322822473,1.2755320398244956,-0.7922939924577517,14.764150943396226,6.666666666666667,-8.09748427672956,,1,0,False,
jejunum,radial_tissue_term,EPI,LP,LP minus EPI,lymphoid,CD8 Memory Exhausted,descriptive,2,3,2,3,1,2,-0.5530474752475736,0.47142005417344074,1.0244675294210144,0.0,0.0,0.0,,1,0,False,
jejunum,radial_tissue_term,EPI,LP,LP minus EPI,lymphoid,CD8 Naive,descriptive,2,3,2,3,1,2,-0.5530474752475736,-0.6015385541159596,-0.048491078868385995,0.0,0.0,0.0,,1,0,False,
jejunum,radial_tissue_term,EPI,LP,LP minus EPI,lymphoid,CD8 TRM,descriptive,2,3,2,3,1,2,3.6791650876912168,2.506499907962383,-1.1726651797288339,61.918238993710695,40.74074074074074,-21.177498252969954,,1,0,False,
jejunum,radial_tissue_term,EPI,LP,LP minus EPI,lymphoid,GC B Dark Zone (GC B DZ),descriptive,2,3,2,3,1,2,-0.5530474752475736,-0.6015385541159596,-0.048491078868385995,0.0,0.0,0.0,,1,0,False,
jejunum,radial_tissue_term,EPI,LP,LP minus EPI,lymphoid,GC B Light Zone (GC B LZ),descriptive,2,3,2,3,1,2,-0.5530474752475736,-0.6015385541159596,-0.048491078868385995,0.0,0.0,0.0,,1,0,False,
jejunum,radial_tissue_term,EPI,LP,LP minus EPI,lymphoid,Gamma Delta T Cells,descriptive,2,3,2,3,1,2,-0.5530474752475736,-0.6015385541159596,-0.048491078868385995,0.0,0.0,0.0,,1,0,False,
jejunum,radial_tissue_term,EPI,LP,LP minus EPI,lymphoid,ILC3,descriptive,2,3,2,3,1,2,-0.5530474752475736,-0.23533445789325627,0.31771301735431734,0.0,0.0,0.0,,1,0,False,
jejunum,radial_tissue_term,EPI,LP,LP minus EPI,lymphoid,MAIT Cells,descriptive,2,3,2,3,1,2,-0.5530474752475736,-0.6015385541159596,-0.048491078868385995,0.0,0.0,0.0,,1,0,False,
jejunum,radial_tissue_term,EPI,LP,LP minus EPI,lymphoid,Memory B,descriptive,2,3,2,3,1,2,-0.5530474752475736,-0.6015385541159596,-0.048491078868385995,0.0,0.0,0.0,,1,0,False,
jejunum,radial_tissue_term,EPI,LP,LP minus EPI,lymphoid,NK Cells,descriptive,2,3,2,3,1,2,0.25167148096947645,0.19775987015016408,-0.05391161081931237,1.8867924528301887,0.0,-1.8867924528301887,,1,0,False,
jejunum,radial_tissue_term,EPI,LP,LP minus EPI,lymphoid,NKT Cells,descriptive,2,3,2,3,1,2,0.545564813420536,-0.23533445789325627,-0.7808992713137922,3.7735849056603774,0.0,-3.7735849056603774,,1,0,False,
jejunum,radial_tissue_term,EPI,LP,LP minus EPI,lymphoid,Naive B,descriptive,2,3,2,3,1,2,-0.5530474752475736,-0.0650592499712593,0.4879882252763143,0.0,0.0,0.0,,1,0,False,
jejunum,radial_tissue_term,EPI,LP,LP minus EPI,lymphoid,Plasma Cells,descriptive,2,3,2,3,1,2,-0.5530474752475736,-0.6015385541159596,-0.048491078868385995,0.0,0.0,0.0,,1,0,False,
jejunum,radial_tissue_term,EPI,LP,LP minus EPI,lymphoid,Plasma IGA,descriptive,2,3,2,3,1,2,-0.5530474752475736,0.6957348785875824,1.2487823538351561,0.0,5.0,5.0,,1,0,False,
jejunum,radial_tissue_term,EPI,LP,LP minus EPI,lymphoid,Plasma IGG,descriptive,2,3,2,3,1,2,-0.5530474752475736,-0.6015385541159596,-0.048491078868385995,0.0,0.0,0.0,,1,0,False,
jejunum,sex_ontology_term,female,male,male minus female,lymphoid,CD4 Memory,descriptive,2,3,2,3,2,1,1.5644439906501122,0.9912104678551792,-0.573233522794933,10.11006289308176,5.0,-5.110062893081761,,1,0,False,
jejunum,sex_ontology_term,female,male,male minus female,lymphoid,CD4 Naive,descriptive,2,3,2,3,2,1,-0.5526092616485174,-0.6018306965153304,-0.04922143486681296,0.0,0.0,0.0,,1,0,False,
jejunum,sex_ontology_term,female,male,male minus female,lymphoid,CD4 Tfh,descriptive,2,3,2,3,2,1,-0.5526092616485174,-0.2356266002926272,0.31698266135589026,0.0,0.0,0.0,,1,0,False,
jejunum,sex_ontology_term,female,male,male minus female,lymphoid,CD4 Tfr,descriptive,2,3,2,3,2,1,-0.5526092616485174,-0.6018306965153304,-0.04922143486681296,0.0,0.0,0.0,,1,0,False,
jejunum,sex_ontology_term,female,male,male minus female,lymphoid,CD4 Th17,descriptive,2,3,2,3,2,1,1.3507219832366422,1.1454183085045504,-0.20530367473209177,7.437106918238993,5.555555555555555,-1.881551362683438,,1,0,False,
jejunum,sex_ontology_term,female,male,male minus female,lymphoid,CD4 Tr1,descriptive,2,3,2,3,2,1,-0.5526092616485174,-0.6018306965153304,-0.04922143486681296,0.0,0.0,0.0,,1,0,False,
jejunum,sex_ontology_term,female,male,male minus female,lymphoid,CD4 pTreg,descriptive,2,3,2,3,2,1,-0.5526092616485174,-0.2356266002926272,0.31698266135589026,0.0,0.0,0.0,,1,0,False,
jejunum,sex_ontology_term,female,male,male minus female,lymphoid,CD4 tTreg,descriptive,2,3,2,3,2,1,-0.5526092616485174,-0.6018306965153304,-0.04922143486681296,0.0,0.0,0.0,,1,0,False,
jejunum,sex_ontology_term,female,male,male minus female,lymphoid,CD8 Circulating Effector Memory,descriptive,2,3,2,3,2,1,-0.0033031173144626447,0.13057749593007614,0.1338806132445388,0.9433962264150944,1.8181818181818181,0.8747855917667238,,1,0,False,
jejunum,sex_ontology_term,female,male,male minus female,lymphoid,CD8 Effector Memory,descriptive,2,3,2,3,2,1,-0.5526092616485174,1.5116224047272537,2.064231666375771,0.0,6.666666666666667,6.666666666666667,,1,0,False,
jejunum,sex_ontology_term,female,male,male minus female,lymphoid,CD8 IEL,descriptive,2,3,2,3,2,1,2.1939214600217567,1.1914684213314894,-1.0024530386902673,15.59748427672956,5.0,-10.59748427672956,,1,0,False,
jejunum,sex_ontology_term,female,male,male minus female,lymphoid,CD8 Memory Exhausted,descriptive,2,3,2,3,2,1,-0.5526092616485174,0.47112791177406993,1.0237371734225873,0.0,0.0,0.0,,1,0,False,
jejunum,sex_ontology_term,female,male,male minus female,lymphoid,CD8 Naive,descriptive,2,3,2,3,2,1,-0.5526092616485174,-0.6018306965153304,-0.04922143486681296,0.0,0.0,0.0,,1,0,False,
jejunum,sex_ontology_term,female,male,male minus female,lymphoid,CD8 TRM,descriptive,2,3,2,3,2,1,3.622723858611944,2.544127394015231,-1.0785964645967128,57.75157232704402,40.74074074074074,-17.010831586303283,,1,0,False,
jejunum,sex_ontology_term,female,male,male minus female,lymphoid,GC B Dark Zone (GC B DZ),descriptive,2,3,2,3,2,1,-0.5526092616485174,-0.6018306965153304,-0.04922143486681296,0.0,0.0,0.0,,1,0,False,
jejunum,sex_ontology_term,female,male,male minus female,lymphoid,GC B Light Zone (GC B LZ),descriptive,2,3,2,3,2,1,-0.5526092616485174,-0.6018306965153304,-0.04922143486681296,0.0,0.0,0.0,,1,0,False,
jejunum,sex_ontology_term,female,male,male minus female,lymphoid,Gamma Delta T Cells,descriptive,2,3,2,3,2,1,-0.5526092616485174,-0.6018306965153304,-0.04922143486681296,0.0,0.0,0.0,,1,0,False,
jejunum,sex_ontology_term,female,male,male minus female,lymphoid,ILC3,descriptive,2,3,2,3,2,1,-0.5526092616485174,-0.23562660029262705,0.31698266135589037,0.0,0.0,0.0,,1,0,False,
jejunum,sex_ontology_term,female,male,male minus female,lymphoid,MAIT Cells,descriptive,2,3,2,3,2,1,-0.5526092616485174,-0.6018306965153304,-0.04922143486681296,0.0,0.0,0.0,,1,0,False,
jejunum,sex_ontology_term,female,male,male minus female,lymphoid,Memory B,descriptive,2,3,2,3,2,1,-0.5526092616485174,-0.6018306965153304,-0.04922143486681296,0.0,0.0,0.0,,1,0,False,
jejunum,sex_ontology_term,female,male,male minus female,lymphoid,NK Cells,descriptive,2,3,2,3,2,1,0.2521096945685326,0.19746772775079333,-0.05464196681773928,1.8867924528301887,0.0,-1.8867924528301887,,1,0,False,
jejunum,sex_ontology_term,female,male,male minus female,lymphoid,NKT Cells,descriptive,2,3,2,3,2,1,0.5460030270195921,-0.23562660029262705,-0.7816296273122192,3.7735849056603774,0.0,-3.7735849056603774,,1,0,False,
jejunum,sex_ontology_term,female,male,male minus female,lymphoid,Naive B,descriptive,2,3,2,3,2,1,-0.5526092616485174,-0.06535139237063008,0.48725786927788733,0.0,0.0,0.0,,1,0,False,
jejunum,sex_ontology_term,female,male,male minus female,lymphoid,Plasma Cells,descriptive,2,3,2,3,2,1,-0.5526092616485174,-0.6018306965153304,-0.04922143486681296,0.0,0.0,0.0,,1,0,False,
jejunum,sex_ontology_term,female,male,male minus female,lymphoid,Plasma IGA,descriptive,2,3,2,3,2,1,0.4203458128791391,0.046806019836440615,-0.37353979304269846,2.5,0.0,-2.5,,1,0,False,
jejunum,sex_ontology_term,female,male,male minus female,lymphoid,Plasma IGG,descriptive,2,3,2,3,2,1,-0.5526092616485174,-0.6018306965153304,-0.04922143486681296,0.0,0.0,0.0,,1,0,False,
jejunum,sex_ontology_term,female,male,male minus female,myeloid,Classical Monocytes,descriptive,3,3,3,3,1,1,-0.17085649259255797,0.3860853519026361,0.5569418444951941,0.0,0.0,0.0,,1,0,False,
jejunum,sex_ontology_term,female,male,male minus female,myeloid,Cycling Macrophages,descriptive,3,3,3,3,1,1,0.19534760363014522,-0.1503939522420641,-0.34574155587220934,0.0,0.0,0.0,,1,0,False,
jejunum,sex_ontology_term,female,male,male minus female,myeloid,Eosinophils,descriptive,3,3,3,3,1,1,-0.17085649259255797,-0.1503939522420641,0.020462540350493885,0.0,0.0,0.0,,1,0,False,
jejunum,sex_ontology_term,female,male,male minus female,myeloid,Follicle Associated Resident Macrophages,descriptive,3,3,3,3,1,1,-0.17085649259255797,-0.1503939522420641,0.020462540350493885,0.0,0.0,0.0,,1,0,False,
jejunum,sex_ontology_term,female,male,male minus female,myeloid,Homeostatic Macrophages,descriptive,3,3,3,3,1,1,0.3656228115521421,-0.1503939522420641,-0.5160167637942061,0.0,0.0,0.0,,1,0,False,
jejunum,sex_ontology_term,female,male,male minus female,myeloid,M0 Macrophages,descriptive,3,3,3,3,1,1,-0.17085649259255797,-0.1503939522420641,0.020462540350493885,0.0,0.0,0.0,,1,0,False,
jejunum,sex_ontology_term,female,male,male minus female,myeloid,Mast Cells,descriptive,3,3,3,3,1,1,0.5615516998528485,0.7045891669117815,0.14303746705893305,0.0,0.0,0.0,,1,0,False,
jejunum,sex_ontology_term,female,male,male minus female,myeloid,Monocyte Derived Dendritic Cells (MO DC),descriptive,3,3,3,3,1,1,0.5615516998528487,0.21581014398063925,-0.34574155587220945,100.0,0.0,-100.0,,1,0,False,
jejunum,sex_ontology_term,female,male,male minus female,myeloid,Neutrophils,descriptive,3,3,3,3,1,1,-0.17085649259255797,-0.1503939522420641,0.020462540350493885,0.0,0.0,0.0,,1,0,False,
jejunum,sex_ontology_term,female,male,male minus female,myeloid,Nonclassical Monocytes,descriptive,3,3,3,3,1,1,-0.17085649259255797,0.4982427641097071,0.6690992567022651,0.0,0.0,0.0,,1,0,False,
jejunum,sex_ontology_term,female,male,male minus female,myeloid,Perivascular Resident Macrophages,descriptive,3,3,3,3,1,1,-0.17085649259255797,-0.1503939522420641,0.020462540350493885,0.0,0.0,0.0,,1,0,False,
jejunum,sex_ontology_term,female,male,male minus female,myeloid,Tolerogenic cDC2,descriptive,3,3,3,3,1,1,-0.17085649259255797,-0.1503939522420641,0.020462540350493885,0.0,0.0,0.0,,1,0,False,
jejunum,sex_ontology_term,female,male,male minus female,myeloid,cDC1,descriptive,3,3,3,3,1,1,0.19534760363014522,-0.1503939522420641,-0.34574155587220934,0.0,0.0,0.0,,1,0,False,
jejunum,sex_ontology_term,female,male,male minus female,myeloid,cDC2,descriptive,3,3,3,3,1,1,-0.17085649259255797,-0.1503939522420641,0.020462540350493885,0.0,0.0,0.0,,1,0,False,
jejunum,sex_ontology_term,female,male,male minus female,myeloid,migDC,descriptive,3,3,3,3,1,1,-0.17085649259255797,-0.1503939522420641,0.020462540350493885,0.0,0.0,0.0,,1,0,False,
jejunum,sex_ontology_term,female,male,male minus female,myeloid,pDC,descriptive,3,3,3,3,1,1,-0.17085649259255797,-0.1503939522420641,0.020462540350493885,0.0,0.0,0.0,,1,0,False,
jejunum,age_range,20-29,70-79,70-79 minus 20-29,lymphoid,CD4 Memory,descriptive,2,2,2,2,1,2,0.9692137436141377,2.4063229715078354,1.4371092278936977,3.4433962264150946,16.574074074074073,13.130677847658978,,1,0,False,
jejunum,age_range,20-29,70-79,70-79 minus 20-29,lymphoid,CD4 Naive,descriptive,2,2,2,2,1,2,-0.5530474752475736,-0.5780308084848476,-0.024983333237273975,0.0,0.0,0.0,,1,0,False,
jejunum,age_range,20-29,70-79,70-79 minus 20-29,lymphoid,CD4 Tfh,descriptive,2,2,2,2,1,2,-0.5530474752475736,-0.028724664150792778,0.5243228110967808,0.0,0.9259259259259258,0.9259259259259258,,1,0,False,
jejunum,age_range,20-29,70-79,70-79 minus 20-29,lymphoid,CD4 Tfr,descriptive,2,2,2,2,1,2,-0.5530474752475736,-0.5780308084848476,-0.024983333237273975,0.0,0.0,0.0,,1,0,False,
jejunum,age_range,20-29,70-79,70-79 minus 20-29,lymphoid,CD4 Th17,descriptive,2,2,2,2,1,2,1.8995899139716408,0.9442304103768637,-0.9553595035947771,9.937106918238994,3.611111111111111,-6.3259958071278835,,1,0,False,
jejunum,age_range,20-29,70-79,70-79 minus 20-29,lymphoid,CD4 Tr1,descriptive,2,2,2,2,1,2,-0.5530474752475736,-0.5780308084848476,-0.024983333237273975,0.0,0.0,0.0,,1,0,False,
jejunum,age_range,20-29,70-79,70-79 minus 20-29,lymphoid,CD4 pTreg,descriptive,2,2,2,2,1,2,-0.5530474752475736,-0.028724664150792778,0.5243228110967808,0.0,0.9259259259259258,0.9259259259259258,,1,0,False,
jejunum,age_range,20-29,70-79,70-79 minus 20-29,lymphoid,CD4 tTreg,descriptive,2,2,2,2,1,2,-0.5530474752475736,-0.5780308084848476,-0.024983333237273975,0.0,0.0,0.0,,1,0,False,
jejunum,age_range,20-29,70-79,70-79 minus 20-29,lymphoid,CD8 Circulating Effector Memory,descriptive,2,2,2,2,1,2,-0.0037413309135188033,-0.028724664150792778,-0.024983333237273975,0.9433962264150944,0.9259259259259258,-0.017470300489168533,,1,0,False,
jejunum,age_range,20-29,70-79,70-79 minus 20-29,lymphoid,CD8 Effector Memory,descriptive,2,2,2,2,1,2,0.545564813420536,-0.5780308084848476,-1.1235956219053835,3.3333333333333335,0.0,-3.3333333333333335,,1,0,False,
jejunum,age_range,20-29,70-79,70-79 minus 20-29,lymphoid,CD8 IEL,descriptive,2,2,2,2,1,2,2.0678260322822473,2.237575082425835,0.16974905014358788,14.764150943396226,17.22222222222222,2.4580712788259955,,1,0,False,
jejunum,age_range,20-29,70-79,70-79 minus 20-29,lymphoid,CD8 Memory Exhausted,descriptive,2,2,2,2,1,2,-0.5530474752475736,-0.5780308084848476,-0.024983333237273975,0.0,0.0,0.0,,1,0,False,
jejunum,age_range,20-29,70-79,70-79 minus 20-29,lymphoid,CD8 Naive,descriptive,2,2,2,2,1,2,-0.5530474752475736,-0.5780308084848476,-0.024983333237273975,0.0,0.0,0.0,,1,0,False,
jejunum,age_range,20-29,70-79,70-79 minus 20-29,lymphoid,CD8 TRM,descriptive,2,2,2,2,1,2,3.6791650876912168,3.534720740298611,-0.1444443473926058,61.918238993710695,54.53703703703704,-7.381201956673657,,1,0,False,
jejunum,age_range,20-29,70-79,70-79 minus 20-29,lymphoid,GC B Dark Zone (GC B DZ),descriptive,2,2,2,2,1,2,-0.5530474752475736,-0.5780308084848476,-0.024983333237273975,0.0,0.0,0.0,,1,0,False,
jejunum,age_range,20-29,70-79,70-79 minus 20-29,lymphoid,GC B Light Zone (GC B LZ),descriptive,2,2,2,2,1,2,-0.5530474752475736,-0.5780308084848476,-0.024983333237273975,0.0,0.0,0.0,,1,0,False,
jejunum,age_range,20-29,70-79,70-79 minus 20-29,lymphoid,Gamma Delta T Cells,descriptive,2,2,2,2,1,2,-0.5530474752475736,-0.5780308084848476,-0.024983333237273975,0.0,0.0,0.0,,1,0,False,
jejunum,age_range,20-29,70-79,70-79 minus 20-29,lymphoid,ILC3,descriptive,2,2,2,2,1,2,-0.5530474752475736,-0.5780308084848476,-0.024983333237273975,0.0,0.0,0.0,,1,0,False,
jejunum,age_range,20-29,70-79,70-79 minus 20-29,lymphoid,MAIT Cells,descriptive,2,2,2,2,1,2,-0.5530474752475736,-0.5780308084848476,-0.024983333237273975,0.0,0.0,0.0,,1,0,False,
jejunum,age_range,20-29,70-79,70-79 minus 20-29,lymphoid,Memory B,descriptive,2,2,2,2,1,2,-0.5530474752475736,-0.5780308084848476,-0.024983333237273975,0.0,0.0,0.0,,1,0,False,
jejunum,age_range,20-29,70-79,70-79 minus 20-29,lymphoid,NK Cells,descriptive,2,2,2,2,1,2,0.25167148096947645,-0.5780308084848476,-0.829702289454324,1.8867924528301887,0.0,-1.8867924528301887,,1,0,False,
jejunum,age_range,20-29,70-79,70-79 minus 20-29,lymphoid,NKT Cells,descriptive,2,2,2,2,1,2,0.545564813420536,-0.5780308084848476,-1.1235956219053835,3.7735849056603774,0.0,-3.7735849056603774,,1,0,False,
jejunum,age_range,20-29,70-79,70-79 minus 20-29,lymphoid,Naive B,descriptive,2,2,2,2,1,2,-0.5530474752475736,-0.5780308084848476,-0.024983333237273975,0.0,0.0,0.0,,1,0,False,
jejunum,age_range,20-29,70-79,70-79 minus 20-29,lymphoid,Plasma Cells,descriptive,2,2,2,2,1,2,-0.5530474752475736,-0.5780308084848476,-0.024983333237273975,0.0,0.0,0.0,,1,0,False,
jejunum,age_range,20-29,70-79,70-79 minus 20-29,lymphoid,Plasma IGA,descriptive,2,2,2,2,1,2,-0.5530474752475736,1.3678793405704655,1.920926815818039,0.0,5.277777777777778,5.277777777777778,,1,0,False,
jejunum,age_range,20-29,70-79,70-79 minus 20-29,lymphoid,Plasma IGG,descriptive,2,2,2,2,1,2,-0.5530474752475736,-0.5780308084848476,-0.024983333237273975,0.0,0.0,0.0,,1,0,False,
jejunum,age_range,20-29,40-49,40-49 minus 20-29,myeloid,Classical Monocytes,descriptive,2,2,2,2,1,1,-0.22195310486795816,0.6592826952746276,0.8812358001425857,0.0,20.0,20.0,,1,0,False,
jejunum,age_range,20-29,40-49,40-49 minus 20-29,myeloid,Cycling Macrophages,descriptive,2,2,2,2,1,1,0.3273530394660966,-0.14543626094242268,-0.4727893004085193,6.25,0.0,-6.25,,1,0,False,
jejunum,age_range,20-29,40-49,40-49 minus 20-29,myeloid,Eosinophils,descriptive,2,2,2,2,1,1,-0.22195310486795816,-0.14543626094242268,0.07651684392553548,0.0,0.0,0.0,,1,0,False,
jejunum,age_range,20-29,40-49,40-49 minus 20-29,myeloid,Follicle Associated Resident Macrophages,descriptive,2,2,2,2,1,1,-0.22195310486795816,-0.14543626094242268,0.07651684392553548,0.0,0.0,0.0,,1,0,False,
jejunum,age_range,20-29,40-49,40-49 minus 20-29,myeloid,Homeostatic Macrophages,descriptive,2,2,2,2,1,1,0.582765851349092,-0.14543626094242268,-0.7282021122915147,12.5,0.0,-12.5,,1,0,False,
jejunum,age_range,20-29,40-49,40-49 minus 20-29,myeloid,M0 Macrophages,descriptive,2,2,2,2,1,1,-0.22195310486795816,-0.14543626094242268,0.07651684392553548,0.0,0.0,0.0,,1,0,False,
jejunum,age_range,20-29,40-49,40-49 minus 20-29,myeloid,Mast Cells,descriptive,2,2,2,2,1,1,0.8766591838001515,-0.14543626094242268,-1.022095444742574,25.0,0.0,-25.0,,1,0,False,
jejunum,age_range,20-29,40-49,40-49 minus 20-29,myeloid,Monocyte Derived Dendritic Cells (MO DC),descriptive,2,2,2,2,1,1,0.32735303946609684,0.4038698833916323,0.07651684392553548,50.0,50.0,0.0,,1,0,False,
jejunum,age_range,20-29,40-49,40-49 minus 20-29,myeloid,Neutrophils,descriptive,2,2,2,2,1,1,-0.22195310486795816,-0.14543626094242268,0.07651684392553548,0.0,0.0,0.0,,1,0,False,
jejunum,age_range,20-29,40-49,40-49 minus 20-29,myeloid,Nonclassical Monocytes,descriptive,2,2,2,2,1,1,-0.22195310486795816,0.827518813585234,1.0494719184531922,0.0,30.0,30.0,,1,0,False,
jejunum,age_range,20-29,40-49,40-49 minus 20-29,myeloid,Perivascular Resident Macrophages,descriptive,2,2,2,2,1,1,-0.22195310486795816,-0.14543626094242268,0.07651684392553548,0.0,0.0,0.0,,1,0,False,
jejunum,age_range,20-29,40-49,40-49 minus 20-29,myeloid,Tolerogenic cDC2,descriptive,2,2,2,2,1,1,-0.22195310486795816,-0.14543626094242268,0.07651684392553548,0.0,0.0,0.0,,1,0,False,
jejunum,age_range,20-29,40-49,40-49 minus 20-29,myeloid,cDC1,descriptive,2,2,2,2,1,1,0.3273530394660966,-0.14543626094242268,-0.4727893004085193,6.25,0.0,-6.25,,1,0,False,
jejunum,age_range,20-29,40-49,40-49 minus 20-29,myeloid,cDC2,descriptive,2,2,2,2,1,1,-0.22195310486795816,-0.14543626094242268,0.07651684392553548,0.0,0.0,0.0,,1,0,False,
jejunum,age_range,20-29,40-49,40-49 minus 20-29,myeloid,migDC,descriptive,2,2,2,2,1,1,-0.22195310486795816,-0.14543626094242268,0.07651684392553548,0.0,0.0,0.0,,1,0,False,
jejunum,age_range,20-29,40-49,40-49 minus 20-29,myeloid,pDC,descriptive,2,2,2,2,1,1,-0.22195310486795816,-0.14543626094242268,0.07651684392553548,0.0,0.0,0.0,,1,0,False,
ileum,sampled_site_condition,adjacent,healthy,healthy minus adjacent,epithelial,BEST4 Colonocytes,inferential,18,31,15,28,3,6,-0.056341661392553144,-0.06272847004523538,-0.006386808652682235,0.0,0.0,0.0,0.1765202639021205,2,1,True,0.5123227127746424
ileum,sampled_site_condition,adjacent,healthy,healthy minus adjacent,epithelial,BEST4 Enterocytes,inferential,18,31,15,28,3,6,0.10723828189447134,0.1903440531324064,0.08310577123793507,0.0,0.0,0.0,0.7505818833181466,2,1,True,0.8604231345354363
ileum,sampled_site_condition,adjacent,healthy,healthy minus adjacent,epithelial,Brunners Gland Cells,inferential,18,31,15,28,3,6,-0.11737567742967037,-0.1963779773481881,-0.07900229991851773,0.0,0.0,0.0,0.10580707757260027,2,1,True,0.37088971812043753
ileum,sampled_site_condition,adjacent,healthy,healthy minus adjacent,epithelial,Colonocyte Progenitors,inferential,18,31,15,28,3,6,-0.11737567742967037,-0.1963779773481881,-0.07900229991851773,0.0,0.0,0.0,0.10580707757260027,2,1,True,0.37088971812043753
ileum,sampled_site_condition,adjacent,healthy,healthy minus adjacent,epithelial,Crypt Top Colonocytes,inferential,18,31,15,28,3,6,-0.11737567742967037,-0.16093887126212,-0.04356319383244964,0.0,0.0,0.0,0.20165894013469965,2,1,True,0.5123227127746424
ileum,sampled_site_condition,adjacent,healthy,healthy minus adjacent,epithelial,EEC Enterochromaffin (EC),inferential,18,31,15,28,3,6,-0.11737567742967037,-0.1963779773481881,-0.07900229991851773,0.0,0.0,0.0,0.10580707757260027,2,1,True,0.37088971812043753
ileum,sampled_site_condition,adjacent,healthy,healthy minus adjacent,epithelial,EEC L,inferential,18,31,15,28,3,6,-0.11737567742967037,-0.1963779773481881,-0.07900229991851773,0.0,0.0,0.0,0.10580707757260027,2,1,True,0.37088971812043753
ileum,sampled_site_condition,adjacent,healthy,healthy minus adjacent,epithelial,EEC N,inferential,18,31,15,28,3,6,-0.11737567742967037,-0.12549976517605196,-0.008124087746381597,0.0,0.0,0.0,0.3946436616247079,2,1,True,0.65267401682268
ileum,sampled_site_condition,adjacent,healthy,healthy minus adjacent,epithelial,EEC Progenitors,inferential,18,31,15,28,3,6,-0.056341661392553144,-0.1963779773481881,-0.14003631595563495,0.0,0.0,0.0,0.08799022527265163,2,1,True,0.37088971812043753
ileum,sampled_site_condition,adjacent,healthy,healthy minus adjacent,epithelial,EEC S,inferential,18,31,15,28,3,6,-0.11737567742967037,-0.16093887126212,-0.04356319383244964,0.0,0.0,0.0,0.2170992861625055,2,1,True,0.5336109225922194
ileum,sampled_site_condition,adjacent,healthy,healthy minus adjacent,epithelial,Enterocyte Progenitors,inferential,18,31,15,28,3,6,0.1738324900736431,0.2602141187398939,0.08638162866625082,0.0,0.0,0.0,0.7902383843332383,2,1,True,0.8776977453240659
ileum,sampled_site_condition,adjacent,healthy,healthy minus adjacent,epithelial,Enteroendocrine Cells (EEC),inferential,18,31,15,28,3,6,-0.11737567742967037,-0.1963779773481881,-0.07900229991851773,0.0,0.0,0.0,0.10580707757260027,2,1,True,0.37088971812043753
ileum,sampled_site_condition,adjacent,healthy,healthy minus adjacent,epithelial,Epithelial,inferential,18,31,15,28,3,6,-0.056341661392553144,-0.05462155300391585,0.001720108388637294,0.0,0.0,0.0,0.33834038738640815,2,1,True,0.6000754040438182
ileum,sampled_site_condition,adjacent,healthy,healthy minus adjacent,epithelial,Foveolar Cells,inferential,18,31,15,28,3,6,-0.11737567742967037,-0.1963779773481881,-0.07900229991851773,0.0,0.0,0.0,0.10580707757260027,2,1,True,0.37088971812043753
ileum,sampled_site_condition,adjacent,healthy,healthy minus adjacent,epithelial,Goblet Cells,inferential,18,31,15,28,3,6,0.15086397464267967,0.39053206638305626,0.2396680917403766,0.0,0.0,0.0,0.4826218001733088,2,1,True,0.7437122822342791
ileum,sampled_site_condition,adjacent,healthy,healthy minus adjacent,epithelial,Intestinal Stem Cells (ISC),inferential,18,31,15,28,3,6,-0.11737567742967037,-0.01081111803123216,0.1065645593984382,0.0,0.0,0.0,0.8314778371155578,2,1,True,0.9059395047938721
ileum,sampled_site_condition,adjacent,healthy,healthy minus adjacent,epithelial,Lower Crypt Colonocytes,inferential,18,31,15,28,3,6,-0.11737567742967037,-0.1963779773481881,-0.07900229991851773,0.0,0.0,0.0,0.10580707757260027,2,1,True,0.37088971812043753
ileum,sampled_site_condition,adjacent,healthy,healthy minus adjacent,epithelial,Lower Villus Enterocytes,inferential,18,31,15,28,3,6,0.11279847403652589,0.4336046647146626,0.3208061906781367,0.0,0.0,0.0,0.5800599945307738,2,1,True,0.8388559920906575
ileum,sampled_site_condition,adjacent,healthy,healthy minus adjacent,epithelial,Mature Goblet Cells,inferential,18,31,15,28,3,6,0.10723828189447134,0.13419005589062613,0.026951773996154796,0.0,0.0,0.0,0.5512698240648295,2,1,True,0.8225295787633964
ileum,sampled_site_condition,adjacent,healthy,healthy minus adjacent,epithelial,Microfold Cells (M Cells),inferential,18,31,15,28,3,6,-0.056341661392553144,-0.07358241316204871,-0.017240751769495563,0.0,0.0,0.0,0.1954177193789065,2,1,True,0.5123227127746424
ileum,sampled_site_condition,adjacent,healthy,healthy minus adjacent,epithelial,Mid Crypt Colonocytes,inferential,18,31,15,28,3,6,-0.11737567742967037,-0.1963779773481881,-0.07900229991851773,0.0,0.0,0.0,0.10580707757260027,2,1,True,0.37088971812043753
ileum,sampled_site_condition,adjacent,healthy,healthy minus adjacent,epithelial,Mid Villus Enterocytes,inferential,18,31,15,28,3,6,0.2883559920834852,0.4094185011780451,0.1210625090945599,0.0,0.0,0.0,0.9577443812219028,2,1,True,0.9781458625134685
ileum,sampled_site_condition,adjacent,healthy,healthy minus adjacent,epithelial,Paneth Cells,inferential,18,31,15,28,3,6,0.12676038671879852,0.008149742126900726,-0.1186106445918978,0.0,0.0,0.0,0.2913288563234906,2,1,True,0.572833322610905
ileum,sampled_site_condition,adjacent,healthy,healthy minus adjacent,epithelial,Secretory Progenitors,inferential,18,31,15,28,3,6,0.03307155596489689,0.03504003296654719,0.001968477001650301,0.0,0.0,0.0,0.11047778837630054,2,1,True,0.37088971812043753
ileum,sampled_site_condition,adjacent,healthy,healthy minus adjacent,epithelial,Transiently Amplifying Cells (TA),inferential,18,31,15,28,3,6,0.40267505759563843,0.20018984968457118,-0.20248520791106725,0.0,0.0,0.0,0.1177973037077375,2,1,True,0.38182574305266637
ileum,sampled_site_condition,adjacent,healthy,healthy minus adjacent,epithelial,Tuft Cells,inferential,18,31,15,28,3,6,-0.11737567742967037,-0.07358241316204871,0.04379326426762166,0.0,0.0,0.0,0.6396598352538599,2,1,True,0.8492270642720866
ileum,sampled_site_condition,adjacent,healthy,healthy minus adjacent,epithelial,Tuft Progenitors,inferential,18,31,15,28,3,6,0.004692354644564054,-0.054621553003915836,-0.059313907648479894,0.0,0.0,0.0,0.1463321186896325,2,1,True,0.4437167469943695
ileum,sampled_site_condition,adjacent,healthy,healthy minus adjacent,epithelial,Villus Tip Enterocytes,inferential,18,31,15,28,3,6,0.243723602606766,0.483043739425675,0.239320136818909,0.0,0.0,0.0,0.8481135789559654,2,1,True,0.9059395047938721
ileum,sampled_site_condition,adjacent,healthy,healthy minus adjacent,lymphoid,CD4 Memory,inferential,11,14,10,13,4,6,0.35233331953006347,0.49946581873954315,0.14713249920947968,0.0,1.3157894736842104,1.3157894736842104,0.6811437528363993,2,1,True,0.8500175832682255
ileum,sampled_site_condition,adjacent,healthy,healthy minus adjacent,lymphoid,CD4 Naive,inferential,11,14,10,13,4,6,-0.18200629699535822,0.011503602496270344,0.19350989949162856,0.0,0.0,0.0,0.5651127460379713,2,1,True,0.8300093457432705
ileum,sampled_site_condition,adjacent,healthy,healthy minus adjacent,lymphoid,CD4 Tfh,inferential,11,14,10,13,4,6,0.19604498981885943,-0.05551565740322469,-0.2515606472220841,0.0,0.0,0.0,0.6027311702325795,2,1,True,0.8492270642720866
ileum,sampled_site_condition,adjacent,healthy,healthy minus adjacent,lymphoid,CD4 Tfr,inferential,11,14,10,13,4,6,-0.09687052979611503,-0.17655820888711088,-0.07968767909099585,0.0,0.0,0.0,0.7217538252293694,2,1,True,0.8500175832682255
ileum,sampled_site_condition,adjacent,healthy,healthy minus adjacent,lymphoid,CD4 Th17,inferential,11,14,10,13,4,6,0.8970390773741809,0.3750210042307453,-0.5220180731434356,2.631578947368421,0.0,-2.631578947368421,0.09472068375778513,2,1,True,0.37088971812043753
ileum,sampled_site_condition,adjacent,healthy,healthy minus adjacent,lymphoid,CD4 Tr1,inferential,11,14,10,13,4,6,-0.45878106406112384,-0.4119751278874201,0.046805936173703766,0.0,0.0,0.0,0.36600265045459224,2,1,True,0.6255318025951213
ileum,sampled_site_condition,adjacent,healthy,healthy minus adjacent,lymphoid,CD4 pTreg,inferential,11,14,10,13,4,6,-0.3894956047841332,-0.19450923947860418,0.194986365305529,0.0,0.0,0.0,0.31079254737400164,2,1,True,0.572833322610905
ileum,sampled_site_condition,adjacent,healthy,healthy minus adjacent,lymphoid,CD4 tTreg,inferential,11,14,10,13,4,6,-0.08987407151101244,-0.4119751278874201,-0.3221010563764076,0.0,0.0,0.0,0.33767292266380877,2,1,True,0.6000754040438182
ileum,sampled_site_condition,adjacent,healthy,healthy minus adjacent,lymphoid,CD8 Circulating Effector Memory,inferential,11,14,10,13,4,6,0.26392777377177173,-0.351453852145477,-0.6153816259172487,0.0,0.0,0.0,0.09472068375778513,2,1,True,0.37088971812043753
ileum,sampled_site_condition,adjacent,healthy,healthy minus adjacent,lymphoid,CD8 Effector Memory,inferential,11,14,10,13,4,6,-0.4359342978537688,-0.2042093495613943,0.2317249482923745,0.0,0.0,0.0,0.42695548745118517,2,1,True,0.6919623417312312
ileum,sampled_site_condition,adjacent,healthy,healthy minus adjacent,lymphoid,CD8 IEL,inferential,11,14,10,13,4,6,0.20275100347700575,0.2528763507065118,0.05012534722950607,1.8518518518518516,0.0,-1.8518518518518516,0.9781458625134685,2,1,True,0.9781458625134685
ileum,sampled_site_condition,adjacent,healthy,healthy minus adjacent,lymphoid,CD8 Memory Exhausted,inferential,11,14,10,13,4,6,-0.5358081422781424,-0.4904474342208564,0.04536070805728604,0.0,0.0,0.0,0.6811437528363993,2,1,True,0.8500175832682255
ileum,sampled_site_condition,adjacent,healthy,healthy minus adjacent,lymphoid,CD8 Naive,inferential,11,14,10,13,4,6,-0.25903337521237674,-0.4119751278874201,-0.15294175267504334,0.0,0.0,0.0,0.6414374634395548,2,1,True,0.8492270642720866
ileum,sampled_site_condition,adjacent,healthy,healthy minus adjacent,lymphoid,CD8 TRM,inferential,11,14,10,13,4,6,1.0823551380624934,1.505717778369906,0.42336264030741266,5.128205128205128,24.333333333333332,19.205128205128204,0.45952745958407326,2,1,True,0.7280033600113254
ileum,sampled_site_condition,adjacent,healthy,healthy minus adjacent,lymphoid,GC B Dark Zone (GC B DZ),inferential,11,14,10,13,4,6,0.35373599485414187,0.06940605978094941,-0.2843299350731925,0.0,0.0,0.0,0.6414374634395548,2,1,True,0.8492270642720866
ileum,sampled_site_condition,adjacent,healthy,healthy minus adjacent,lymphoid,GC B Light Zone (GC B LZ),inferential,11,14,10,13,4,6,0.305017330475686,0.26471802473949113,-0.04029930573619489,0.0,0.0,0.0,0.9781458625134685,2,1,True,0.9781458625134685
ileum,sampled_site_condition,adjacent,healthy,healthy minus adjacent,lymphoid,Gamma Delta T Cells,inferential,11,14,10,13,4,6,-0.4359342978537688,-0.4904474342208564,-0.0545131363670876,0.0,0.0,0.0,0.8479343754373171,2,1,True,0.9059395047938721
ileum,sampled_site_condition,adjacent,healthy,healthy minus adjacent,lymphoid,ILC3,inferential,11,14,10,13,4,6,-0.06838418259608246,-0.09808590255367457,-0.029701719957592104,0.0,0.0,0.0,0.49344607242997884,2,1,True,0.7481279162648067
ileum,sampled_site_condition,adjacent,healthy,healthy minus adjacent,lymphoid,MAIT Cells,inferential,11,14,10,13,4,6,-0.5358081422781424,-0.4119751278874201,0.12383301439072236,0.0,0.0,0.0,0.31079254737400164,2,1,True,0.572833322610905
ileum,sampled_site_condition,adjacent,healthy,healthy minus adjacent,lymphoid,Memory B,inferential,11,14,10,13,4,6,0.5047650193244334,0.6024932350088956,0.09772821568446222,0.0,2.631578947368421,2.631578947368421,0.7631637996677116,2,1,True,0.8643059899851192
ileum,sampled_site_condition,adjacent,healthy,healthy minus adjacent,lymphoid,NK Cells,inferential,11,14,10,13,4,6,0.13346554420001502,-0.01961359622023808,-0.1530791404202531,0.0,0.0,0.0,0.6811437528363993,2,1,True,0.8500175832682255
ileum,sampled_site_condition,adjacent,healthy,healthy minus adjacent,lymphoid,NKT Cells,inferential,11,14,10,13,4,6,0.17144147153637687,0.22884261951928225,0.05740114798290538,0.0,1.1627906976744187,1.1627906976744187,0.395770414456306,2,1,True,0.65267401682268
ileum,sampled_site_condition,adjacent,healthy,healthy minus adjacent,lymphoid,Naive B,inferential,11,14,10,13,4,6,0.006801635902345363,0.18986312789310858,0.18306149199076321,0.0,0.0,0.0,0.31079254737400164,2,1,True,0.572833322610905
ileum,sampled_site_condition,adjacent,healthy,healthy minus adjacent,lymphoid,Plasma Cells,inferential,11,14,10,13,4,6,-0.01000585297543901,-0.07558011350796767,-0.06557426053252866,0.0,0.0,0.0,0.8910563849017924,2,1,True,0.920431870118335
ileum,sampled_site_condition,adjacent,healthy,healthy minus adjacent,lymphoid,Plasma IGA,inferential,11,14,10,13,4,6,-0.4359342978537688,0.1379164998183618,0.5738507976721305,0.0,0.0,0.0,0.05873746924154502,2,1,True,0.37088971812043753
ileum,sampled_site_condition,adjacent,healthy,healthy minus adjacent,lymphoid,Plasma IGG,inferential,11,14,10,13,4,6,-0.5358081422781424,-0.33350282155398375,0.2023053207241587,0.0,0.0,0.0,0.36600265045459224,2,1,True,0.6255318025951213
ileum,sampled_site_condition,adjacent,healthy,healthy minus adjacent,myeloid,Classical Monocytes,inferential,10,15,10,15,4,6,0.010253990517207368,-0.08560565839698837,-0.09585964891419574,0.0,0.0,0.0,0.8754735748946259,2,1,True,0.920431870118335
ileum,sampled_site_condition,adjacent,healthy,healthy minus adjacent,myeloid,Cycling Macrophages,inferential,10,15,10,15,4,6,0.12011521938401848,-0.012364839152447704,-0.1324800585364662,0.0,0.0,0.0,0.308767416472874,2,1,True,0.572833322610905
ileum,sampled_site_condition,adjacent,healthy,healthy minus adjacent,myeloid,Eosinophils,inferential,10,15,10,15,4,6,-0.09960723834960357,-0.012364839152447704,0.08724239919715586,0.0,0.0,0.0,0.22139176575634634,2,1,True,0.5336109225922194
ileum,sampled_site_condition,adjacent,healthy,healthy minus adjacent,myeloid,Follicle Associated Resident Macrophages,inferential,10,15,10,15,4,6,0.3909202394942394,0.13411679933663362,-0.25680344015760576,0.0,0.0,0.0,0.7936628548143149,2,1,True,0.8776977453240659
ileum,sampled_site_condition,adjacent,healthy,healthy minus adjacent,myeloid,Homeostatic Macrophages,inferential,10,15,10,15,4,6,0.010253990517207368,-0.012364839152447704,-0.022618829669655074,0.0,0.0,0.0,0.6911250319464042,2,1,True,0.8500175832682255
ileum,sampled_site_condition,adjacent,healthy,healthy minus adjacent,myeloid,M0 Macrophages,inferential,10,15,10,15,4,6,0.7127090077437701,-0.012364839152447748,-0.7250738468962179,0.0,0.0,0.0,0.19878521178835362,2,1,True,0.5123227127746424
ileum,sampled_site_condition,adjacent,healthy,healthy minus adjacent,myeloid,Mast Cells,inferential,10,15,10,15,4,6,-0.04852467597300447,-0.08560565839698837,-0.0370809824239839,0.0,0.0,0.0,0.28647412412095485,2,1,True,0.572833322610905
ileum,sampled_site_condition,adjacent,healthy,healthy minus adjacent,myeloid,Monocyte Derived Dendritic Cells (MO DC),inferential,10,15,10,15,4,6,-0.20946846721641452,0.13411679933663362,0.3435852665530481,0.0,0.0,0.0,0.02517637358752181,2,1,True,0.33808273103243575
ileum,sampled_site_condition,adjacent,healthy,healthy minus adjacent,myeloid,Neutrophils,inferential,10,15,10,15,4,6,-0.20946846721641452,0.22465836494684652,0.43412683216326103,0.0,0.0,0.0,0.0078651313997961,2,1,True,0.33808273103243575
ileum,sampled_site_condition,adjacent,healthy,healthy minus adjacent,myeloid,Nonclassical Monocytes,inferential,10,15,10,15,4,6,-0.20946846721641452,-0.08560565839698837,0.12386280881942614,0.0,0.0,0.0,0.0448159298223253,2,1,True,0.37088971812043753
ileum,sampled_site_condition,adjacent,healthy,healthy minus adjacent,myeloid,Perivascular Resident Macrophages,inferential,10,15,10,15,4,6,-0.20946846721641452,0.09493102167649231,0.3043994888929068,0.0,0.0,0.0,0.018657196199530504,2,1,True,0.33808273103243575
ileum,sampled_site_condition,adjacent,healthy,healthy minus adjacent,myeloid,Tolerogenic cDC2,inferential,10,15,10,15,4,6,-0.09960723834960357,-0.08560565839698837,0.014001579952615195,0.0,0.0,0.0,0.28647412412095485,2,1,True,0.572833322610905
ileum,sampled_site_condition,adjacent,healthy,healthy minus adjacent,myeloid,cDC1,inferential,10,15,10,15,4,6,-0.20946846721641452,-0.012364839152447748,0.19710362806396678,0.0,0.0,0.0,0.01580747010171744,2,1,True,0.33808273103243575
ileum,sampled_site_condition,adjacent,healthy,healthy minus adjacent,myeloid,cDC2,inferential,10,15,10,15,4,6,0.3599047466638554,-0.012364839152447748,-0.37226958581630315,0.0,0.0,0.0,0.259071824781952,2,1,True,0.572833322610905
ileum,sampled_site_condition,adjacent,healthy,healthy minus adjacent,myeloid,migDC,inferential,10,15,10,15,4,6,-0.20946846721641452,-0.08560565839698837,0.12386280881942614,0.0,0.0,0.0,0.0448159298223253,2,1,True,0.37088971812043753
ileum,sampled_site_condition,adjacent,healthy,healthy minus adjacent,myeloid,pDC,inferential,10,15,10,15,4,6,-0.09960723834960357,-0.08560565839698837,0.014001579952615195,0.0,0.0,0.0,0.28647412412095485,2,1,True,0.572833322610905
ileum,sampled_site_condition,adjacent,healthy,healthy minus adjacent,stroma,Adipocytes,inferential,8,9,8,5,3,2,-0.11935904156124011,0.044144411139909606,0.16350345270114972,0.0,0.0,0.0,0.7324619600502794,2,1,True,0.8500175832682255
ileum,sampled_site_condition,adjacent,healthy,healthy minus adjacent,stroma,Angiogenic Pericytes,inferential,8,9,8,5,3,2,0.017967494522273586,-0.2567500556492248,-0.2747175501714984,0.0,0.0,0.0,0.087402412871794,2,1,True,0.37088971812043753
ileum,sampled_site_condition,adjacent,healthy,healthy minus adjacent,stroma,Arteriolar Endothelial,inferential,8,9,8,5,3,2,-0.11935904156124011,0.4967848394201407,0.6161438809813808,0.0,0.0,0.0,0.7324619600502794,2,1,True,0.8500175832682255
ileum,sampled_site_condition,adjacent,healthy,healthy minus adjacent,stroma,Capillary Endothelial,inferential,8,9,8,5,3,2,-0.11935904156124011,-0.2567500556492248,-0.1373910140879847,0.0,0.0,0.0,0.18731170126776808,2,1,True,0.5123227127746424
ileum,sampled_site_condition,adjacent,healthy,healthy minus adjacent,stroma,Contractile Pericytes,inferential,8,9,8,5,3,2,-0.11935904156124011,0.3105772192286175,0.4299362607898576,0.0,0.0,0.0,0.30510032603882664,2,1,True,0.572833322610905
ileum,sampled_site_condition,adjacent,healthy,healthy minus adjacent,stroma,Crypt Bottom Fibroblasts (S2A),inferential,8,9,8,5,3,2,0.01796749452227364,-0.37881808772345926,-0.3967855822457329,0.0,0.0,0.0,0.052230917537204304,2,1,True,0.37088971812043753
ileum,sampled_site_condition,adjacent,healthy,healthy minus adjacent,stroma,Crypt Top Fibroblasts (S2B),inferential,8,9,8,5,3,2,-0.11935904156124011,-0.2567500556492248,-0.1373910140879847,0.0,0.0,0.0,0.26134009151801973,2,1,True,0.572833322610905
ileum,sampled_site_condition,adjacent,healthy,healthy minus adjacent,stroma,Fibroblastic Reticular Cells (FRC),inferential,8,9,8,5,3,2,0.017967494522273586,-0.13468202357499046,-0.15264951809726404,0.0,0.0,0.0,0.18814605753708746,2,1,True,0.5123227127746424
ileum,sampled_site_condition,adjacent,healthy,healthy minus adjacent,stroma,Follicular Dendritic Cells (fDC),inferential,8,9,8,5,3,2,0.017967494522273586,-0.37881808772345926,-0.39678558224573285,0.0,0.0,0.0,0.02171623532585187,2,1,True,0.33808273103243575
ileum,sampled_site_condition,adjacent,healthy,healthy minus adjacent,stroma,Glia,inferential,8,9,8,5,3,2,0.017967494522273586,-0.37881808772345926,-0.39678558224573285,0.0,0.0,0.0,0.036083552871538305,2,1,True,0.37088971812043753
ileum,sampled_site_condition,adjacent,healthy,healthy minus adjacent,stroma,Interstitial Cells of Cajal (ICC),inferential,8,9,8,5,3,2,-0.11935904156124011,0.10945404057347842,0.22881308213471852,0.0,0.0,0.0,0.628101123081493,2,1,True,0.8492270642720866
ileum,sampled_site_condition,adjacent,healthy,healthy minus adjacent,stroma,Lamina propria Fibroblasts (S1),inferential,8,9,8,5,3,2,0.6215067116850612,0.3291387841911914,-0.2923679274938698,0.0,0.0,0.0,0.46468299575190986,2,1,True,0.7280033600113254
ileum,sampled_site_condition,adjacent,healthy,healthy minus adjacent,stroma,Lymphatic Endothelial,inferential,8,9,8,5,3,2,-0.11935904156124011,0.40472142593830673,0.5240804674995468,0.0,0.0,0.0,0.7324619600502794,2,1,True,0.8500175832682255
ileum,sampled_site_condition,adjacent,healthy,healthy minus adjacent,stroma,Marginal Reticular Cells (MRC),inferential,8,9,8,5,3,2,0.2926205666893011,-0.2567500556492248,-0.549370622338526,0.0,0.0,0.0,0.042540217000742835,2,1,True,0.37088971812043753
ileum,sampled_site_condition,adjacent,healthy,healthy minus adjacent,stroma,Medullary Sinus Endothelial,inferential,8,9,8,5,3,2,0.017967494522273586,0.10945404057347839,0.0914865460512048,0.0,0.0,0.0,0.8835202338130648,2,1,True,0.920431870118335
ileum,sampled_site_condition,adjacent,healthy,healthy minus adjacent,stroma,Mesenchymal Lymphoid Tissue Organizer Cells (mLTo Cells),inferential,8,9,8,5,3,2,0.017967494522273586,-0.37881808772345926,-0.39678558224573285,0.0,0.0,0.0,0.02171623532585187,2,1,True,0.33808273103243575
ileum,sampled_site_condition,adjacent,healthy,healthy minus adjacent,stroma,Muscularis Propria Fibroblasts,inferential,8,9,8,5,3,2,-0.11935904156124011,-0.0405378168653011,0.07882122469593901,0.0,0.0,0.0,0.7324619600502794,2,1,True,0.8500175832682255
ileum,sampled_site_condition,adjacent,healthy,healthy minus adjacent,stroma,Myofibroblasts,inferential,8,9,8,5,3,2,0.017967494522273586,-0.2567500556492248,-0.2747175501714984,0.0,0.0,0.0,0.10705119534687532,2,1,True,0.37088971812043753
ileum,sampled_site_condition,adjacent,healthy,healthy minus adjacent,stroma,Post Arteriole Capillary Endothelial (PAC),inferential,8,9,8,5,3,2,0.21914723357653615,-0.07792362093432484,-0.297070854510861,0.0,0.0,0.0,0.13004667679504398,2,1,True,0.40747958729113776
ileum,sampled_site_condition,adjacent,healthy,healthy minus adjacent,stroma,Pre Venule Capillary Endothelial (PVC),inferential,8,9,8,5,3,2,-0.11935904156124011,-0.012613991500756002,0.10674505006048411,0.0,0.0,0.0,0.7324619600502794,2,1,True,0.8500175832682255
ileum,sampled_site_condition,adjacent,healthy,healthy minus adjacent,stroma,Secretory Pericytes,inferential,8,9,8,5,3,2,-0.11935904156124011,-0.37881808772345926,-0.25945904616221915,0.0,0.0,0.0,0.05683126382125657,2,1,True,0.37088971812043753
ileum,sampled_site_condition,adjacent,healthy,healthy minus adjacent,stroma,Smooth Muscle Cells (SMC),inferential,8,9,8,5,3,2,-0.11935904156124011,-0.2567500556492248,-0.1373910140879847,0.0,0.0,0.0,0.26134009151801973,2,1,True,0.572833322610905
ileum,sampled_site_condition,adjacent,healthy,healthy minus adjacent,stroma,Submucosal Fibroblasts (S3),inferential,8,9,8,5,3,2,-0.11935904156124011,1.1735030135248197,1.2928620550860597,0.0,10.0,10.0,0.01671274779186442,2,1,True,0.33808273103243575
ileum,sampled_site_condition,adjacent,healthy,healthy minus adjacent,stroma,Venular Endothelial,inferential,8,9,8,5,3,2,0.15529403060578734,0.7225704507980647,0.5672764201922773,0.0,0.0,0.0,0.6274590137775713,2,1,True,0.8492270642720866
ileum,radial_tissue_term,EPI,EPI_LP,EPI_LP minus EPI,epithelial,BEST4 Colonocytes,inferential,8,17,8,17,1,4,-0.1489808226714685,0.05044528417487274,0.19942610684634124,0.0,0.0,0.0,0.3329826415879441,3,1,True,0.6181818181818183
ileum,radial_tissue_term,EPI,EPI_LP_MUSC,EPI_LP_MUSC minus EPI,epithelial,BEST4 Colonocytes,inferential,8,7,8,5,1,2,-0.1489808226714685,-0.2040149896635497,-0.05503416699208119,0.0,0.0,0.0,0.778865578865579,3,1,True,0.8665112665112666
ileum,radial_tissue_term,EPI,LP,LP minus EPI,epithelial,BEST4 Colonocytes,inferential,8,13,8,11,1,2,-0.1489808226714685,-0.07412942215663004,0.07485140051483846,0.0,0.0,0.0,0.10491020347891197,3,1,True,0.22660603951444985
ileum,radial_tissue_term,EPI_LP,EPI_LP_MUSC,EPI_LP_MUSC minus EPI_LP,epithelial,BEST4 Colonocytes,inferential,17,7,17,5,4,2,0.05044528417487274,-0.2040149896635497,-0.25446027383842246,0.0,0.0,0.0,0.11054076644279048,3,1,True,0.3880023894333661
ileum,radial_tissue_term,EPI_LP,LP,LP minus EPI_LP,epithelial,BEST4 Colonocytes,inferential,17,13,17,11,4,2,0.05044528417487274,-0.07412942215663004,-0.12457470633150278,0.0,0.0,0.0,0.6623103664356924,3,1,True,0.929203704359067
ileum,radial_tissue_term,EPI_LP_MUSC,LP,LP minus EPI_LP_MUSC,epithelial,BEST4 Colonocytes,inferential,7,13,5,11,2,2,-0.2040149896635497,-0.07412942215663004,0.12988556750691965,0.0,0.0,0.0,0.009881345046925446,3,1,True,0.028985278804314642
ileum,radial_tissue_term,EPI,EPI_LP,EPI_LP minus EPI,epithelial,BEST4 Enterocytes,inferential,8,17,8,17,1,4,0.4202537887785991,-0.19326852325992336,-0.6135223120385225,0.0,0.0,0.0,0.3743822074093558,3,1,True,0.6521496516162972
ileum,radial_tissue_term,EPI,EPI_LP_MUSC,EPI_LP_MUSC minus EPI,epithelial,BEST4 Enterocytes,inferential,8,7,8,5,1,2,0.4202537887785991,0.661907427326167,0.24165363854756794,0.0,0.0,0.0,0.5358197358197359,3,1,True,0.8167832167832169
ileum,radial_tissue_term,EPI,LP,LP minus EPI,epithelial,BEST4 Enterocytes,inferential,8,13,8,11,1,2,0.4202537887785991,0.010379215433224577,-0.4098745733453745,0.0,0.0,0.0,0.9406280974179135,3,1,True,0.9610766591898666
ileum,radial_tissue_term,EPI_LP,EPI_LP_MUSC,EPI_LP_MUSC minus EPI_LP,epithelial,BEST4 Enterocytes,inferential,17,7,17,5,4,2,-0.19326852325992336,0.661907427326167,0.8551759505860904,0.0,0.0,0.0,0.24691061145759663,3,1,True,0.3880023894333661
ileum,radial_tissue_term,EPI_LP,LP,LP minus EPI_LP,epithelial,BEST4 Enterocytes,inferential,17,13,17,11,4,2,-0.19326852325992336,0.010379215433224577,0.20364773869314792,0.0,0.0,0.0,0.12765824647044358,3,1,True,0.6547619748616681
ileum,radial_tissue_term,EPI_LP_MUSC,LP,LP minus EPI_LP_MUSC,epithelial,BEST4 Enterocytes,inferential,7,13,5,11,2,2,0.661907427326167,0.010379215433224577,-0.6515282118929424,0.0,0.0,0.0,0.7768001462578098,3,1,True,0.8544801608835908
ileum,radial_tissue_term,EPI,EPI_LP,EPI_LP minus EPI,epithelial,Brunners Gland Cells,inferential,8,17,8,17,1,4,-0.28630735875498226,-0.19326852325992336,0.0930388354950589,0.0,0.0,0.0,0.29994566264336786,3,1,True,0.5784666350979237
ileum,radial_tissue_term,EPI,EPI_LP_MUSC,EPI_LP_MUSC minus EPI,epithelial,Brunners Gland Cells,inferential,8,7,8,5,1,2,-0.28630735875498226,-0.2040149896635497,0.08229236909143256,0.0,0.0,0.0,0.6125874125874127,3,1,True,0.8167832167832169
ileum,radial_tissue_term,EPI,LP,LP minus EPI,epithelial,Brunners Gland Cells,inferential,8,13,8,11,1,2,-0.28630735875498226,-0.07412942215663004,0.2121779365983522,0.0,0.0,0.0,0.01751627949532723,3,1,True,0.06756279233911931
ileum,radial_tissue_term,EPI_LP,EPI_LP_MUSC,EPI_LP_MUSC minus EPI_LP,epithelial,Brunners Gland Cells,inferential,17,7,17,5,4,2,-0.19326852325992336,-0.2040149896635497,-0.010746466403626337,0.0,0.0,0.0,0.24691061145759663,3,1,True,0.3880023894333661
ileum,radial_tissue_term,EPI_LP,LP,LP minus EPI_LP,epithelial,Brunners Gland Cells,inferential,17,13,17,11,4,2,-0.19326852325992336,-0.07412942215663004,0.11913910110329332,0.0,0.0,0.0,0.16544006166583924,3,1,True,0.6547619748616681
ileum,radial_tissue_term,EPI_LP_MUSC,LP,LP minus EPI_LP_MUSC,epithelial,Brunners Gland Cells,inferential,7,13,5,11,2,2,-0.2040149896635497,-0.07412942215663004,0.12988556750691965,0.0,0.0,0.0,0.009881345046925446,3,1,True,0.028985278804314642
ileum,radial_tissue_term,EPI,EPI_LP,EPI_LP minus EPI,epithelial,Colonocyte Progenitors,inferential,8,17,8,17,1,4,-0.28630735875498226,-0.19326852325992336,0.0930388354950589,0.0,0.0,0.0,0.29994566264336786,3,1,True,0.5784666350979237
ileum,radial_tissue_term,EPI,EPI_LP_MUSC,EPI_LP_MUSC minus EPI,epithelial,Colonocyte Progenitors,inferential,8,7,8,5,1,2,-0.28630735875498226,-0.2040149896635497,0.08229236909143256,0.0,0.0,0.0,0.6125874125874127,3,1,True,0.8167832167832169
ileum,radial_tissue_term,EPI,LP,LP minus EPI,epithelial,Colonocyte Progenitors,inferential,8,13,8,11,1,2,-0.28630735875498226,-0.07412942215663004,0.2121779365983522,0.0,0.0,0.0,0.01751627949532723,3,1,True,0.06756279233911931
ileum,radial_tissue_term,EPI_LP,EPI_LP_MUSC,EPI_LP_MUSC minus EPI_LP,epithelial,Colonocyte Progenitors,inferential,17,7,17,5,4,2,-0.19326852325992336,-0.2040149896635497,-0.010746466403626337,0.0,0.0,0.0,0.24691061145759663,3,1,True,0.3880023894333661
ileum,radial_tissue_term,EPI_LP,LP,LP minus EPI_LP,epithelial,Colonocyte Progenitors,inferential,17,13,17,11,4,2,-0.19326852325992336,-0.07412942215663004,0.11913910110329332,0.0,0.0,0.0,0.16544006166583924,3,1,True,0.6547619748616681
ileum,radial_tissue_term,EPI_LP_MUSC,LP,LP minus EPI_LP_MUSC,epithelial,Colonocyte Progenitors,inferential,7,13,5,11,2,2,-0.2040149896635497,-0.07412942215663004,0.12988556750691965,0.0,0.0,0.0,0.009881345046925446,3,1,True,0.028985278804314642
ileum,radial_tissue_term,EPI,EPI_LP,EPI_LP minus EPI,epithelial,Crypt Top Colonocytes,inferential,8,17,8,17,1,4,-0.28630735875498226,-0.12864427098532866,0.1576630877696536,0.0,0.0,0.0,0.20284931949886198,3,1,True,0.5784666350979237
ileum,radial_tissue_term,EPI,EPI_LP_MUSC,EPI_LP_MUSC minus EPI,epithelial,Crypt Top Colonocytes,inferential,8,7,8,5,1,2,-0.28630735875498226,-0.2040149896635497,0.08229236909143256,0.0,0.0,0.0,0.6125874125874127,3,1,True,0.8167832167832169
ileum,radial_tissue_term,EPI,LP,LP minus EPI,epithelial,Crypt Top Colonocytes,inferential,8,13,8,11,1,2,-0.28630735875498226,-0.07412942215663004,0.2121779365983522,0.0,0.0,0.0,0.01751627949532723,3,1,True,0.06756279233911931
ileum,radial_tissue_term,EPI_LP,EPI_LP_MUSC,EPI_LP_MUSC minus EPI_LP,epithelial,Crypt Top Colonocytes,inferential,17,7,17,5,4,2,-0.12864427098532866,-0.2040149896635497,-0.07537071867822104,0.0,0.0,0.0,0.157011667116253,3,1,True,0.3880023894333661
ileum,radial_tissue_term,EPI_LP,LP,LP minus EPI_LP,epithelial,Crypt Top Colonocytes,inferential,17,13,17,11,4,2,-0.12864427098532866,-0.07412942215663004,0.054514848828698614,0.0,0.0,0.0,0.4206130759627782,3,1,True,0.7910265247576197
ileum,radial_tissue_term,EPI_LP_MUSC,LP,LP minus EPI_LP_MUSC,epithelial,Crypt Top Colonocytes,inferential,7,13,5,11,2,2,-0.2040149896635497,-0.07412942215663004,0.12988556750691965,0.0,0.0,0.0,0.009881345046925446,3,1,True,0.028985278804314642
ileum,radial_tissue_term,EPI,EPI_LP,EPI_LP minus EPI,epithelial,EEC Enterochromaffin (EC),inferential,8,17,8,17,1,4,-0.28630735875498226,-0.19326852325992336,0.0930388354950589,0.0,0.0,0.0,0.29994566264336786,3,1,True,0.5784666350979237
ileum,radial_tissue_term,EPI,EPI_LP_MUSC,EPI_LP_MUSC minus EPI,epithelial,EEC Enterochromaffin (EC),inferential,8,7,8,5,1,2,-0.28630735875498226,-0.2040149896635497,0.08229236909143256,0.0,0.0,0.0,0.6125874125874127,3,1,True,0.8167832167832169
ileum,radial_tissue_term,EPI,LP,LP minus EPI,epithelial,EEC Enterochromaffin (EC),inferential,8,13,8,11,1,2,-0.28630735875498226,-0.07412942215663004,0.2121779365983522,0.0,0.0,0.0,0.01751627949532723,3,1,True,0.06756279233911931
ileum,radial_tissue_term,EPI_LP,EPI_LP_MUSC,EPI_LP_MUSC minus EPI_LP,epithelial,EEC Enterochromaffin (EC),inferential,17,7,17,5,4,2,-0.19326852325992336,-0.2040149896635497,-0.010746466403626337,0.0,0.0,0.0,0.24691061145759663,3,1,True,0.3880023894333661
ileum,radial_tissue_term,EPI_LP,LP,LP minus EPI_LP,epithelial,EEC Enterochromaffin (EC),inferential,17,13,17,11,4,2,-0.19326852325992336,-0.07412942215663004,0.11913910110329332,0.0,0.0,0.0,0.16544006166583924,3,1,True,0.6547619748616681
ileum,radial_tissue_term,EPI_LP_MUSC,LP,LP minus EPI_LP_MUSC,epithelial,EEC Enterochromaffin (EC),inferential,7,13,5,11,2,2,-0.2040149896635497,-0.07412942215663004,0.12988556750691965,0.0,0.0,0.0,0.009881345046925446,3,1,True,0.028985278804314642
ileum,radial_tissue_term,EPI,EPI_LP,EPI_LP minus EPI,epithelial,EEC L,inferential,8,17,8,17,1,4,-0.28630735875498226,-0.19326852325992336,0.0930388354950589,0.0,0.0,0.0,0.29994566264336786,3,1,True,0.5784666350979237
ileum,radial_tissue_term,EPI,EPI_LP_MUSC,EPI_LP_MUSC minus EPI,epithelial,EEC L,inferential,8,7,8,5,1,2,-0.28630735875498226,-0.2040149896635497,0.08229236909143256,0.0,0.0,0.0,0.6125874125874127,3,1,True,0.8167832167832169
ileum,radial_tissue_term,EPI,LP,LP minus EPI,epithelial,EEC L,inferential,8,13,8,11,1,2,-0.28630735875498226,-0.07412942215663004,0.2121779365983522,0.0,0.0,0.0,0.01751627949532723,3,1,True,0.06756279233911931
ileum,radial_tissue_term,EPI_LP,EPI_LP_MUSC,EPI_LP_MUSC minus EPI_LP,epithelial,EEC L,inferential,17,7,17,5,4,2,-0.19326852325992336,-0.2040149896635497,-0.010746466403626337,0.0,0.0,0.0,0.24691061145759663,3,1,True,0.3880023894333661
ileum,radial_tissue_term,EPI_LP,LP,LP minus EPI_LP,epithelial,EEC L,inferential,17,13,17,11,4,2,-0.19326852325992336,-0.07412942215663004,0.11913910110329332,0.0,0.0,0.0,0.16544006166583924,3,1,True,0.6547619748616681
ileum,radial_tissue_term,EPI_LP_MUSC,LP,LP minus EPI_LP_MUSC,epithelial,EEC L,inferential,7,13,5,11,2,2,-0.2040149896635497,-0.07412942215663004,0.12988556750691965,0.0,0.0,0.0,0.009881345046925446,3,1,True,0.028985278804314642
ileum,radial_tissue_term,EPI,EPI_LP,EPI_LP minus EPI,epithelial,EEC N,inferential,8,17,8,17,1,4,-0.1489808226714685,-0.12864427098532866,0.020336551686139848,0.0,0.0,0.0,0.5339879287745107,3,1,True,0.7588249514164099
ileum,radial_tissue_term,EPI,EPI_LP_MUSC,EPI_LP_MUSC minus EPI,epithelial,EEC N,inferential,8,7,8,5,1,2,-0.1489808226714685,-0.2040149896635497,-0.05503416699208119,0.0,0.0,0.0,0.8665112665112666,3,1,True,0.8665112665112666
ileum,radial_tissue_term,EPI,LP,LP minus EPI,epithelial,EEC N,inferential,8,13,8,11,1,2,-0.1489808226714685,-0.07412942215663004,0.07485140051483846,0.0,0.0,0.0,0.16294191827295323,3,1,True,0.2932954528913158
ileum,radial_tissue_term,EPI_LP,EPI_LP_MUSC,EPI_LP_MUSC minus EPI_LP,epithelial,EEC N,inferential,17,7,17,5,4,2,-0.12864427098532866,-0.2040149896635497,-0.07537071867822104,0.0,0.0,0.0,0.1077968941066146,3,1,True,0.3880023894333661
ileum,radial_tissue_term,EPI_LP,LP,LP minus EPI_LP,epithelial,EEC N,inferential,17,13,17,11,4,2,-0.12864427098532866,-0.07412942215663004,0.054514848828698614,0.0,0.0,0.0,0.4206130759627782,3,1,True,0.7910265247576197
ileum,radial_tissue_term,EPI_LP_MUSC,LP,LP minus EPI_LP_MUSC,epithelial,EEC N,inferential,7,13,5,11,2,2,-0.2040149896635497,-0.07412942215663004,0.12988556750691965,0.0,0.0,0.0,0.009881345046925446,3,1,True,0.028985278804314642
ileum,radial_tissue_term,EPI,EPI_LP,EPI_LP minus EPI,epithelial,EEC Progenitors,inferential,8,17,8,17,1,4,-0.1489808226714685,-0.19326852325992336,-0.044287700588454854,0.0,0.0,0.0,0.40956346651853226,3,1,True,0.6858288770053477
ileum,radial_tissue_term,EPI,EPI_LP_MUSC,EPI_LP_MUSC minus EPI,epithelial,EEC Progenitors,inferential,8,7,8,5,1,2,-0.1489808226714685,-0.2040149896635497,-0.05503416699208119,0.0,0.0,0.0,0.6125874125874127,3,1,True,0.8167832167832169
ileum,radial_tissue_term,EPI,LP,LP minus EPI,epithelial,EEC Progenitors,inferential,8,13,8,11,1,2,-0.1489808226714685,-0.07412942215663004,0.07485140051483846,0.0,0.0,0.0,0.04053919719558702,3,1,True,0.12161759158676105
ileum,radial_tissue_term,EPI_LP,EPI_LP_MUSC,EPI_LP_MUSC minus EPI_LP,epithelial,EEC Progenitors,inferential,17,7,17,5,4,2,-0.19326852325992336,-0.2040149896635497,-0.010746466403626337,0.0,0.0,0.0,0.24691061145759663,3,1,True,0.3880023894333661
ileum,radial_tissue_term,EPI_LP,LP,LP minus EPI_LP,epithelial,EEC Progenitors,inferential,17,13,17,11,4,2,-0.19326852325992336,-0.07412942215663004,0.11913910110329332,0.0,0.0,0.0,0.16544006166583924,3,1,True,0.6547619748616681
ileum,radial_tissue_term,EPI_LP_MUSC,LP,LP minus EPI_LP_MUSC,epithelial,EEC Progenitors,inferential,7,13,5,11,2,2,-0.2040149896635497,-0.07412942215663004,0.12988556750691965,0.0,0.0,0.0,0.009881345046925446,3,1,True,0.028985278804314642
ileum,radial_tissue_term,EPI,EPI_LP,EPI_LP minus EPI,epithelial,EEC S,inferential,8,17,8,17,1,4,-0.1489808226714685,-0.19326852325992336,-0.044287700588454854,0.0,0.0,0.0,0.8357677772739235,3,1,True,0.9026291994558373
ileum,radial_tissue_term,EPI,EPI_LP_MUSC,EPI_LP_MUSC minus EPI,epithelial,EEC S,inferential,8,7,8,5,1,2,-0.1489808226714685,-0.2040149896635497,-0.05503416699208119,0.0,0.0,0.0,0.8665112665112666,3,1,True,0.8665112665112666
ileum,radial_tissue_term,EPI,LP,LP minus EPI,epithelial,EEC S,inferential,8,13,8,11,1,2,-0.1489808226714685,-0.07412942215663004,0.07485140051483846,0.0,0.0,0.0,0.16294191827295323,3,1,True,0.2932954528913158
ileum,radial_tissue_term,EPI_LP,EPI_LP_MUSC,EPI_LP_MUSC minus EPI_LP,epithelial,EEC S,inferential,17,7,17,5,4,2,-0.19326852325992336,-0.2040149896635497,-0.010746466403626337,0.0,0.0,0.0,0.24691061145759663,3,1,True,0.3880023894333661
ileum,radial_tissue_term,EPI_LP,LP,LP minus EPI_LP,epithelial,EEC S,inferential,17,13,17,11,4,2,-0.19326852325992336,-0.07412942215663004,0.11913910110329332,0.0,0.0,0.0,0.16544006166583924,3,1,True,0.6547619748616681
ileum,radial_tissue_term,EPI_LP_MUSC,LP,LP minus EPI_LP_MUSC,epithelial,EEC S,inferential,7,13,5,11,2,2,-0.2040149896635497,-0.07412942215663004,0.12988556750691965,0.0,0.0,0.0,0.009881345046925446,3,1,True,0.028985278804314642
ileum,radial_tissue_term,EPI,EPI_LP,EPI_LP minus EPI,epithelial,Enterocyte Progenitors,inferential,8,17,8,17,1,4,-0.01165428658795481,0.35079501793373036,0.36244930452168517,0.0,0.0,0.0,0.07083115546270256,3,1,True,0.567188084066311
ileum,radial_tissue_term,EPI,EPI_LP_MUSC,EPI_LP_MUSC minus EPI,epithelial,Enterocyte Progenitors,inferential,8,7,8,5,1,2,-0.01165428658795481,0.33979393744649594,0.35144822403445075,0.0,0.0,0.0,0.778865578865579,3,1,True,0.8665112665112666
ileum,radial_tissue_term,EPI,LP,LP minus EPI,epithelial,Enterocyte Progenitors,inferential,8,13,8,11,1,2,-0.01165428658795481,0.2445732491042571,0.2562275356922119,0.0,0.0,0.0,0.076338389500268,3,1,True,0.1873760469552033
ileum,radial_tissue_term,EPI_LP,EPI_LP_MUSC,EPI_LP_MUSC minus EPI_LP,epithelial,Enterocyte Progenitors,inferential,17,7,17,5,4,2,0.35079501793373036,0.33979393744649594,-0.011001080487234416,0.0,0.0,0.0,0.20980685390645326,3,1,True,0.3880023894333661
ileum,radial_tissue_term,EPI_LP,LP,LP minus EPI_LP,epithelial,Enterocyte Progenitors,inferential,17,13,17,11,4,2,0.35079501793373036,0.2445732491042571,-0.10622176882947326,0.0,0.0,0.0,0.8932235930498242,3,1,True,1.0
ileum,radial_tissue_term,EPI_LP_MUSC,LP,LP minus EPI_LP_MUSC,epithelial,Enterocyte Progenitors,inferential,7,13,5,11,2,2,0.33979393744649594,0.2445732491042571,-0.09522068834223885,0.0,0.0,0.0,0.15176988572300149,3,1,True,0.2671149988724826
ileum,radial_tissue_term,EPI,EPI_LP,EPI_LP minus EPI,epithelial,Enteroendocrine Cells (EEC),inferential,8,17,8,17,1,4,-0.28630735875498226,-0.19326852325992336,0.0930388354950589,0.0,0.0,0.0,0.29994566264336786,3,1,True,0.5784666350979237
ileum,radial_tissue_term,EPI,EPI_LP_MUSC,EPI_LP_MUSC minus EPI,epithelial,Enteroendocrine Cells (EEC),inferential,8,7,8,5,1,2,-0.28630735875498226,-0.2040149896635497,0.08229236909143256,0.0,0.0,0.0,0.6125874125874127,3,1,True,0.8167832167832169
ileum,radial_tissue_term,EPI,LP,LP minus EPI,epithelial,Enteroendocrine Cells (EEC),inferential,8,13,8,11,1,2,-0.28630735875498226,-0.07412942215663004,0.2121779365983522,0.0,0.0,0.0,0.01751627949532723,3,1,True,0.06756279233911931
ileum,radial_tissue_term,EPI_LP,EPI_LP_MUSC,EPI_LP_MUSC minus EPI_LP,epithelial,Enteroendocrine Cells (EEC),inferential,17,7,17,5,4,2,-0.19326852325992336,-0.2040149896635497,-0.010746466403626337,0.0,0.0,0.0,0.24691061145759663,3,1,True,0.3880023894333661
ileum,radial_tissue_term,EPI_LP,LP,LP minus EPI_LP,epithelial,Enteroendocrine Cells (EEC),inferential,17,13,17,11,4,2,-0.19326852325992336,-0.07412942215663004,0.11913910110329332,0.0,0.0,0.0,0.16544006166583924,3,1,True,0.6547619748616681
ileum,radial_tissue_term,EPI_LP_MUSC,LP,LP minus EPI_LP_MUSC,epithelial,Enteroendocrine Cells (EEC),inferential,7,13,5,11,2,2,-0.2040149896635497,-0.07412942215663004,0.12988556750691965,0.0,0.0,0.0,0.009881345046925446,3,1,True,0.028985278804314642
ileum,radial_tissue_term,EPI,EPI_LP,EPI_LP minus EPI,epithelial,Epithelial,inferential,8,17,8,17,1,4,-0.28630735875498226,-0.12864427098532863,0.15766308776965363,0.0,0.0,0.0,0.27317447423984,3,1,True,0.5784666350979237
ileum,radial_tissue_term,EPI,EPI_LP_MUSC,EPI_LP_MUSC minus EPI,epithelial,Epithelial,inferential,8,7,8,5,1,2,-0.28630735875498226,0.26681884833706876,0.5531262070920511,0.0,0.0,0.0,0.1892773892773893,3,1,True,0.8167832167832169
ileum,radial_tissue_term,EPI,LP,LP minus EPI,epithelial,Epithelial,inferential,8,13,8,11,1,2,-0.28630735875498226,-0.07412942215663004,0.2121779365983522,0.0,0.0,0.0,0.01751627949532723,3,1,True,0.06756279233911931
ileum,radial_tissue_term,EPI_LP,EPI_LP_MUSC,EPI_LP_MUSC minus EPI_LP,epithelial,Epithelial,inferential,17,7,17,5,4,2,-0.12864427098532863,0.26681884833706876,0.3954631193223974,0.0,0.0,0.0,0.6759235464957477,3,1,True,0.7501240411198521
ileum,radial_tissue_term,EPI_LP,LP,LP minus EPI_LP,epithelial,Epithelial,inferential,17,13,17,11,4,2,-0.12864427098532863,-0.07412942215663004,0.05451484882869859,0.0,0.0,0.0,0.3141416296451681,3,1,True,0.7910265247576197
ileum,radial_tissue_term,EPI_LP_MUSC,LP,LP minus EPI_LP_MUSC,epithelial,Epithelial,inferential,7,13,5,11,2,2,0.26681884833706876,-0.07412942215663004,-0.3409482704936988,0.0,0.0,0.0,0.743303562520002,3,1,True,0.8544801608835908
ileum,radial_tissue_term,EPI,EPI_LP,EPI_LP minus EPI,epithelial,Foveolar Cells,inferential,8,17,8,17,1,4,-0.28630735875498226,-0.19326852325992336,0.0930388354950589,0.0,0.0,0.0,0.29994566264336786,3,1,True,0.5784666350979237
ileum,radial_tissue_term,EPI,EPI_LP_MUSC,EPI_LP_MUSC minus EPI,epithelial,Foveolar Cells,inferential,8,7,8,5,1,2,-0.28630735875498226,-0.2040149896635497,0.08229236909143256,0.0,0.0,0.0,0.6125874125874127,3,1,True,0.8167832167832169
ileum,radial_tissue_term,EPI,LP,LP minus EPI,epithelial,Foveolar Cells,inferential,8,13,8,11,1,2,-0.28630735875498226,-0.07412942215663004,0.2121779365983522,0.0,0.0,0.0,0.01751627949532723,3,1,True,0.06756279233911931
ileum,radial_tissue_term,EPI_LP,EPI_LP_MUSC,EPI_LP_MUSC minus EPI_LP,epithelial,Foveolar Cells,inferential,17,7,17,5,4,2,-0.19326852325992336,-0.2040149896635497,-0.010746466403626337,0.0,0.0,0.0,0.24691061145759663,3,1,True,0.3880023894333661
ileum,radial_tissue_term,EPI_LP,LP,LP minus EPI_LP,epithelial,Foveolar Cells,inferential,17,13,17,11,4,2,-0.19326852325992336,-0.07412942215663004,0.11913910110329332,0.0,0.0,0.0,0.16544006166583924,3,1,True,0.6547619748616681
ileum,radial_tissue_term,EPI_LP_MUSC,LP,LP minus EPI_LP_MUSC,epithelial,Foveolar Cells,inferential,7,13,5,11,2,2,-0.2040149896635497,-0.07412942215663004,0.12988556750691965,0.0,0.0,0.0,0.009881345046925446,3,1,True,0.028985278804314642
ileum,radial_tissue_term,EPI,EPI_LP,EPI_LP minus EPI,epithelial,Goblet Cells,inferential,8,17,8,17,1,4,0.05219891638279406,0.3690394254810151,0.31684050909822103,0.0,0.0,0.0,0.1639410325964915,3,1,True,0.5784666350979237
ileum,radial_tissue_term,EPI,EPI_LP_MUSC,EPI_LP_MUSC minus EPI,epithelial,Goblet Cells,inferential,8,7,8,5,1,2,0.05219891638279406,0.2558244138890505,0.20362549750625641,0.0,0.0,0.0,0.778865578865579,3,1,True,0.8665112665112666
ileum,radial_tissue_term,EPI,LP,LP minus EPI,epithelial,Goblet Cells,inferential,8,13,8,11,1,2,0.05219891638279406,0.5055908807975631,0.45339196441476903,0.0,0.0,0.0,0.06463748595365028,3,1,True,0.16783216783216787
ileum,radial_tissue_term,EPI_LP,EPI_LP_MUSC,EPI_LP_MUSC minus EPI_LP,epithelial,Goblet Cells,inferential,17,7,17,5,4,2,0.3690394254810151,0.2558244138890505,-0.11321501159196462,0.0,0.0,0.0,0.0461371077585058,3,1,True,0.3880023894333661
ileum,radial_tissue_term,EPI_LP,LP,LP minus EPI_LP,epithelial,Goblet Cells,inferential,17,13,17,11,4,2,0.3690394254810151,0.5055908807975631,0.136551455316548,0.0,0.0,0.0,0.3830118208502592,3,1,True,0.7910265247576197
ileum,radial_tissue_term,EPI_LP_MUSC,LP,LP minus EPI_LP_MUSC,epithelial,Goblet Cells,inferential,7,13,5,11,2,2,0.2558244138890505,0.5055908807975631,0.24976646690851262,0.0,0.0,0.0,0.014044900883466703,3,1,True,0.034331979937363054
ileum,radial_tissue_term,EPI,EPI_LP,EPI_LP minus EPI,epithelial,Intestinal Stem Cells (ISC),inferential,8,17,8,17,1,4,-0.28630735875498226,-0.07880322037431667,0.2075041383806656,0.0,0.0,0.0,0.14673255919830866,3,1,True,0.5784666350979237
ileum,radial_tissue_term,EPI,EPI_LP_MUSC,EPI_LP_MUSC minus EPI,epithelial,Intestinal Stem Cells (ISC),inferential,8,7,8,5,1,2,-0.28630735875498226,0.33979393744649594,0.6261012962014783,0.0,0.0,0.0,0.054079254079254076,3,1,True,0.5047397047397048
ileum,radial_tissue_term,EPI,LP,LP minus EPI,epithelial,Intestinal Stem Cells (ISC),inferential,8,13,8,11,1,2,-0.28630735875498226,-0.07412942215663004,0.2121779365983522,0.0,0.0,0.0,0.01751627949532723,3,1,True,0.06756279233911931
ileum,radial_tissue_term,EPI_LP,EPI_LP_MUSC,EPI_LP_MUSC minus EPI_LP,epithelial,Intestinal Stem Cells (ISC),inferential,17,7,17,5,4,2,-0.07880322037431667,0.33979393744649594,0.41859715782081264,0.0,0.0,0.0,0.4030137624985527,3,1,True,0.5915324288272421
ileum,radial_tissue_term,EPI_LP,LP,LP minus EPI_LP,epithelial,Intestinal Stem Cells (ISC),inferential,17,13,17,11,4,2,-0.07880322037431667,-0.07412942215663004,0.0046737982176866255,0.0,0.0,0.0,0.4206130759627782,3,1,True,0.7910265247576197
ileum,radial_tissue_term,EPI_LP_MUSC,LP,LP minus EPI_LP_MUSC,epithelial,Intestinal Stem Cells (ISC),inferential,7,13,5,11,2,2,0.33979393744649594,-0.07412942215663004,-0.413923359603126,0.0,0.0,0.0,0.5944687346274158,3,1,True,0.8544801608835908
ileum,radial_tissue_term,EPI,EPI_LP,EPI_LP minus EPI,epithelial,Lower Crypt Colonocytes,inferential,8,17,8,17,1,4,-0.28630735875498226,-0.19326852325992336,0.0930388354950589,0.0,0.0,0.0,0.29994566264336786,3,1,True,0.5784666350979237
ileum,radial_tissue_term,EPI,EPI_LP_MUSC,EPI_LP_MUSC minus EPI,epithelial,Lower Crypt Colonocytes,inferential,8,7,8,5,1,2,-0.28630735875498226,-0.2040149896635497,0.08229236909143256,0.0,0.0,0.0,0.6125874125874127,3,1,True,0.8167832167832169
ileum,radial_tissue_term,EPI,LP,LP minus EPI,epithelial,Lower Crypt Colonocytes,inferential,8,13,8,11,1,2,-0.28630735875498226,-0.07412942215663004,0.2121779365983522,0.0,0.0,0.0,0.01751627949532723,3,1,True,0.06756279233911931
ileum,radial_tissue_term,EPI_LP,EPI_LP_MUSC,EPI_LP_MUSC minus EPI_LP,epithelial,Lower Crypt Colonocytes,inferential,17,7,17,5,4,2,-0.19326852325992336,-0.2040149896635497,-0.010746466403626337,0.0,0.0,0.0,0.24691061145759663,3,1,True,0.3880023894333661
ileum,radial_tissue_term,EPI_LP,LP,LP minus EPI_LP,epithelial,Lower Crypt Colonocytes,inferential,17,13,17,11,4,2,-0.19326852325992336,-0.07412942215663004,0.11913910110329332,0.0,0.0,0.0,0.16544006166583924,3,1,True,0.6547619748616681
ileum,radial_tissue_term,EPI_LP_MUSC,LP,LP minus EPI_LP_MUSC,epithelial,Lower Crypt Colonocytes,inferential,7,13,5,11,2,2,-0.2040149896635497,-0.07412942215663004,0.12988556750691965,0.0,0.0,0.0,0.009881345046925446,3,1,True,0.028985278804314642
ileum,radial_tissue_term,EPI,EPI_LP,EPI_LP minus EPI,epithelial,Lower Villus Enterocytes,inferential,8,17,8,17,1,4,0.3374967145923598,0.45629158001673276,0.11879486542437295,0.0,0.0,0.0,0.42392854775540656,3,1,True,0.6858288770053477
ileum,radial_tissue_term,EPI,EPI_LP_MUSC,EPI_LP_MUSC minus EPI,epithelial,Lower Villus Enterocytes,inferential,8,7,8,5,1,2,0.3374967145923598,0.41652864202983375,0.07903192743747395,0.0,0.0,0.0,0.8665112665112666,3,1,True,0.8665112665112666
ileum,radial_tissue_term,EPI,LP,LP minus EPI,epithelial,Lower Villus Enterocytes,inferential,8,13,8,11,1,2,0.3374967145923598,0.17939649061293375,-0.15810022397942605,0.0,0.0,0.0,0.7343204991165133,3,1,True,0.8261105615060775
ileum,radial_tissue_term,EPI_LP,EPI_LP_MUSC,EPI_LP_MUSC minus EPI_LP,epithelial,Lower Villus Enterocytes,inferential,17,7,17,5,4,2,0.45629158001673276,0.41652864202983375,-0.039762937986899005,0.0,0.0,0.0,0.157011667116253,3,1,True,0.3880023894333661
ileum,radial_tissue_term,EPI_LP,LP,LP minus EPI_LP,epithelial,Lower Villus Enterocytes,inferential,17,13,17,11,4,2,0.45629158001673276,0.17939649061293375,-0.27689508940379903,0.0,0.0,0.0,0.4206130759627782,3,1,True,0.7910265247576197
ileum,radial_tissue_term,EPI_LP_MUSC,LP,LP minus EPI_LP_MUSC,epithelial,Lower Villus Enterocytes,inferential,7,13,5,11,2,2,0.41652864202983375,0.17939649061293375,-0.2371321514169,0.0,0.0,0.0,0.2349918596353061,3,1,True,0.39767853169051803
ileum,radial_tissue_term,EPI,EPI_LP,EPI_LP minus EPI,epithelial,Mature Goblet Cells,inferential,8,17,8,17,1,4,0.49372712189136403,0.28028350339107794,-0.2134436185002861,1.0416666666666665,0.0,-1.0416666666666665,0.6146359026582804,3,1,True,0.8467628961829727
ileum,radial_tissue_term,EPI,EPI_LP_MUSC,EPI_LP_MUSC minus EPI,epithelial,Mature Goblet Cells,inferential,8,7,8,5,1,2,0.49372712189136403,-0.2040149896635497,-0.6977421115549137,1.0416666666666665,0.0,-1.0416666666666665,0.005905205905205905,3,1,True,0.16534576534576537
ileum,radial_tissue_term,EPI,LP,LP minus EPI,epithelial,Mature Goblet Cells,inferential,8,13,8,11,1,2,0.49372712189136403,-0.07412942215663004,-0.5678565440479941,1.0416666666666665,0.0,-1.0416666666666665,0.14138205146022753,3,1,True,0.28276410292045506
ileum,radial_tissue_term,EPI_LP,EPI_LP_MUSC,EPI_LP_MUSC minus EPI_LP,epithelial,Mature Goblet Cells,inferential,17,7,17,5,4,2,0.28028350339107794,-0.2040149896635497,-0.48429849305462763,0.0,0.0,0.0,0.005673797137404678,3,1,True,0.24964707404580583
ileum,radial_tissue_term,EPI_LP,LP,LP minus EPI_LP,epithelial,Mature Goblet Cells,inferential,17,13,17,11,4,2,0.28028350339107794,-0.07412942215663004,-0.354412925547708,0.0,0.0,0.0,0.3708713898656034,3,1,True,0.7910265247576197
ileum,radial_tissue_term,EPI_LP_MUSC,LP,LP minus EPI_LP_MUSC,epithelial,Mature Goblet Cells,inferential,7,13,5,11,2,2,-0.2040149896635497,-0.07412942215663004,0.12988556750691965,0.0,0.0,0.0,0.009881345046925446,3,1,True,0.028985278804314642
ileum,radial_tissue_term,EPI,EPI_LP,EPI_LP minus EPI,epithelial,Microfold Cells (M Cells),inferential,8,17,8,17,1,4,-0.28630735875498226,0.030652799667742554,0.3169601584227248,0.0,0.0,0.0,0.24069384327586152,3,1,True,0.5784666350979237
ileum,radial_tissue_term,EPI,EPI_LP_MUSC,EPI_LP_MUSC minus EPI,epithelial,Microfold Cells (M Cells),inferential,8,7,8,5,1,2,-0.28630735875498226,-0.2040149896635497,0.08229236909143256,0.0,0.0,0.0,0.6125874125874127,3,1,True,0.8167832167832169
ileum,radial_tissue_term,EPI,LP,LP minus EPI,epithelial,Microfold Cells (M Cells),inferential,8,13,8,11,1,2,-0.28630735875498226,0.010379215433224577,0.2966865741882068,0.0,0.0,0.0,0.01715473883697251,3,1,True,0.06756279233911931
ileum,radial_tissue_term,EPI_LP,EPI_LP_MUSC,EPI_LP_MUSC minus EPI_LP,epithelial,Microfold Cells (M Cells),inferential,17,7,17,5,4,2,0.030652799667742554,-0.2040149896635497,-0.23466778933129226,0.0,0.0,0.0,0.22521275289859966,3,1,True,0.3880023894333661
ileum,radial_tissue_term,EPI_LP,LP,LP minus EPI_LP,epithelial,Microfold Cells (M Cells),inferential,17,13,17,11,4,2,0.030652799667742554,0.010379215433224577,-0.02027358423451798,0.0,0.0,0.0,0.448798202185419,3,1,True,0.8112890577967189
ileum,radial_tissue_term,EPI_LP_MUSC,LP,LP minus EPI_LP_MUSC,epithelial,Microfold Cells (M Cells),inferential,7,13,5,11,2,2,-0.2040149896635497,0.010379215433224577,0.21439420509677426,0.0,0.0,0.0,0.010728405335217942,3,1,True,0.02950311467184934
ileum,radial_tissue_term,EPI,EPI_LP,EPI_LP minus EPI,epithelial,Mid Crypt Colonocytes,inferential,8,17,8,17,1,4,-0.28630735875498226,-0.19326852325992336,0.0930388354950589,0.0,0.0,0.0,0.29994566264336786,3,1,True,0.5784666350979237
ileum,radial_tissue_term,EPI,EPI_LP_MUSC,EPI_LP_MUSC minus EPI,epithelial,Mid Crypt Colonocytes,inferential,8,7,8,5,1,2,-0.28630735875498226,-0.2040149896635497,0.08229236909143256,0.0,0.0,0.0,0.6125874125874127,3,1,True,0.8167832167832169
ileum,radial_tissue_term,EPI,LP,LP minus EPI,epithelial,Mid Crypt Colonocytes,inferential,8,13,8,11,1,2,-0.28630735875498226,-0.07412942215663004,0.2121779365983522,0.0,0.0,0.0,0.01751627949532723,3,1,True,0.06756279233911931
ileum,radial_tissue_term,EPI_LP,EPI_LP_MUSC,EPI_LP_MUSC minus EPI_LP,epithelial,Mid Crypt Colonocytes,inferential,17,7,17,5,4,2,-0.19326852325992336,-0.2040149896635497,-0.010746466403626337,0.0,0.0,0.0,0.24691061145759663,3,1,True,0.3880023894333661
ileum,radial_tissue_term,EPI_LP,LP,LP minus EPI_LP,epithelial,Mid Crypt Colonocytes,inferential,17,13,17,11,4,2,-0.19326852325992336,-0.07412942215663004,0.11913910110329332,0.0,0.0,0.0,0.16544006166583924,3,1,True,0.6547619748616681
ileum,radial_tissue_term,EPI_LP_MUSC,LP,LP minus EPI_LP_MUSC,epithelial,Mid Crypt Colonocytes,inferential,7,13,5,11,2,2,-0.2040149896635497,-0.07412942215663004,0.12988556750691965,0.0,0.0,0.0,0.009881345046925446,3,1,True,0.028985278804314642
ileum,radial_tissue_term,EPI,EPI_LP,EPI_LP minus EPI,epithelial,Mid Villus Enterocytes,inferential,8,17,8,17,1,4,1.058496973016172,0.40781858012126593,-0.650678392894906,10.084033613445378,0.0,-10.084033613445378,0.24808519752453995,3,1,True,0.5784666350979237
ileum,radial_tissue_term,EPI,EPI_LP_MUSC,EPI_LP_MUSC minus EPI,epithelial,Mid Villus Enterocytes,inferential,8,7,8,5,1,2,1.058496973016172,0.3684611796553748,-0.6900357933607972,10.084033613445378,0.0,-10.084033613445378,0.1205905205905206,3,1,True,0.8167832167832169
ileum,radial_tissue_term,EPI,LP,LP minus EPI,epithelial,Mid Villus Enterocytes,inferential,8,13,8,11,1,2,1.058496973016172,0.010379215433224577,-1.0481177575829475,10.084033613445378,0.0,-10.084033613445378,0.0370282391099279,3,1,True,0.1176191124668298
ileum,radial_tissue_term,EPI_LP,EPI_LP_MUSC,EPI_LP_MUSC minus EPI_LP,epithelial,Mid Villus Enterocytes,inferential,17,7,17,5,4,2,0.40781858012126593,0.3684611796553748,-0.039357400465891146,0.0,0.0,0.0,0.1767380866865058,3,1,True,0.3880023894333661
ileum,radial_tissue_term,EPI_LP,LP,LP minus EPI_LP,epithelial,Mid Villus Enterocytes,inferential,17,13,17,11,4,2,0.40781858012126593,0.010379215433224577,-0.39743936468804136,0.0,0.0,0.0,0.22463102027926352,3,1,True,0.681139222782283
ileum,radial_tissue_term,EPI_LP_MUSC,LP,LP minus EPI_LP_MUSC,epithelial,Mid Villus Enterocytes,inferential,7,13,5,11,2,2,0.3684611796553748,0.010379215433224577,-0.3580819642221502,0.0,0.0,0.0,0.6559681841008387,3,1,True,0.8544801608835908
ileum,radial_tissue_term,EPI,EPI_LP,EPI_LP minus EPI,epithelial,Paneth Cells,inferential,8,17,8,17,1,4,-0.28630735875498226,0.1150695364494674,0.40137689520444964,0.0,0.0,0.0,0.07352438126785513,3,1,True,0.567188084066311
ileum,radial_tissue_term,EPI,EPI_LP_MUSC,EPI_LP_MUSC minus EPI,epithelial,Paneth Cells,inferential,8,7,8,5,1,2,-0.28630735875498226,-0.2040149896635497,0.08229236909143256,0.0,0.0,0.0,0.6125874125874127,3,1,True,0.8167832167832169
ileum,radial_tissue_term,EPI,LP,LP minus EPI,epithelial,Paneth Cells,inferential,8,13,8,11,1,2,-0.28630735875498226,0.26390512820278844,0.5502124869577707,0.0,0.0,0.0,0.014282662279675123,3,1,True,0.06756279233911931
ileum,radial_tissue_term,EPI_LP,EPI_LP_MUSC,EPI_LP_MUSC minus EPI_LP,epithelial,Paneth Cells,inferential,17,7,17,5,4,2,0.1150695364494674,-0.2040149896635497,-0.3190845261130171,0.0,0.0,0.0,0.06415660407988376,3,1,True,0.3880023894333661
ileum,radial_tissue_term,EPI_LP,LP,LP minus EPI_LP,epithelial,Paneth Cells,inferential,17,13,17,11,4,2,0.1150695364494674,0.26390512820278844,0.14883559175332106,0.0,0.0,0.0,0.5227998498784607,3,1,True,0.8935124707013692
ileum,radial_tissue_term,EPI_LP_MUSC,LP,LP minus EPI_LP_MUSC,epithelial,Paneth Cells,inferential,7,13,5,11,2,2,-0.2040149896635497,0.26390512820278844,0.46792011786633814,0.0,0.0,0.0,0.011866359117010988,3,1,True,0.030712929479322557
ileum,radial_tissue_term,EPI,EPI_LP,EPI_LP minus EPI,epithelial,Secretory Progenitors,inferential,8,17,8,17,1,4,0.18952545246630775,0.004807702033398635,-0.1847177504329091,0.0,0.0,0.0,0.4590616859624439,3,1,True,0.7082666011991992
ileum,radial_tissue_term,EPI,EPI_LP_MUSC,EPI_LP_MUSC minus EPI,epithelial,Secretory Progenitors,inferential,8,7,8,5,1,2,0.18952545246630775,0.1828493247796231,-0.0066761276866846575,0.0,0.0,0.0,0.33566433566433573,3,1,True,0.8167832167832169
ileum,radial_tissue_term,EPI,LP,LP minus EPI,epithelial,Secretory Progenitors,inferential,8,13,8,11,1,2,0.18952545246630775,-0.07412942215663004,-0.2636548746229378,0.0,0.0,0.0,0.6239773255338541,3,1,True,0.7324951212788722
ileum,radial_tissue_term,EPI_LP,EPI_LP_MUSC,EPI_LP_MUSC minus EPI_LP,epithelial,Secretory Progenitors,inferential,17,7,17,5,4,2,0.004807702033398635,0.1828493247796231,0.17804162274622445,0.0,0.0,0.0,0.4401594901163355,3,1,True,0.6247425021006051
ileum,radial_tissue_term,EPI_LP,LP,LP minus EPI_LP,epithelial,Secretory Progenitors,inferential,17,13,17,11,4,2,0.004807702033398635,-0.07412942215663004,-0.07893712419002868,0.0,0.0,0.0,0.4206130759627782,3,1,True,0.7910265247576197
ileum,radial_tissue_term,EPI_LP_MUSC,LP,LP minus EPI_LP_MUSC,epithelial,Secretory Progenitors,inferential,7,13,5,11,2,2,0.1828493247796231,-0.07412942215663004,-0.2569787469362531,0.0,0.0,0.0,0.12971894459112768,3,1,True,0.2378180650837341
ileum,radial_tissue_term,EPI,EPI_LP,EPI_LP minus EPI,epithelial,Transiently Amplifying Cells (TA),inferential,8,17,8,17,1,4,0.34412078085992365,0.28617076565913574,-0.05795001520078791,0.0,0.0,0.0,0.27317447423984,3,1,True,0.5784666350979237
ileum,radial_tissue_term,EPI,EPI_LP_MUSC,EPI_LP_MUSC minus EPI,epithelial,Transiently Amplifying Cells (TA),inferential,8,7,8,5,1,2,0.34412078085992365,0.5448060124878277,0.20068523162790403,0.0,0.0,0.0,0.6125874125874127,3,1,True,0.8167832167832169
ileum,radial_tissue_term,EPI,LP,LP minus EPI,epithelial,Transiently Amplifying Cells (TA),inferential,8,13,8,11,1,2,0.34412078085992365,0.17347641052553925,-0.1706443703343844,0.0,0.0,0.0,0.2424079821356494,3,1,True,0.4090634698539084
ileum,radial_tissue_term,EPI_LP,EPI_LP_MUSC,EPI_LP_MUSC minus EPI_LP,epithelial,Transiently Amplifying Cells (TA),inferential,17,7,17,5,4,2,0.28617076565913574,0.5448060124878277,0.25863524682869193,0.0,0.0,0.0,0.8219059288843773,3,1,True,0.8410200202537814
ileum,radial_tissue_term,EPI_LP,LP,LP minus EPI_LP,epithelial,Transiently Amplifying Cells (TA),inferential,17,13,17,11,4,2,0.28617076565913574,0.17347641052553925,-0.11269435513359649,0.0,0.0,0.0,0.964312864019242,3,1,True,1.0
ileum,radial_tissue_term,EPI_LP_MUSC,LP,LP minus EPI_LP_MUSC,epithelial,Transiently Amplifying Cells (TA),inferential,7,13,5,11,2,2,0.5448060124878277,0.17347641052553925,-0.3713296019622884,0.0,0.0,0.0,0.8377609987390784,3,1,True,0.8990605840126695
ileum,radial_tissue_term,EPI,EPI_LP,EPI_LP minus EPI,epithelial,Tuft Cells,inferential,8,17,8,17,1,4,-0.08512761970071969,-0.06402001871073396,0.021107600989985736,0.0,0.0,0.0,0.29994566264336786,3,1,True,0.5784666350979237
ileum,radial_tissue_term,EPI,EPI_LP_MUSC,EPI_LP_MUSC minus EPI,epithelial,Tuft Cells,inferential,8,7,8,5,1,2,-0.08512761970071969,-0.2040149896635497,-0.11888736996283,0.0,0.0,0.0,0.8665112665112666,3,1,True,0.8665112665112666
ileum,radial_tissue_term,EPI,LP,LP minus EPI,epithelial,Tuft Cells,inferential,8,13,8,11,1,2,-0.08512761970071969,-0.07412942215663004,0.01099819754408965,0.0,0.0,0.0,0.16294191827295323,3,1,True,0.2932954528913158
ileum,radial_tissue_term,EPI_LP,EPI_LP_MUSC,EPI_LP_MUSC minus EPI_LP,epithelial,Tuft Cells,inferential,17,7,17,5,4,2,-0.06402001871073396,-0.2040149896635497,-0.13999497095281574,0.0,0.0,0.0,0.03954563449258227,3,1,True,0.3880023894333661
ileum,radial_tissue_term,EPI_LP,LP,LP minus EPI_LP,epithelial,Tuft Cells,inferential,17,13,17,11,4,2,-0.06402001871073396,-0.07412942215663004,-0.010109403445896087,0.0,0.0,0.0,0.8229825150782861,3,1,True,1.0
ileum,radial_tissue_term,EPI_LP_MUSC,LP,LP minus EPI_LP_MUSC,epithelial,Tuft Cells,inferential,7,13,5,11,2,2,-0.2040149896635497,-0.07412942215663004,0.12988556750691965,0.0,0.0,0.0,0.009881345046925446,3,1,True,0.028985278804314642
ileum,radial_tissue_term,EPI,EPI_LP,EPI_LP minus EPI,epithelial,Tuft Progenitors,inferential,8,17,8,17,1,4,-0.011654286587954865,-0.12864427098532863,-0.11698998439737376,0.0,0.0,0.0,0.768358924314179,3,1,True,0.8467628961829727
ileum,radial_tissue_term,EPI,EPI_LP_MUSC,EPI_LP_MUSC minus EPI,epithelial,Tuft Progenitors,inferential,8,7,8,5,1,2,-0.011654286587954865,-0.0470703769966769,-0.03541609040872203,0.0,0.0,0.0,0.6125874125874127,3,1,True,0.8167832167832169
ileum,radial_tissue_term,EPI,LP,LP minus EPI,epithelial,Tuft Progenitors,inferential,8,13,8,11,1,2,-0.011654286587954865,0.010379215433224577,0.022033502021179444,0.0,0.0,0.0,0.5512797193957791,3,1,True,0.708788210651716
ileum,radial_tissue_term,EPI_LP,EPI_LP_MUSC,EPI_LP_MUSC minus EPI_LP,epithelial,Tuft Progenitors,inferential,17,7,17,5,4,2,-0.12864427098532863,-0.0470703769966769,0.08157389398865172,0.0,0.0,0.0,0.5431012364125145,3,1,True,0.7242965108788223
ileum,radial_tissue_term,EPI_LP,LP,LP minus EPI_LP,epithelial,Tuft Progenitors,inferential,17,13,17,11,4,2,-0.12864427098532863,0.010379215433224577,0.1390234864185532,0.0,0.0,0.0,0.1828558976467023,3,1,True,0.6547619748616681
ileum,radial_tissue_term,EPI_LP_MUSC,LP,LP minus EPI_LP_MUSC,epithelial,Tuft Progenitors,inferential,7,13,5,11,2,2,-0.0470703769966769,0.010379215433224577,0.057449592429901476,0.0,0.0,0.0,0.05698283075784028,3,1,True,0.11939259777833201
ileum,radial_tissue_term,EPI,EPI_LP,EPI_LP minus EPI,epithelial,Villus Tip Enterocytes,inferential,8,17,8,17,1,4,1.5305353993897695,0.43197988395708986,-1.0985555154326796,19.675324675324674,0.0,-19.675324675324674,0.1639410325964915,3,1,True,0.5784666350979237
ileum,radial_tissue_term,EPI,EPI_LP_MUSC,EPI_LP_MUSC minus EPI,epithelial,Villus Tip Enterocytes,inferential,8,7,8,5,1,2,1.5305353993897695,0.13854147787907461,-1.391993921510695,19.675324675324674,0.0,-19.675324675324674,0.020512820512820513,3,1,True,0.2871794871794872
ileum,radial_tissue_term,EPI,LP,LP minus EPI,epithelial,Villus Tip Enterocytes,inferential,8,13,8,11,1,2,1.5305353993897695,-0.07412942215663004,-1.6046648215463994,19.675324675324674,0.0,-19.675324675324674,0.031600190284489675,3,1,True,0.10665064221015266
ileum,radial_tissue_term,EPI_LP,EPI_LP_MUSC,EPI_LP_MUSC minus EPI_LP,epithelial,Villus Tip Enterocytes,inferential,17,7,17,5,4,2,0.43197988395708986,0.13854147787907461,-0.29343840607801525,0.0,0.0,0.0,0.024357381768340253,3,1,True,0.3880023894333661
ileum,radial_tissue_term,EPI_LP,LP,LP minus EPI_LP,epithelial,Villus Tip Enterocytes,inferential,17,13,17,11,4,2,0.43197988395708986,-0.07412942215663004,-0.5061093061137198,0.0,0.0,0.0,0.13981244883276148,3,1,True,0.6547619748616681
ileum,radial_tissue_term,EPI_LP_MUSC,LP,LP minus EPI_LP_MUSC,epithelial,Villus Tip Enterocytes,inferential,7,13,5,11,2,2,0.13854147787907461,-0.07412942215663004,-0.21267090003570466,0.0,0.0,0.0,0.12971894459112768,3,1,True,0.2378180650837341
ileum,radial_tissue_term,EPI,EPI_LP,EPI_LP minus EPI,lymphoid,CD4 Memory,inferential,5,7,5,7,1,4,-0.26605140145726464,0.9621348635355772,1.228186264992842,0.0,4.651162790697675,4.651162790697675,0.005050505050505051,3,1,True,0.27272727272727276
ileum,radial_tissue_term,EPI,LP,LP minus EPI,lymphoid,CD4 Memory,inferential,5,8,5,8,1,3,-0.26605140145726464,0.552754891376393,0.8188062928336577,0.0,3.571428571428571,3.571428571428571,0.28438228438228436,3,1,True,0.43876123876123874
ileum,radial_tissue_term,EPI_LP,LP,LP minus EPI_LP,lymphoid,CD4 Memory,inferential,7,8,7,8,4,3,0.9621348635355772,0.552754891376393,-0.4093799721591842,4.651162790697675,3.571428571428571,-1.0797342192691035,0.5624846616632901,3,1,True,0.929203704359067
ileum,radial_tissue_term,EPI,EPI_LP,EPI_LP minus EPI,lymphoid,CD4 Naive,inferential,5,7,5,7,1,4,-0.09659182937982394,0.07464460367849217,0.1712364330583161,0.0,0.0,0.0,0.638888888888889,3,1,True,0.8467628961829727
ileum,radial_tissue_term,EPI,LP,LP minus EPI,lymphoid,CD4 Naive,inferential,5,8,5,8,1,3,-0.09659182937982394,-0.044635545262548204,0.051956284117275736,0.0,0.0,0.0,0.9432789432789432,3,1,True,0.9610766591898666
ileum,radial_tissue_term,EPI_LP,LP,LP minus EPI_LP,lymphoid,CD4 Naive,inferential,7,8,7,8,4,3,0.07464460367849217,-0.044635545262548204,-0.11928014894104037,0.0,0.0,0.0,0.8168005804132161,3,1,True,1.0
ileum,radial_tissue_term,EPI,EPI_LP,EPI_LP minus EPI,lymphoid,CD4 Tfh,inferential,5,7,5,7,1,4,-0.16388627670406652,-0.0593939161204979,0.10449236058356862,0.0,0.0,0.0,1.0,3,1,True,1.0
ileum,radial_tissue_term,EPI,LP,LP minus EPI,lymphoid,CD4 Tfh,inferential,5,8,5,8,1,3,-0.16388627670406652,0.379917467601139,0.5438037443052055,0.0,1.25,1.25,0.3543123543123543,3,1,True,0.5314685314685315
ileum,radial_tissue_term,EPI_LP,LP,LP minus EPI_LP,lymphoid,CD4 Tfh,inferential,7,8,7,8,4,3,-0.0593939161204979,0.379917467601139,0.43931138372163686,0.0,1.25,1.25,0.6431322050036423,3,1,True,0.929203704359067
ileum,radial_tissue_term,EPI,EPI_LP,EPI_LP minus EPI,lymphoid,CD4 Tfr,inferential,5,7,5,7,1,4,-0.48577385919088656,-0.33738108027125685,0.1483927789196297,0.0,0.0,0.0,0.7550505050505051,3,1,True,0.8467628961829727
ileum,radial_tissue_term,EPI,LP,LP minus EPI,lymphoid,CD4 Tfr,inferential,5,8,5,8,1,3,-0.48577385919088656,0.20975267071992487,0.6955265299108114,0.0,2.610062893081761,2.610062893081761,0.28438228438228436,3,1,True,0.43876123876123874
ileum,radial_tissue_term,EPI_LP,LP,LP minus EPI_LP,lymphoid,CD4 Tfr,inferential,7,8,7,8,4,3,-0.33738108027125685,0.20975267071992487,0.5471337509911818,0.0,2.610062893081761,2.610062893081761,0.2971897434333751,3,1,True,0.7910265247576197
ileum,radial_tissue_term,EPI,EPI_LP,EPI_LP minus EPI,lymphoid,CD4 Th17,inferential,5,7,5,7,1,4,-0.0463289437236428,0.721220727311259,0.7675496710349018,0.0,4.651162790697675,4.651162790697675,0.148989898989899,3,1,True,0.5784666350979237
ileum,radial_tissue_term,EPI,LP,LP minus EPI,lymphoid,CD4 Th17,inferential,5,8,5,8,1,3,-0.0463289437236428,1.1783019767173188,1.2246309204409616,0.0,10.476190476190476,10.476190476190476,0.029526029526029528,3,1,True,0.1062937062937063
ileum,radial_tissue_term,EPI_LP,LP,LP minus EPI_LP,lymphoid,CD4 Th17,inferential,7,8,7,8,4,3,0.721220727311259,1.1783019767173188,0.4570812494060599,4.651162790697675,10.476190476190476,5.825027685492802,0.3541094107998596,3,1,True,0.7910265247576197
ileum,radial_tissue_term,EPI,EPI_LP,EPI_LP minus EPI,lymphoid,CD4 Tr1,inferential,5,7,5,7,1,4,-0.09659182937982394,-0.6512703056050023,-0.5546784762251784,0.0,0.0,0.0,0.030303030303030304,3,1,True,0.4090909090909091
ileum,radial_tissue_term,EPI,LP,LP minus EPI,lymphoid,CD4 Tr1,inferential,5,8,5,8,1,3,-0.09659182937982394,-0.5311130825263765,-0.43452125314655254,0.0,0.0,0.0,0.28438228438228436,3,1,True,0.43876123876123874
ileum,radial_tissue_term,EPI_LP,LP,LP minus EPI_LP,lymphoid,CD4 Tr1,inferential,7,8,7,8,4,3,-0.6512703056050023,-0.5311130825263765,0.12015722307862586,0.0,0.0,0.0,0.9077864979090875,3,1,True,1.0
ileum,radial_tissue_term,EPI,EPI_LP,EPI_LP minus EPI,lymphoid,CD4 pTreg,inferential,5,7,5,7,1,4,-0.26605140145726464,-0.4943256929381297,-0.2282742914808651,0.0,0.0,0.0,0.5303030303030304,3,1,True,0.7588249514164099
ileum,radial_tissue_term,EPI,LP,LP minus EPI,lymphoid,CD4 pTreg,inferential,5,8,5,8,1,3,-0.26605140145726464,-0.08669457484019977,0.17935682661706487,0.0,0.0,0.0,0.5236985236985237,3,1,True,0.6897492751151286
ileum,radial_tissue_term,EPI_LP,LP,LP minus EPI_LP,lymphoid,CD4 pTreg,inferential,7,8,7,8,4,3,-0.4943256929381297,-0.08669457484019977,0.40763111809792996,0.0,0.0,0.0,0.41747085398110195,3,1,True,0.7910265247576197
ileum,radial_tissue_term,EPI,EPI_LP,EPI_LP minus EPI,lymphoid,CD4 tTreg,inferential,5,7,5,7,1,4,-0.48577385919088656,-0.4943256929381296,-0.008551833747243054,0.0,0.0,0.0,0.7550505050505051,3,1,True,0.8467628961829727
ileum,radial_tissue_term,EPI,LP,LP minus EPI,lymphoid,CD4 tTreg,inferential,5,8,5,8,1,3,-0.48577385919088656,0.08204626477842725,0.5678201239693138,0.0,0.9433962264150944,0.9433962264150944,0.09324009324009325,3,1,True,0.20979020979020982
ileum,radial_tissue_term,EPI_LP,LP,LP minus EPI_LP,lymphoid,CD4 tTreg,inferential,7,8,7,8,4,3,-0.4943256929381296,0.08204626477842725,0.5763719577165569,0.0,0.9433962264150944,0.9433962264150944,0.20261353134705007,3,1,True,0.6547619748616681
ileum,radial_tissue_term,EPI,EPI_LP,EPI_LP minus EPI,lymphoid,CD8 Circulating Effector Memory,inferential,5,7,5,7,1,4,-0.04632894372364271,-0.6512703056050023,-0.6049413618813596,0.0,0.0,0.0,0.030303030303030304,3,1,True,0.4090909090909091
ileum,radial_tissue_term,EPI,LP,LP minus EPI,lymphoid,CD8 Circulating Effector Memory,inferential,5,8,5,8,1,3,-0.04632894372364271,0.5371094985071422,0.5834384422307849,0.0,5.330188679245284,5.330188679245284,0.12742812742812742,3,1,True,0.26465841850457233
ileum,radial_tissue_term,EPI_LP,LP,LP minus EPI_LP,lymphoid,CD8 Circulating Effector Memory,inferential,7,8,7,8,4,3,-0.6512703056050023,0.5371094985071422,1.1883798041121445,0.0,5.330188679245284,5.330188679245284,0.014997038636807366,3,1,True,0.6547619748616681
ileum,radial_tissue_term,EPI,EPI_LP,EPI_LP minus EPI,lymphoid,CD8 Effector Memory,inferential,5,7,5,7,1,4,-0.48577385919088656,-0.4943256929381296,-0.008551833747243054,0.0,0.0,0.0,0.7550505050505051,3,1,True,0.8467628961829727
ileum,radial_tissue_term,EPI,LP,LP minus EPI,lymphoid,CD8 Effector Memory,inferential,5,8,5,8,1,3,-0.48577385919088656,-0.32993334347211395,0.1558405157187726,0.0,0.0,0.0,0.6216006216006216,3,1,True,0.7324951212788722
ileum,radial_tissue_term,EPI_LP,LP,LP minus EPI_LP,lymphoid,CD8 Effector Memory,inferential,7,8,7,8,4,3,-0.4943256929381296,-0.32993334347211395,0.16439234946601566,0.0,0.0,0.0,0.9077864979090875,3,1,True,1.0
ileum,radial_tissue_term,EPI,EPI_LP,EPI_LP minus EPI,lymphoid,CD8 IEL,inferential,5,7,5,7,1,4,1.477975405625321,-0.2644059911618296,-1.7423813967871506,11.538461538461538,0.0,-11.538461538461538,0.10606060606060606,3,1,True,0.5784666350979237
ileum,radial_tissue_term,EPI,LP,LP minus EPI,lymphoid,CD8 IEL,inferential,5,8,5,8,1,3,1.477975405625321,-0.256460010359349,-1.73443541598467,11.538461538461538,0.0,-11.538461538461538,0.06526806526806528,3,1,True,0.16783216783216787
ileum,radial_tissue_term,EPI_LP,LP,LP minus EPI_LP,lymphoid,CD8 IEL,inferential,7,8,7,8,4,3,-0.2644059911618296,-0.256460010359349,0.007945980802480601,0.0,0.0,0.0,0.9077864979090875,3,1,True,1.0
ileum,radial_tissue_term,EPI,EPI_LP,EPI_LP minus EPI,lymphoid,CD8 Memory Exhausted,inferential,5,7,5,7,1,4,-0.48577385919088656,-0.4943256929381296,-0.008551833747243054,0.0,0.0,0.0,0.7550505050505051,3,1,True,0.8467628961829727
ileum,radial_tissue_term,EPI,LP,LP minus EPI,lymphoid,CD8 Memory Exhausted,inferential,5,8,5,8,1,3,-0.48577385919088656,-0.6684396186098902,-0.18266575941900365,0.0,0.0,0.0,0.5236985236985237,3,1,True,0.6897492751151286
ileum,radial_tissue_term,EPI_LP,LP,LP minus EPI_LP,lymphoid,CD8 Memory Exhausted,inferential,7,8,7,8,4,3,-0.4943256929381296,-0.6684396186098902,-0.1741139256717606,0.0,0.0,0.0,0.20261353134705007,3,1,True,0.6547619748616681
ileum,radial_tissue_term,EPI,EPI_LP,EPI_LP minus EPI,lymphoid,CD8 Naive,inferential,5,7,5,7,1,4,-0.09659182937982394,-0.4943256929381296,-0.39773386355830564,0.0,0.0,0.0,0.148989898989899,3,1,True,0.5784666350979237
ileum,radial_tissue_term,EPI,LP,LP minus EPI,lymphoid,CD8 Naive,inferential,5,8,5,8,1,3,-0.09659182937982394,-0.39378654644286276,-0.2971947170630388,0.0,0.0,0.0,0.6216006216006216,3,1,True,0.7324951212788722
ileum,radial_tissue_term,EPI_LP,LP,LP minus EPI_LP,lymphoid,CD8 Naive,inferential,7,8,7,8,4,3,-0.4943256929381296,-0.39378654644286276,0.10053914649526685,0.0,0.0,0.0,1.0,3,1,True,1.0
ileum,radial_tissue_term,EPI,EPI_LP,EPI_LP minus EPI,lymphoid,CD8 TRM,inferential,5,7,5,7,1,4,1.8777559414644855,1.7222168247325371,-0.15553911673194842,16.666666666666664,24.074074074074073,7.407407407407408,0.7550505050505051,3,1,True,0.8467628961829727
ileum,radial_tissue_term,EPI,LP,LP minus EPI,lymphoid,CD8 TRM,inferential,5,8,5,8,1,3,1.8777559414644855,0.6362835729510175,-1.241472368513468,16.666666666666664,4.109014675052411,-12.557651991614254,0.04506604506604507,3,1,True,0.12808244387191756
ileum,radial_tissue_term,EPI_LP,LP,LP minus EPI_LP,lymphoid,CD8 TRM,inferential,7,8,7,8,4,3,1.7222168247325371,0.6362835729510175,-1.0859332517815197,24.074074074074073,4.109014675052411,-19.965059399021662,0.10488180055615597,3,1,True,0.6547619748616681
ileum,radial_tissue_term,EPI,EPI_LP,EPI_LP minus EPI,lymphoid,GC B Dark Zone (GC B DZ),inferential,5,7,5,7,1,4,0.055836181029555475,0.4684366823986093,0.41260050136905385,0.0,0.0,0.0,1.0,3,1,True,1.0
ileum,radial_tissue_term,EPI,LP,LP minus EPI,lymphoid,GC B Dark Zone (GC B DZ),inferential,5,8,5,8,1,3,0.055836181029555475,0.3535038308927382,0.2976676498631827,0.0,0.0,0.0,0.8329448329448329,3,1,True,0.9179392036534892
ileum,radial_tissue_term,EPI_LP,LP,LP minus EPI_LP,lymphoid,GC B Dark Zone (GC B DZ),inferential,7,8,7,8,4,3,0.4684366823986093,0.3535038308927382,-0.11493285150587113,0.0,0.0,0.0,1.0,3,1,True,1.0
ileum,radial_tissue_term,EPI,EPI_LP,EPI_LP minus EPI,lymphoid,GC B Light Zone (GC B LZ),inferential,5,7,5,7,1,4,0.21352765310240943,0.8590606123156926,0.6455329592132832,0.0,9.375,9.375,0.20202020202020204,3,1,True,0.5784666350979237
ileum,radial_tissue_term,EPI,LP,LP minus EPI,lymphoid,GC B Light Zone (GC B LZ),inferential,5,8,5,8,1,3,0.21352765310240943,0.18795849732682762,-0.025569155775581803,0.0,0.0,0.0,1.0,3,1,True,1.0
ileum,radial_tissue_term,EPI_LP,LP,LP minus EPI_LP,lymphoid,GC B Light Zone (GC B LZ),inferential,7,8,7,8,4,3,0.8590606123156926,0.18795849732682762,-0.671102114988865,9.375,0.0,-9.375,0.13211782241887596,3,1,True,0.6547619748616681
ileum,radial_tissue_term,EPI,EPI_LP,EPI_LP minus EPI,lymphoid,Gamma Delta T Cells,inferential,5,7,5,7,1,4,-0.48577385919088656,-0.4943256929381296,-0.008551833747243054,0.0,0.0,0.0,0.7550505050505051,3,1,True,0.8467628961829727
ileum,radial_tissue_term,EPI,LP,LP minus EPI,lymphoid,Gamma Delta T Cells,inferential,5,8,5,8,1,3,-0.48577385919088656,-0.5311130825263765,-0.0453392233354899,0.0,0.0,0.0,0.9432789432789432,3,1,True,0.9610766591898666
ileum,radial_tissue_term,EPI_LP,LP,LP minus EPI_LP,lymphoid,Gamma Delta T Cells,inferential,7,8,7,8,4,3,-0.4943256929381296,-0.5311130825263765,-0.036787389588246844,0.0,0.0,0.0,0.4870641534695066,3,1,True,0.8478524152987706
ileum,radial_tissue_term,EPI,EPI_LP,EPI_LP minus EPI,lymphoid,ILC3,inferential,5,7,5,7,1,4,-0.48577385919088656,0.3971422849434086,0.8829161441342952,0.0,2.3255813953488373,2.3255813953488373,0.030303030303030304,3,1,True,0.4090909090909091
ileum,radial_tissue_term,EPI,LP,LP minus EPI,lymphoid,ILC3,inferential,5,8,5,8,1,3,-0.48577385919088656,-0.25646001035934907,0.2293138488315375,0.0,0.0,0.0,0.7241647241647241,3,1,True,0.8261105615060775
ileum,radial_tissue_term,EPI_LP,LP,LP minus EPI_LP,lymphoid,ILC3,inferential,7,8,7,8,4,3,0.3971422849434086,-0.25646001035934907,-0.6536022953027576,2.3255813953488373,0.0,-2.3255813953488373,0.06383999186885041,3,1,True,0.6547619748616681
ileum,radial_tissue_term,EPI,EPI_LP,EPI_LP minus EPI,lymphoid,MAIT Cells,inferential,5,7,5,7,1,4,-0.48577385919088656,-0.6512703056050023,-0.16549644641411576,0.0,0.0,0.0,0.3434343434343435,3,1,True,0.6181818181818183
ileum,radial_tissue_term,EPI,LP,LP minus EPI,lymphoid,MAIT Cells,inferential,5,8,5,8,1,3,-0.48577385919088656,-0.39378654644286276,0.0919873127480238,0.0,0.0,0.0,0.6216006216006216,3,1,True,0.7324951212788722
ileum,radial_tissue_term,EPI_LP,LP,LP minus EPI_LP,lymphoid,MAIT Cells,inferential,7,8,7,8,4,3,-0.6512703056050023,-0.39378654644286276,0.25748375916213956,0.0,0.0,0.0,0.4870641534695066,3,1,True,0.8478524152987706
ileum,radial_tissue_term,EPI,EPI_LP,EPI_LP minus EPI,lymphoid,Memory B,inferential,5,7,5,7,1,4,0.12313062835379802,0.6482456382018318,0.5251150098480337,0.0,5.263157894736842,5.263157894736842,0.7550505050505051,3,1,True,0.8467628961829727
ileum,radial_tissue_term,EPI,LP,LP minus EPI,lymphoid,Memory B,inferential,5,8,5,8,1,3,0.12313062835379802,0.8188466190615336,0.6957159907077355,0.0,3.7545787545787546,3.7545787545787546,0.17094017094017094,3,1,True,0.29776674937965264
ileum,radial_tissue_term,EPI_LP,LP,LP minus EPI_LP,lymphoid,Memory B,inferential,7,8,7,8,4,3,0.6482456382018318,0.8188466190615336,0.17060098085970177,5.263157894736842,3.7545787545787546,-1.508579140158087,0.9077864979090875,3,1,True,1.0
ileum,radial_tissue_term,EPI,EPI_LP,EPI_LP minus EPI,lymphoid,NK Cells,inferential,5,7,5,7,1,4,0.4952810964967992,0.13345275772936147,-0.3618283387674377,2.631578947368421,1.8518518518518516,-0.7797270955165692,0.5303030303030304,3,1,True,0.7588249514164099
ileum,radial_tissue_term,EPI,LP,LP minus EPI,lymphoid,NK Cells,inferential,5,8,5,8,1,3,0.4952810964967992,-0.08669457484019982,-0.581975671336999,2.631578947368421,0.0,-2.631578947368421,0.43512043512043513,3,1,True,0.635040635040635
ileum,radial_tissue_term,EPI_LP,LP,LP minus EPI_LP,lymphoid,NK Cells,inferential,7,8,7,8,4,3,0.13345275772936147,-0.08669457484019982,-0.2201473325695613,1.8518518518518516,0.0,-1.8518518518518516,0.41747085398110195,3,1,True,0.7910265247576197
ileum,radial_tissue_term,EPI,EPI_LP,EPI_LP minus EPI,lymphoid,NKT Cells,inferential,5,7,5,7,1,4,1.6117853314214976,-0.0593939161204979,-1.6711792475419955,7.6923076923076925,0.0,-7.6923076923076925,0.07323232323232323,3,1,True,0.567188084066311
ileum,radial_tissue_term,EPI,LP,LP minus EPI,lymphoid,NKT Cells,inferential,5,8,5,8,1,3,1.6117853314214976,-0.6684396186098902,-2.280224950031388,7.6923076923076925,0.0,-7.6923076923076925,0.006216006216006216,3,1,True,0.06756279233911931
ileum,radial_tissue_term,EPI_LP,LP,LP minus EPI_LP,lymphoid,NKT Cells,inferential,7,8,7,8,4,3,-0.0593939161204979,-0.6684396186098902,-0.6090457024893923,0.0,0.0,0.0,0.16453745584305102,3,1,True,0.6547619748616681
ileum,radial_tissue_term,EPI,EPI_LP,EPI_LP minus EPI,lymphoid,Naive B,inferential,5,7,5,7,1,4,0.08086880962035661,0.029040256508962563,-0.051828553111394046,0.0,0.0,0.0,0.8762626262626263,3,1,True,0.909965034965035
ileum,radial_tissue_term,EPI,LP,LP minus EPI,lymphoid,Naive B,inferential,5,8,5,8,1,3,0.08086880962035661,0.1814423641474593,0.10057355452710268,0.0,0.0,0.0,0.9432789432789432,3,1,True,0.9610766591898666
ileum,radial_tissue_term,EPI_LP,LP,LP minus EPI_LP,lymphoid,Naive B,inferential,7,8,7,8,4,3,0.029040256508962563,0.1814423641474593,0.15240210763849674,0.0,0.0,0.0,0.9077864979090875,3,1,True,1.0
ileum,radial_tissue_term,EPI,EPI_LP,EPI_LP minus EPI,lymphoid,Plasma Cells,inferential,5,7,5,7,1,4,-0.48577385919088656,-0.13542488951297044,0.3503489696779161,0.0,0.0,0.0,0.7550505050505051,3,1,True,0.8467628961829727
ileum,radial_tissue_term,EPI,LP,LP minus EPI,lymphoid,Plasma Cells,inferential,5,8,5,8,1,3,-0.48577385919088656,0.46651813743186804,0.9522919966227545,0.0,1.6666666666666667,1.6666666666666667,0.09324009324009325,3,1,True,0.20979020979020982
ileum,radial_tissue_term,EPI_LP,LP,LP minus EPI_LP,lymphoid,Plasma Cells,inferential,7,8,7,8,4,3,-0.13542488951297044,0.46651813743186804,0.6019430269448385,0.0,1.6666666666666667,1.6666666666666667,0.20261353134705007,3,1,True,0.6547619748616681
ileum,radial_tissue_term,EPI,EPI_LP,EPI_LP minus EPI,lymphoid,Plasma IGA,inferential,5,7,5,7,1,4,-0.48577385919088656,0.09755069654637495,0.5833245557372615,0.0,0.0,0.0,0.4318181818181819,3,1,True,0.6858288770053477
ileum,radial_tissue_term,EPI,LP,LP minus EPI,lymphoid,Plasma IGA,inferential,5,8,5,8,1,3,-0.48577385919088656,-0.6684396186098902,-0.18266575941900365,0.0,0.0,0.0,0.5236985236985237,3,1,True,0.6897492751151286
ileum,radial_tissue_term,EPI_LP,LP,LP minus EPI_LP,lymphoid,Plasma IGA,inferential,7,8,7,8,4,3,0.09755069654637495,-0.6684396186098902,-0.7659903151562651,0.0,0.0,0.0,0.020524463598227634,3,1,True,0.6547619748616681
ileum,radial_tissue_term,EPI,EPI_LP,EPI_LP minus EPI,lymphoid,Plasma IGG,inferential,5,7,5,7,1,4,-0.48577385919088656,-0.3373810802712569,0.14839277891962965,0.0,0.0,0.0,0.8762626262626263,3,1,True,0.909965034965035
ileum,radial_tissue_term,EPI,LP,LP minus EPI,lymphoid,Plasma IGG,inferential,5,8,5,8,1,3,-0.48577385919088656,-0.6684396186098902,-0.18266575941900365,0.0,0.0,0.0,0.5236985236985237,3,1,True,0.6897492751151286
ileum,radial_tissue_term,EPI_LP,LP,LP minus EPI_LP,lymphoid,Plasma IGG,inferential,7,8,7,8,4,3,-0.3373810802712569,-0.6684396186098902,-0.3310585383386333,0.0,0.0,0.0,0.13211782241887596,3,1,True,0.6547619748616681
ileum,radial_tissue_term,EPI_LP,EPI_LP_MUSC,EPI_LP_MUSC minus EPI_LP,myeloid,Classical Monocytes,inferential,7,5,7,5,3,2,0.049045191458397044,-0.09202513189074724,-0.14107032334914427,0.0,0.0,0.0,0.20393410683745328,3,1,True,0.3880023894333661
ileum,radial_tissue_term,EPI_LP,LP,LP minus EPI_LP,myeloid,Classical Monocytes,inferential,7,9,7,9,3,3,0.049045191458397044,-0.08423955309837676,-0.1332847445567738,0.0,0.0,0.0,0.4291739655599851,3,1,True,0.7910265247576197
ileum,radial_tissue_term,EPI_LP_MUSC,LP,LP minus EPI_LP_MUSC,myeloid,Classical Monocytes,inferential,5,9,5,9,2,3,-0.09202513189074724,-0.08423955309837676,0.007785578792370476,0.0,0.0,0.0,0.7755495864077574,3,1,True,0.8544801608835908
ileum,radial_tissue_term,EPI_LP,EPI_LP_MUSC,EPI_LP_MUSC minus EPI_LP,myeloid,Cycling Macrophages,inferential,7,5,7,5,3,2,-0.10789942120847572,-0.09202513189074724,0.015874289317728482,0.0,0.0,0.0,0.7160274937962224,3,1,True,0.7501240411198521
ileum,radial_tissue_term,EPI_LP,LP,LP minus EPI_LP,myeloid,Cycling Macrophages,inferential,7,9,7,9,3,3,-0.10789942120847572,0.2819645431243266,0.38986396433280235,0.0,0.0,0.0,0.7840384786193425,3,1,True,0.9959407701380837
ileum,radial_tissue_term,EPI_LP_MUSC,LP,LP minus EPI_LP_MUSC,myeloid,Cycling Macrophages,inferential,5,9,5,9,2,3,-0.09202513189074724,0.2819645431243266,0.37398967501507385,0.0,0.0,0.0,0.8921477719152542,3,1,True,0.9128953945179344
ileum,radial_tissue_term,EPI_LP,EPI_LP_MUSC,EPI_LP_MUSC minus EPI_LP,myeloid,Eosinophils,inferential,7,5,7,5,3,2,0.04904519145839714,-0.09202513189074724,-0.14107032334914438,0.0,0.0,0.0,0.6015707170708642,3,1,True,0.7501240411198521
ileum,radial_tissue_term,EPI_LP,LP,LP minus EPI_LP,myeloid,Eosinophils,inferential,7,9,7,9,3,3,0.04904519145839714,-0.08423955309837676,-0.13328474455677392,0.0,0.0,0.0,0.7261586197967771,3,1,True,0.9350535652177678
ileum,radial_tissue_term,EPI_LP_MUSC,LP,LP minus EPI_LP_MUSC,myeloid,Eosinophils,inferential,5,9,5,9,2,3,-0.09202513189074724,-0.08423955309837676,0.007785578792370476,0.0,0.0,0.0,0.7755495864077574,3,1,True,0.8544801608835908
ileum,radial_tissue_term,EPI_LP,EPI_LP_MUSC,EPI_LP_MUSC minus EPI_LP,myeloid,Follicle Associated Resident Macrophages,inferential,7,5,7,5,3,2,0.36293441679214283,-0.09202513189074724,-0.45495954868289007,0.0,0.0,0.0,0.40331756510948324,3,1,True,0.5915324288272421
ileum,radial_tissue_term,EPI_LP,LP,LP minus EPI_LP,myeloid,Follicle Associated Resident Macrophages,inferential,7,9,7,9,3,3,0.36293441679214283,0.1598965110500921,-0.20303790574205074,0.0,0.0,0.0,0.5790851459831912,3,1,True,0.929203704359067
ileum,radial_tissue_term,EPI_LP_MUSC,LP,LP minus EPI_LP_MUSC,myeloid,Follicle Associated Resident Macrophages,inferential,5,9,5,9,2,3,-0.09202513189074724,0.1598965110500921,0.2519216429408393,0.0,0.0,0.0,0.3183123449154994,3,1,True,0.5011592843244758
ileum,radial_tissue_term,EPI_LP,EPI_LP_MUSC,EPI_LP_MUSC minus EPI_LP,myeloid,Homeostatic Macrophages,inferential,7,5,7,5,3,2,0.049045191458397044,0.12769732584287477,0.07865213438447773,0.0,0.0,0.0,0.5432223831591168,3,1,True,0.7242965108788223
ileum,radial_tissue_term,EPI_LP,LP,LP minus EPI_LP,myeloid,Homeostatic Macrophages,inferential,7,9,7,9,3,3,0.049045191458397044,-0.08423955309837676,-0.1332847445567738,0.0,0.0,0.0,0.4291739655599851,3,1,True,0.7910265247576197
ileum,radial_tissue_term,EPI_LP_MUSC,LP,LP minus EPI_LP_MUSC,myeloid,Homeostatic Macrophages,inferential,5,9,5,9,2,3,0.12769732584287477,-0.08423955309837676,-0.21193687894125152,0.0,0.0,0.0,0.9446142218232034,3,1,True,0.9446142218232034
ileum,radial_tissue_term,EPI_LP,EPI_LP_MUSC,EPI_LP_MUSC minus EPI_LP,myeloid,M0 Macrophages,inferential,7,5,7,5,3,2,0.049045191458397044,-0.09202513189074724,-0.14107032334914427,0.0,0.0,0.0,0.20393410683745328,3,1,True,0.3880023894333661
ileum,radial_tissue_term,EPI_LP,LP,LP minus EPI_LP,myeloid,M0 Macrophages,inferential,7,9,7,9,3,3,0.049045191458397044,0.8183340536720384,0.7692888622136413,0.0,0.0,0.0,0.10058424890352449,3,1,True,0.6547619748616681
ileum,radial_tissue_term,EPI_LP_MUSC,LP,LP minus EPI_LP_MUSC,myeloid,M0 Macrophages,inferential,5,9,5,9,2,3,-0.09202513189074724,0.8183340536720384,0.9103591855627856,0.0,0.0,0.0,0.015369676001514086,3,1,True,0.03559293389824315
ileum,radial_tissue_term,EPI_LP,EPI_LP_MUSC,EPI_LP_MUSC minus EPI_LP,myeloid,Mast Cells,inferential,7,5,7,5,3,2,-0.10789942120847572,-0.09202513189074724,0.015874289317728482,0.0,0.0,0.0,0.7160274937962224,3,1,True,0.7501240411198521
ileum,radial_tissue_term,EPI_LP,LP,LP minus EPI_LP,myeloid,Mast Cells,inferential,7,9,7,9,3,3,-0.10789942120847572,-0.027481150457711094,0.08041827075076463,0.0,0.0,0.0,1.0,3,1,True,1.0
ileum,radial_tissue_term,EPI_LP_MUSC,LP,LP minus EPI_LP_MUSC,myeloid,Mast Cells,inferential,5,9,5,9,2,3,-0.09202513189074724,-0.027481150457711094,0.06454398143303613,0.0,0.0,0.0,0.7755495864077574,3,1,True,0.8544801608835908
ileum,radial_tissue_term,EPI_LP,EPI_LP_MUSC,EPI_LP_MUSC minus EPI_LP,myeloid,Monocyte Derived Dendritic Cells (MO DC),inferential,7,5,7,5,3,2,-0.10789942120847572,-0.09202513189074724,0.015874289317728482,0.0,0.0,0.0,0.7160274937962224,3,1,True,0.7501240411198521
ileum,radial_tissue_term,EPI_LP,LP,LP minus EPI_LP,myeloid,Monocyte Derived Dendritic Cells (MO DC),inferential,7,9,7,9,3,3,-0.10789942120847572,-0.0842395530983767,0.023659868110099014,0.0,0.0,0.0,0.6405094555789523,3,1,True,0.929203704359067
ileum,radial_tissue_term,EPI_LP_MUSC,LP,LP minus EPI_LP_MUSC,myeloid,Monocyte Derived Dendritic Cells (MO DC),inferential,5,9,5,9,2,3,-0.09202513189074724,-0.0842395530983767,0.007785578792370532,0.0,0.0,0.0,0.8894950013660017,3,1,True,0.9128953945179344
ileum,radial_tissue_term,EPI_LP,EPI_LP_MUSC,EPI_LP_MUSC minus EPI_LP,myeloid,Neutrophils,inferential,7,5,7,5,3,2,-0.10789942120847572,0.8387669381407574,0.9466663593492332,0.0,100.0,100.0,0.09891372222532906,3,1,True,0.3880023894333661
ileum,radial_tissue_term,EPI_LP,LP,LP minus EPI_LP,myeloid,Neutrophils,inferential,7,9,7,9,3,3,-0.10789942120847572,-0.20630758517261116,-0.09840816396413544,0.0,0.0,0.0,0.42872539127351816,3,1,True,0.7910265247576197
ileum,radial_tissue_term,EPI_LP_MUSC,LP,LP minus EPI_LP_MUSC,myeloid,Neutrophils,inferential,5,9,5,9,2,3,0.8387669381407574,-0.20630758517261116,-1.0450745233133687,100.0,0.0,-100.0,0.04419073155746367,3,1,True,0.09721960942642008
ileum,radial_tissue_term,EPI_LP,EPI_LP_MUSC,EPI_LP_MUSC minus EPI_LP,myeloid,Nonclassical Monocytes,inferential,7,5,7,5,3,2,-0.10789942120847572,-0.09202513189074724,0.015874289317728482,0.0,0.0,0.0,0.7160274937962224,3,1,True,0.7501240411198521
ileum,radial_tissue_term,EPI_LP,LP,LP minus EPI_LP,myeloid,Nonclassical Monocytes,inferential,7,9,7,9,3,3,-0.10789942120847572,-0.20630758517261116,-0.09840816396413544,0.0,0.0,0.0,0.42872539127351816,3,1,True,0.7910265247576197
ileum,radial_tissue_term,EPI_LP_MUSC,LP,LP minus EPI_LP_MUSC,myeloid,Nonclassical Monocytes,inferential,5,9,5,9,2,3,-0.09202513189074724,-0.20630758517261116,-0.11428245328186393,0.0,0.0,0.0,0.7755495864077574,3,1,True,0.8544801608835908
ileum,radial_tissue_term,EPI_LP,EPI_LP_MUSC,EPI_LP_MUSC minus EPI_LP,myeloid,Perivascular Resident Macrophages,inferential,7,5,7,5,3,2,0.04904519145839714,0.22986245059607283,0.18081725913767568,0.0,0.0,0.0,0.8621018289670741,3,1,True,0.8621018289670741
ileum,radial_tissue_term,EPI_LP,LP,LP minus EPI_LP,myeloid,Perivascular Resident Macrophages,inferential,7,9,7,9,3,3,0.04904519145839714,-0.20630758517261116,-0.2553527766310083,0.0,0.0,0.0,0.29338726259985004,3,1,True,0.7910265247576197
ileum,radial_tissue_term,EPI_LP_MUSC,LP,LP minus EPI_LP_MUSC,myeloid,Perivascular Resident Macrophages,inferential,5,9,5,9,2,3,0.22986245059607283,-0.20630758517261116,-0.43617003576868396,0.0,0.0,0.0,0.31891954457012095,3,1,True,0.5011592843244758
ileum,radial_tissue_term,EPI_LP,EPI_LP_MUSC,EPI_LP_MUSC minus EPI_LP,myeloid,Tolerogenic cDC2,inferential,7,5,7,5,3,2,-0.10789942120847572,-0.09202513189074724,0.015874289317728482,0.0,0.0,0.0,0.7160274937962224,3,1,True,0.7501240411198521
ileum,radial_tissue_term,EPI_LP,LP,LP minus EPI_LP,myeloid,Tolerogenic cDC2,inferential,7,9,7,9,3,3,-0.10789942120847572,-0.08423955309837676,0.02365986811009896,0.0,0.0,0.0,1.0,3,1,True,1.0
ileum,radial_tissue_term,EPI_LP_MUSC,LP,LP minus EPI_LP_MUSC,myeloid,Tolerogenic cDC2,inferential,5,9,5,9,2,3,-0.09202513189074724,-0.08423955309837676,0.007785578792370476,0.0,0.0,0.0,0.7755495864077574,3,1,True,0.8544801608835908
ileum,radial_tissue_term,EPI_LP,EPI_LP_MUSC,EPI_LP_MUSC minus EPI_LP,myeloid,cDC1,inferential,7,5,7,5,3,2,0.049045191458397044,-0.09202513189074724,-0.14107032334914427,0.0,0.0,0.0,0.20393410683745328,3,1,True,0.3880023894333661
ileum,radial_tissue_term,EPI_LP,LP,LP minus EPI_LP,myeloid,cDC1,inferential,7,9,7,9,3,3,0.049045191458397044,-0.20630758517261116,-0.2553527766310082,0.0,0.0,0.0,0.12841145800500603,3,1,True,0.6547619748616681
ileum,radial_tissue_term,EPI_LP_MUSC,LP,LP minus EPI_LP_MUSC,myeloid,cDC1,inferential,5,9,5,9,2,3,-0.09202513189074724,-0.20630758517261116,-0.11428245328186393,0.0,0.0,0.0,0.7755495864077574,3,1,True,0.8544801608835908
ileum,radial_tissue_term,EPI_LP,EPI_LP_MUSC,EPI_LP_MUSC minus EPI_LP,myeloid,cDC2,inferential,7,5,7,5,3,2,0.20598980412526982,-0.09202513189074724,-0.29801493601601703,0.0,0.0,0.0,0.0290624598887013,3,1,True,0.3880023894333661
ileum,radial_tissue_term,EPI_LP,LP,LP minus EPI_LP,myeloid,cDC2,inferential,7,9,7,9,3,3,0.20598980412526982,0.3042612870645655,0.09827148293929569,0.0,0.0,0.0,0.8550923282467082,3,1,True,1.0
ileum,radial_tissue_term,EPI_LP_MUSC,LP,LP minus EPI_LP_MUSC,myeloid,cDC2,inferential,5,9,5,9,2,3,-0.09202513189074724,0.3042612870645655,0.39628641895531275,0.0,0.0,0.0,0.08712902194080456,3,1,True,0.17425804388160912
ileum,radial_tissue_term,EPI_LP,EPI_LP_MUSC,EPI_LP_MUSC minus EPI_LP,myeloid,migDC,inferential,7,5,7,5,3,2,-0.10789942120847572,-0.09202513189074724,0.015874289317728482,0.0,0.0,0.0,0.7160274937962224,3,1,True,0.7501240411198521
ileum,radial_tissue_term,EPI_LP,LP,LP minus EPI_LP,myeloid,migDC,inferential,7,9,7,9,3,3,-0.10789942120847572,-0.20630758517261116,-0.09840816396413544,0.0,0.0,0.0,0.42872539127351816,3,1,True,0.7910265247576197
ileum,radial_tissue_term,EPI_LP_MUSC,LP,LP minus EPI_LP_MUSC,myeloid,migDC,inferential,5,9,5,9,2,3,-0.09202513189074724,-0.20630758517261116,-0.11428245328186393,0.0,0.0,0.0,0.7755495864077574,3,1,True,0.8544801608835908
ileum,radial_tissue_term,EPI_LP,EPI_LP_MUSC,EPI_LP_MUSC minus EPI_LP,myeloid,pDC,inferential,7,5,7,5,3,2,-0.10789942120847572,-0.09202513189074724,0.015874289317728482,0.0,0.0,0.0,0.7160274937962224,3,1,True,0.7501240411198521
ileum,radial_tissue_term,EPI_LP,LP,LP minus EPI_LP,myeloid,pDC,inferential,7,9,7,9,3,3,-0.10789942120847572,-0.08423955309837676,0.02365986811009896,0.0,0.0,0.0,1.0,3,1,True,1.0
ileum,radial_tissue_term,EPI_LP_MUSC,LP,LP minus EPI_LP_MUSC,myeloid,pDC,inferential,5,9,5,9,2,3,-0.09202513189074724,-0.08423955309837676,0.007785578792370476,0.0,0.0,0.0,0.7755495864077574,3,1,True,0.8544801608835908
ileum,radial_tissue_term,EPI_LP,LP,LP minus EPI_LP,stroma,Adipocytes,inferential,7,6,5,6,3,2,-0.13233188671932952,-0.14388688473904074,-0.011554998019711216,0.0,0.0,0.0,0.7117304969558811,3,1,True,0.929203704359067
ileum,radial_tissue_term,EPI_LP,LP,LP minus EPI_LP,stroma,Angiogenic Pericytes,inferential,7,6,5,6,3,2,0.024612725947543268,0.03921516337231087,0.014602437424767599,0.0,0.0,0.0,0.8245320258107485,3,1,True,1.0
ileum,radial_tissue_term,EPI_LP,LP,LP minus EPI_LP,stroma,Arteriolar Endothelial,inferential,7,6,5,6,3,2,-0.13233188671932952,-0.14388688473904074,-0.011554998019711216,0.0,0.0,0.0,0.7117304969558811,3,1,True,0.929203704359067
ileum,radial_tissue_term,EPI_LP,LP,LP minus EPI_LP,stroma,Capillary Endothelial,inferential,7,6,5,6,3,2,0.024612725947543268,-0.14388688473904074,-0.168499610686584,0.0,0.0,0.0,0.33665990859315376,3,1,True,0.7910265247576197
ileum,radial_tissue_term,EPI_LP,LP,LP minus EPI_LP,stroma,Contractile Pericytes,inferential,7,6,5,6,3,2,-0.13233188671932952,-0.14388688473904074,-0.011554998019711216,0.0,0.0,0.0,0.7117304969558811,3,1,True,0.929203704359067
ileum,radial_tissue_term,EPI_LP,LP,LP minus EPI_LP,stroma,Crypt Bottom Fibroblasts (S2A),inferential,7,6,5,6,3,2,-0.13233188671932952,0.039215163372310936,0.17154705009164045,0.0,0.0,0.0,0.8841690592371709,3,1,True,1.0
ileum,radial_tissue_term,EPI_LP,LP,LP minus EPI_LP,stroma,Crypt Top Fibroblasts (S2B),inferential,7,6,5,6,3,2,0.024612725947543268,-0.14388688473904074,-0.168499610686584,0.0,0.0,0.0,0.20896658772180898,3,1,True,0.6547619748616681
ileum,radial_tissue_term,EPI_LP,LP,LP minus EPI_LP,stroma,Fibroblastic Reticular Cells (FRC),inferential,7,6,5,6,3,2,0.18155733861441606,0.03921516337231087,-0.14234217524210518,0.0,0.0,0.0,0.6064979888020765,3,1,True,0.929203704359067
ileum,radial_tissue_term,EPI_LP,LP,LP minus EPI_LP,stroma,Follicular Dendritic Cells (fDC),inferential,7,6,5,6,3,2,-0.13233188671932952,0.03921516337231087,0.1715470500916404,0.0,0.0,0.0,0.7117304969558811,3,1,True,0.929203704359067
ileum,radial_tissue_term,EPI_LP,LP,LP minus EPI_LP,stroma,Glia,inferential,7,6,5,6,3,2,-0.13233188671932952,0.03921516337231087,0.1715470500916404,0.0,0.0,0.0,0.9413424538544576,3,1,True,1.0
ileum,radial_tissue_term,EPI_LP,LP,LP minus EPI_LP,stroma,Interstitial Cells of Cajal (ICC),inferential,7,6,5,6,3,2,0.4954465639481618,-0.14388688473904074,-0.6393334486872025,0.0,0.0,0.0,0.08172028164814853,3,1,True,0.6547619748616681
ileum,radial_tissue_term,EPI_LP,LP,LP minus EPI_LP,stroma,Lamina propria Fibroblasts (S1),inferential,7,6,5,6,3,2,0.2545324277238433,0.8439341195893612,0.5894016918655178,0.0,25.0,25.0,0.4182796568171392,3,1,True,0.7910265247576197
ileum,radial_tissue_term,EPI_LP,LP,LP minus EPI_LP,stroma,Lymphatic Endothelial,inferential,7,6,5,6,3,2,-0.13233188671932952,-0.14388688473904074,-0.011554998019711216,0.0,0.0,0.0,0.7117304969558811,3,1,True,0.929203704359067
ileum,radial_tissue_term,EPI_LP,LP,LP minus EPI_LP,stroma,Marginal Reticular Cells (MRC),inferential,7,6,5,6,3,2,0.1815573386144161,0.22231721148366254,0.04075987286924643,0.0,0.0,0.0,1.0,3,1,True,1.0
ileum,radial_tissue_term,EPI_LP,LP,LP minus EPI_LP,stroma,Medullary Sinus Endothelial,inferential,7,6,5,6,3,2,-0.13233188671932952,0.03921516337231087,0.1715470500916404,0.0,0.0,0.0,0.7117304969558811,3,1,True,0.929203704359067
ileum,radial_tissue_term,EPI_LP,LP,LP minus EPI_LP,stroma,Mesenchymal Lymphoid Tissue Organizer Cells (mLTo Cells),inferential,7,6,5,6,3,2,-0.13233188671932952,0.03921516337231087,0.1715470500916404,0.0,0.0,0.0,0.7117304969558811,3,1,True,0.929203704359067
ileum,radial_tissue_term,EPI_LP,LP,LP minus EPI_LP,stroma,Muscularis Propria Fibroblasts,inferential,7,6,5,6,3,2,0.1456552774314295,-0.14388688473904074,-0.28954216217047024,0.0,0.0,0.0,0.20896658772180898,3,1,True,0.6547619748616681
ileum,radial_tissue_term,EPI_LP,LP,LP minus EPI_LP,stroma,Myofibroblasts,inferential,7,6,5,6,3,2,-0.13233188671932952,0.03921516337231087,0.1715470500916404,0.0,0.0,0.0,0.7117304969558811,3,1,True,0.929203704359067
ileum,radial_tissue_term,EPI_LP,LP,LP minus EPI_LP,stroma,Post Arteriole Capillary Endothelial (PAC),inferential,7,6,5,6,3,2,0.024612725947543268,0.30745481544466097,0.2828420894971177,0.0,0.0,0.0,0.6049145300823384,3,1,True,0.929203704359067
ileum,radial_tissue_term,EPI_LP,LP,LP minus EPI_LP,stroma,Pre Venule Capillary Endothelial (PVC),inferential,7,6,5,6,3,2,0.024612725947543268,-0.14388688473904074,-0.168499610686584,0.0,0.0,0.0,0.20896658772180898,3,1,True,0.6547619748616681
ileum,radial_tissue_term,EPI_LP,LP,LP minus EPI_LP,stroma,Secretory Pericytes,inferential,7,6,5,6,3,2,-0.13233188671932952,-0.14388688473904074,-0.011554998019711216,0.0,0.0,0.0,0.7117304969558811,3,1,True,0.929203704359067
ileum,radial_tissue_term,EPI_LP,LP,LP minus EPI_LP,stroma,Smooth Muscle Cells (SMC),inferential,7,6,5,6,3,2,-0.13233188671932952,-0.14388688473904074,-0.011554998019711216,0.0,0.0,0.0,0.7117304969558811,3,1,True,0.929203704359067
ileum,radial_tissue_term,EPI_LP,LP,LP minus EPI_LP,stroma,Submucosal Fibroblasts (S3),inferential,7,6,5,6,3,2,0.18155733861441606,-0.14388688473904074,-0.3254442233534568,0.0,0.0,0.0,0.06465083609016464,3,1,True,0.6547619748616681
ileum,radial_tissue_term,EPI_LP,LP,LP minus EPI_LP,stroma,Venular Endothelial,inferential,7,6,5,6,3,2,0.02461272594754333,0.03921516337231087,0.014602437424767536,0.0,0.0,0.0,0.941930944619722,3,1,True,1.0
ileum,sex_ontology_term,female,male,male minus female,epithelial,BEST4 Colonocytes,inferential,21,27,21,21,5,6,-0.0375580255107314,-0.07746450497812801,-0.03990647946739661,0.0,0.0,0.0,0.8322108620129183,6,1,True,1.0
ileum,sex_ontology_term,female,male,male minus female,epithelial,BEST4 Enterocytes,inferential,21,27,21,21,5,6,0.023059387623215605,0.2750066624981849,0.25194727487496926,0.0,0.0,0.0,0.1668945060268232,6,1,True,0.8256886087642833
ileum,sex_ontology_term,female,male,male minus female,epithelial,Brunners Gland Cells,inferential,21,27,21,21,5,6,-0.18253528444994205,-0.15884319302761762,0.023692091422324424,0.0,0.0,0.0,0.9659232836001721,6,1,True,1.0
ileum,sex_ontology_term,female,male,male minus female,epithelial,Colonocyte Progenitors,inferential,21,27,21,21,5,6,-0.18253528444994205,-0.15884319302761762,0.023692091422324424,0.0,0.0,0.0,0.9659232836001721,6,1,True,1.0
ileum,sex_ontology_term,female,male,male minus female,epithelial,Crypt Top Colonocytes,inferential,21,27,21,21,5,6,-0.18253528444994205,-0.11815384900287285,0.0643814354470692,0.0,0.0,0.0,0.7165036733376322,6,1,True,0.975771869552222
ileum,sex_ontology_term,female,male,male minus female,epithelial,EEC Enterochromaffin (EC),inferential,21,27,21,21,5,6,-0.18253528444994205,-0.15884319302761762,0.023692091422324424,0.0,0.0,0.0,0.9659232836001721,6,1,True,1.0
ileum,sex_ontology_term,female,male,male minus female,epithelial,EEC L,inferential,21,27,21,21,5,6,-0.18253528444994205,-0.15884319302761762,0.023692091422324424,0.0,0.0,0.0,0.9659232836001721,6,1,True,1.0
ileum,sex_ontology_term,female,male,male minus female,epithelial,EEC N,inferential,21,27,21,21,5,6,-0.13022041356098443,-0.11815384900287283,0.0120665645581116,0.0,0.0,0.0,0.9319086962943446,6,1,True,1.0
ileum,sex_ontology_term,female,male,male minus female,epithelial,EEC Progenitors,inferential,21,27,21,21,5,6,-0.13022041356098443,-0.15884319302761762,-0.02862277946663319,0.0,0.0,0.0,0.9660716939138011,6,1,True,1.0
ileum,sex_ontology_term,female,male,male minus female,epithelial,EEC S,inferential,21,27,21,21,5,6,-0.18253528444994205,-0.11815384900287283,0.06438143544706922,0.0,0.0,0.0,0.653735287127933,6,1,True,0.975771869552222
ileum,sex_ontology_term,female,male,male minus female,epithelial,Enterocyte Progenitors,inferential,21,27,21,21,5,6,0.12894233455910095,0.2765812405254258,0.14763890596632487,0.0,0.0,0.0,0.3583471201703571,6,1,True,0.885347793475917
ileum,sex_ontology_term,female,male,male minus female,epithelial,Enteroendocrine Cells (EEC),inferential,21,27,21,21,5,6,-0.18253528444994205,-0.15884319302761762,0.023692091422324424,0.0,0.0,0.0,0.9659232836001721,6,1,True,1.0
ileum,sex_ontology_term,female,male,male minus female,epithelial,Epithelial,inferential,21,27,21,21,5,6,-0.025590671783069226,-0.07746450497812801,-0.05187383319505878,0.0,0.0,0.0,0.7085890866578216,6,1,True,0.975771869552222
ileum,sex_ontology_term,female,male,male minus female,epithelial,Foveolar Cells,inferential,21,27,21,21,5,6,-0.18253528444994205,-0.15884319302761762,0.023692091422324424,0.0,0.0,0.0,0.9659232836001721,6,1,True,1.0
ileum,sex_ontology_term,female,male,male minus female,epithelial,Goblet Cells,inferential,21,27,21,21,5,6,0.3979563483387264,0.24234942935789497,-0.15560691898083143,0.0,0.0,0.0,0.5217422752844058,6,1,True,0.9682165092223519
ileum,sex_ontology_term,female,male,male minus female,epithelial,Intestinal Stem Cells (ISC),inferential,21,27,21,21,5,6,-0.08987289639968903,-0.017855693406494694,0.07201720299319433,0.0,0.0,0.0,0.5933257725904932,6,1,True,0.975771869552222
ileum,sex_ontology_term,female,male,male minus female,epithelial,Lower Crypt Colonocytes,inferential,21,27,21,21,5,6,-0.18253528444994205,-0.15884319302761762,0.023692091422324424,0.0,0.0,0.0,0.9659232836001721,6,1,True,1.0
ileum,sex_ontology_term,female,male,male minus female,epithelial,Lower Villus Enterocytes,inferential,21,27,21,21,5,6,0.34329908486925576,0.30893735788485455,-0.03436172698440121,0.0,0.0,0.0,0.7325205410039172,6,1,True,0.975771869552222
ileum,sex_ontology_term,female,male,male minus female,epithelial,Mature Goblet Cells,inferential,21,27,21,21,5,6,0.2531312270612547,0.031588790546554994,-0.22154243651469968,0.0,0.0,0.0,0.14635096939241138,6,1,True,0.805127351437369
ileum,sex_ontology_term,female,male,male minus female,epithelial,Microfold Cells (M Cells),inferential,21,27,21,21,5,6,-0.05358051296888442,-0.07746450497812801,-0.02388399200924359,0.0,0.0,0.0,0.8741621147278664,6,1,True,1.0
ileum,sex_ontology_term,female,male,male minus female,epithelial,Mid Crypt Colonocytes,inferential,21,27,21,21,5,6,-0.18253528444994205,-0.15884319302761762,0.023692091422324424,0.0,0.0,0.0,0.9659232836001721,6,1,True,1.0
ileum,sex_ontology_term,female,male,male minus female,epithelial,Mid Villus Enterocytes,inferential,21,27,21,21,5,6,0.4853286797048455,0.2877389417242155,-0.19758973798063,0.0,0.0,0.0,0.1541733226156664,6,1,True,0.805127351437369
ileum,sex_ontology_term,female,male,male minus female,epithelial,Paneth Cells,inferential,21,27,21,21,5,6,0.06707171626718379,0.04460352709610643,-0.02246818917107736,0.0,0.0,0.0,0.5297009375165247,6,1,True,0.9682165092223519
ileum,sex_ontology_term,female,male,male minus female,epithelial,Secretory Progenitors,inferential,21,27,21,21,5,6,0.08244187780351953,0.001063774140393858,-0.08137810366312567,0.0,0.0,0.0,0.4418975817023979,6,1,True,0.9030081017396827
ileum,sex_ontology_term,female,male,male minus female,epithelial,Transiently Amplifying Cells (TA),inferential,21,27,21,21,5,6,0.15326736426224338,0.3413067313000524,0.18803936703780902,0.0,0.0,0.0,0.5356091327613011,6,1,True,0.9682165092223519
ileum,sex_ontology_term,female,male,male minus female,epithelial,Tuft Cells,inferential,21,27,21,21,5,6,-0.13022041356098443,-0.058545037431239476,0.07167537612974495,0.0,0.0,0.0,0.7486547650815472,6,1,True,0.975771869552222
ileum,sex_ontology_term,female,male,male minus female,epithelial,Tuft Progenitors,inferential,21,27,21,21,5,6,0.02672419910588837,-0.07746450497812801,-0.10418870408401638,0.0,0.0,0.0,0.29103395113097674,6,1,True,0.885347793475917
ileum,sex_ontology_term,female,male,male minus female,epithelial,Villus Tip Enterocytes,inferential,21,27,21,21,5,6,0.46139397224952106,0.3611325799337485,-0.10026139231577258,0.0,0.0,0.0,0.3364310024665188,6,1,True,0.885347793475917
ileum,sex_ontology_term,female,male,male minus female,lymphoid,CD4 Memory,inferential,12,12,12,10,6,5,0.19988311089018904,0.5501149354515762,0.35023182456138713,0.9259259259259258,0.0,-0.9259259259259258,0.5830326809296239,6,1,True,0.975771869552222
ileum,sex_ontology_term,female,male,male minus female,lymphoid,CD4 Naive,inferential,12,12,12,10,6,5,0.18391684475858203,-0.2569182538442536,-0.44083509860283565,0.0,0.0,0.0,0.2850570563218616,6,1,True,0.885347793475917
ileum,sex_ontology_term,female,male,male minus female,lymphoid,CD4 Tfh,inferential,12,12,12,10,6,5,0.17762164895517663,-0.07381620573290204,-0.25143785468807867,0.0,0.0,0.0,0.7506221367518198,6,1,True,0.975771869552222
ileum,sex_ontology_term,female,male,male minus female,lymphoid,CD4 Tfr,inferential,12,12,12,10,6,5,-0.11251017698230703,-0.10185555878466972,0.010654618197637314,0.0,0.0,0.0,0.5063505698070192,6,1,True,0.9682165092223519
ileum,sex_ontology_term,female,male,male minus female,lymphoid,CD4 Th17,inferential,12,12,12,10,6,5,0.6686767682882028,0.43544927248373927,-0.2332274958044635,3.167641325536062,0.0,-3.167641325536062,0.21409495934893352,6,1,True,0.885347793475917
ileum,sex_ontology_term,female,male,male minus female,lymphoid,CD4 Tr1,inferential,12,12,12,10,6,5,-0.4932437221337418,-0.32752640887652057,0.16571731325722122,0.0,0.0,0.0,0.12569270458239135,6,1,True,0.7384446394215491
ileum,sex_ontology_term,female,male,male minus female,lymphoid,CD4 pTreg,inferential,12,12,12,10,6,5,-0.5638518771660087,0.060303620303273,0.6241554974692817,0.0,0.0,0.0,0.01012748925643856,6,1,True,0.31732799670174155
ileum,sex_ontology_term,female,male,male minus female,lymphoid,CD4 tTreg,inferential,12,12,12,10,6,5,-0.5638518771660087,-0.010304534728993878,0.5535473424370149,0.0,0.0,0.0,0.022458703694481292,6,1,True,0.3518530245468736
ileum,sex_ontology_term,female,male,male minus female,lymphoid,CD8 Circulating Effector Memory,inferential,12,12,12,10,6,5,-0.12703962591103854,0.039360751279864194,0.16640037719090273,0.0,0.0,0.0,0.340358371306122,6,1,True,0.885347793475917
ileum,sex_ontology_term,female,male,male minus female,lymphoid,CD8 Effector Memory,inferential,12,12,12,10,6,5,-0.4555782951551537,-0.19340658284034554,0.2621717123148082,0.0,0.0,0.0,0.06037813526374686,6,1,True,0.5982890716320213
ileum,sex_ontology_term,female,male,male minus female,lymphoid,CD8 IEL,inferential,12,12,12,10,6,5,0.09221780408613493,0.37752549445079975,0.2853076903646648,0.0,0.0,0.0,0.6647316628002049,6,1,True,0.975771869552222
ileum,sex_ontology_term,female,male,male minus female,lymphoid,CD8 Memory Exhausted,inferential,12,12,12,10,6,5,-0.6554029012216844,-0.4190774329321964,0.23632546828948803,0.0,0.0,0.0,0.12569270458239135,6,1,True,0.7384446394215491
ileum,sex_ontology_term,female,male,male minus female,lymphoid,CD8 Naive,inferential,12,12,12,10,6,5,-0.21859064996671432,-0.4190774329321964,-0.20048678296548209,0.0,0.0,0.0,0.340358371306122,6,1,True,0.885347793475917
ileum,sex_ontology_term,female,male,male minus female,lymphoid,CD8 TRM,inferential,12,12,12,10,6,5,1.4735107833486756,1.0810825893875642,-0.3924281939611114,5.3418803418803416,9.75,4.4081196581196584,0.40209428035894934,6,1,True,0.885347793475917
ileum,sex_ontology_term,female,male,male minus female,lymphoid,GC B Dark Zone (GC B DZ),inferential,12,12,12,10,6,5,0.6909802117522307,-0.205331653143735,-0.8963118648959657,5.555555555555555,0.0,-5.555555555555555,0.08825668633985301,6,1,True,0.7384446394215491
ileum,sex_ontology_term,female,male,male minus female,lymphoid,GC B Light Zone (GC B LZ),inferential,12,12,12,10,6,5,0.7826343711346023,-0.205331653143735,-0.9879660242783374,6.944444444444445,0.0,-6.944444444444445,0.016480823372450094,6,1,True,0.3518530245468736
ileum,sex_ontology_term,female,male,male minus female,lymphoid,Gamma Delta T Cells,inferential,12,12,12,10,6,5,-0.5638518771660087,-0.4190774329321964,0.1447744442338123,0.0,0.0,0.0,0.3704279148024535,6,1,True,0.885347793475917
ileum,sex_ontology_term,female,male,male minus female,lymphoid,ILC3,inferential,12,12,12,10,6,5,-0.1976477809433055,-0.14442436076516904,0.05322342017813647,0.0,0.0,0.0,0.7506221367518198,6,1,True,0.975771869552222
ileum,sex_ontology_term,female,male,male minus female,lymphoid,MAIT Cells,inferential,12,12,12,10,6,5,-0.6554029012216844,-0.23597538482084476,0.41942751640083964,0.0,0.0,0.0,0.01012748925643856,6,1,True,0.31732799670174155
ileum,sex_ontology_term,female,male,male minus female,lymphoid,Memory B,inferential,12,12,12,10,6,5,1.148057821523672,0.09796904728186114,-1.050088774241811,10.520833333333332,0.0,-10.520833333333332,0.022458703694481292,6,1,True,0.3518530245468736
ileum,sex_ontology_term,female,male,male minus female,lymphoid,NK Cells,inferential,12,12,12,10,6,5,0.09863122418081227,-0.10185555878466979,-0.20048678296548206,0.9259259259259258,0.0,-0.9259259259259258,0.5830326809296239,6,1,True,0.975771869552222
ileum,sex_ontology_term,female,male,male minus female,lymphoid,NKT Cells,inferential,12,12,12,10,6,5,0.22633763012230987,0.27821693513962287,0.051879305017313,1.1627906976744187,0.0,-1.1627906976744187,0.9769502088750935,6,1,True,1.0
ileum,sex_ontology_term,female,male,male minus female,lymphoid,Naive B,inferential,12,12,12,10,6,5,0.513490295510603,-0.205331653143735,-0.718821948654338,2.2739018087855296,0.0,-2.2739018087855296,0.03493048545540133,6,1,True,0.4690665189725322
ileum,sex_ontology_term,female,male,male minus female,lymphoid,Plasma Cells,inferential,12,12,12,10,6,5,-0.5212830751855094,0.5043510711131528,1.0256341462986622,0.0,0.0,0.0,0.007209343358251423,6,1,True,0.31732799670174155
ileum,sex_ontology_term,female,male,male minus female,lymphoid,Plasma IGA,inferential,12,12,12,10,6,5,-0.47230085311033293,0.13091177533554002,0.603212628445873,0.0,0.0,0.0,0.2850570563218616,6,1,True,0.885347793475917
ileum,sex_ontology_term,female,male,male minus female,lymphoid,Plasma IGG,inferential,12,12,12,10,6,5,-0.6554029012216844,-0.2359753848208448,0.41942751640083964,0.0,0.0,0.0,0.06037813526374686,6,1,True,0.5982890716320213
ileum,sex_ontology_term,female,male,male minus female,myeloid,Classical Monocytes,inferential,15,9,15,9,6,5,-0.12201505246584707,-0.027104629815320455,0.09491042265052661,0.0,0.0,0.0,0.6309132411313899,6,1,True,0.975771869552222
ileum,sex_ontology_term,female,male,male minus female,myeloid,Cycling Macrophages,inferential,15,9,15,9,6,5,0.02446658602323426,0.09496340225891403,0.07049681623567977,0.0,0.0,0.0,0.9498343871622048,6,1,True,1.0
ileum,sex_ontology_term,female,male,male minus female,myeloid,Eosinophils,inferential,15,9,15,9,6,5,-0.048774233221306404,-0.027104629815320455,0.02166960340598595,0.0,0.0,0.0,0.8155517887960326,6,1,True,1.0
ileum,sex_ontology_term,female,male,male minus female,myeloid,Follicle Associated Resident Macrophages,inferential,15,9,15,9,6,5,0.42472572383033685,-0.027104629815320407,-0.45183035364565727,0.0,0.0,0.0,0.0636477735778746,6,1,True,0.5982890716320213
ileum,sex_ontology_term,female,male,male minus female,myeloid,Homeostatic Macrophages,inferential,15,9,15,9,6,5,-0.12201505246584707,0.09496340225891399,0.21697845472476107,0.0,0.0,0.0,0.42383670964272624,6,1,True,0.885347793475917
ileum,sex_ontology_term,female,male,male minus female,myeloid,M0 Macrophages,inferential,15,9,15,9,6,5,0.18824897087798784,0.4804303034562709,0.29218133257828305,0.0,0.0,0.0,1.0,6,1,True,1.0
ileum,sex_ontology_term,female,male,male minus female,myeloid,Mast Cells,inferential,15,9,15,9,6,5,-0.12201505246584707,0.029653772825345204,0.15166882529119227,0.0,0.0,0.0,0.6309132411313899,6,1,True,0.975771869552222
ileum,sex_ontology_term,female,male,male minus female,myeloid,Monocyte Derived Dendritic Cells (MO DC),inferential,15,9,15,9,6,5,0.09770740526777492,-0.14917266188955486,-0.2468800671573298,0.0,0.0,0.0,0.3887107922024444,6,1,True,0.885347793475917
ileum,sex_ontology_term,female,male,male minus female,myeloid,Neutrophils,inferential,15,9,15,9,6,5,0.08095311004904779,0.02965377282534518,-0.05129933722370261,0.0,0.0,0.0,0.739155717862751,6,1,True,0.975771869552222
ileum,sex_ontology_term,female,male,male minus female,myeloid,Nonclassical Monocytes,inferential,15,9,15,9,6,5,-0.12201505246584707,-0.14917266188955486,-0.02715760942370779,0.0,0.0,0.0,0.6804806693409928,6,1,True,0.975771869552222
ileum,sex_ontology_term,female,male,male minus female,myeloid,Perivascular Resident Macrophages,inferential,15,9,15,9,6,5,-0.12201505246584707,0.15172180489957965,0.27373685736542674,0.0,0.0,0.0,0.5713586174129248,6,1,True,0.975771869552222
ileum,sex_ontology_term,female,male,male minus female,myeloid,Tolerogenic cDC2,inferential,15,9,15,9,6,5,-0.04877423322130644,-0.14917266188955486,-0.10039842866824841,0.0,0.0,0.0,0.3032362067951556,6,1,True,0.885347793475917
ileum,sex_ontology_term,female,male,male minus female,myeloid,cDC1,inferential,15,9,15,9,6,5,-0.04877423322130645,-0.14917266188955486,-0.10039842866824841,0.0,0.0,0.0,0.3722594015500793,6,1,True,0.885347793475917
ileum,sex_ontology_term,female,male,male minus female,myeloid,cDC2,inferential,15,9,15,9,6,5,0.11108545163191827,0.09496340225891393,-0.016122049373004335,0.0,0.0,0.0,0.8368661737214105,6,1,True,1.0
ileum,sex_ontology_term,female,male,male minus female,myeloid,migDC,inferential,15,9,15,9,6,5,-0.12201505246584707,-0.14917266188955486,-0.02715760942370779,0.0,0.0,0.0,0.6804806693409928,6,1,True,0.975771869552222
ileum,sex_ontology_term,female,male,male minus female,myeloid,pDC,inferential,15,9,15,9,6,5,-0.04877423322130644,-0.14917266188955486,-0.10039842866824841,0.0,0.0,0.0,0.3032362067951556,6,1,True,0.885347793475917
ileum,sex_ontology_term,female,male,male minus female,stroma,Adipocytes,inferential,5,10,5,6,3,3,-0.16350915928128124,0.03515241882313482,0.19866157810441606,0.0,0.0,0.0,0.8531990842755246,6,1,True,1.0
ileum,sex_ontology_term,female,male,male minus female,stroma,Angiogenic Pericytes,inferential,5,10,5,6,3,3,0.05621329845234069,-0.23565260128708618,-0.2918658997394269,0.0,0.0,0.0,0.2412337884368716,6,1,True,0.885347793475917
ileum,sex_ontology_term,female,male,male minus female,stroma,Arteriolar Endothelial,inferential,5,10,5,6,3,3,-0.16350915928128124,0.44252880427534286,0.6060379635566241,0.0,0.0,0.0,0.422650063676563,6,1,True,0.885347793475917
ileum,sex_ontology_term,female,male,male minus female,stroma,Capillary Endothelial,inferential,5,10,5,6,3,3,0.05621329845234069,-0.34551383015389714,-0.4017271286062378,0.0,0.0,0.0,0.12307726620624795,6,1,True,0.7384446394215491
ileum,sex_ontology_term,female,male,male minus female,stroma,Contractile Pericytes,inferential,5,10,5,6,3,3,-0.16350915928128124,0.2749419461029719,0.43845110538425314,0.0,0.0,0.0,0.1952280338050152,6,1,True,0.8738778656034014
ileum,sex_ontology_term,female,male,male minus female,stroma,Crypt Bottom Fibroblasts (S2A),inferential,5,10,5,6,3,3,0.05621329845234078,-0.34551383015389714,-0.40172712860623794,0.0,0.0,0.0,0.32501743338787636,6,1,True,0.885347793475917
ileum,sex_ontology_term,female,male,male minus female,stroma,Crypt Top Fibroblasts (S2B),inferential,5,10,5,6,3,3,-0.16350915928128124,-0.23565260128708618,-0.07214344200580494,0.0,0.0,0.0,0.7577802816735341,6,1,True,0.975771869552222
ileum,sex_ontology_term,female,male,male minus female,stroma,Fibroblastic Reticular Cells (FRC),inferential,5,10,5,6,3,3,0.05621329845234069,-0.12579137242027522,-0.1820046708726159,0.0,0.0,0.0,0.3561703279493218,6,1,True,0.885347793475917
ileum,sex_ontology_term,female,male,male minus female,stroma,Follicular Dendritic Cells (fDC),inferential,5,10,5,6,3,3,0.05621329845234069,-0.34551383015389714,-0.4017271286062378,0.0,0.0,0.0,0.12307726620624795,6,1,True,0.7384446394215491
ileum,sex_ontology_term,female,male,male minus female,stroma,Glia,inferential,5,10,5,6,3,3,-0.16350915928128124,-0.23565260128708618,-0.07214344200580494,0.0,0.0,0.0,0.49863619986772045,6,1,True,0.9682165092223519
ileum,sex_ontology_term,female,male,male minus female,stroma,Interstitial Cells of Cajal (ICC),inferential,5,10,5,6,3,3,-0.16350915928128124,0.09393108531334675,0.257440244594628,0.0,0.0,0.0,1.0,6,1,True,1.0
ileum,sex_ontology_term,female,male,male minus female,stroma,Lamina propria Fibroblasts (S1),inferential,5,10,5,6,3,3,0.8021535881791791,0.40150858343609946,-0.4006450047430797,0.0,3.3333333333333335,3.3333333333333335,0.6667684919523206,6,1,True,0.975771869552222
ileum,sex_ontology_term,female,male,male minus female,stroma,Lymphatic Endothelial,inferential,5,10,5,6,3,3,-0.16350915928128124,0.35967173214169224,0.5231808914229734,0.0,0.0,0.0,0.422650063676563,6,1,True,0.885347793475917
ileum,sex_ontology_term,female,male,male minus female,stroma,Marginal Reticular Cells (MRC),inferential,5,10,5,6,3,3,0.27593575618596267,-0.23565260128708618,-0.5115883574730489,0.0,0.0,0.0,0.177134192135179,6,1,True,0.8325307030353413
ileum,sex_ontology_term,female,male,male minus female,stroma,Medullary Sinus Endothelial,inferential,5,10,5,6,3,3,0.05621329845234069,0.09393108531334673,0.03771778686100605,0.0,0.0,0.0,1.0,6,1,True,1.0
ileum,sex_ontology_term,female,male,male minus female,stroma,Mesenchymal Lymphoid Tissue Organizer Cells (mLTo Cells),inferential,5,10,5,6,3,3,0.05621329845234069,-0.34551383015389714,-0.4017271286062378,0.0,0.0,0.0,0.12307726620624795,6,1,True,0.7384446394215491
ileum,sex_ontology_term,female,male,male minus female,stroma,Muscularis Propria Fibroblasts,inferential,5,10,5,6,3,3,-0.16350915928128124,-0.04106158638155481,0.12244757289972642,0.0,0.0,0.0,0.8531990842755246,6,1,True,1.0
ileum,sex_ontology_term,female,male,male minus female,stroma,Myofibroblasts,inferential,5,10,5,6,3,3,0.05621329845234069,-0.23565260128708615,-0.29186589973942684,0.0,0.0,0.0,0.294385405995941,6,1,True,0.885347793475917
ileum,sex_ontology_term,female,male,male minus female,stroma,Post Arteriole Capillary Endothelial (PAC),inferential,5,10,5,6,3,3,0.1583784232055388,0.03515241882313482,-0.12322600438240397,0.0,0.0,0.0,0.6659189302187654,6,1,True,0.975771869552222
ileum,sex_ontology_term,female,male,male minus female,stroma,Pre Venule Capillary Endothelial (PVC),inferential,5,10,5,6,3,3,-0.16350915928128124,-0.015930143553464227,0.147579015727817,0.0,0.0,0.0,0.422650063676563,6,1,True,0.885347793475917
ileum,sex_ontology_term,female,male,male minus female,stroma,Secretory Pericytes,inferential,5,10,5,6,3,3,-0.16350915928128124,-0.34551383015389714,-0.1820046708726159,0.0,0.0,0.0,0.3548665994806586,6,1,True,0.885347793475917
ileum,sex_ontology_term,female,male,male minus female,stroma,Smooth Muscle Cells (SMC),inferential,5,10,5,6,3,3,-0.16350915928128124,-0.23565260128708615,-0.07214344200580491,0.0,0.0,0.0,0.7577802816735341,6,1,True,0.975771869552222
ileum,sex_ontology_term,female,male,male minus female,stroma,Submucosal Fibroblasts (S3),inferential,5,10,5,6,3,3,0.05621329845234069,0.9417139321027428,0.8855006336504021,0.0,3.8461538461538463,3.8461538461538463,0.2412337884368716,6,1,True,0.885347793475917
ileum,sex_ontology_term,female,male,male minus female,stroma,Venular Endothelial,inferential,5,10,5,6,3,3,0.05621329845234069,0.6457358545154744,0.5895225560631338,0.0,0.0,0.0,0.4974716154436776,6,1,True,0.9682165092223519
ileum,age_range,30-39,40-49,40-49 minus 30-39,epithelial,BEST4 Colonocytes,inferential,5,5,5,5,2,3,-0.15830709067796586,-0.1450694464079169,0.013237644270048948,0.0,0.0,0.0,1.0,6,1,True,1.0
ileum,age_range,30-39,50-59,50-59 minus 30-39,epithelial,BEST4 Colonocytes,inferential,5,14,5,12,2,4,-0.15830709067796586,0.07779896365407975,0.23610605433204562,0.0,0.0,0.0,0.9627503468316105,6,1,True,1.0
ileum,age_range,30-39,60-69,60-69 minus 30-39,epithelial,BEST4 Colonocytes,inferential,5,14,5,11,2,5,-0.15830709067796586,-0.17022894973143923,-0.011921859053473371,0.0,0.0,0.0,0.6013714884601018,6,1,True,0.732104420734037
ileum,age_range,30-39,70-79,70-79 minus 30-39,epithelial,BEST4 Colonocytes,inferential,5,5,5,5,2,2,-0.15830709067796586,0.14964710375593038,0.30795419443389627,0.0,0.0,0.0,0.7464759721556196,6,1,True,1.0
ileum,age_range,40-49,50-59,50-59 minus 40-49,epithelial,BEST4 Colonocytes,inferential,5,14,5,12,3,4,-0.1450694464079169,0.07779896365407975,0.22286841006199665,0.0,0.0,0.0,0.7792165792121437,6,1,True,0.8766742804797479
ileum,age_range,40-49,60-69,60-69 minus 40-49,epithelial,BEST4 Colonocytes,inferential,5,14,5,11,3,5,-0.1450694464079169,-0.17022894973143923,-0.02515950332352232,0.0,0.0,0.0,0.29586528221139863,6,1,True,0.4873075236423037
ileum,age_range,40-49,70-79,70-79 minus 40-49,epithelial,BEST4 Colonocytes,inferential,5,5,5,5,3,2,-0.1450694464079169,0.14964710375593038,0.2947165501638473,0.0,0.0,0.0,1.0,6,1,True,1.0
ileum,age_range,50-59,60-69,60-69 minus 50-59,epithelial,BEST4 Colonocytes,inferential,14,14,12,11,4,5,0.07779896365407975,-0.17022894973143923,-0.248027913385519,0.0,0.0,0.0,0.7639104094329374,6,1,True,0.9374579472123479
ileum,age_range,50-59,70-79,70-79 minus 50-59,epithelial,BEST4 Colonocytes,inferential,14,5,12,5,4,2,0.07779896365407975,0.14964710375593038,0.07184814010185063,0.0,0.0,0.0,0.4300966884265106,6,1,True,0.5473957852701045
ileum,age_range,60-69,70-79,70-79 minus 60-69,epithelial,BEST4 Colonocytes,inferential,14,5,11,5,5,2,-0.17022894973143923,0.14964710375593038,0.3198760534873696,0.0,0.0,0.0,0.2242325055776636,6,1,True,0.5258908896524447
ileum,age_range,30-39,40-49,40-49 minus 30-39,epithelial,BEST4 Enterocytes,inferential,5,5,5,5,2,3,-0.15830709067796586,-0.1450694464079169,0.013237644270048948,0.0,0.0,0.0,1.0,6,1,True,1.0
ileum,age_range,30-39,50-59,50-59 minus 30-39,epithelial,BEST4 Enterocytes,inferential,5,14,5,12,2,4,-0.15830709067796586,0.3005698469620239,0.4588769376399897,0.0,0.0,0.0,1.0,6,1,True,1.0
ileum,age_range,30-39,60-69,60-69 minus 30-39,epithelial,BEST4 Enterocytes,inferential,5,14,5,11,2,5,-0.15830709067796586,0.2992198033181328,0.4575268939960987,0.0,0.0,0.0,0.7395457266285655,6,1,True,0.8282912138239934
ileum,age_range,30-39,70-79,70-79 minus 30-39,epithelial,BEST4 Enterocytes,inferential,5,5,5,5,2,2,-0.15830709067796586,-0.07007535397769163,0.08823173670027423,0.0,0.0,0.0,1.0,6,1,True,1.0
ileum,age_range,40-49,50-59,50-59 minus 40-49,epithelial,BEST4 Enterocytes,inferential,5,14,5,12,3,4,-0.1450694464079169,0.3005698469620239,0.4456392933699408,0.0,0.0,0.0,0.9624815903795901,6,1,True,0.9624815903795901
ileum,age_range,40-49,60-69,60-69 minus 40-49,epithelial,BEST4 Enterocytes,inferential,5,14,5,11,3,5,-0.1450694464079169,0.2992198033181328,0.4442892497260497,0.0,0.0,0.0,1.0,6,1,True,1.0
ileum,age_range,40-49,70-79,70-79 minus 40-49,epithelial,BEST4 Enterocytes,inferential,5,5,5,5,3,2,-0.1450694464079169,-0.07007535397769163,0.07499409243022528,0.0,0.0,0.0,0.7373156772164182,6,1,True,0.7940322677715272
ileum,age_range,50-59,60-69,60-69 minus 50-59,epithelial,BEST4 Enterocytes,inferential,14,14,12,11,4,5,0.3005698469620239,0.2992198033181328,-0.0013500436438910746,0.0,0.0,0.0,0.7457735968129104,6,1,True,0.9374579472123479
ileum,age_range,50-59,70-79,70-79 minus 50-59,epithelial,BEST4 Enterocytes,inferential,14,5,12,5,4,2,0.3005698469620239,-0.07007535397769163,-0.37064520093971554,0.0,0.0,0.0,0.7792165792121437,6,1,True,0.7792165792121437
ileum,age_range,60-69,70-79,70-79 minus 60-69,epithelial,BEST4 Enterocytes,inferential,14,5,11,5,5,2,0.2992198033181328,-0.07007535397769163,-0.3692951572958244,0.0,0.0,0.0,0.925012222500545,6,1,True,0.9592719344450097
ileum,age_range,30-39,40-49,40-49 minus 30-39,epithelial,Brunners Gland Cells,inferential,5,5,5,5,2,3,-0.15830709067796586,-0.1450694464079169,0.013237644270048948,0.0,0.0,0.0,1.0,6,1,True,1.0
ileum,age_range,30-39,50-59,50-59 minus 30-39,epithelial,Brunners Gland Cells,inferential,5,14,5,12,2,4,-0.15830709067796586,-0.21813923108817265,-0.05983214041020679,0.0,0.0,0.0,0.3470287751112854,6,1,True,0.6477870468743994
ileum,age_range,30-39,60-69,60-69 minus 30-39,epithelial,Brunners Gland Cells,inferential,5,14,5,11,2,5,-0.15830709067796586,-0.17022894973143923,-0.011921859053473371,0.0,0.0,0.0,0.6013714884601018,6,1,True,0.732104420734037
ileum,age_range,30-39,70-79,70-79 minus 30-39,epithelial,Brunners Gland Cells,inferential,5,5,5,5,2,2,-0.15830709067796586,-0.07007535397769163,0.08823173670027423,0.0,0.0,0.0,1.0,6,1,True,1.0
ileum,age_range,40-49,50-59,50-59 minus 40-49,epithelial,Brunners Gland Cells,inferential,5,14,5,12,3,4,-0.1450694464079169,-0.21813923108817265,-0.07306978468025574,0.0,0.0,0.0,0.23959792161761706,6,1,True,0.5160570619456367
ileum,age_range,40-49,60-69,60-69 minus 40-49,epithelial,Brunners Gland Cells,inferential,5,14,5,11,3,5,-0.1450694464079169,-0.17022894973143923,-0.02515950332352232,0.0,0.0,0.0,0.29586528221139863,6,1,True,0.4873075236423037
ileum,age_range,40-49,70-79,70-79 minus 40-49,epithelial,Brunners Gland Cells,inferential,5,5,5,5,3,2,-0.1450694464079169,-0.07007535397769163,0.07499409243022528,0.0,0.0,0.0,0.7373156772164182,6,1,True,0.7940322677715272
ileum,age_range,50-59,60-69,60-69 minus 50-59,epithelial,Brunners Gland Cells,inferential,14,14,12,11,4,5,-0.21813923108817265,-0.17022894973143923,0.04791028135673342,0.0,0.0,0.0,0.47256669425786224,6,1,True,0.8906075425387576
ileum,age_range,50-59,70-79,70-79 minus 50-59,epithelial,Brunners Gland Cells,inferential,14,5,12,5,4,2,-0.21813923108817265,-0.07007535397769163,0.14806387711048102,0.0,0.0,0.0,0.13487601330300378,6,1,True,0.3776528372484106
ileum,age_range,60-69,70-79,70-79 minus 60-69,epithelial,Brunners Gland Cells,inferential,14,5,11,5,5,2,-0.17022894973143923,-0.07007535397769163,0.1001535957537476,0.0,0.0,0.0,0.30050907980139696,6,1,True,0.5258908896524447
ileum,age_range,30-39,40-49,40-49 minus 30-39,epithelial,Colonocyte Progenitors,inferential,5,5,5,5,2,3,-0.15830709067796586,-0.1450694464079169,0.013237644270048948,0.0,0.0,0.0,1.0,6,1,True,1.0
ileum,age_range,30-39,50-59,50-59 minus 30-39,epithelial,Colonocyte Progenitors,inferential,5,14,5,12,2,4,-0.15830709067796586,-0.21813923108817265,-0.05983214041020679,0.0,0.0,0.0,0.3470287751112854,6,1,True,0.6477870468743994
ileum,age_range,30-39,60-69,60-69 minus 30-39,epithelial,Colonocyte Progenitors,inferential,5,14,5,11,2,5,-0.15830709067796586,-0.17022894973143923,-0.011921859053473371,0.0,0.0,0.0,0.6013714884601018,6,1,True,0.732104420734037
ileum,age_range,30-39,70-79,70-79 minus 30-39,epithelial,Colonocyte Progenitors,inferential,5,5,5,5,2,2,-0.15830709067796586,-0.07007535397769163,0.08823173670027423,0.0,0.0,0.0,1.0,6,1,True,1.0
ileum,age_range,40-49,50-59,50-59 minus 40-49,epithelial,Colonocyte Progenitors,inferential,5,14,5,12,3,4,-0.1450694464079169,-0.21813923108817265,-0.07306978468025574,0.0,0.0,0.0,0.23959792161761706,6,1,True,0.5160570619456367
ileum,age_range,40-49,60-69,60-69 minus 40-49,epithelial,Colonocyte Progenitors,inferential,5,14,5,11,3,5,-0.1450694464079169,-0.17022894973143923,-0.02515950332352232,0.0,0.0,0.0,0.29586528221139863,6,1,True,0.4873075236423037
ileum,age_range,40-49,70-79,70-79 minus 40-49,epithelial,Colonocyte Progenitors,inferential,5,5,5,5,3,2,-0.1450694464079169,-0.07007535397769163,0.07499409243022528,0.0,0.0,0.0,0.7373156772164182,6,1,True,0.7940322677715272
ileum,age_range,50-59,60-69,60-69 minus 50-59,epithelial,Colonocyte Progenitors,inferential,14,14,12,11,4,5,-0.21813923108817265,-0.17022894973143923,0.04791028135673342,0.0,0.0,0.0,0.47256669425786224,6,1,True,0.8906075425387576
ileum,age_range,50-59,70-79,70-79 minus 50-59,epithelial,Colonocyte Progenitors,inferential,14,5,12,5,4,2,-0.21813923108817265,-0.07007535397769163,0.14806387711048102,0.0,0.0,0.0,0.13487601330300378,6,1,True,0.3776528372484106
ileum,age_range,60-69,70-79,70-79 minus 60-69,epithelial,Colonocyte Progenitors,inferential,14,5,11,5,5,2,-0.17022894973143923,-0.07007535397769163,0.1001535957537476,0.0,0.0,0.0,0.30050907980139696,6,1,True,0.5258908896524447
ileum,age_range,30-39,40-49,40-49 minus 30-39,epithelial,Crypt Top Colonocytes,inferential,5,5,5,5,2,3,-0.15830709067796586,-0.1450694464079169,0.013237644270048948,0.0,0.0,0.0,1.0,6,1,True,1.0
ileum,age_range,30-39,50-59,50-59 minus 30-39,epithelial,Crypt Top Colonocytes,inferential,5,14,5,12,2,4,-0.15830709067796586,-0.13966692475473624,0.018640165923229618,0.0,0.0,0.0,0.5103725695930335,6,1,True,0.680496759457378
ileum,age_range,30-39,60-69,60-69 minus 30-39,epithelial,Crypt Top Colonocytes,inferential,5,14,5,11,2,5,-0.15830709067796586,-0.17022894973143923,-0.011921859053473371,0.0,0.0,0.0,0.6013714884601018,6,1,True,0.732104420734037
ileum,age_range,30-39,70-79,70-79 minus 30-39,epithelial,Crypt Top Colonocytes,inferential,5,5,5,5,2,2,-0.15830709067796586,-0.07007535397769163,0.08823173670027423,0.0,0.0,0.0,1.0,6,1,True,1.0
ileum,age_range,40-49,50-59,50-59 minus 40-49,epithelial,Crypt Top Colonocytes,inferential,5,14,5,12,3,4,-0.1450694464079169,-0.13966692475473624,0.00540252165318067,0.0,0.0,0.0,0.42389922694739346,6,1,True,0.5651989692631912
ileum,age_range,40-49,60-69,60-69 minus 40-49,epithelial,Crypt Top Colonocytes,inferential,5,14,5,11,3,5,-0.1450694464079169,-0.17022894973143923,-0.02515950332352232,0.0,0.0,0.0,0.29586528221139863,6,1,True,0.4873075236423037
ileum,age_range,40-49,70-79,70-79 minus 40-49,epithelial,Crypt Top Colonocytes,inferential,5,5,5,5,3,2,-0.1450694464079169,-0.07007535397769163,0.07499409243022528,0.0,0.0,0.0,0.7373156772164182,6,1,True,0.7940322677715272
ileum,age_range,50-59,60-69,60-69 minus 50-59,epithelial,Crypt Top Colonocytes,inferential,14,14,12,11,4,5,-0.13966692475473624,-0.17022894973143923,-0.03056202497670299,0.0,0.0,0.0,0.8348062887525347,6,1,True,0.9374579472123479
ileum,age_range,50-59,70-79,70-79 minus 50-59,epithelial,Crypt Top Colonocytes,inferential,14,5,12,5,4,2,-0.13966692475473624,-0.07007535397769163,0.06959157077704461,0.0,0.0,0.0,0.30399040407307465,6,1,True,0.4053205387640995
ileum,age_range,60-69,70-79,70-79 minus 60-69,epithelial,Crypt Top Colonocytes,inferential,14,5,11,5,5,2,-0.17022894973143923,-0.07007535397769163,0.1001535957537476,0.0,0.0,0.0,0.30050907980139696,6,1,True,0.5258908896524447
ileum,age_range,30-39,40-49,40-49 minus 30-39,epithelial,EEC Enterochromaffin (EC),inferential,5,5,5,5,2,3,-0.15830709067796586,-0.1450694464079169,0.013237644270048948,0.0,0.0,0.0,1.0,6,1,True,1.0
ileum,age_range,30-39,50-59,50-59 minus 30-39,epithelial,EEC Enterochromaffin (EC),inferential,5,14,5,12,2,4,-0.15830709067796586,-0.21813923108817265,-0.05983214041020679,0.0,0.0,0.0,0.3470287751112854,6,1,True,0.6477870468743994
ileum,age_range,30-39,60-69,60-69 minus 30-39,epithelial,EEC Enterochromaffin (EC),inferential,5,14,5,11,2,5,-0.15830709067796586,-0.17022894973143923,-0.011921859053473371,0.0,0.0,0.0,0.6013714884601018,6,1,True,0.732104420734037
ileum,age_range,30-39,70-79,70-79 minus 30-39,epithelial,EEC Enterochromaffin (EC),inferential,5,5,5,5,2,2,-0.15830709067796586,-0.07007535397769163,0.08823173670027423,0.0,0.0,0.0,1.0,6,1,True,1.0
ileum,age_range,40-49,50-59,50-59 minus 40-49,epithelial,EEC Enterochromaffin (EC),inferential,5,14,5,12,3,4,-0.1450694464079169,-0.21813923108817265,-0.07306978468025574,0.0,0.0,0.0,0.23959792161761706,6,1,True,0.5160570619456367
ileum,age_range,40-49,60-69,60-69 minus 40-49,epithelial,EEC Enterochromaffin (EC),inferential,5,14,5,11,3,5,-0.1450694464079169,-0.17022894973143923,-0.02515950332352232,0.0,0.0,0.0,0.29586528221139863,6,1,True,0.4873075236423037
ileum,age_range,40-49,70-79,70-79 minus 40-49,epithelial,EEC Enterochromaffin (EC),inferential,5,5,5,5,3,2,-0.1450694464079169,-0.07007535397769163,0.07499409243022528,0.0,0.0,0.0,0.7373156772164182,6,1,True,0.7940322677715272
ileum,age_range,50-59,60-69,60-69 minus 50-59,epithelial,EEC Enterochromaffin (EC),inferential,14,14,12,11,4,5,-0.21813923108817265,-0.17022894973143923,0.04791028135673342,0.0,0.0,0.0,0.47256669425786224,6,1,True,0.8906075425387576
ileum,age_range,50-59,70-79,70-79 minus 50-59,epithelial,EEC Enterochromaffin (EC),inferential,14,5,12,5,4,2,-0.21813923108817265,-0.07007535397769163,0.14806387711048102,0.0,0.0,0.0,0.13487601330300378,6,1,True,0.3776528372484106
ileum,age_range,60-69,70-79,70-79 minus 60-69,epithelial,EEC Enterochromaffin (EC),inferential,14,5,11,5,5,2,-0.17022894973143923,-0.07007535397769163,0.1001535957537476,0.0,0.0,0.0,0.30050907980139696,6,1,True,0.5258908896524447
ileum,age_range,30-39,40-49,40-49 minus 30-39,epithelial,EEC L,inferential,5,5,5,5,2,3,-0.15830709067796586,-0.1450694464079169,0.013237644270048948,0.0,0.0,0.0,1.0,6,1,True,1.0
ileum,age_range,30-39,50-59,50-59 minus 30-39,epithelial,EEC L,inferential,5,14,5,12,2,4,-0.15830709067796586,-0.21813923108817265,-0.05983214041020679,0.0,0.0,0.0,0.3470287751112854,6,1,True,0.6477870468743994
ileum,age_range,30-39,60-69,60-69 minus 30-39,epithelial,EEC L,inferential,5,14,5,11,2,5,-0.15830709067796586,-0.17022894973143923,-0.011921859053473371,0.0,0.0,0.0,0.6013714884601018,6,1,True,0.732104420734037
ileum,age_range,30-39,70-79,70-79 minus 30-39,epithelial,EEC L,inferential,5,5,5,5,2,2,-0.15830709067796586,-0.07007535397769163,0.08823173670027423,0.0,0.0,0.0,1.0,6,1,True,1.0
ileum,age_range,40-49,50-59,50-59 minus 40-49,epithelial,EEC L,inferential,5,14,5,12,3,4,-0.1450694464079169,-0.21813923108817265,-0.07306978468025574,0.0,0.0,0.0,0.23959792161761706,6,1,True,0.5160570619456367
ileum,age_range,40-49,60-69,60-69 minus 40-49,epithelial,EEC L,inferential,5,14,5,11,3,5,-0.1450694464079169,-0.17022894973143923,-0.02515950332352232,0.0,0.0,0.0,0.29586528221139863,6,1,True,0.4873075236423037
ileum,age_range,40-49,70-79,70-79 minus 40-49,epithelial,EEC L,inferential,5,5,5,5,3,2,-0.1450694464079169,-0.07007535397769163,0.07499409243022528,0.0,0.0,0.0,0.7373156772164182,6,1,True,0.7940322677715272
ileum,age_range,50-59,60-69,60-69 minus 50-59,epithelial,EEC L,inferential,14,14,12,11,4,5,-0.21813923108817265,-0.17022894973143923,0.04791028135673342,0.0,0.0,0.0,0.47256669425786224,6,1,True,0.8906075425387576
ileum,age_range,50-59,70-79,70-79 minus 50-59,epithelial,EEC L,inferential,14,5,12,5,4,2,-0.21813923108817265,-0.07007535397769163,0.14806387711048102,0.0,0.0,0.0,0.13487601330300378,6,1,True,0.3776528372484106
ileum,age_range,60-69,70-79,70-79 minus 60-69,epithelial,EEC L,inferential,14,5,11,5,5,2,-0.17022894973143923,-0.07007535397769163,0.1001535957537476,0.0,0.0,0.0,0.30050907980139696,6,1,True,0.5258908896524447
ileum,age_range,30-39,40-49,40-49 minus 30-39,epithelial,EEC N,inferential,5,5,5,5,2,3,-0.15830709067796586,0.07465301132570498,0.23296010200367084,0.0,0.0,0.0,0.2895874244268877,6,1,True,1.0
ileum,age_range,30-39,50-59,50-59 minus 30-39,epithelial,EEC N,inferential,5,14,5,12,2,4,-0.15830709067796586,-0.13966692475473622,0.018640165923229646,0.0,0.0,0.0,0.6382235257786801,6,1,True,0.7148103488721217
ileum,age_range,30-39,60-69,60-69 minus 30-39,epithelial,EEC N,inferential,5,14,5,11,2,5,-0.15830709067796586,-0.17022894973143923,-0.011921859053473371,0.0,0.0,0.0,0.6013714884601018,6,1,True,0.732104420734037
ileum,age_range,30-39,70-79,70-79 minus 30-39,epithelial,EEC N,inferential,5,5,5,5,2,2,-0.15830709067796586,-0.07007535397769163,0.08823173670027423,0.0,0.0,0.0,1.0,6,1,True,1.0
ileum,age_range,40-49,50-59,50-59 minus 40-49,epithelial,EEC N,inferential,5,14,5,12,3,4,0.07465301132570498,-0.13966692475473622,-0.2143199360804412,0.0,0.0,0.0,0.04310337599725103,6,1,True,0.5160570619456367
ileum,age_range,40-49,60-69,60-69 minus 40-49,epithelial,EEC N,inferential,5,14,5,11,3,5,0.07465301132570498,-0.17022894973143923,-0.24488196105714422,0.0,0.0,0.0,0.022563568412289757,6,1,True,0.4873075236423037
ileum,age_range,40-49,70-79,70-79 minus 40-49,epithelial,EEC N,inferential,5,5,5,5,3,2,0.07465301132570498,-0.07007535397769163,-0.1447283653033966,0.0,0.0,0.0,0.14610046596342235,6,1,True,0.5113516308719783
ileum,age_range,50-59,60-69,60-69 minus 50-59,epithelial,EEC N,inferential,14,14,12,11,4,5,-0.13966692475473622,-0.17022894973143923,-0.030562024976703017,0.0,0.0,0.0,0.8711492743324416,6,1,True,0.9437450471934784
ileum,age_range,50-59,70-79,70-79 minus 50-59,epithelial,EEC N,inferential,14,5,12,5,4,2,-0.13966692475473622,-0.07007535397769163,0.06959157077704459,0.0,0.0,0.0,0.30399040407307465,6,1,True,0.4053205387640995
ileum,age_range,60-69,70-79,70-79 minus 60-69,epithelial,EEC N,inferential,14,5,11,5,5,2,-0.17022894973143923,-0.07007535397769163,0.1001535957537476,0.0,0.0,0.0,0.30050907980139696,6,1,True,0.5258908896524447
ileum,age_range,30-39,40-49,40-49 minus 30-39,epithelial,EEC Progenitors,inferential,5,5,5,5,2,3,-0.15830709067796586,-0.1450694464079169,0.013237644270048948,0.0,0.0,0.0,1.0,6,1,True,1.0
ileum,age_range,30-39,50-59,50-59 minus 30-39,epithelial,EEC Progenitors,inferential,5,14,5,12,2,4,-0.15830709067796586,-0.13966692475473622,0.018640165923229646,0.0,0.0,0.0,0.42722901836126126,6,1,True,0.680496759457378
ileum,age_range,30-39,60-69,60-69 minus 30-39,epithelial,EEC Progenitors,inferential,5,14,5,11,2,5,-0.15830709067796586,-0.17022894973143923,-0.011921859053473371,0.0,0.0,0.0,0.6013714884601018,6,1,True,0.732104420734037
ileum,age_range,30-39,70-79,70-79 minus 30-39,epithelial,EEC Progenitors,inferential,5,5,5,5,2,2,-0.15830709067796586,-0.07007535397769163,0.08823173670027423,0.0,0.0,0.0,1.0,6,1,True,1.0
ileum,age_range,40-49,50-59,50-59 minus 40-49,epithelial,EEC Progenitors,inferential,5,14,5,12,3,4,-0.1450694464079169,-0.13966692475473622,0.0054025216531806974,0.0,0.0,0.0,0.30399040407307465,6,1,True,0.5651989692631912
ileum,age_range,40-49,60-69,60-69 minus 40-49,epithelial,EEC Progenitors,inferential,5,14,5,11,3,5,-0.1450694464079169,-0.17022894973143923,-0.02515950332352232,0.0,0.0,0.0,0.29586528221139863,6,1,True,0.4873075236423037
ileum,age_range,40-49,70-79,70-79 minus 40-49,epithelial,EEC Progenitors,inferential,5,5,5,5,3,2,-0.1450694464079169,-0.07007535397769163,0.07499409243022528,0.0,0.0,0.0,0.7373156772164182,6,1,True,0.7940322677715272
ileum,age_range,50-59,60-69,60-69 minus 50-59,epithelial,EEC Progenitors,inferential,14,14,12,11,4,5,-0.13966692475473622,-0.17022894973143923,-0.030562024976703017,0.0,0.0,0.0,0.5327567913058646,6,1,True,0.8906075425387576
ileum,age_range,50-59,70-79,70-79 minus 50-59,epithelial,EEC Progenitors,inferential,14,5,12,5,4,2,-0.13966692475473622,-0.07007535397769163,0.06959157077704459,0.0,0.0,0.0,0.16287142995185122,6,1,True,0.38003333655431953
ileum,age_range,60-69,70-79,70-79 minus 60-69,epithelial,EEC Progenitors,inferential,14,5,11,5,5,2,-0.17022894973143923,-0.07007535397769163,0.1001535957537476,0.0,0.0,0.0,0.30050907980139696,6,1,True,0.5258908896524447
ileum,age_range,30-39,40-49,40-49 minus 30-39,epithelial,EEC S,inferential,5,5,5,5,2,3,-0.15830709067796586,-0.1450694464079169,0.013237644270048948,0.0,0.0,0.0,1.0,6,1,True,1.0
ileum,age_range,30-39,50-59,50-59 minus 30-39,epithelial,EEC S,inferential,5,14,5,12,2,4,-0.15830709067796586,-0.13966692475473622,0.018640165923229646,0.0,0.0,0.0,0.6382235257786801,6,1,True,0.7148103488721217
ileum,age_range,30-39,60-69,60-69 minus 30-39,epithelial,EEC S,inferential,5,14,5,11,2,5,-0.15830709067796586,-0.17022894973143923,-0.011921859053473371,0.0,0.0,0.0,0.6013714884601018,6,1,True,0.732104420734037
ileum,age_range,30-39,70-79,70-79 minus 30-39,epithelial,EEC S,inferential,5,5,5,5,2,2,-0.15830709067796586,-0.07007535397769163,0.08823173670027423,0.0,0.0,0.0,1.0,6,1,True,1.0
ileum,age_range,40-49,50-59,50-59 minus 40-49,epithelial,EEC S,inferential,5,14,5,12,3,4,-0.1450694464079169,-0.13966692475473622,0.0054025216531806974,0.0,0.0,0.0,0.42389922694739346,6,1,True,0.5651989692631912
ileum,age_range,40-49,60-69,60-69 minus 40-49,epithelial,EEC S,inferential,5,14,5,11,3,5,-0.1450694464079169,-0.17022894973143923,-0.02515950332352232,0.0,0.0,0.0,0.29586528221139863,6,1,True,0.4873075236423037
ileum,age_range,40-49,70-79,70-79 minus 40-49,epithelial,EEC S,inferential,5,5,5,5,3,2,-0.1450694464079169,-0.07007535397769163,0.07499409243022528,0.0,0.0,0.0,0.7373156772164182,6,1,True,0.7940322677715272
ileum,age_range,50-59,60-69,60-69 minus 50-59,epithelial,EEC S,inferential,14,14,12,11,4,5,-0.13966692475473622,-0.17022894973143923,-0.030562024976703017,0.0,0.0,0.0,0.8711492743324416,6,1,True,0.9437450471934784
ileum,age_range,50-59,70-79,70-79 minus 50-59,epithelial,EEC S,inferential,14,5,12,5,4,2,-0.13966692475473622,-0.07007535397769163,0.06959157077704459,0.0,0.0,0.0,0.30399040407307465,6,1,True,0.4053205387640995
ileum,age_range,60-69,70-79,70-79 minus 60-69,epithelial,EEC S,inferential,14,5,11,5,5,2,-0.17022894973143923,-0.07007535397769163,0.1001535957537476,0.0,0.0,0.0,0.30050907980139696,6,1,True,0.5258908896524447
ileum,age_range,30-39,40-49,40-49 minus 30-39,epithelial,Enterocyte Progenitors,inferential,5,5,5,5,2,3,-0.15830709067796586,0.3345096081517571,0.492816698829723,0.0,0.0,0.0,0.2895874244268877,6,1,True,1.0
ileum,age_range,30-39,50-59,50-59 minus 30-39,epithelial,Enterocyte Progenitors,inferential,5,14,5,12,2,4,-0.15830709067796586,0.3737371583963321,0.5320442490742979,0.0,0.0,0.0,0.22152671427110082,6,1,True,0.6477870468743994
ileum,age_range,30-39,60-69,60-69 minus 30-39,epithelial,Enterocyte Progenitors,inferential,5,14,5,11,2,5,-0.15830709067796586,0.21663536471173364,0.3749424553896995,0.0,0.0,0.0,0.31858739823367266,6,1,True,0.732104420734037
ileum,age_range,30-39,70-79,70-79 minus 30-39,epithelial,Enterocyte Progenitors,inferential,5,5,5,5,2,2,-0.15830709067796586,-0.07007535397769163,0.08823173670027423,0.0,0.0,0.0,1.0,6,1,True,1.0
ileum,age_range,40-49,50-59,50-59 minus 40-49,epithelial,Enterocyte Progenitors,inferential,5,14,5,12,3,4,0.3345096081517571,0.3737371583963321,0.03922755024457497,0.0,0.0,0.0,0.8140546890169088,6,1,True,0.8766742804797479
ileum,age_range,40-49,60-69,60-69 minus 40-49,epithelial,Enterocyte Progenitors,inferential,5,14,5,11,3,5,0.3345096081517571,0.21663536471173364,-0.11787424344002348,0.0,0.0,0.0,0.4471062523127405,6,1,True,0.5690443211253061
ileum,age_range,40-49,70-79,70-79 minus 40-49,epithelial,Enterocyte Progenitors,inferential,5,5,5,5,3,2,0.3345096081517571,-0.07007535397769163,-0.4045849621294487,0.0,0.0,0.0,0.14610046596342235,6,1,True,0.5113516308719783
ileum,age_range,50-59,60-69,60-69 minus 50-59,epithelial,Enterocyte Progenitors,inferential,14,14,12,11,4,5,0.3737371583963321,0.21663536471173364,-0.15710179368459845,0.0,0.0,0.0,0.626544293110485,6,1,True,0.924980134753659
ileum,age_range,50-59,70-79,70-79 minus 50-59,epithelial,Enterocyte Progenitors,inferential,14,5,12,5,4,2,0.3737371583963321,-0.07007535397769163,-0.44381251237402375,0.0,0.0,0.0,0.22443965264463495,6,1,True,0.4053205387640995
ileum,age_range,60-69,70-79,70-79 minus 60-69,epithelial,Enterocyte Progenitors,inferential,14,5,11,5,5,2,0.21663536471173364,-0.07007535397769163,-0.28671071868942527,0.0,0.0,0.0,0.4514642031476208,6,1,True,0.6966594200148937
ileum,age_range,30-39,40-49,40-49 minus 30-39,epithelial,Enteroendocrine Cells (EEC),inferential,5,5,5,5,2,3,-0.15830709067796586,-0.1450694464079169,0.013237644270048948,0.0,0.0,0.0,1.0,6,1,True,1.0
ileum,age_range,30-39,50-59,50-59 minus 30-39,epithelial,Enteroendocrine Cells (EEC),inferential,5,14,5,12,2,4,-0.15830709067796586,-0.21813923108817265,-0.05983214041020679,0.0,0.0,0.0,0.3470287751112854,6,1,True,0.6477870468743994
ileum,age_range,30-39,60-69,60-69 minus 30-39,epithelial,Enteroendocrine Cells (EEC),inferential,5,14,5,11,2,5,-0.15830709067796586,-0.17022894973143923,-0.011921859053473371,0.0,0.0,0.0,0.6013714884601018,6,1,True,0.732104420734037
ileum,age_range,30-39,70-79,70-79 minus 30-39,epithelial,Enteroendocrine Cells (EEC),inferential,5,5,5,5,2,2,-0.15830709067796586,-0.07007535397769163,0.08823173670027423,0.0,0.0,0.0,1.0,6,1,True,1.0
ileum,age_range,40-49,50-59,50-59 minus 40-49,epithelial,Enteroendocrine Cells (EEC),inferential,5,14,5,12,3,4,-0.1450694464079169,-0.21813923108817265,-0.07306978468025574,0.0,0.0,0.0,0.23959792161761706,6,1,True,0.5160570619456367
ileum,age_range,40-49,60-69,60-69 minus 40-49,epithelial,Enteroendocrine Cells (EEC),inferential,5,14,5,11,3,5,-0.1450694464079169,-0.17022894973143923,-0.02515950332352232,0.0,0.0,0.0,0.29586528221139863,6,1,True,0.4873075236423037
ileum,age_range,40-49,70-79,70-79 minus 40-49,epithelial,Enteroendocrine Cells (EEC),inferential,5,5,5,5,3,2,-0.1450694464079169,-0.07007535397769163,0.07499409243022528,0.0,0.0,0.0,0.7373156772164182,6,1,True,0.7940322677715272
ileum,age_range,50-59,60-69,60-69 minus 50-59,epithelial,Enteroendocrine Cells (EEC),inferential,14,14,12,11,4,5,-0.21813923108817265,-0.17022894973143923,0.04791028135673342,0.0,0.0,0.0,0.47256669425786224,6,1,True,0.8906075425387576
ileum,age_range,50-59,70-79,70-79 minus 50-59,epithelial,Enteroendocrine Cells (EEC),inferential,14,5,12,5,4,2,-0.21813923108817265,-0.07007535397769163,0.14806387711048102,0.0,0.0,0.0,0.13487601330300378,6,1,True,0.3776528372484106
ileum,age_range,60-69,70-79,70-79 minus 60-69,epithelial,Enteroendocrine Cells (EEC),inferential,14,5,11,5,5,2,-0.17022894973143923,-0.07007535397769163,0.1001535957537476,0.0,0.0,0.0,0.30050907980139696,6,1,True,0.5258908896524447
ileum,age_range,30-39,40-49,40-49 minus 30-39,epithelial,Epithelial,inferential,5,5,5,5,2,3,-0.15830709067796586,0.07465301132570508,0.23296010200367095,0.0,0.0,0.0,0.5562984612747348,6,1,True,1.0
ileum,age_range,30-39,50-59,50-59 minus 30-39,epithelial,Epithelial,inferential,5,14,5,12,2,4,-0.15830709067796586,-0.13966692475473622,0.018640165923229646,0.0,0.0,0.0,0.5103725695930335,6,1,True,0.680496759457378
ileum,age_range,30-39,60-69,60-69 minus 30-39,epithelial,Epithelial,inferential,5,14,5,11,2,5,-0.15830709067796586,-0.17022894973143923,-0.011921859053473371,0.0,0.0,0.0,0.6013714884601018,6,1,True,0.732104420734037
ileum,age_range,30-39,70-79,70-79 minus 30-39,epithelial,Epithelial,inferential,5,5,5,5,2,2,-0.15830709067796586,0.5890920192231742,0.7473991099011401,0.0,7.6923076923076925,7.6923076923076925,0.04490858989614264,6,1,True,0.3143601292729985
ileum,age_range,40-49,50-59,50-59 minus 40-49,epithelial,Epithelial,inferential,5,14,5,12,3,4,0.07465301132570508,-0.13966692475473622,-0.2143199360804413,0.0,0.0,0.0,0.23959792161761706,6,1,True,0.5160570619456367
ileum,age_range,40-49,60-69,60-69 minus 40-49,epithelial,Epithelial,inferential,5,14,5,11,3,5,0.07465301132570508,-0.17022894973143923,-0.24488196105714433,0.0,0.0,0.0,0.14093971071188466,6,1,True,0.4873075236423037
ileum,age_range,40-49,70-79,70-79 minus 40-49,epithelial,Epithelial,inferential,5,5,5,5,3,2,0.07465301132570508,0.5890920192231742,0.5144390078974691,0.0,7.6923076923076925,7.6923076923076925,0.31430466047385397,6,1,True,0.7940322677715272
ileum,age_range,50-59,60-69,60-69 minus 50-59,epithelial,Epithelial,inferential,14,14,12,11,4,5,-0.13966692475473622,-0.17022894973143923,-0.030562024976703017,0.0,0.0,0.0,0.6102638709773396,6,1,True,0.924980134753659
ileum,age_range,50-59,70-79,70-79 minus 50-59,epithelial,Epithelial,inferential,14,5,12,5,4,2,-0.13966692475473622,0.5890920192231742,0.7287589439779104,0.0,7.6923076923076925,7.6923076923076925,0.011633821605505884,6,1,True,0.32574700495416475
ileum,age_range,60-69,70-79,70-79 minus 60-69,epithelial,Epithelial,inferential,14,5,11,5,5,2,-0.17022894973143923,0.5890920192231742,0.7593209689546134,0.0,7.6923076923076925,7.6923076923076925,0.00411223519063477,6,1,True,0.11514258533777356
ileum,age_range,30-39,40-49,40-49 minus 30-39,epithelial,Foveolar Cells,inferential,5,5,5,5,2,3,-0.15830709067796586,-0.1450694464079169,0.013237644270048948,0.0,0.0,0.0,1.0,6,1,True,1.0
ileum,age_range,30-39,50-59,50-59 minus 30-39,epithelial,Foveolar Cells,inferential,5,14,5,12,2,4,-0.15830709067796586,-0.21813923108817265,-0.05983214041020679,0.0,0.0,0.0,0.3470287751112854,6,1,True,0.6477870468743994
ileum,age_range,30-39,60-69,60-69 minus 30-39,epithelial,Foveolar Cells,inferential,5,14,5,11,2,5,-0.15830709067796586,-0.17022894973143923,-0.011921859053473371,0.0,0.0,0.0,0.6013714884601018,6,1,True,0.732104420734037
ileum,age_range,30-39,70-79,70-79 minus 30-39,epithelial,Foveolar Cells,inferential,5,5,5,5,2,2,-0.15830709067796586,-0.07007535397769163,0.08823173670027423,0.0,0.0,0.0,1.0,6,1,True,1.0
ileum,age_range,40-49,50-59,50-59 minus 40-49,epithelial,Foveolar Cells,inferential,5,14,5,12,3,4,-0.1450694464079169,-0.21813923108817265,-0.07306978468025574,0.0,0.0,0.0,0.23959792161761706,6,1,True,0.5160570619456367
ileum,age_range,40-49,60-69,60-69 minus 40-49,epithelial,Foveolar Cells,inferential,5,14,5,11,3,5,-0.1450694464079169,-0.17022894973143923,-0.02515950332352232,0.0,0.0,0.0,0.29586528221139863,6,1,True,0.4873075236423037
ileum,age_range,40-49,70-79,70-79 minus 40-49,epithelial,Foveolar Cells,inferential,5,5,5,5,3,2,-0.1450694464079169,-0.07007535397769163,0.07499409243022528,0.0,0.0,0.0,0.7373156772164182,6,1,True,0.7940322677715272
ileum,age_range,50-59,60-69,60-69 minus 50-59,epithelial,Foveolar Cells,inferential,14,14,12,11,4,5,-0.21813923108817265,-0.17022894973143923,0.04791028135673342,0.0,0.0,0.0,0.47256669425786224,6,1,True,0.8906075425387576
ileum,age_range,50-59,70-79,70-79 minus 50-59,epithelial,Foveolar Cells,inferential,14,5,12,5,4,2,-0.21813923108817265,-0.07007535397769163,0.14806387711048102,0.0,0.0,0.0,0.13487601330300378,6,1,True,0.3776528372484106
ileum,age_range,60-69,70-79,70-79 minus 60-69,epithelial,Foveolar Cells,inferential,14,5,11,5,5,2,-0.17022894973143923,-0.07007535397769163,0.1001535957537476,0.0,0.0,0.0,0.30050907980139696,6,1,True,0.5258908896524447
ileum,age_range,30-39,40-49,40-49 minus 30-39,epithelial,Goblet Cells,inferential,5,5,5,5,2,3,0.3833029495424761,0.24411258340314568,-0.13919036613933045,0.0,0.0,0.0,0.5562984612747348,6,1,True,1.0
ileum,age_range,30-39,50-59,50-59 minus 30-39,epithelial,Goblet Cells,inferential,5,14,5,12,2,4,0.3833029495424761,0.05376523246685024,-0.3295377170756259,0.0,0.0,0.0,0.0739860853053264,6,1,True,0.6477870468743994
ileum,age_range,30-39,60-69,60-69 minus 30-39,epithelial,Goblet Cells,inferential,5,14,5,11,2,5,0.3833029495424761,0.6399872237096201,0.256684274167144,0.0,0.0,0.0,0.6690573334653619,6,1,True,0.7805668890429223
ileum,age_range,30-39,70-79,70-79 minus 30-39,epithelial,Goblet Cells,inferential,5,5,5,5,2,2,0.3833029495424761,0.5736998109959486,0.19039686145347245,0.0,0.0,0.0,0.3727480704181131,6,1,True,1.0
ileum,age_range,40-49,50-59,50-59 minus 40-49,epithelial,Goblet Cells,inferential,5,14,5,12,3,4,0.24411258340314568,0.05376523246685024,-0.19034735093629543,0.0,0.0,0.0,0.20405906668427876,6,1,True,0.5160570619456367
ileum,age_range,40-49,60-69,60-69 minus 40-49,epithelial,Goblet Cells,inferential,5,14,5,11,3,5,0.24411258340314568,0.6399872237096201,0.39587464030647446,0.0,0.0,0.0,0.962119855736612,6,1,True,0.9977539244675976
ileum,age_range,40-49,70-79,70-79 minus 40-49,epithelial,Goblet Cells,inferential,5,5,5,5,3,2,0.24411258340314568,0.5736998109959486,0.3295872275928029,0.0,0.0,0.0,0.7373156772164182,6,1,True,0.7940322677715272
ileum,age_range,50-59,60-69,60-69 minus 50-59,epithelial,Goblet Cells,inferential,14,14,12,11,4,5,0.05376523246685024,0.6399872237096201,0.5862219912427699,0.0,0.0,0.0,0.21109794348772448,6,1,True,0.8906075425387576
ileum,age_range,50-59,70-79,70-79 minus 50-59,epithelial,Goblet Cells,inferential,14,5,12,5,4,2,0.05376523246685024,0.5736998109959486,0.5199345785290983,0.0,0.0,0.0,0.30399040407307465,6,1,True,0.4053205387640995
ileum,age_range,60-69,70-79,70-79 minus 60-69,epithelial,Goblet Cells,inferential,14,5,11,5,5,2,0.6399872237096201,0.5736998109959486,-0.06628741271367156,0.0,0.0,0.0,1.0,6,1,True,1.0
ileum,age_range,30-39,40-49,40-49 minus 30-39,epithelial,Intestinal Stem Cells (ISC),inferential,5,5,5,5,2,3,-0.15830709067796586,-0.1450694464079169,0.013237644270048948,0.0,0.0,0.0,1.0,6,1,True,1.0
ileum,age_range,30-39,50-59,50-59 minus 30-39,epithelial,Intestinal Stem Cells (ISC),inferential,5,14,5,12,2,4,-0.15830709067796586,-0.07914564901279311,0.07916144166517275,0.0,0.0,0.0,0.6382235257786801,6,1,True,0.7148103488721217
ileum,age_range,30-39,60-69,60-69 minus 30-39,epithelial,Intestinal Stem Cells (ISC),inferential,5,14,5,11,2,5,-0.15830709067796586,-0.05526909884328922,0.10303799183467664,0.0,0.0,0.0,0.8867003174419115,6,1,True,0.91954106993976
ileum,age_range,30-39,70-79,70-79 minus 30-39,epithelial,Intestinal Stem Cells (ISC),inferential,5,5,5,5,2,2,-0.15830709067796586,-0.07007535397769163,0.08823173670027423,0.0,0.0,0.0,1.0,6,1,True,1.0
ileum,age_range,40-49,50-59,50-59 minus 40-49,epithelial,Intestinal Stem Cells (ISC),inferential,5,14,5,12,3,4,-0.1450694464079169,-0.07914564901279311,0.0659237973951238,0.0,0.0,0.0,0.42389922694739346,6,1,True,0.5651989692631912
ileum,age_range,40-49,60-69,60-69 minus 40-49,epithelial,Intestinal Stem Cells (ISC),inferential,5,14,5,11,3,5,-0.1450694464079169,-0.05526909884328922,0.0898003475646277,0.0,0.0,0.0,0.5059116096366283,6,1,True,0.6158923943402431
ileum,age_range,40-49,70-79,70-79 minus 40-49,epithelial,Intestinal Stem Cells (ISC),inferential,5,5,5,5,3,2,-0.1450694464079169,-0.07007535397769163,0.07499409243022528,0.0,0.0,0.0,0.7373156772164182,6,1,True,0.7940322677715272
ileum,age_range,50-59,60-69,60-69 minus 50-59,epithelial,Intestinal Stem Cells (ISC),inferential,14,14,12,11,4,5,-0.07914564901279311,-0.05526909884328922,0.023876550169503893,0.0,0.0,0.0,0.5315615328305726,6,1,True,0.8906075425387576
ileum,age_range,50-59,70-79,70-79 minus 50-59,epithelial,Intestinal Stem Cells (ISC),inferential,14,5,12,5,4,2,-0.07914564901279311,-0.07007535397769163,0.009070295035101483,0.0,0.0,0.0,0.30399040407307465,6,1,True,0.4053205387640995
ileum,age_range,60-69,70-79,70-79 minus 60-69,epithelial,Intestinal Stem Cells (ISC),inferential,14,5,11,5,5,2,-0.05526909884328922,-0.07007535397769163,-0.01480625513440241,0.0,0.0,0.0,0.5722559521550912,6,1,True,0.6966594200148937
ileum,age_range,30-39,40-49,40-49 minus 30-39,epithelial,Lower Crypt Colonocytes,inferential,5,5,5,5,2,3,-0.15830709067796586,-0.1450694464079169,0.013237644270048948,0.0,0.0,0.0,1.0,6,1,True,1.0
ileum,age_range,30-39,50-59,50-59 minus 30-39,epithelial,Lower Crypt Colonocytes,inferential,5,14,5,12,2,4,-0.15830709067796586,-0.21813923108817265,-0.05983214041020679,0.0,0.0,0.0,0.3470287751112854,6,1,True,0.6477870468743994
ileum,age_range,30-39,60-69,60-69 minus 30-39,epithelial,Lower Crypt Colonocytes,inferential,5,14,5,11,2,5,-0.15830709067796586,-0.17022894973143923,-0.011921859053473371,0.0,0.0,0.0,0.6013714884601018,6,1,True,0.732104420734037
ileum,age_range,30-39,70-79,70-79 minus 30-39,epithelial,Lower Crypt Colonocytes,inferential,5,5,5,5,2,2,-0.15830709067796586,-0.07007535397769163,0.08823173670027423,0.0,0.0,0.0,1.0,6,1,True,1.0
ileum,age_range,40-49,50-59,50-59 minus 40-49,epithelial,Lower Crypt Colonocytes,inferential,5,14,5,12,3,4,-0.1450694464079169,-0.21813923108817265,-0.07306978468025574,0.0,0.0,0.0,0.23959792161761706,6,1,True,0.5160570619456367
ileum,age_range,40-49,60-69,60-69 minus 40-49,epithelial,Lower Crypt Colonocytes,inferential,5,14,5,11,3,5,-0.1450694464079169,-0.17022894973143923,-0.02515950332352232,0.0,0.0,0.0,0.29586528221139863,6,1,True,0.4873075236423037
ileum,age_range,40-49,70-79,70-79 minus 40-49,epithelial,Lower Crypt Colonocytes,inferential,5,5,5,5,3,2,-0.1450694464079169,-0.07007535397769163,0.07499409243022528,0.0,0.0,0.0,0.7373156772164182,6,1,True,0.7940322677715272
ileum,age_range,50-59,60-69,60-69 minus 50-59,epithelial,Lower Crypt Colonocytes,inferential,14,14,12,11,4,5,-0.21813923108817265,-0.17022894973143923,0.04791028135673342,0.0,0.0,0.0,0.47256669425786224,6,1,True,0.8906075425387576
ileum,age_range,50-59,70-79,70-79 minus 50-59,epithelial,Lower Crypt Colonocytes,inferential,14,5,12,5,4,2,-0.21813923108817265,-0.07007535397769163,0.14806387711048102,0.0,0.0,0.0,0.13487601330300378,6,1,True,0.3776528372484106
ileum,age_range,60-69,70-79,70-79 minus 60-69,epithelial,Lower Crypt Colonocytes,inferential,14,5,11,5,5,2,-0.17022894973143923,-0.07007535397769163,0.1001535957537476,0.0,0.0,0.0,0.30050907980139696,6,1,True,0.5258908896524447
ileum,age_range,30-39,40-49,40-49 minus 30-39,epithelial,Lower Villus Enterocytes,inferential,5,5,5,5,2,3,0.5527625216199169,0.4215732224033263,-0.13118929921659062,0.0,0.0,0.0,0.5562984612747348,6,1,True,1.0
ileum,age_range,30-39,50-59,50-59 minus 30-39,epithelial,Lower Villus Enterocytes,inferential,5,14,5,12,2,4,0.5527625216199169,0.4522094647297684,-0.10055305689014848,0.0,0.0,0.0,0.45187398287333813,6,1,True,0.680496759457378
ileum,age_range,30-39,60-69,60-69 minus 30-39,epithelial,Lower Villus Enterocytes,inferential,5,14,5,11,2,5,0.5527625216199169,0.08372448323209035,-0.46903803838782654,0.0,0.0,0.0,0.041129369641855755,6,1,True,0.5758111749859806
ileum,age_range,30-39,70-79,70-79 minus 30-39,epithelial,Lower Villus Enterocytes,inferential,5,5,5,5,2,2,0.5527625216199169,-0.07007535397769163,-0.6228378755976085,0.0,0.0,0.0,0.04490858989614264,6,1,True,0.3143601292729985
ileum,age_range,40-49,50-59,50-59 minus 40-49,epithelial,Lower Villus Enterocytes,inferential,5,14,5,12,3,4,0.4215732224033263,0.4522094647297684,0.03063624232644213,0.0,0.0,0.0,0.8140546890169088,6,1,True,0.8766742804797479
ileum,age_range,40-49,60-69,60-69 minus 40-49,epithelial,Lower Villus Enterocytes,inferential,5,14,5,11,3,5,0.4215732224033263,0.08372448323209035,-0.3378487391712359,0.0,0.0,0.0,0.12838627436666833,6,1,True,0.4873075236423037
ileum,age_range,40-49,70-79,70-79 minus 40-49,epithelial,Lower Villus Enterocytes,inferential,5,5,5,5,3,2,0.4215732224033263,-0.07007535397769163,-0.4916485763810179,0.0,0.0,0.0,0.14610046596342235,6,1,True,0.5113516308719783
ileum,age_range,50-59,60-69,60-69 minus 50-59,epithelial,Lower Villus Enterocytes,inferential,14,14,12,11,4,5,0.4522094647297684,0.08372448323209035,-0.36848498149767805,0.0,0.0,0.0,0.15752432794864069,6,1,True,0.8906075425387576
ileum,age_range,50-59,70-79,70-79 minus 50-59,epithelial,Lower Villus Enterocytes,inferential,14,5,12,5,4,2,0.4522094647297684,-0.07007535397769163,-0.52228481870746,0.0,0.0,0.0,0.22443965264463495,6,1,True,0.4053205387640995
ileum,age_range,60-69,70-79,70-79 minus 60-69,epithelial,Lower Villus Enterocytes,inferential,14,5,11,5,5,2,0.08372448323209035,-0.07007535397769163,-0.15379983720978196,0.0,0.0,0.0,0.925012222500545,6,1,True,0.9592719344450097
ileum,age_range,30-39,40-49,40-49 minus 30-39,epithelial,Mature Goblet Cells,inferential,5,5,5,5,2,3,0.3833029495424761,0.3345096081517571,-0.048793341390719,0.0,0.0,0.0,0.5562984612747348,6,1,True,1.0
ileum,age_range,30-39,50-59,50-59 minus 30-39,epithelial,Mature Goblet Cells,inferential,5,14,5,12,2,4,0.3833029495424761,0.2275947578525967,-0.15570819168987943,0.0,0.0,0.0,0.1324297831019537,6,1,True,0.6477870468743994
ileum,age_range,30-39,60-69,60-69 minus 30-39,epithelial,Mature Goblet Cells,inferential,5,14,5,11,2,5,0.3833029495424761,0.04008812020902086,-0.34321482933345526,0.0,0.0,0.0,0.02560189648598839,6,1,True,0.5758111749859806
ileum,age_range,30-39,70-79,70-79 minus 30-39,epithelial,Mature Goblet Cells,inferential,5,5,5,5,2,2,0.3833029495424761,-0.07007535397769163,-0.4533783035201677,0.0,0.0,0.0,0.04490858989614264,6,1,True,0.3143601292729985
ileum,age_range,40-49,50-59,50-59 minus 40-49,epithelial,Mature Goblet Cells,inferential,5,14,5,12,3,4,0.3345096081517571,0.2275947578525967,-0.10691485029916042,0.0,0.0,0.0,0.37145341487834105,6,1,True,0.5651989692631912
ileum,age_range,40-49,60-69,60-69 minus 40-49,epithelial,Mature Goblet Cells,inferential,5,14,5,11,3,5,0.3345096081517571,0.04008812020902086,-0.29442148794273626,0.0,0.0,0.0,0.07098249641914503,6,1,True,0.4873075236423037
ileum,age_range,40-49,70-79,70-79 minus 40-49,epithelial,Mature Goblet Cells,inferential,5,5,5,5,3,2,0.3345096081517571,-0.07007535397769163,-0.4045849621294487,0.0,0.0,0.0,0.14610046596342235,6,1,True,0.5113516308719783
ileum,age_range,50-59,60-69,60-69 minus 50-59,epithelial,Mature Goblet Cells,inferential,14,14,12,11,4,5,0.2275947578525967,0.04008812020902086,-0.18750663764357584,0.0,0.0,0.0,0.39125882131509315,6,1,True,0.8906075425387576
ileum,age_range,50-59,70-79,70-79 minus 50-59,epithelial,Mature Goblet Cells,inferential,14,5,12,5,4,2,0.2275947578525967,-0.07007535397769163,-0.29767011183028835,0.0,0.0,0.0,0.7792165792121437,6,1,True,0.7792165792121437
ileum,age_range,60-69,70-79,70-79 minus 60-69,epithelial,Mature Goblet Cells,inferential,14,5,11,5,5,2,0.04008812020902086,-0.07007535397769163,-0.11016347418671249,0.0,0.0,0.0,0.5722559521550912,6,1,True,0.6966594200148937
ileum,age_range,30-39,40-49,40-49 minus 30-39,epithelial,Microfold Cells (M Cells),inferential,5,5,5,5,2,3,0.06141536705565613,-0.1450694464079169,-0.20648481346357306,0.0,0.0,0.0,0.8236643892110612,6,1,True,1.0
ileum,age_range,30-39,50-59,50-59 minus 30-39,epithelial,Microfold Cells (M Cells),inferential,5,14,5,12,2,4,0.06141536705565613,-0.10317938020002262,-0.16459474725567874,0.0,0.0,0.0,0.42722901836126126,6,1,True,0.680496759457378
ileum,age_range,30-39,60-69,60-69 minus 30-39,epithelial,Microfold Cells (M Cells),inferential,5,14,5,11,2,5,0.06141536705565613,-0.0917566433980028,-0.1531720104536589,0.0,0.0,0.0,0.574844631171725,6,1,True,0.732104420734037
ileum,age_range,30-39,70-79,70-79 minus 30-39,epithelial,Microfold Cells (M Cells),inferential,5,5,5,5,2,2,0.06141536705565613,0.14964710375593038,0.08823173670027425,0.0,0.0,0.0,0.9155299733767719,6,1,True,1.0
ileum,age_range,40-49,50-59,50-59 minus 40-49,epithelial,Microfold Cells (M Cells),inferential,5,14,5,12,3,4,-0.1450694464079169,-0.10317938020002262,0.04189006620789429,0.0,0.0,0.0,0.42389922694739346,6,1,True,0.5651989692631912
ileum,age_range,40-49,60-69,60-69 minus 40-49,epithelial,Microfold Cells (M Cells),inferential,5,14,5,11,3,5,-0.1450694464079169,-0.0917566433980028,0.05331280300991412,0.0,0.0,0.0,0.37123668481591643,6,1,True,0.5332200917941775
ileum,age_range,40-49,70-79,70-79 minus 40-49,epithelial,Microfold Cells (M Cells),inferential,5,5,5,5,3,2,-0.1450694464079169,0.14964710375593038,0.2947165501638473,0.0,0.0,0.0,1.0,6,1,True,1.0
ileum,age_range,50-59,60-69,60-69 minus 50-59,epithelial,Microfold Cells (M Cells),inferential,14,14,12,11,4,5,-0.10317938020002262,-0.0917566433980028,0.011422736802019828,0.0,0.0,0.0,0.5952008947607199,6,1,True,0.924980134753659
ileum,age_range,50-59,70-79,70-79 minus 50-59,epithelial,Microfold Cells (M Cells),inferential,14,5,12,5,4,2,-0.10317938020002262,0.14964710375593038,0.252826483955953,0.0,0.0,0.0,0.17734882650999684,6,1,True,0.3819820878676855
ileum,age_range,60-69,70-79,70-79 minus 60-69,epithelial,Microfold Cells (M Cells),inferential,14,5,11,5,5,2,-0.0917566433980028,0.14964710375593038,0.24140374715393317,0.0,0.0,0.0,0.26383471409822556,6,1,True,0.5258908896524447
ileum,age_range,30-39,40-49,40-49 minus 30-39,epithelial,Mid Crypt Colonocytes,inferential,5,5,5,5,2,3,-0.15830709067796586,-0.1450694464079169,0.013237644270048948,0.0,0.0,0.0,1.0,6,1,True,1.0
ileum,age_range,30-39,50-59,50-59 minus 30-39,epithelial,Mid Crypt Colonocytes,inferential,5,14,5,12,2,4,-0.15830709067796586,-0.21813923108817265,-0.05983214041020679,0.0,0.0,0.0,0.3470287751112854,6,1,True,0.6477870468743994
ileum,age_range,30-39,60-69,60-69 minus 30-39,epithelial,Mid Crypt Colonocytes,inferential,5,14,5,11,2,5,-0.15830709067796586,-0.17022894973143923,-0.011921859053473371,0.0,0.0,0.0,0.6013714884601018,6,1,True,0.732104420734037
ileum,age_range,30-39,70-79,70-79 minus 30-39,epithelial,Mid Crypt Colonocytes,inferential,5,5,5,5,2,2,-0.15830709067796586,-0.07007535397769163,0.08823173670027423,0.0,0.0,0.0,1.0,6,1,True,1.0
ileum,age_range,40-49,50-59,50-59 minus 40-49,epithelial,Mid Crypt Colonocytes,inferential,5,14,5,12,3,4,-0.1450694464079169,-0.21813923108817265,-0.07306978468025574,0.0,0.0,0.0,0.23959792161761706,6,1,True,0.5160570619456367
ileum,age_range,40-49,60-69,60-69 minus 40-49,epithelial,Mid Crypt Colonocytes,inferential,5,14,5,11,3,5,-0.1450694464079169,-0.17022894973143923,-0.02515950332352232,0.0,0.0,0.0,0.29586528221139863,6,1,True,0.4873075236423037
ileum,age_range,40-49,70-79,70-79 minus 40-49,epithelial,Mid Crypt Colonocytes,inferential,5,5,5,5,3,2,-0.1450694464079169,-0.07007535397769163,0.07499409243022528,0.0,0.0,0.0,0.7373156772164182,6,1,True,0.7940322677715272
ileum,age_range,50-59,60-69,60-69 minus 50-59,epithelial,Mid Crypt Colonocytes,inferential,14,14,12,11,4,5,-0.21813923108817265,-0.17022894973143923,0.04791028135673342,0.0,0.0,0.0,0.47256669425786224,6,1,True,0.8906075425387576
ileum,age_range,50-59,70-79,70-79 minus 50-59,epithelial,Mid Crypt Colonocytes,inferential,14,5,12,5,4,2,-0.21813923108817265,-0.07007535397769163,0.14806387711048102,0.0,0.0,0.0,0.13487601330300378,6,1,True,0.3776528372484106
ileum,age_range,60-69,70-79,70-79 minus 60-69,epithelial,Mid Crypt Colonocytes,inferential,14,5,11,5,5,2,-0.17022894973143923,-0.07007535397769163,0.1001535957537476,0.0,0.0,0.0,0.30050907980139696,6,1,True,0.5258908896524447
ileum,age_range,30-39,40-49,40-49 minus 30-39,epithelial,Mid Villus Enterocytes,inferential,5,5,5,5,2,3,0.6030254072760981,0.07465301132570498,-0.5283723959503931,5.88235294117647,0.0,-5.88235294117647,0.11879749752684607,6,1,True,1.0
ileum,age_range,30-39,50-59,50-59 minus 30-39,epithelial,Mid Villus Enterocytes,inferential,5,14,5,12,2,4,0.6030254072760981,0.45939426736585187,-0.14363113991024623,5.88235294117647,0.0,-5.88235294117647,0.28275221364716563,6,1,True,0.6477870468743994
ileum,age_range,30-39,60-69,60-69 minus 30-39,epithelial,Mid Villus Enterocytes,inferential,5,14,5,11,2,5,0.6030254072760981,0.3786841890916167,-0.22434121818448138,5.88235294117647,0.0,-5.88235294117647,0.14477700591343462,6,1,True,0.732104420734037
ileum,age_range,30-39,70-79,70-79 minus 30-39,epithelial,Mid Villus Enterocytes,inferential,5,5,5,5,2,2,0.6030254072760981,-0.07007535397769163,-0.6731007612537897,5.88235294117647,0.0,-5.88235294117647,0.03114121059579676,6,1,True,0.3143601292729985
ileum,age_range,40-49,50-59,50-59 minus 40-49,epithelial,Mid Villus Enterocytes,inferential,5,14,5,12,3,4,0.07465301132570498,0.45939426736585187,0.38474125604014686,0.0,0.0,0.0,0.5408580048350191,6,1,True,0.6883647334263879
ileum,age_range,40-49,60-69,60-69 minus 40-49,epithelial,Mid Villus Enterocytes,inferential,5,14,5,11,3,5,0.07465301132570498,0.3786841890916167,0.3040311777659117,0.0,0.0,0.0,0.39239660012737143,6,1,True,0.5332200917941775
ileum,age_range,40-49,70-79,70-79 minus 40-49,epithelial,Mid Villus Enterocytes,inferential,5,5,5,5,3,2,0.07465301132570498,-0.07007535397769163,-0.1447283653033966,0.0,0.0,0.0,0.14610046596342235,6,1,True,0.5113516308719783
ileum,age_range,50-59,60-69,60-69 minus 50-59,epithelial,Mid Villus Enterocytes,inferential,14,14,12,11,4,5,0.45939426736585187,0.3786841890916167,-0.08071007827423515,0.0,0.0,0.0,0.9815136615254071,6,1,True,1.0
ileum,age_range,50-59,70-79,70-79 minus 50-59,epithelial,Mid Villus Enterocytes,inferential,14,5,12,5,4,2,0.45939426736585187,-0.07007535397769163,-0.5294696213435435,0.0,0.0,0.0,0.7792165792121437,6,1,True,0.7792165792121437
ileum,age_range,60-69,70-79,70-79 minus 60-69,epithelial,Mid Villus Enterocytes,inferential,14,5,11,5,5,2,0.3786841890916167,-0.07007535397769163,-0.4487595430693083,0.0,0.0,0.0,0.8506853385791713,6,1,True,0.9527675792086718
ileum,age_range,30-39,40-49,40-49 minus 30-39,epithelial,Paneth Cells,inferential,5,5,5,5,2,3,0.06141536705565605,0.5140979267929491,0.45268255973729304,0.0,100.0,100.0,0.5205826348001606,6,1,True,1.0
ileum,age_range,30-39,50-59,50-59 minus 30-39,epithelial,Paneth Cells,inferential,5,14,5,12,2,4,0.06141536705565605,-0.13966692475473622,-0.20108229181039228,0.0,0.0,0.0,0.10213563290410152,6,1,True,0.6477870468743994
ileum,age_range,30-39,60-69,60-69 minus 30-39,epithelial,Paneth Cells,inferential,5,14,5,11,2,5,0.06141536705565605,0.12570924501081313,0.06429387795515708,0.0,0.0,0.0,0.5434029393873472,6,1,True,0.732104420734037
ileum,age_range,30-39,70-79,70-79 minus 30-39,epithelial,Paneth Cells,inferential,5,5,5,5,2,2,0.06141536705565605,-0.07007535397769163,-0.1314907210333477,0.0,0.0,0.0,0.3727480704181131,6,1,True,1.0
ileum,age_range,40-49,50-59,50-59 minus 40-49,epithelial,Paneth Cells,inferential,5,14,5,12,3,4,0.5140979267929491,-0.13966692475473622,-0.6537648515476853,100.0,0.0,-100.0,0.14912358555756947,6,1,True,0.5160570619456367
ileum,age_range,40-49,60-69,60-69 minus 40-49,epithelial,Paneth Cells,inferential,5,14,5,11,3,5,0.5140979267929491,0.12570924501081313,-0.3883886817821359,100.0,0.0,-100.0,0.3999150688456331,6,1,True,0.5332200917941775
ileum,age_range,40-49,70-79,70-79 minus 40-49,epithelial,Paneth Cells,inferential,5,5,5,5,3,2,0.5140979267929491,-0.07007535397769163,-0.5841732807706407,100.0,0.0,-100.0,0.3382688788696866,6,1,True,0.7940322677715272
ileum,age_range,50-59,60-69,60-69 minus 50-59,epithelial,Paneth Cells,inferential,14,14,12,11,4,5,-0.13966692475473622,0.12570924501081313,0.26537616976554934,0.0,0.0,0.0,0.15994536967071626,6,1,True,0.8906075425387576
ileum,age_range,50-59,70-79,70-79 minus 50-59,epithelial,Paneth Cells,inferential,14,5,12,5,4,2,-0.13966692475473622,-0.07007535397769163,0.06959157077704459,0.0,0.0,0.0,0.16287142995185122,6,1,True,0.38003333655431953
ileum,age_range,60-69,70-79,70-79 minus 60-69,epithelial,Paneth Cells,inferential,14,5,11,5,5,2,0.12570924501081313,-0.07007535397769163,-0.19578459898850475,0.0,0.0,0.0,0.7095520322329751,6,1,True,0.8278107042718044
ileum,age_range,30-39,40-49,40-49 minus 30-39,epithelial,Secretory Progenitors,inferential,5,5,5,5,2,3,0.06141536705565605,-0.1450694464079169,-0.20648481346357295,0.0,0.0,0.0,0.4101169916790808,6,1,True,1.0
ileum,age_range,30-39,50-59,50-59 minus 30-39,epithelial,Secretory Progenitors,inferential,5,14,5,12,2,4,0.06141536705565605,-0.024707073866586184,-0.08612244092224224,0.0,0.0,0.0,0.3009469058994251,6,1,True,0.6477870468743994
ileum,age_range,30-39,60-69,60-69 minus 30-39,epithelial,Secretory Progenitors,inferential,5,14,5,11,2,5,0.06141536705565605,0.07029218098188032,0.008876813926224275,0.0,0.0,0.0,0.23509384173482717,6,1,True,0.732104420734037
ileum,age_range,30-39,70-79,70-79 minus 30-39,epithelial,Secretory Progenitors,inferential,5,5,5,5,2,2,0.06141536705565605,-0.07007535397769163,-0.1314907210333477,0.0,0.0,0.0,0.3727480704181131,6,1,True,1.0
ileum,age_range,40-49,50-59,50-59 minus 40-49,epithelial,Secretory Progenitors,inferential,5,14,5,12,3,4,-0.1450694464079169,-0.024707073866586184,0.12036237254133073,0.0,0.0,0.0,0.6720346257845016,6,1,True,0.8181291096506976
ileum,age_range,40-49,60-69,60-69 minus 40-49,epithelial,Secretory Progenitors,inferential,5,14,5,11,3,5,-0.1450694464079169,0.07029218098188032,0.21536162738979725,0.0,0.0,0.0,0.5685514604747822,6,1,True,0.6633100372205792
ileum,age_range,40-49,70-79,70-79 minus 40-49,epithelial,Secretory Progenitors,inferential,5,5,5,5,3,2,-0.1450694464079169,-0.07007535397769163,0.07499409243022528,0.0,0.0,0.0,0.7373156772164182,6,1,True,0.7940322677715272
ileum,age_range,50-59,60-69,60-69 minus 50-59,epithelial,Secretory Progenitors,inferential,14,14,12,11,4,5,-0.024707073866586184,0.07029218098188032,0.09499925484846651,0.0,0.0,0.0,0.7988127799018836,6,1,True,0.9374579472123479
ileum,age_range,50-59,70-79,70-79 minus 50-59,epithelial,Secretory Progenitors,inferential,14,5,12,5,4,2,-0.024707073866586184,-0.07007535397769163,-0.04536828011110544,0.0,0.0,0.0,0.5750155512107338,6,1,True,0.6708514764125227
ileum,age_range,60-69,70-79,70-79 minus 60-69,epithelial,Secretory Progenitors,inferential,14,5,11,5,5,2,0.07029218098188032,-0.07007535397769163,-0.14036753495957194,0.0,0.0,0.0,0.5722559521550912,6,1,True,0.6966594200148937
ileum,age_range,30-39,40-49,40-49 minus 30-39,epithelial,Transiently Amplifying Cells (TA),inferential,5,5,5,5,2,3,-0.15830709067796586,0.24411258340314568,0.40241967408111157,0.0,0.0,0.0,0.2895874244268877,6,1,True,1.0
ileum,age_range,30-39,50-59,50-59 minus 30-39,epithelial,Transiently Amplifying Cells (TA),inferential,5,14,5,12,2,4,-0.15830709067796586,0.3355375773419315,0.49384466801989735,0.0,0.0,0.0,0.5103725695930335,6,1,True,0.680496759457378
ileum,age_range,30-39,60-69,60-69 minus 30-39,epithelial,Transiently Amplifying Cells (TA),inferential,5,14,5,11,2,5,-0.15830709067796586,0.3879135984830459,0.5462206891610117,0.0,0.0,0.0,0.36685620390095053,6,1,True,0.732104420734037
ileum,age_range,30-39,70-79,70-79 minus 30-39,epithelial,Transiently Amplifying Cells (TA),inferential,5,5,5,5,2,2,-0.15830709067796586,-0.07007535397769163,0.08823173670027423,0.0,0.0,0.0,1.0,6,1,True,1.0
ileum,age_range,40-49,50-59,50-59 minus 40-49,epithelial,Transiently Amplifying Cells (TA),inferential,5,14,5,12,3,4,0.24411258340314568,0.3355375773419315,0.09142499393878584,0.0,0.0,0.0,0.42389922694739346,6,1,True,0.5651989692631912
ileum,age_range,40-49,60-69,60-69 minus 40-49,epithelial,Transiently Amplifying Cells (TA),inferential,5,14,5,11,3,5,0.24411258340314568,0.3879135984830459,0.14380101507990023,0.0,0.0,0.0,0.6346764199401513,6,1,True,0.7108375903329694
ileum,age_range,40-49,70-79,70-79 minus 40-49,epithelial,Transiently Amplifying Cells (TA),inferential,5,5,5,5,3,2,0.24411258340314568,-0.07007535397769163,-0.3141879373808373,0.0,0.0,0.0,0.14610046596342235,6,1,True,0.5113516308719783
ileum,age_range,50-59,60-69,60-69 minus 50-59,epithelial,Transiently Amplifying Cells (TA),inferential,14,14,12,11,4,5,0.3355375773419315,0.3879135984830459,0.05237602114111439,0.0,0.0,0.0,0.5623992014288949,6,1,True,0.8952477083970164
ileum,age_range,50-59,70-79,70-79 minus 50-59,epithelial,Transiently Amplifying Cells (TA),inferential,14,5,12,5,4,2,0.3355375773419315,-0.07007535397769163,-0.40561293131962317,0.0,0.0,0.0,0.7792165792121437,6,1,True,0.7792165792121437
ileum,age_range,60-69,70-79,70-79 minus 60-69,epithelial,Transiently Amplifying Cells (TA),inferential,14,5,11,5,5,2,0.3879135984830459,-0.07007535397769163,-0.45798895246073756,0.0,0.0,0.0,0.4514642031476208,6,1,True,0.6966594200148937
ileum,age_range,30-39,40-49,40-49 minus 30-39,epithelial,Tuft Cells,inferential,5,5,5,5,2,3,-0.15830709067796586,0.07465301132570498,0.23296010200367084,0.0,0.0,0.0,0.2895874244268877,6,1,True,1.0
ileum,age_range,30-39,50-59,50-59 minus 30-39,epithelial,Tuft Cells,inferential,5,14,5,12,2,4,-0.15830709067796586,-0.10317938020002261,0.05512771047794325,0.0,0.0,0.0,0.6382235257786801,6,1,True,0.7148103488721217
ileum,age_range,30-39,60-69,60-69 minus 30-39,epithelial,Tuft Cells,inferential,5,14,5,11,2,5,-0.15830709067796586,-0.0917566433980028,0.06655044727996307,0.0,0.0,0.0,0.962119855736612,6,1,True,0.962119855736612
ileum,age_range,30-39,70-79,70-79 minus 30-39,epithelial,Tuft Cells,inferential,5,5,5,5,2,2,-0.15830709067796586,-0.07007535397769163,0.08823173670027423,0.0,0.0,0.0,1.0,6,1,True,1.0
ileum,age_range,40-49,50-59,50-59 minus 40-49,epithelial,Tuft Cells,inferential,5,14,5,12,3,4,0.07465301132570498,-0.10317938020002261,-0.1778323915257276,0.0,0.0,0.0,0.04310337599725103,6,1,True,0.5160570619456367
ileum,age_range,40-49,60-69,60-69 minus 40-49,epithelial,Tuft Cells,inferential,5,14,5,11,3,5,0.07465301132570498,-0.0917566433980028,-0.16640965472370778,0.0,0.0,0.0,0.07098249641914503,6,1,True,0.4873075236423037
ileum,age_range,40-49,70-79,70-79 minus 40-49,epithelial,Tuft Cells,inferential,5,5,5,5,3,2,0.07465301132570498,-0.07007535397769163,-0.1447283653033966,0.0,0.0,0.0,0.14610046596342235,6,1,True,0.5113516308719783
ileum,age_range,50-59,60-69,60-69 minus 50-59,epithelial,Tuft Cells,inferential,14,14,12,11,4,5,-0.10317938020002261,-0.0917566433980028,0.011422736802019814,0.0,0.0,0.0,0.4444789937153456,6,1,True,0.8906075425387576
ileum,age_range,50-59,70-79,70-79 minus 50-59,epithelial,Tuft Cells,inferential,14,5,12,5,4,2,-0.10317938020002261,-0.07007535397769163,0.03310402622233098,0.0,0.0,0.0,0.30399040407307465,6,1,True,0.4053205387640995
ileum,age_range,60-69,70-79,70-79 minus 60-69,epithelial,Tuft Cells,inferential,14,5,11,5,5,2,-0.0917566433980028,-0.07007535397769163,0.021681289420311167,0.0,0.0,0.0,0.5722559521550912,6,1,True,0.6966594200148937
ileum,age_range,30-39,40-49,40-49 minus 30-39,epithelial,Tuft Progenitors,inferential,5,5,5,5,2,3,0.28113782478927807,-0.1450694464079169,-0.426207271197195,0.0,0.0,0.0,0.26520539259150755,6,1,True,1.0
ileum,age_range,30-39,50-59,50-59 minus 30-39,epithelial,Tuft Progenitors,inferential,5,14,5,12,2,4,0.28113782478927807,-0.13966692475473624,-0.4208047495440143,0.0,0.0,0.0,0.08398964410452214,6,1,True,0.6477870468743994
ileum,age_range,30-39,60-69,60-69 minus 30-39,epithelial,Tuft Progenitors,inferential,5,14,5,11,2,5,0.28113782478927807,-0.0917566433980028,-0.3728944681872809,0.0,0.0,0.0,0.11199171499585842,6,1,True,0.732104420734037
ileum,age_range,30-39,70-79,70-79 minus 30-39,epithelial,Tuft Progenitors,inferential,5,5,5,5,2,2,0.28113782478927807,0.1496471037559303,-0.13149072103334777,0.0,0.0,0.0,0.666430033928618,6,1,True,1.0
ileum,age_range,40-49,50-59,50-59 minus 40-49,epithelial,Tuft Progenitors,inferential,5,14,5,12,3,4,-0.1450694464079169,-0.13966692475473624,0.00540252165318067,0.0,0.0,0.0,0.42389922694739346,6,1,True,0.5651989692631912
ileum,age_range,40-49,60-69,60-69 minus 40-49,epithelial,Tuft Progenitors,inferential,5,14,5,11,3,5,-0.1450694464079169,-0.0917566433980028,0.05331280300991412,0.0,0.0,0.0,0.37123668481591643,6,1,True,0.5332200917941775
ileum,age_range,40-49,70-79,70-79 minus 40-49,epithelial,Tuft Progenitors,inferential,5,5,5,5,3,2,-0.1450694464079169,0.1496471037559303,0.29471655016384724,0.0,0.0,0.0,0.7373156772164182,6,1,True,0.7940322677715272
ileum,age_range,50-59,60-69,60-69 minus 50-59,epithelial,Tuft Progenitors,inferential,14,14,12,11,4,5,-0.13966692475473624,-0.0917566433980028,0.04791028135673345,0.0,0.0,0.0,0.7815912987257437,6,1,True,0.9374579472123479
ileum,age_range,50-59,70-79,70-79 minus 50-59,epithelial,Tuft Progenitors,inferential,14,5,12,5,4,2,-0.13966692475473624,0.1496471037559303,0.28931402851066657,0.0,0.0,0.0,0.11215209107321826,6,1,True,0.3776528372484106
ileum,age_range,60-69,70-79,70-79 minus 60-69,epithelial,Tuft Progenitors,inferential,14,5,11,5,5,2,-0.0917566433980028,0.1496471037559303,0.2414037471539331,0.0,0.0,0.0,0.16081753241054308,6,1,True,0.5258908896524447
ileum,age_range,30-39,40-49,40-49 minus 30-39,epithelial,Villus Tip Enterocytes,inferential,5,5,5,5,2,3,0.6200569689441594,0.07465301132570498,-0.5454039576184544,0.0,0.0,0.0,1.0,6,1,True,1.0
ileum,age_range,30-39,50-59,50-59 minus 30-39,epithelial,Villus Tip Enterocytes,inferential,5,14,5,12,2,4,0.6200569689441594,0.7523865364985293,0.13232956755436986,0.0,0.0,0.0,1.0,6,1,True,1.0
ileum,age_range,30-39,60-69,60-69 minus 30-39,epithelial,Villus Tip Enterocytes,inferential,5,14,5,11,2,5,0.6200569689441594,0.4714901165294925,-0.14856685241466688,0.0,0.0,0.0,0.81229386174777,6,1,True,0.8747780049591368
ileum,age_range,30-39,70-79,70-79 minus 30-39,epithelial,Villus Tip Enterocytes,inferential,5,5,5,5,2,2,0.6200569689441594,-0.07007535397769163,-0.690132322921851,0.0,0.0,0.0,0.3727480704181131,6,1,True,1.0
ileum,age_range,40-49,50-59,50-59 minus 40-49,epithelial,Villus Tip Enterocytes,inferential,5,14,5,12,3,4,0.07465301132570498,0.7523865364985293,0.6777335251728243,0.0,0.0,0.0,0.8877758665367842,6,1,True,0.9206564541862947
ileum,age_range,40-49,60-69,60-69 minus 40-49,epithelial,Villus Tip Enterocytes,inferential,5,14,5,11,3,5,0.07465301132570498,0.4714901165294925,0.39683710520378757,0.0,0.0,0.0,0.7038533054429454,6,1,True,0.7579958674000951
ileum,age_range,40-49,70-79,70-79 minus 40-49,epithelial,Villus Tip Enterocytes,inferential,5,5,5,5,3,2,0.07465301132570498,-0.07007535397769163,-0.1447283653033966,0.0,0.0,0.0,0.14610046596342235,6,1,True,0.5113516308719783
ileum,age_range,50-59,60-69,60-69 minus 50-59,epithelial,Villus Tip Enterocytes,inferential,14,14,12,11,4,5,0.7523865364985293,0.4714901165294925,-0.28089641996903675,0.0,0.0,0.0,0.9077664193955419,6,1,True,0.9699422015459215
ileum,age_range,50-59,70-79,70-79 minus 50-59,epithelial,Villus Tip Enterocytes,inferential,14,5,12,5,4,2,0.7523865364985293,-0.07007535397769163,-0.8224618904762209,0.0,0.0,0.0,0.4547173744504053,6,1,True,0.5535689775917978
ileum,age_range,60-69,70-79,70-79 minus 60-69,epithelial,Villus Tip Enterocytes,inferential,14,5,11,5,5,2,0.4714901165294925,-0.07007535397769163,-0.5415654705071842,0.0,0.0,0.0,0.509989402795614,6,1,True,0.6966594200148937
ileum,age_range,50-59,60-69,60-69 minus 50-59,lymphoid,CD4 Memory,inferential,9,5,8,5,5,4,0.565152149623725,0.8484674270149692,0.2833152773912443,2.631578947368421,1.8518518518518516,-0.7797270955165692,0.46286309710385953,6,1,True,0.8906075425387576
ileum,age_range,50-59,60-69,60-69 minus 50-59,lymphoid,CD4 Naive,inferential,9,5,8,5,5,4,-0.11932593410568046,-0.13258752867271656,-0.0132615945670361,0.0,0.0,0.0,0.8413084141649276,6,1,True,0.9374579472123479
ileum,age_range,50-59,60-69,60-69 minus 50-59,lymphoid,CD4 Tfh,inferential,9,5,8,5,5,4,-0.09140210874113538,0.019840481736662773,0.11124259047779816,0.0,0.0,0.0,0.5480661800238509,6,1,True,0.8906075425387576
ileum,age_range,50-59,60-69,60-69 minus 50-59,lymphoid,CD4 Tfr,inferential,9,5,8,5,5,4,-0.307614347525059,-0.3020471007501572,0.0055672467749017795,0.0,0.0,0.0,0.8413084141649276,6,1,True,0.9374579472123479
ileum,age_range,50-59,60-69,60-69 minus 50-59,lymphoid,CD4 Th17,inferential,9,5,8,5,5,4,0.8065575575445452,0.3250517424356727,-0.48150581510887247,4.651162790697675,0.0,-4.651162790697675,0.46286309710385953,6,1,True,0.8906075425387576
ileum,age_range,50-59,60-69,60-69 minus 50-59,lymphoid,CD4 Tr1,inferential,9,5,8,5,5,4,-0.4296823795992934,-0.13258752867271656,0.29709485092657684,0.0,0.0,0.0,0.46286309710385953,6,1,True,0.8906075425387576
ileum,age_range,50-59,60-69,60-69 minus 50-59,lymphoid,CD4 pTreg,inferential,9,5,8,5,5,4,-0.2134701408153697,0.019840481736662686,0.2333106225520324,0.0,0.0,0.0,0.46286309710385953,6,1,True,0.8906075425387576
ileum,age_range,50-59,60-69,60-69 minus 50-59,lymphoid,CD4 tTreg,inferential,9,5,8,5,5,4,-0.2508559448843933,-0.08232464301653533,0.16853130186785795,0.0,0.0,0.0,0.8413084141649276,6,1,True,0.9374579472123479
ileum,age_range,50-59,60-69,60-69 minus 50-59,lymphoid,CD8 Circulating Effector Memory,inferential,9,5,8,5,5,4,-0.11932593410568042,0.23956293947028467,0.3588888735759651,0.0,0.0,0.0,0.3167781190302069,6,1,True,0.8906075425387576
ileum,age_range,50-59,60-69,60-69 minus 50-59,lymphoid,CD8 Effector Memory,inferential,9,5,8,5,5,4,-0.10649116886992,-0.3020471007501572,-0.19555593188023723,0.0,0.0,0.0,1.0,6,1,True,1.0
ileum,age_range,50-59,60-69,60-69 minus 50-59,lymphoid,CD8 IEL,inferential,9,5,8,5,5,4,0.44507719540356483,-0.5217695584837792,-0.966846753887344,0.0,0.0,0.0,0.3856020542339663,6,1,True,0.8906075425387576
ileum,age_range,50-59,60-69,60-69 minus 50-59,lymphoid,CD8 Memory Exhausted,inferential,9,5,8,5,5,4,-0.5517504116735278,-0.5217695584837792,0.029980853189748635,0.0,0.0,0.0,0.8413084141649276,6,1,True,0.9374579472123479
ileum,age_range,50-59,60-69,60-69 minus 50-59,lymphoid,CD8 Naive,inferential,9,5,8,5,5,4,-0.5517504116735278,-0.13258752867271656,0.4191628830008112,0.0,0.0,0.0,0.20477620084478065,6,1,True,0.8906075425387576
ileum,age_range,50-59,60-69,60-69 minus 50-59,lymphoid,CD8 TRM,inferential,9,5,8,5,5,4,1.6102018708534038,1.0681898847485911,-0.5420119861048127,14.285714285714285,7.5,-6.785714285714285,0.46286309710385953,6,1,True,0.8906075425387576
ileum,age_range,50-59,60-69,60-69 minus 50-59,lymphoid,GC B Dark Zone (GC B DZ),inferential,9,5,8,5,5,4,0.03413842816688842,0.019840481736662863,-0.014297946430225555,0.0,0.0,0.0,0.8413084141649276,6,1,True,0.9374579472123479
ileum,age_range,50-59,60-69,60-69 minus 50-59,lymphoid,GC B Light Zone (GC B LZ),inferential,9,5,8,5,5,4,-0.00032323053353818426,-0.0421905039241051,-0.041867273390566916,0.0,0.0,0.0,0.8413084141649276,6,1,True,0.9374579472123479
ileum,age_range,50-59,60-69,60-69 minus 50-59,lymphoid,Gamma Delta T Cells,inferential,9,5,8,5,5,4,-0.5517504116735278,-0.5217695584837792,0.029980853189748635,0.0,0.0,0.0,0.8413084141649276,6,1,True,0.9374579472123479
ileum,age_range,50-59,60-69,60-69 minus 50-59,lymphoid,ILC3,inferential,9,5,8,5,5,4,-0.1855463154508247,-0.08232464301653541,0.10322167243428929,0.0,0.0,0.0,0.5480661800238509,6,1,True,0.8906075425387576
ileum,age_range,50-59,60-69,60-69 minus 50-59,lymphoid,MAIT Cells,inferential,9,5,8,5,5,4,-0.4296823795992934,-0.3020471007501572,0.12763527884913617,0.0,0.0,0.0,0.5480661800238509,6,1,True,0.8906075425387576
ileum,age_range,50-59,60-69,60-69 minus 50-59,lymphoid,Memory B,inferential,9,5,8,5,5,4,0.6173657967825833,0.30685738679452734,-0.31050840998805596,2.380952380952381,0.0,-2.380952380952381,0.5480661800238509,6,1,True,0.8906075425387576
ileum,age_range,50-59,60-69,60-69 minus 50-59,lymphoid,NK Cells,inferential,9,5,8,5,5,4,-0.30761434752505906,0.3417280642234827,0.6493424117485418,0.0,3.3333333333333335,3.3333333333333335,0.052933702974137124,6,1,True,0.8773097404855045
ileum,age_range,50-59,60-69,60-69 minus 50-59,lymphoid,NKT Cells,inferential,9,5,8,5,5,4,0.5194160430681074,0.47631695887196795,-0.04309908419613945,0.0,5.555555555555555,5.555555555555555,0.6403708625217639,6,1,True,0.924980134753659
ileum,age_range,50-59,60-69,60-69 minus 50-59,lymphoid,Naive B,inferential,9,5,8,5,5,4,0.09944805760045715,0.044873110327463994,-0.054574947272993155,0.0,0.0,0.0,0.9467886518985837,6,1,True,0.9979664168660748
ileum,age_range,50-59,60-69,60-69 minus 50-59,lymphoid,Plasma Cells,inferential,9,5,8,5,5,4,0.5006611590053711,-0.19988197599695914,-0.7005431350023302,0.0,0.0,0.0,0.6403708625217639,6,1,True,0.924980134753659
ileum,age_range,50-59,60-69,60-69 minus 50-59,lymphoid,Plasma IGA,inferential,9,5,8,5,5,4,-0.42968237959929334,-0.13258752867271656,0.2970948509265768,0.0,0.0,0.0,0.738605769516278,6,1,True,0.9374579472123479
ileum,age_range,50-59,60-69,60-69 minus 50-59,lymphoid,Plasma IGG,inferential,9,5,8,5,5,4,-0.5517504116735278,-0.30204710075015734,0.24970331092337045,0.0,0.0,0.0,0.46286309710385953,6,1,True,0.8906075425387576
ileum,age_range,10-19,20-29,20-29 minus 10-19,myeloid,Classical Monocytes,descriptive,2,2,2,2,1,2,-0.3576970243008848,-0.0686632680417576,0.2890337562591272,0.0,0.0,0.0,,6,1,True,
ileum,age_range,10-19,30-39,30-39 minus 10-19,myeloid,Classical Monocytes,descriptive,2,3,2,3,1,2,-0.3576970243008848,-0.0686632680417576,0.2890337562591272,0.0,0.0,0.0,,6,1,True,
ileum,age_range,10-19,40-49,40-49 minus 10-19,myeloid,Classical Monocytes,descriptive,2,2,2,2,1,2,-0.3576970243008848,-0.0686632680417576,0.2890337562591272,0.0,0.0,0.0,,6,1,True,
ileum,age_range,10-19,50-59,50-59 minus 10-19,myeloid,Classical Monocytes,descriptive,2,7,2,7,1,4,-0.3576970243008848,0.04336672032696847,0.40106374462785327,0.0,0.0,0.0,,6,1,True,
ileum,age_range,10-19,60-69,60-69 minus 10-19,myeloid,Classical Monocytes,descriptive,2,4,2,4,1,3,-0.3576970243008848,-0.205540445698423,0.1521565786024618,0.0,0.0,0.0,,6,1,True,
ileum,age_range,10-19,70-79,70-79 minus 10-19,myeloid,Classical Monocytes,descriptive,2,3,2,3,1,1,-0.3576970243008848,-0.09695750729494905,0.26073951700593573,0.0,0.0,0.0,,6,1,True,
ileum,age_range,20-29,30-39,30-39 minus 20-29,myeloid,Classical Monocytes,descriptive,2,3,2,3,2,2,-0.0686632680417576,-0.0686632680417576,0.0,0.0,0.0,0.0,,6,1,True,
ileum,age_range,20-29,40-49,40-49 minus 20-29,myeloid,Classical Monocytes,descriptive,2,2,2,2,2,2,-0.0686632680417576,-0.0686632680417576,0.0,0.0,0.0,0.0,,6,1,True,
ileum,age_range,20-29,50-59,50-59 minus 20-29,myeloid,Classical Monocytes,descriptive,2,7,2,7,2,4,-0.0686632680417576,0.04336672032696847,0.11202998836872607,0.0,0.0,0.0,,6,1,True,
ileum,age_range,20-29,60-69,60-69 minus 20-29,myeloid,Classical Monocytes,descriptive,2,4,2,4,2,3,-0.0686632680417576,-0.205540445698423,-0.1368771776566654,0.0,0.0,0.0,,6,1,True,
ileum,age_range,20-29,70-79,70-79 minus 20-29,myeloid,Classical Monocytes,descriptive,2,3,2,3,2,1,-0.0686632680417576,-0.09695750729494905,-0.028294239253191453,0.0,0.0,0.0,,6,1,True,
ileum,age_range,30-39,40-49,40-49 minus 30-39,myeloid,Classical Monocytes,descriptive,3,2,3,2,2,2,-0.0686632680417576,-0.0686632680417576,0.0,0.0,0.0,0.0,,6,1,True,
ileum,age_range,30-39,50-59,50-59 minus 30-39,myeloid,Classical Monocytes,descriptive,3,7,3,7,2,4,-0.0686632680417576,0.04336672032696847,0.11202998836872607,0.0,0.0,0.0,,6,1,True,
ileum,age_range,30-39,60-69,60-69 minus 30-39,myeloid,Classical Monocytes,descriptive,3,4,3,4,2,3,-0.0686632680417576,-0.205540445698423,-0.1368771776566654,0.0,0.0,0.0,,6,1,True,
ileum,age_range,30-39,70-79,70-79 minus 30-39,myeloid,Classical Monocytes,descriptive,3,3,3,3,2,1,-0.0686632680417576,-0.09695750729494905,-0.028294239253191453,0.0,0.0,0.0,,6,1,True,
ileum,age_range,40-49,50-59,50-59 minus 40-49,myeloid,Classical Monocytes,descriptive,2,7,2,7,2,4,-0.0686632680417576,0.04336672032696847,0.11202998836872607,0.0,0.0,0.0,,6,1,True,
ileum,age_range,40-49,60-69,60-69 minus 40-49,myeloid,Classical Monocytes,descriptive,2,4,2,4,2,3,-0.0686632680417576,-0.205540445698423,-0.1368771776566654,0.0,0.0,0.0,,6,1,True,
ileum,age_range,40-49,70-79,70-79 minus 40-49,myeloid,Classical Monocytes,descriptive,2,3,2,3,2,1,-0.0686632680417576,-0.09695750729494905,-0.028294239253191453,0.0,0.0,0.0,,6,1,True,
ileum,age_range,50-59,60-69,60-69 minus 50-59,myeloid,Classical Monocytes,descriptive,7,4,7,4,4,3,0.04336672032696847,-0.205540445698423,-0.24890716602539148,0.0,0.0,0.0,,6,1,True,
ileum,age_range,50-59,70-79,70-79 minus 50-59,myeloid,Classical Monocytes,descriptive,7,3,7,3,4,1,0.04336672032696847,-0.09695750729494905,-0.1403242276219175,0.0,0.0,0.0,,6,1,True,
ileum,age_range,60-69,70-79,70-79 minus 60-69,myeloid,Classical Monocytes,descriptive,4,3,4,3,3,1,-0.205540445698423,-0.09695750729494905,0.10858293840347395,0.0,0.0,0.0,,6,1,True,
ileum,age_range,10-19,20-29,20-29 minus 10-19,myeloid,Cycling Macrophages,descriptive,2,2,2,2,1,2,-0.3576970243008848,-0.0686632680417576,0.2890337562591272,0.0,0.0,0.0,,6,1,True,
ileum,age_range,10-19,30-39,30-39 minus 10-19,myeloid,Cycling Macrophages,descriptive,2,3,2,3,1,2,-0.3576970243008848,0.29754082818094574,0.6552378524818305,0.0,0.0,0.0,,6,1,True,
ileum,age_range,10-19,40-49,40-49 minus 10-19,myeloid,Cycling Macrophages,descriptive,2,2,2,2,1,2,-0.3576970243008848,0.4806428762922974,0.8383399005931822,0.0,50.0,50.0,,6,1,True,
ileum,age_range,10-19,50-59,50-59 minus 10-19,myeloid,Cycling Macrophages,descriptive,2,7,2,7,1,4,-0.3576970243008848,0.20031133299384138,0.5580083572947262,0.0,0.0,0.0,,6,1,True,
ileum,age_range,10-19,60-69,60-69 minus 10-19,myeloid,Cycling Macrophages,descriptive,2,4,2,4,1,3,-0.3576970243008848,-0.205540445698423,0.1521565786024618,0.0,0.0,0.0,,6,1,True,
ileum,age_range,10-19,70-79,70-79 minus 10-19,myeloid,Cycling Macrophages,descriptive,2,3,2,3,1,1,-0.3576970243008848,-0.09695750729494905,0.26073951700593573,0.0,0.0,0.0,,6,1,True,
ileum,age_range,20-29,30-39,30-39 minus 20-29,myeloid,Cycling Macrophages,descriptive,2,3,2,3,2,2,-0.0686632680417576,0.29754082818094574,0.36620409622270333,0.0,0.0,0.0,,6,1,True,
ileum,age_range,20-29,40-49,40-49 minus 20-29,myeloid,Cycling Macrophages,descriptive,2,2,2,2,2,2,-0.0686632680417576,0.4806428762922974,0.549306144334055,0.0,50.0,50.0,,6,1,True,
ileum,age_range,20-29,50-59,50-59 minus 20-29,myeloid,Cycling Macrophages,descriptive,2,7,2,7,2,4,-0.0686632680417576,0.20031133299384138,0.268974601035599,0.0,0.0,0.0,,6,1,True,
ileum,age_range,20-29,60-69,60-69 minus 20-29,myeloid,Cycling Macrophages,descriptive,2,4,2,4,2,3,-0.0686632680417576,-0.205540445698423,-0.1368771776566654,0.0,0.0,0.0,,6,1,True,
ileum,age_range,20-29,70-79,70-79 minus 20-29,myeloid,Cycling Macrophages,descriptive,2,3,2,3,2,1,-0.0686632680417576,-0.09695750729494905,-0.028294239253191453,0.0,0.0,0.0,,6,1,True,
ileum,age_range,30-39,40-49,40-49 minus 30-39,myeloid,Cycling Macrophages,descriptive,3,2,3,2,2,2,0.29754082818094574,0.4806428762922974,0.18310204811135167,0.0,50.0,50.0,,6,1,True,
ileum,age_range,30-39,50-59,50-59 minus 30-39,myeloid,Cycling Macrophages,descriptive,3,7,3,7,2,4,0.29754082818094574,0.20031133299384138,-0.09722949518710436,0.0,0.0,0.0,,6,1,True,
ileum,age_range,30-39,60-69,60-69 minus 30-39,myeloid,Cycling Macrophages,descriptive,3,4,3,4,2,3,0.29754082818094574,-0.205540445698423,-0.5030812738793687,0.0,0.0,0.0,,6,1,True,
ileum,age_range,30-39,70-79,70-79 minus 30-39,myeloid,Cycling Macrophages,descriptive,3,3,3,3,2,1,0.29754082818094574,-0.09695750729494905,-0.3944983354758948,0.0,0.0,0.0,,6,1,True,
ileum,age_range,40-49,50-59,50-59 minus 40-49,myeloid,Cycling Macrophages,descriptive,2,7,2,7,2,4,0.4806428762922974,0.20031133299384138,-0.280331543298456,50.0,0.0,-50.0,,6,1,True,
ileum,age_range,40-49,60-69,60-69 minus 40-49,myeloid,Cycling Macrophages,descriptive,2,4,2,4,2,3,0.4806428762922974,-0.205540445698423,-0.6861833219907204,50.0,0.0,-50.0,,6,1,True,
ileum,age_range,40-49,70-79,70-79 minus 40-49,myeloid,Cycling Macrophages,descriptive,2,3,2,3,2,1,0.4806428762922974,-0.09695750729494905,-0.5776003835872464,50.0,0.0,-50.0,,6,1,True,
ileum,age_range,50-59,60-69,60-69 minus 50-59,myeloid,Cycling Macrophages,descriptive,7,4,7,4,4,3,0.20031133299384138,-0.205540445698423,-0.4058517786922644,0.0,0.0,0.0,,6,1,True,
ileum,age_range,50-59,70-79,70-79 minus 50-59,myeloid,Cycling Macrophages,descriptive,7,3,7,3,4,1,0.20031133299384138,-0.09695750729494905,-0.2972688402887904,0.0,0.0,0.0,,6,1,True,
ileum,age_range,60-69,70-79,70-79 minus 60-69,myeloid,Cycling Macrophages,descriptive,4,3,4,3,3,1,-0.205540445698423,-0.09695750729494905,0.10858293840347395,0.0,0.0,0.0,,6,1,True,
ileum,age_range,10-19,20-29,20-29 minus 10-19,myeloid,Eosinophils,descriptive,2,2,2,2,1,2,-0.3576970243008848,-0.0686632680417576,0.2890337562591272,0.0,0.0,0.0,,6,1,True,
ileum,age_range,10-19,30-39,30-39 minus 10-19,myeloid,Eosinophils,descriptive,2,3,2,3,1,2,-0.3576970243008848,-0.0686632680417576,0.2890337562591272,0.0,0.0,0.0,,6,1,True,
ileum,age_range,10-19,40-49,40-49 minus 10-19,myeloid,Eosinophils,descriptive,2,2,2,2,1,2,-0.3576970243008848,-0.0686632680417576,0.2890337562591272,0.0,0.0,0.0,,6,1,True,
ileum,age_range,10-19,50-59,50-59 minus 10-19,myeloid,Eosinophils,descriptive,2,7,2,7,1,4,-0.3576970243008848,0.20031133299384132,0.5580083572947261,0.0,0.0,0.0,,6,1,True,
ileum,age_range,10-19,60-69,60-69 minus 10-19,myeloid,Eosinophils,descriptive,2,4,2,4,1,3,-0.3576970243008848,-0.205540445698423,0.1521565786024618,0.0,0.0,0.0,,6,1,True,
ileum,age_range,10-19,70-79,70-79 minus 10-19,myeloid,Eosinophils,descriptive,2,3,2,3,1,1,-0.3576970243008848,-0.09695750729494905,0.26073951700593573,0.0,0.0,0.0,,6,1,True,
ileum,age_range,20-29,30-39,30-39 minus 20-29,myeloid,Eosinophils,descriptive,2,3,2,3,2,2,-0.0686632680417576,-0.0686632680417576,0.0,0.0,0.0,0.0,,6,1,True,
ileum,age_range,20-29,40-49,40-49 minus 20-29,myeloid,Eosinophils,descriptive,2,2,2,2,2,2,-0.0686632680417576,-0.0686632680417576,0.0,0.0,0.0,0.0,,6,1,True,
ileum,age_range,20-29,50-59,50-59 minus 20-29,myeloid,Eosinophils,descriptive,2,7,2,7,2,4,-0.0686632680417576,0.20031133299384132,0.2689746010355989,0.0,0.0,0.0,,6,1,True,
ileum,age_range,20-29,60-69,60-69 minus 20-29,myeloid,Eosinophils,descriptive,2,4,2,4,2,3,-0.0686632680417576,-0.205540445698423,-0.1368771776566654,0.0,0.0,0.0,,6,1,True,
ileum,age_range,20-29,70-79,70-79 minus 20-29,myeloid,Eosinophils,descriptive,2,3,2,3,2,1,-0.0686632680417576,-0.09695750729494905,-0.028294239253191453,0.0,0.0,0.0,,6,1,True,
ileum,age_range,30-39,40-49,40-49 minus 30-39,myeloid,Eosinophils,descriptive,3,2,3,2,2,2,-0.0686632680417576,-0.0686632680417576,0.0,0.0,0.0,0.0,,6,1,True,
ileum,age_range,30-39,50-59,50-59 minus 30-39,myeloid,Eosinophils,descriptive,3,7,3,7,2,4,-0.0686632680417576,0.20031133299384132,0.2689746010355989,0.0,0.0,0.0,,6,1,True,
ileum,age_range,30-39,60-69,60-69 minus 30-39,myeloid,Eosinophils,descriptive,3,4,3,4,2,3,-0.0686632680417576,-0.205540445698423,-0.1368771776566654,0.0,0.0,0.0,,6,1,True,
ileum,age_range,30-39,70-79,70-79 minus 30-39,myeloid,Eosinophils,descriptive,3,3,3,3,2,1,-0.0686632680417576,-0.09695750729494905,-0.028294239253191453,0.0,0.0,0.0,,6,1,True,
ileum,age_range,40-49,50-59,50-59 minus 40-49,myeloid,Eosinophils,descriptive,2,7,2,7,2,4,-0.0686632680417576,0.20031133299384132,0.2689746010355989,0.0,0.0,0.0,,6,1,True,
ileum,age_range,40-49,60-69,60-69 minus 40-49,myeloid,Eosinophils,descriptive,2,4,2,4,2,3,-0.0686632680417576,-0.205540445698423,-0.1368771776566654,0.0,0.0,0.0,,6,1,True,
ileum,age_range,40-49,70-79,70-79 minus 40-49,myeloid,Eosinophils,descriptive,2,3,2,3,2,1,-0.0686632680417576,-0.09695750729494905,-0.028294239253191453,0.0,0.0,0.0,,6,1,True,
ileum,age_range,50-59,60-69,60-69 minus 50-59,myeloid,Eosinophils,descriptive,7,4,7,4,4,3,0.20031133299384132,-0.205540445698423,-0.4058517786922643,0.0,0.0,0.0,,6,1,True,
ileum,age_range,50-59,70-79,70-79 minus 50-59,myeloid,Eosinophils,descriptive,7,3,7,3,4,1,0.20031133299384132,-0.09695750729494905,-0.29726884028879036,0.0,0.0,0.0,,6,1,True,
ileum,age_range,60-69,70-79,70-79 minus 60-69,myeloid,Eosinophils,descriptive,4,3,4,3,3,1,-0.205540445698423,-0.09695750729494905,0.10858293840347395,0.0,0.0,0.0,,6,1,True,
ileum,age_range,10-19,20-29,20-29 minus 10-19,myeloid,Follicle Associated Resident Macrophages,descriptive,2,2,2,2,1,2,1.2902214087012798,-0.0686632680417576,-1.3588846767430374,27.884615384615387,0.0,-27.884615384615387,,6,1,True,
ileum,age_range,10-19,30-39,30-39 minus 10-19,myeloid,Follicle Associated Resident Macrophages,descriptive,2,3,2,3,1,2,1.2902214087012798,0.6637449244036491,-0.6264764842976307,27.884615384615387,100.0,72.11538461538461,,6,1,True,
ileum,age_range,10-19,40-49,40-49 minus 10-19,myeloid,Follicle Associated Resident Macrophages,descriptive,2,2,2,2,1,2,1.2902214087012798,0.4806428762922974,-0.8095785324089824,27.884615384615387,50.0,22.115384615384613,,6,1,True,
ileum,age_range,10-19,50-59,50-59 minus 10-19,myeloid,Follicle Associated Resident Macrophages,descriptive,2,7,2,7,1,4,1.2902214087012798,-0.11357789233990433,-1.403799301041184,27.884615384615387,0.0,-27.884615384615387,,6,1,True,
ileum,age_range,10-19,60-69,60-69 minus 10-19,myeloid,Follicle Associated Resident Macrophages,descriptive,2,4,2,4,1,3,1.2902214087012798,0.19681903241010207,-1.0934023762911778,27.884615384615387,0.0,-27.884615384615387,,6,1,True,
ileum,age_range,10-19,70-79,70-79 minus 10-19,myeloid,Follicle Associated Resident Macrophages,descriptive,2,3,2,3,1,1,1.2902214087012798,-0.09695750729494905,-1.387178915996229,27.884615384615387,0.0,-27.884615384615387,,6,1,True,
ileum,age_range,20-29,30-39,30-39 minus 20-29,myeloid,Follicle Associated Resident Macrophages,descriptive,2,3,2,3,2,2,-0.0686632680417576,0.6637449244036491,0.7324081924454067,0.0,100.0,100.0,,6,1,True,
ileum,age_range,20-29,40-49,40-49 minus 20-29,myeloid,Follicle Associated Resident Macrophages,descriptive,2,2,2,2,2,2,-0.0686632680417576,0.4806428762922974,0.549306144334055,0.0,50.0,50.0,,6,1,True,
ileum,age_range,20-29,50-59,50-59 minus 20-29,myeloid,Follicle Associated Resident Macrophages,descriptive,2,7,2,7,2,4,-0.0686632680417576,-0.11357789233990433,-0.04491462429814673,0.0,0.0,0.0,,6,1,True,
ileum,age_range,20-29,60-69,60-69 minus 20-29,myeloid,Follicle Associated Resident Macrophages,descriptive,2,4,2,4,2,3,-0.0686632680417576,0.19681903241010207,0.26548230045185967,0.0,0.0,0.0,,6,1,True,
ileum,age_range,20-29,70-79,70-79 minus 20-29,myeloid,Follicle Associated Resident Macrophages,descriptive,2,3,2,3,2,1,-0.0686632680417576,-0.09695750729494905,-0.028294239253191453,0.0,0.0,0.0,,6,1,True,
ileum,age_range,30-39,40-49,40-49 minus 30-39,myeloid,Follicle Associated Resident Macrophages,descriptive,3,2,3,2,2,2,0.6637449244036491,0.4806428762922974,-0.18310204811135167,100.0,50.0,-50.0,,6,1,True,
ileum,age_range,30-39,50-59,50-59 minus 30-39,myeloid,Follicle Associated Resident Macrophages,descriptive,3,7,3,7,2,4,0.6637449244036491,-0.11357789233990433,-0.7773228167435534,100.0,0.0,-100.0,,6,1,True,
ileum,age_range,30-39,60-69,60-69 minus 30-39,myeloid,Follicle Associated Resident Macrophages,descriptive,3,4,3,4,2,3,0.6637449244036491,0.19681903241010207,-0.466925891993547,100.0,0.0,-100.0,,6,1,True,
ileum,age_range,30-39,70-79,70-79 minus 30-39,myeloid,Follicle Associated Resident Macrophages,descriptive,3,3,3,3,2,1,0.6637449244036491,-0.09695750729494905,-0.7607024316985981,100.0,0.0,-100.0,,6,1,True,
ileum,age_range,40-49,50-59,50-59 minus 40-49,myeloid,Follicle Associated Resident Macrophages,descriptive,2,7,2,7,2,4,0.4806428762922974,-0.11357789233990433,-0.5942207686322017,50.0,0.0,-50.0,,6,1,True,
ileum,age_range,40-49,60-69,60-69 minus 40-49,myeloid,Follicle Associated Resident Macrophages,descriptive,2,4,2,4,2,3,0.4806428762922974,0.19681903241010207,-0.28382384388219534,50.0,0.0,-50.0,,6,1,True,
ileum,age_range,40-49,70-79,70-79 minus 40-49,myeloid,Follicle Associated Resident Macrophages,descriptive,2,3,2,3,2,1,0.4806428762922974,-0.09695750729494905,-0.5776003835872464,50.0,0.0,-50.0,,6,1,True,
ileum,age_range,50-59,60-69,60-69 minus 50-59,myeloid,Follicle Associated Resident Macrophages,descriptive,7,4,7,4,4,3,-0.11357789233990433,0.19681903241010207,0.3103969247500064,0.0,0.0,0.0,,6,1,True,
ileum,age_range,50-59,70-79,70-79 minus 50-59,myeloid,Follicle Associated Resident Macrophages,descriptive,7,3,7,3,4,1,-0.11357789233990433,-0.09695750729494905,0.016620385044955277,0.0,0.0,0.0,,6,1,True,
ileum,age_range,60-69,70-79,70-79 minus 60-69,myeloid,Follicle Associated Resident Macrophages,descriptive,4,3,4,3,3,1,0.19681903241010207,-0.09695750729494905,-0.29377653970505113,0.0,0.0,0.0,,6,1,True,
ileum,age_range,10-19,20-29,20-29 minus 10-19,myeloid,Homeostatic Macrophages,descriptive,2,2,2,2,1,2,-0.3576970243008848,0.4806428762922974,0.8383399005931822,0.0,50.0,50.0,,6,1,True,
ileum,age_range,10-19,30-39,30-39 minus 10-19,myeloid,Homeostatic Macrophages,descriptive,2,3,2,3,1,2,-0.3576970243008848,-0.0686632680417576,0.2890337562591272,0.0,0.0,0.0,,6,1,True,
ileum,age_range,10-19,40-49,40-49 minus 10-19,myeloid,Homeostatic Macrophages,descriptive,2,2,2,2,1,2,-0.3576970243008848,-0.0686632680417576,0.2890337562591272,0.0,0.0,0.0,,6,1,True,
ileum,age_range,10-19,50-59,50-59 minus 10-19,myeloid,Homeostatic Macrophages,descriptive,2,7,2,7,1,4,-0.3576970243008848,-0.11357789233990433,0.24411913196098045,0.0,0.0,0.0,,6,1,True,
ileum,age_range,10-19,60-69,60-69 minus 10-19,myeloid,Homeostatic Macrophages,descriptive,2,4,2,4,1,3,-0.3576970243008848,0.06911262646860439,0.4268096507694892,0.0,0.0,0.0,,6,1,True,
ileum,age_range,10-19,70-79,70-79 minus 10-19,myeloid,Homeostatic Macrophages,descriptive,2,3,2,3,1,1,-0.3576970243008848,-0.09695750729494905,0.26073951700593573,0.0,0.0,0.0,,6,1,True,
ileum,age_range,20-29,30-39,30-39 minus 20-29,myeloid,Homeostatic Macrophages,descriptive,2,3,2,3,2,2,0.4806428762922974,-0.0686632680417576,-0.549306144334055,50.0,0.0,-50.0,,6,1,True,
ileum,age_range,20-29,40-49,40-49 minus 20-29,myeloid,Homeostatic Macrophages,descriptive,2,2,2,2,2,2,0.4806428762922974,-0.0686632680417576,-0.549306144334055,50.0,0.0,-50.0,,6,1,True,
ileum,age_range,20-29,50-59,50-59 minus 20-29,myeloid,Homeostatic Macrophages,descriptive,2,7,2,7,2,4,0.4806428762922974,-0.11357789233990433,-0.5942207686322017,50.0,0.0,-50.0,,6,1,True,
ileum,age_range,20-29,60-69,60-69 minus 20-29,myeloid,Homeostatic Macrophages,descriptive,2,4,2,4,2,3,0.4806428762922974,0.06911262646860439,-0.411530249823693,50.0,0.0,-50.0,,6,1,True,
ileum,age_range,20-29,70-79,70-79 minus 20-29,myeloid,Homeostatic Macrophages,descriptive,2,3,2,3,2,1,0.4806428762922974,-0.09695750729494905,-0.5776003835872464,50.0,0.0,-50.0,,6,1,True,
ileum,age_range,30-39,40-49,40-49 minus 30-39,myeloid,Homeostatic Macrophages,descriptive,3,2,3,2,2,2,-0.0686632680417576,-0.0686632680417576,0.0,0.0,0.0,0.0,,6,1,True,
ileum,age_range,30-39,50-59,50-59 minus 30-39,myeloid,Homeostatic Macrophages,descriptive,3,7,3,7,2,4,-0.0686632680417576,-0.11357789233990433,-0.04491462429814673,0.0,0.0,0.0,,6,1,True,
ileum,age_range,30-39,60-69,60-69 minus 30-39,myeloid,Homeostatic Macrophages,descriptive,3,4,3,4,2,3,-0.0686632680417576,0.06911262646860439,0.13777589451036198,0.0,0.0,0.0,,6,1,True,
ileum,age_range,30-39,70-79,70-79 minus 30-39,myeloid,Homeostatic Macrophages,descriptive,3,3,3,3,2,1,-0.0686632680417576,-0.09695750729494905,-0.028294239253191453,0.0,0.0,0.0,,6,1,True,
ileum,age_range,40-49,50-59,50-59 minus 40-49,myeloid,Homeostatic Macrophages,descriptive,2,7,2,7,2,4,-0.0686632680417576,-0.11357789233990433,-0.04491462429814673,0.0,0.0,0.0,,6,1,True,
ileum,age_range,40-49,60-69,60-69 minus 40-49,myeloid,Homeostatic Macrophages,descriptive,2,4,2,4,2,3,-0.0686632680417576,0.06911262646860439,0.13777589451036198,0.0,0.0,0.0,,6,1,True,
ileum,age_range,40-49,70-79,70-79 minus 40-49,myeloid,Homeostatic Macrophages,descriptive,2,3,2,3,2,1,-0.0686632680417576,-0.09695750729494905,-0.028294239253191453,0.0,0.0,0.0,,6,1,True,
ileum,age_range,50-59,60-69,60-69 minus 50-59,myeloid,Homeostatic Macrophages,descriptive,7,4,7,4,4,3,-0.11357789233990433,0.06911262646860439,0.18269051880850873,0.0,0.0,0.0,,6,1,True,
ileum,age_range,50-59,70-79,70-79 minus 50-59,myeloid,Homeostatic Macrophages,descriptive,7,3,7,3,4,1,-0.11357789233990433,-0.09695750729494905,0.016620385044955277,0.0,0.0,0.0,,6,1,True,
ileum,age_range,60-69,70-79,70-79 minus 60-69,myeloid,Homeostatic Macrophages,descriptive,4,3,4,3,3,1,0.06911262646860439,-0.09695750729494905,-0.16607013376355345,0.0,0.0,0.0,,6,1,True,
ileum,age_range,10-19,20-29,20-29 minus 10-19,myeloid,M0 Macrophages,descriptive,2,2,2,2,1,2,1.4199770064438222,-0.0686632680417576,-1.4886402744855798,45.19230769230769,0.0,-45.19230769230769,,6,1,True,
ileum,age_range,10-19,30-39,30-39 minus 10-19,myeloid,M0 Macrophages,descriptive,2,3,2,3,1,2,1.4199770064438222,-0.0686632680417576,-1.4886402744855798,45.19230769230769,0.0,-45.19230769230769,,6,1,True,
ileum,age_range,10-19,40-49,40-49 minus 10-19,myeloid,M0 Macrophages,descriptive,2,2,2,2,1,2,1.4199770064438222,-0.0686632680417576,-1.4886402744855798,45.19230769230769,0.0,-45.19230769230769,,6,1,True,
ileum,age_range,10-19,50-59,50-59 minus 10-19,myeloid,M0 Macrophages,descriptive,2,7,2,7,1,4,1.4199770064438222,0.291166871096698,-1.1288101353471243,45.19230769230769,0.0,-45.19230769230769,,6,1,True,
ileum,age_range,10-19,60-69,60-69 minus 10-19,myeloid,M0 Macrophages,descriptive,2,4,2,4,1,3,1.4199770064438222,0.7774159624826584,-0.6425610439611638,45.19230769230769,16.666666666666664,-28.52564102564103,,6,1,True,
ileum,age_range,10-19,70-79,70-79 minus 10-19,myeloid,M0 Macrophages,descriptive,2,3,2,3,1,1,1.4199770064438222,-0.09695750729494905,-1.5169345137387713,45.19230769230769,0.0,-45.19230769230769,,6,1,True,
ileum,age_range,20-29,30-39,30-39 minus 20-29,myeloid,M0 Macrophages,descriptive,2,3,2,3,2,2,-0.0686632680417576,-0.0686632680417576,0.0,0.0,0.0,0.0,,6,1,True,
ileum,age_range,20-29,40-49,40-49 minus 20-29,myeloid,M0 Macrophages,descriptive,2,2,2,2,2,2,-0.0686632680417576,-0.0686632680417576,0.0,0.0,0.0,0.0,,6,1,True,
ileum,age_range,20-29,50-59,50-59 minus 20-29,myeloid,M0 Macrophages,descriptive,2,7,2,7,2,4,-0.0686632680417576,0.291166871096698,0.3598301391384556,0.0,0.0,0.0,,6,1,True,
ileum,age_range,20-29,60-69,60-69 minus 20-29,myeloid,M0 Macrophages,descriptive,2,4,2,4,2,3,-0.0686632680417576,0.7774159624826584,0.846079230524416,0.0,16.666666666666664,16.666666666666664,,6,1,True,
ileum,age_range,20-29,70-79,70-79 minus 20-29,myeloid,M0 Macrophages,descriptive,2,3,2,3,2,1,-0.0686632680417576,-0.09695750729494905,-0.028294239253191453,0.0,0.0,0.0,,6,1,True,
ileum,age_range,30-39,40-49,40-49 minus 30-39,myeloid,M0 Macrophages,descriptive,3,2,3,2,2,2,-0.0686632680417576,-0.0686632680417576,0.0,0.0,0.0,0.0,,6,1,True,
ileum,age_range,30-39,50-59,50-59 minus 30-39,myeloid,M0 Macrophages,descriptive,3,7,3,7,2,4,-0.0686632680417576,0.291166871096698,0.3598301391384556,0.0,0.0,0.0,,6,1,True,
ileum,age_range,30-39,60-69,60-69 minus 30-39,myeloid,M0 Macrophages,descriptive,3,4,3,4,2,3,-0.0686632680417576,0.7774159624826584,0.846079230524416,0.0,16.666666666666664,16.666666666666664,,6,1,True,
ileum,age_range,30-39,70-79,70-79 minus 30-39,myeloid,M0 Macrophages,descriptive,3,3,3,3,2,1,-0.0686632680417576,-0.09695750729494905,-0.028294239253191453,0.0,0.0,0.0,,6,1,True,
ileum,age_range,40-49,50-59,50-59 minus 40-49,myeloid,M0 Macrophages,descriptive,2,7,2,7,2,4,-0.0686632680417576,0.291166871096698,0.3598301391384556,0.0,0.0,0.0,,6,1,True,
ileum,age_range,40-49,60-69,60-69 minus 40-49,myeloid,M0 Macrophages,descriptive,2,4,2,4,2,3,-0.0686632680417576,0.7774159624826584,0.846079230524416,0.0,16.666666666666664,16.666666666666664,,6,1,True,
ileum,age_range,40-49,70-79,70-79 minus 40-49,myeloid,M0 Macrophages,descriptive,2,3,2,3,2,1,-0.0686632680417576,-0.09695750729494905,-0.028294239253191453,0.0,0.0,0.0,,6,1,True,
ileum,age_range,50-59,60-69,60-69 minus 50-59,myeloid,M0 Macrophages,descriptive,7,4,7,4,4,3,0.291166871096698,0.7774159624826584,0.48624909138596045,0.0,16.666666666666664,16.666666666666664,,6,1,True,
ileum,age_range,50-59,70-79,70-79 minus 50-59,myeloid,M0 Macrophages,descriptive,7,3,7,3,4,1,0.291166871096698,-0.09695750729494905,-0.38812437839164704,0.0,0.0,0.0,,6,1,True,
ileum,age_range,60-69,70-79,70-79 minus 60-69,myeloid,M0 Macrophages,descriptive,4,3,4,3,3,1,0.7774159624826584,-0.09695750729494905,-0.8743734697776074,16.666666666666664,0.0,-16.666666666666664,,6,1,True,
ileum,age_range,10-19,20-29,20-29 minus 10-19,myeloid,Mast Cells,descriptive,2,2,2,2,1,2,-0.3576970243008848,-0.0686632680417576,0.2890337562591272,0.0,0.0,0.0,,6,1,True,
ileum,age_range,10-19,30-39,30-39 minus 10-19,myeloid,Mast Cells,descriptive,2,3,2,3,1,2,-0.3576970243008848,-0.0686632680417576,0.2890337562591272,0.0,0.0,0.0,,6,1,True,
ileum,age_range,10-19,40-49,40-49 minus 10-19,myeloid,Mast Cells,descriptive,2,2,2,2,1,2,-0.3576970243008848,-0.0686632680417576,0.2890337562591272,0.0,0.0,0.0,,6,1,True,
ileum,age_range,10-19,50-59,50-59 minus 10-19,myeloid,Mast Cells,descriptive,2,7,2,7,1,4,-0.3576970243008848,-0.11357789233990433,0.24411913196098045,0.0,0.0,0.0,,6,1,True,
ileum,age_range,10-19,60-69,60-69 minus 10-19,myeloid,Mast Cells,descriptive,2,4,2,4,1,3,-0.3576970243008848,0.19681903241010212,0.5545160567109869,0.0,0.0,0.0,,6,1,True,
ileum,age_range,10-19,70-79,70-79 minus 10-19,myeloid,Mast Cells,descriptive,2,3,2,3,1,1,-0.3576970243008848,-0.09695750729494905,0.26073951700593573,0.0,0.0,0.0,,6,1,True,
ileum,age_range,20-29,30-39,30-39 minus 20-29,myeloid,Mast Cells,descriptive,2,3,2,3,2,2,-0.0686632680417576,-0.0686632680417576,0.0,0.0,0.0,0.0,,6,1,True,
ileum,age_range,20-29,40-49,40-49 minus 20-29,myeloid,Mast Cells,descriptive,2,2,2,2,2,2,-0.0686632680417576,-0.0686632680417576,0.0,0.0,0.0,0.0,,6,1,True,
ileum,age_range,20-29,50-59,50-59 minus 20-29,myeloid,Mast Cells,descriptive,2,7,2,7,2,4,-0.0686632680417576,-0.11357789233990433,-0.04491462429814673,0.0,0.0,0.0,,6,1,True,
ileum,age_range,20-29,60-69,60-69 minus 20-29,myeloid,Mast Cells,descriptive,2,4,2,4,2,3,-0.0686632680417576,0.19681903241010212,0.2654823004518597,0.0,0.0,0.0,,6,1,True,
ileum,age_range,20-29,70-79,70-79 minus 20-29,myeloid,Mast Cells,descriptive,2,3,2,3,2,1,-0.0686632680417576,-0.09695750729494905,-0.028294239253191453,0.0,0.0,0.0,,6,1,True,
ileum,age_range,30-39,40-49,40-49 minus 30-39,myeloid,Mast Cells,descriptive,3,2,3,2,2,2,-0.0686632680417576,-0.0686632680417576,0.0,0.0,0.0,0.0,,6,1,True,
ileum,age_range,30-39,50-59,50-59 minus 30-39,myeloid,Mast Cells,descriptive,3,7,3,7,2,4,-0.0686632680417576,-0.11357789233990433,-0.04491462429814673,0.0,0.0,0.0,,6,1,True,
ileum,age_range,30-39,60-69,60-69 minus 30-39,myeloid,Mast Cells,descriptive,3,4,3,4,2,3,-0.0686632680417576,0.19681903241010212,0.2654823004518597,0.0,0.0,0.0,,6,1,True,
ileum,age_range,30-39,70-79,70-79 minus 30-39,myeloid,Mast Cells,descriptive,3,3,3,3,2,1,-0.0686632680417576,-0.09695750729494905,-0.028294239253191453,0.0,0.0,0.0,,6,1,True,
ileum,age_range,40-49,50-59,50-59 minus 40-49,myeloid,Mast Cells,descriptive,2,7,2,7,2,4,-0.0686632680417576,-0.11357789233990433,-0.04491462429814673,0.0,0.0,0.0,,6,1,True,
ileum,age_range,40-49,60-69,60-69 minus 40-49,myeloid,Mast Cells,descriptive,2,4,2,4,2,3,-0.0686632680417576,0.19681903241010212,0.2654823004518597,0.0,0.0,0.0,,6,1,True,
ileum,age_range,40-49,70-79,70-79 minus 40-49,myeloid,Mast Cells,descriptive,2,3,2,3,2,1,-0.0686632680417576,-0.09695750729494905,-0.028294239253191453,0.0,0.0,0.0,,6,1,True,
ileum,age_range,50-59,60-69,60-69 minus 50-59,myeloid,Mast Cells,descriptive,7,4,7,4,4,3,-0.11357789233990433,0.19681903241010212,0.31039692475000646,0.0,0.0,0.0,,6,1,True,
ileum,age_range,50-59,70-79,70-79 minus 50-59,myeloid,Mast Cells,descriptive,7,3,7,3,4,1,-0.11357789233990433,-0.09695750729494905,0.016620385044955277,0.0,0.0,0.0,,6,1,True,
ileum,age_range,60-69,70-79,70-79 minus 60-69,myeloid,Mast Cells,descriptive,4,3,4,3,3,1,0.19681903241010212,-0.09695750729494905,-0.2937765397050512,0.0,0.0,0.0,,6,1,True,
ileum,age_range,10-19,20-29,20-29 minus 10-19,myeloid,Monocyte Derived Dendritic Cells (MO DC),descriptive,2,2,2,2,1,2,-0.3576970243008848,0.4806428762922974,0.8383399005931822,0.0,50.0,50.0,,6,1,True,
ileum,age_range,10-19,30-39,30-39 minus 10-19,myeloid,Monocyte Derived Dendritic Cells (MO DC),descriptive,2,3,2,3,1,2,-0.3576970243008848,-0.0686632680417576,0.2890337562591272,0.0,0.0,0.0,,6,1,True,
ileum,age_range,10-19,40-49,40-49 minus 10-19,myeloid,Monocyte Derived Dendritic Cells (MO DC),descriptive,2,2,2,2,1,2,-0.3576970243008848,-0.0686632680417576,0.2890337562591272,0.0,0.0,0.0,,6,1,True,
ileum,age_range,10-19,50-59,50-59 minus 10-19,myeloid,Monocyte Derived Dendritic Cells (MO DC),descriptive,2,7,2,7,1,4,-0.3576970243008848,0.20031133299384138,0.5580083572947262,0.0,0.0,0.0,,6,1,True,
ileum,age_range,10-19,60-69,60-69 minus 10-19,myeloid,Monocyte Derived Dendritic Cells (MO DC),descriptive,2,4,2,4,1,3,-0.3576970243008848,-0.205540445698423,0.1521565786024618,0.0,0.0,0.0,,6,1,True,
ileum,age_range,10-19,70-79,70-79 minus 10-19,myeloid,Monocyte Derived Dendritic Cells (MO DC),descriptive,2,3,2,3,1,1,-0.3576970243008848,-0.09695750729494905,0.26073951700593573,0.0,0.0,0.0,,6,1,True,
ileum,age_range,20-29,30-39,30-39 minus 20-29,myeloid,Monocyte Derived Dendritic Cells (MO DC),descriptive,2,3,2,3,2,2,0.4806428762922974,-0.0686632680417576,-0.549306144334055,50.0,0.0,-50.0,,6,1,True,
ileum,age_range,20-29,40-49,40-49 minus 20-29,myeloid,Monocyte Derived Dendritic Cells (MO DC),descriptive,2,2,2,2,2,2,0.4806428762922974,-0.0686632680417576,-0.549306144334055,50.0,0.0,-50.0,,6,1,True,
ileum,age_range,20-29,50-59,50-59 minus 20-29,myeloid,Monocyte Derived Dendritic Cells (MO DC),descriptive,2,7,2,7,2,4,0.4806428762922974,0.20031133299384138,-0.280331543298456,50.0,0.0,-50.0,,6,1,True,
ileum,age_range,20-29,60-69,60-69 minus 20-29,myeloid,Monocyte Derived Dendritic Cells (MO DC),descriptive,2,4,2,4,2,3,0.4806428762922974,-0.205540445698423,-0.6861833219907204,50.0,0.0,-50.0,,6,1,True,
ileum,age_range,20-29,70-79,70-79 minus 20-29,myeloid,Monocyte Derived Dendritic Cells (MO DC),descriptive,2,3,2,3,2,1,0.4806428762922974,-0.09695750729494905,-0.5776003835872464,50.0,0.0,-50.0,,6,1,True,
ileum,age_range,30-39,40-49,40-49 minus 30-39,myeloid,Monocyte Derived Dendritic Cells (MO DC),descriptive,3,2,3,2,2,2,-0.0686632680417576,-0.0686632680417576,0.0,0.0,0.0,0.0,,6,1,True,
ileum,age_range,30-39,50-59,50-59 minus 30-39,myeloid,Monocyte Derived Dendritic Cells (MO DC),descriptive,3,7,3,7,2,4,-0.0686632680417576,0.20031133299384138,0.268974601035599,0.0,0.0,0.0,,6,1,True,
ileum,age_range,30-39,60-69,60-69 minus 30-39,myeloid,Monocyte Derived Dendritic Cells (MO DC),descriptive,3,4,3,4,2,3,-0.0686632680417576,-0.205540445698423,-0.1368771776566654,0.0,0.0,0.0,,6,1,True,
ileum,age_range,30-39,70-79,70-79 minus 30-39,myeloid,Monocyte Derived Dendritic Cells (MO DC),descriptive,3,3,3,3,2,1,-0.0686632680417576,-0.09695750729494905,-0.028294239253191453,0.0,0.0,0.0,,6,1,True,
ileum,age_range,40-49,50-59,50-59 minus 40-49,myeloid,Monocyte Derived Dendritic Cells (MO DC),descriptive,2,7,2,7,2,4,-0.0686632680417576,0.20031133299384138,0.268974601035599,0.0,0.0,0.0,,6,1,True,
ileum,age_range,40-49,60-69,60-69 minus 40-49,myeloid,Monocyte Derived Dendritic Cells (MO DC),descriptive,2,4,2,4,2,3,-0.0686632680417576,-0.205540445698423,-0.1368771776566654,0.0,0.0,0.0,,6,1,True,
ileum,age_range,40-49,70-79,70-79 minus 40-49,myeloid,Monocyte Derived Dendritic Cells (MO DC),descriptive,2,3,2,3,2,1,-0.0686632680417576,-0.09695750729494905,-0.028294239253191453,0.0,0.0,0.0,,6,1,True,
ileum,age_range,50-59,60-69,60-69 minus 50-59,myeloid,Monocyte Derived Dendritic Cells (MO DC),descriptive,7,4,7,4,4,3,0.20031133299384138,-0.205540445698423,-0.4058517786922644,0.0,0.0,0.0,,6,1,True,
ileum,age_range,50-59,70-79,70-79 minus 50-59,myeloid,Monocyte Derived Dendritic Cells (MO DC),descriptive,7,3,7,3,4,1,0.20031133299384138,-0.09695750729494905,-0.2972688402887904,0.0,0.0,0.0,,6,1,True,
ileum,age_range,60-69,70-79,70-79 minus 60-69,myeloid,Monocyte Derived Dendritic Cells (MO DC),descriptive,4,3,4,3,3,1,-0.205540445698423,-0.09695750729494905,0.10858293840347395,0.0,0.0,0.0,,6,1,True,
ileum,age_range,10-19,20-29,20-29 minus 10-19,myeloid,Neutrophils,descriptive,2,2,2,2,1,2,-0.3576970243008848,-0.0686632680417576,0.2890337562591272,0.0,0.0,0.0,,6,1,True,
ileum,age_range,10-19,30-39,30-39 minus 10-19,myeloid,Neutrophils,descriptive,2,3,2,3,1,2,-0.3576970243008848,-0.0686632680417576,0.2890337562591272,0.0,0.0,0.0,,6,1,True,
ileum,age_range,10-19,40-49,40-49 minus 10-19,myeloid,Neutrophils,descriptive,2,2,2,2,1,2,-0.3576970243008848,-0.0686632680417576,0.2890337562591272,0.0,0.0,0.0,,6,1,True,
ileum,age_range,10-19,50-59,50-59 minus 10-19,myeloid,Neutrophils,descriptive,2,7,2,7,1,4,-0.3576970243008848,-0.11357789233990433,0.24411913196098045,0.0,0.0,0.0,,6,1,True,
ileum,age_range,10-19,60-69,60-69 minus 10-19,myeloid,Neutrophils,descriptive,2,4,2,4,1,3,-0.3576970243008848,-0.205540445698423,0.1521565786024618,0.0,0.0,0.0,,6,1,True,
ileum,age_range,10-19,70-79,70-79 minus 10-19,myeloid,Neutrophils,descriptive,2,3,2,3,1,1,-0.3576970243008848,1.4543626094242255,1.8120596337251103,0.0,100.0,100.0,,6,1,True,
ileum,age_range,20-29,30-39,30-39 minus 20-29,myeloid,Neutrophils,descriptive,2,3,2,3,2,2,-0.0686632680417576,-0.0686632680417576,0.0,0.0,0.0,0.0,,6,1,True,
ileum,age_range,20-29,40-49,40-49 minus 20-29,myeloid,Neutrophils,descriptive,2,2,2,2,2,2,-0.0686632680417576,-0.0686632680417576,0.0,0.0,0.0,0.0,,6,1,True,
ileum,age_range,20-29,50-59,50-59 minus 20-29,myeloid,Neutrophils,descriptive,2,7,2,7,2,4,-0.0686632680417576,-0.11357789233990433,-0.04491462429814673,0.0,0.0,0.0,,6,1,True,
ileum,age_range,20-29,60-69,60-69 minus 20-29,myeloid,Neutrophils,descriptive,2,4,2,4,2,3,-0.0686632680417576,-0.205540445698423,-0.1368771776566654,0.0,0.0,0.0,,6,1,True,
ileum,age_range,20-29,70-79,70-79 minus 20-29,myeloid,Neutrophils,descriptive,2,3,2,3,2,1,-0.0686632680417576,1.4543626094242255,1.523025877465983,0.0,100.0,100.0,,6,1,True,
ileum,age_range,30-39,40-49,40-49 minus 30-39,myeloid,Neutrophils,descriptive,3,2,3,2,2,2,-0.0686632680417576,-0.0686632680417576,0.0,0.0,0.0,0.0,,6,1,True,
ileum,age_range,30-39,50-59,50-59 minus 30-39,myeloid,Neutrophils,descriptive,3,7,3,7,2,4,-0.0686632680417576,-0.11357789233990433,-0.04491462429814673,0.0,0.0,0.0,,6,1,True,
ileum,age_range,30-39,60-69,60-69 minus 30-39,myeloid,Neutrophils,descriptive,3,4,3,4,2,3,-0.0686632680417576,-0.205540445698423,-0.1368771776566654,0.0,0.0,0.0,,6,1,True,
ileum,age_range,30-39,70-79,70-79 minus 30-39,myeloid,Neutrophils,descriptive,3,3,3,3,2,1,-0.0686632680417576,1.4543626094242255,1.523025877465983,0.0,100.0,100.0,,6,1,True,
ileum,age_range,40-49,50-59,50-59 minus 40-49,myeloid,Neutrophils,descriptive,2,7,2,7,2,4,-0.0686632680417576,-0.11357789233990433,-0.04491462429814673,0.0,0.0,0.0,,6,1,True,
ileum,age_range,40-49,60-69,60-69 minus 40-49,myeloid,Neutrophils,descriptive,2,4,2,4,2,3,-0.0686632680417576,-0.205540445698423,-0.1368771776566654,0.0,0.0,0.0,,6,1,True,
ileum,age_range,40-49,70-79,70-79 minus 40-49,myeloid,Neutrophils,descriptive,2,3,2,3,2,1,-0.0686632680417576,1.4543626094242255,1.523025877465983,0.0,100.0,100.0,,6,1,True,
ileum,age_range,50-59,60-69,60-69 minus 50-59,myeloid,Neutrophils,descriptive,7,4,7,4,4,3,-0.11357789233990433,-0.205540445698423,-0.09196255335851868,0.0,0.0,0.0,,6,1,True,
ileum,age_range,50-59,70-79,70-79 minus 50-59,myeloid,Neutrophils,descriptive,7,3,7,3,4,1,-0.11357789233990433,1.4543626094242255,1.5679405017641297,0.0,100.0,100.0,,6,1,True,
ileum,age_range,60-69,70-79,70-79 minus 60-69,myeloid,Neutrophils,descriptive,4,3,4,3,3,1,-0.205540445698423,1.4543626094242255,1.6599030551226486,0.0,100.0,100.0,,6,1,True,
ileum,age_range,10-19,20-29,20-29 minus 10-19,myeloid,Nonclassical Monocytes,descriptive,2,2,2,2,1,2,-0.3576970243008848,-0.0686632680417576,0.2890337562591272,0.0,0.0,0.0,,6,1,True,
ileum,age_range,10-19,30-39,30-39 minus 10-19,myeloid,Nonclassical Monocytes,descriptive,2,3,2,3,1,2,-0.3576970243008848,-0.0686632680417576,0.2890337562591272,0.0,0.0,0.0,,6,1,True,
ileum,age_range,10-19,40-49,40-49 minus 10-19,myeloid,Nonclassical Monocytes,descriptive,2,2,2,2,1,2,-0.3576970243008848,-0.0686632680417576,0.2890337562591272,0.0,0.0,0.0,,6,1,True,
ileum,age_range,10-19,50-59,50-59 minus 10-19,myeloid,Nonclassical Monocytes,descriptive,2,7,2,7,1,4,-0.3576970243008848,-0.11357789233990433,0.24411913196098045,0.0,0.0,0.0,,6,1,True,
ileum,age_range,10-19,60-69,60-69 minus 10-19,myeloid,Nonclassical Monocytes,descriptive,2,4,2,4,1,3,-0.3576970243008848,-0.205540445698423,0.1521565786024618,0.0,0.0,0.0,,6,1,True,
ileum,age_range,10-19,70-79,70-79 minus 10-19,myeloid,Nonclassical Monocytes,descriptive,2,3,2,3,1,1,-0.3576970243008848,-0.09695750729494905,0.26073951700593573,0.0,0.0,0.0,,6,1,True,
ileum,age_range,20-29,30-39,30-39 minus 20-29,myeloid,Nonclassical Monocytes,descriptive,2,3,2,3,2,2,-0.0686632680417576,-0.0686632680417576,0.0,0.0,0.0,0.0,,6,1,True,
ileum,age_range,20-29,40-49,40-49 minus 20-29,myeloid,Nonclassical Monocytes,descriptive,2,2,2,2,2,2,-0.0686632680417576,-0.0686632680417576,0.0,0.0,0.0,0.0,,6,1,True,
ileum,age_range,20-29,50-59,50-59 minus 20-29,myeloid,Nonclassical Monocytes,descriptive,2,7,2,7,2,4,-0.0686632680417576,-0.11357789233990433,-0.04491462429814673,0.0,0.0,0.0,,6,1,True,
ileum,age_range,20-29,60-69,60-69 minus 20-29,myeloid,Nonclassical Monocytes,descriptive,2,4,2,4,2,3,-0.0686632680417576,-0.205540445698423,-0.1368771776566654,0.0,0.0,0.0,,6,1,True,
ileum,age_range,20-29,70-79,70-79 minus 20-29,myeloid,Nonclassical Monocytes,descriptive,2,3,2,3,2,1,-0.0686632680417576,-0.09695750729494905,-0.028294239253191453,0.0,0.0,0.0,,6,1,True,
ileum,age_range,30-39,40-49,40-49 minus 30-39,myeloid,Nonclassical Monocytes,descriptive,3,2,3,2,2,2,-0.0686632680417576,-0.0686632680417576,0.0,0.0,0.0,0.0,,6,1,True,
ileum,age_range,30-39,50-59,50-59 minus 30-39,myeloid,Nonclassical Monocytes,descriptive,3,7,3,7,2,4,-0.0686632680417576,-0.11357789233990433,-0.04491462429814673,0.0,0.0,0.0,,6,1,True,
ileum,age_range,30-39,60-69,60-69 minus 30-39,myeloid,Nonclassical Monocytes,descriptive,3,4,3,4,2,3,-0.0686632680417576,-0.205540445698423,-0.1368771776566654,0.0,0.0,0.0,,6,1,True,
ileum,age_range,30-39,70-79,70-79 minus 30-39,myeloid,Nonclassical Monocytes,descriptive,3,3,3,3,2,1,-0.0686632680417576,-0.09695750729494905,-0.028294239253191453,0.0,0.0,0.0,,6,1,True,
ileum,age_range,40-49,50-59,50-59 minus 40-49,myeloid,Nonclassical Monocytes,descriptive,2,7,2,7,2,4,-0.0686632680417576,-0.11357789233990433,-0.04491462429814673,0.0,0.0,0.0,,6,1,True,
ileum,age_range,40-49,60-69,60-69 minus 40-49,myeloid,Nonclassical Monocytes,descriptive,2,4,2,4,2,3,-0.0686632680417576,-0.205540445698423,-0.1368771776566654,0.0,0.0,0.0,,6,1,True,
ileum,age_range,40-49,70-79,70-79 minus 40-49,myeloid,Nonclassical Monocytes,descriptive,2,3,2,3,2,1,-0.0686632680417576,-0.09695750729494905,-0.028294239253191453,0.0,0.0,0.0,,6,1,True,
ileum,age_range,50-59,60-69,60-69 minus 50-59,myeloid,Nonclassical Monocytes,descriptive,7,4,7,4,4,3,-0.11357789233990433,-0.205540445698423,-0.09196255335851868,0.0,0.0,0.0,,6,1,True,
ileum,age_range,50-59,70-79,70-79 minus 50-59,myeloid,Nonclassical Monocytes,descriptive,7,3,7,3,4,1,-0.11357789233990433,-0.09695750729494905,0.016620385044955277,0.0,0.0,0.0,,6,1,True,
ileum,age_range,60-69,70-79,70-79 minus 60-69,myeloid,Nonclassical Monocytes,descriptive,4,3,4,3,3,1,-0.205540445698423,-0.09695750729494905,0.10858293840347395,0.0,0.0,0.0,,6,1,True,
ileum,age_range,10-19,20-29,20-29 minus 10-19,myeloid,Perivascular Resident Macrophages,descriptive,2,2,2,2,1,2,-0.3576970243008848,-0.0686632680417576,0.2890337562591272,0.0,0.0,0.0,,6,1,True,
ileum,age_range,10-19,30-39,30-39 minus 10-19,myeloid,Perivascular Resident Macrophages,descriptive,2,3,2,3,1,2,-0.3576970243008848,-0.0686632680417576,0.2890337562591272,0.0,0.0,0.0,,6,1,True,
ileum,age_range,10-19,40-49,40-49 minus 10-19,myeloid,Perivascular Resident Macrophages,descriptive,2,2,2,2,1,2,-0.3576970243008848,-0.0686632680417576,0.2890337562591272,0.0,0.0,0.0,,6,1,True,
ileum,age_range,10-19,50-59,50-59 minus 10-19,myeloid,Perivascular Resident Macrophages,descriptive,2,7,2,7,1,4,-0.3576970243008848,0.04336672032696853,0.4010637446278533,0.0,0.0,0.0,,6,1,True,
ileum,age_range,10-19,60-69,60-69 minus 10-19,myeloid,Perivascular Resident Macrophages,descriptive,2,4,2,4,1,3,-0.3576970243008848,0.19681903241010207,0.5545160567109868,0.0,0.0,0.0,,6,1,True,
ileum,age_range,10-19,70-79,70-79 minus 10-19,myeloid,Perivascular Resident Macrophages,descriptive,2,3,2,3,1,1,-0.3576970243008848,-0.09695750729494905,0.26073951700593573,0.0,0.0,0.0,,6,1,True,
ileum,age_range,20-29,30-39,30-39 minus 20-29,myeloid,Perivascular Resident Macrophages,descriptive,2,3,2,3,2,2,-0.0686632680417576,-0.0686632680417576,0.0,0.0,0.0,0.0,,6,1,True,
ileum,age_range,20-29,40-49,40-49 minus 20-29,myeloid,Perivascular Resident Macrophages,descriptive,2,2,2,2,2,2,-0.0686632680417576,-0.0686632680417576,0.0,0.0,0.0,0.0,,6,1,True,
ileum,age_range,20-29,50-59,50-59 minus 20-29,myeloid,Perivascular Resident Macrophages,descriptive,2,7,2,7,2,4,-0.0686632680417576,0.04336672032696853,0.11202998836872613,0.0,0.0,0.0,,6,1,True,
ileum,age_range,20-29,60-69,60-69 minus 20-29,myeloid,Perivascular Resident Macrophages,descriptive,2,4,2,4,2,3,-0.0686632680417576,0.19681903241010207,0.26548230045185967,0.0,0.0,0.0,,6,1,True,
ileum,age_range,20-29,70-79,70-79 minus 20-29,myeloid,Perivascular Resident Macrophages,descriptive,2,3,2,3,2,1,-0.0686632680417576,-0.09695750729494905,-0.028294239253191453,0.0,0.0,0.0,,6,1,True,
ileum,age_range,30-39,40-49,40-49 minus 30-39,myeloid,Perivascular Resident Macrophages,descriptive,3,2,3,2,2,2,-0.0686632680417576,-0.0686632680417576,0.0,0.0,0.0,0.0,,6,1,True,
ileum,age_range,30-39,50-59,50-59 minus 30-39,myeloid,Perivascular Resident Macrophages,descriptive,3,7,3,7,2,4,-0.0686632680417576,0.04336672032696853,0.11202998836872613,0.0,0.0,0.0,,6,1,True,
ileum,age_range,30-39,60-69,60-69 minus 30-39,myeloid,Perivascular Resident Macrophages,descriptive,3,4,3,4,2,3,-0.0686632680417576,0.19681903241010207,0.26548230045185967,0.0,0.0,0.0,,6,1,True,
ileum,age_range,30-39,70-79,70-79 minus 30-39,myeloid,Perivascular Resident Macrophages,descriptive,3,3,3,3,2,1,-0.0686632680417576,-0.09695750729494905,-0.028294239253191453,0.0,0.0,0.0,,6,1,True,
ileum,age_range,40-49,50-59,50-59 minus 40-49,myeloid,Perivascular Resident Macrophages,descriptive,2,7,2,7,2,4,-0.0686632680417576,0.04336672032696853,0.11202998836872613,0.0,0.0,0.0,,6,1,True,
ileum,age_range,40-49,60-69,60-69 minus 40-49,myeloid,Perivascular Resident Macrophages,descriptive,2,4,2,4,2,3,-0.0686632680417576,0.19681903241010207,0.26548230045185967,0.0,0.0,0.0,,6,1,True,
ileum,age_range,40-49,70-79,70-79 minus 40-49,myeloid,Perivascular Resident Macrophages,descriptive,2,3,2,3,2,1,-0.0686632680417576,-0.09695750729494905,-0.028294239253191453,0.0,0.0,0.0,,6,1,True,
ileum,age_range,50-59,60-69,60-69 minus 50-59,myeloid,Perivascular Resident Macrophages,descriptive,7,4,7,4,4,3,0.04336672032696853,0.19681903241010207,0.15345231208313354,0.0,0.0,0.0,,6,1,True,
ileum,age_range,50-59,70-79,70-79 minus 50-59,myeloid,Perivascular Resident Macrophages,descriptive,7,3,7,3,4,1,0.04336672032696853,-0.09695750729494905,-0.1403242276219176,0.0,0.0,0.0,,6,1,True,
ileum,age_range,60-69,70-79,70-79 minus 60-69,myeloid,Perivascular Resident Macrophages,descriptive,4,3,4,3,3,1,0.19681903241010207,-0.09695750729494905,-0.29377653970505113,0.0,0.0,0.0,,6,1,True,
ileum,age_range,10-19,20-29,20-29 minus 10-19,myeloid,Tolerogenic cDC2,descriptive,2,2,2,2,1,2,0.19160912003317,-0.0686632680417576,-0.2602723880749276,3.8461538461538463,0.0,-3.8461538461538463,,6,1,True,
ileum,age_range,10-19,30-39,30-39 minus 10-19,myeloid,Tolerogenic cDC2,descriptive,2,3,2,3,1,2,0.19160912003317,-0.0686632680417576,-0.2602723880749276,3.8461538461538463,0.0,-3.8461538461538463,,6,1,True,
ileum,age_range,10-19,40-49,40-49 minus 10-19,myeloid,Tolerogenic cDC2,descriptive,2,2,2,2,1,2,0.19160912003317,-0.0686632680417576,-0.2602723880749276,3.8461538461538463,0.0,-3.8461538461538463,,6,1,True,
ileum,age_range,10-19,50-59,50-59 minus 10-19,myeloid,Tolerogenic cDC2,descriptive,2,7,2,7,1,4,0.19160912003317,-0.11357789233990433,-0.30518701237307433,3.8461538461538463,0.0,-3.8461538461538463,,6,1,True,
ileum,age_range,10-19,60-69,60-69 minus 10-19,myeloid,Tolerogenic cDC2,descriptive,2,4,2,4,1,3,0.19160912003317,-0.205540445698423,-0.397149565731593,3.8461538461538463,0.0,-3.8461538461538463,,6,1,True,
ileum,age_range,10-19,70-79,70-79 minus 10-19,myeloid,Tolerogenic cDC2,descriptive,2,3,2,3,1,1,0.19160912003317,-0.09695750729494905,-0.28856662732811905,3.8461538461538463,0.0,-3.8461538461538463,,6,1,True,
ileum,age_range,20-29,30-39,30-39 minus 20-29,myeloid,Tolerogenic cDC2,descriptive,2,3,2,3,2,2,-0.0686632680417576,-0.0686632680417576,0.0,0.0,0.0,0.0,,6,1,True,
ileum,age_range,20-29,40-49,40-49 minus 20-29,myeloid,Tolerogenic cDC2,descriptive,2,2,2,2,2,2,-0.0686632680417576,-0.0686632680417576,0.0,0.0,0.0,0.0,,6,1,True,
ileum,age_range,20-29,50-59,50-59 minus 20-29,myeloid,Tolerogenic cDC2,descriptive,2,7,2,7,2,4,-0.0686632680417576,-0.11357789233990433,-0.04491462429814673,0.0,0.0,0.0,,6,1,True,
ileum,age_range,20-29,60-69,60-69 minus 20-29,myeloid,Tolerogenic cDC2,descriptive,2,4,2,4,2,3,-0.0686632680417576,-0.205540445698423,-0.1368771776566654,0.0,0.0,0.0,,6,1,True,
ileum,age_range,20-29,70-79,70-79 minus 20-29,myeloid,Tolerogenic cDC2,descriptive,2,3,2,3,2,1,-0.0686632680417576,-0.09695750729494905,-0.028294239253191453,0.0,0.0,0.0,,6,1,True,
ileum,age_range,30-39,40-49,40-49 minus 30-39,myeloid,Tolerogenic cDC2,descriptive,3,2,3,2,2,2,-0.0686632680417576,-0.0686632680417576,0.0,0.0,0.0,0.0,,6,1,True,
ileum,age_range,30-39,50-59,50-59 minus 30-39,myeloid,Tolerogenic cDC2,descriptive,3,7,3,7,2,4,-0.0686632680417576,-0.11357789233990433,-0.04491462429814673,0.0,0.0,0.0,,6,1,True,
ileum,age_range,30-39,60-69,60-69 minus 30-39,myeloid,Tolerogenic cDC2,descriptive,3,4,3,4,2,3,-0.0686632680417576,-0.205540445698423,-0.1368771776566654,0.0,0.0,0.0,,6,1,True,
ileum,age_range,30-39,70-79,70-79 minus 30-39,myeloid,Tolerogenic cDC2,descriptive,3,3,3,3,2,1,-0.0686632680417576,-0.09695750729494905,-0.028294239253191453,0.0,0.0,0.0,,6,1,True,
ileum,age_range,40-49,50-59,50-59 minus 40-49,myeloid,Tolerogenic cDC2,descriptive,2,7,2,7,2,4,-0.0686632680417576,-0.11357789233990433,-0.04491462429814673,0.0,0.0,0.0,,6,1,True,
ileum,age_range,40-49,60-69,60-69 minus 40-49,myeloid,Tolerogenic cDC2,descriptive,2,4,2,4,2,3,-0.0686632680417576,-0.205540445698423,-0.1368771776566654,0.0,0.0,0.0,,6,1,True,
ileum,age_range,40-49,70-79,70-79 minus 40-49,myeloid,Tolerogenic cDC2,descriptive,2,3,2,3,2,1,-0.0686632680417576,-0.09695750729494905,-0.028294239253191453,0.0,0.0,0.0,,6,1,True,
ileum,age_range,50-59,60-69,60-69 minus 50-59,myeloid,Tolerogenic cDC2,descriptive,7,4,7,4,4,3,-0.11357789233990433,-0.205540445698423,-0.09196255335851868,0.0,0.0,0.0,,6,1,True,
ileum,age_range,50-59,70-79,70-79 minus 50-59,myeloid,Tolerogenic cDC2,descriptive,7,3,7,3,4,1,-0.11357789233990433,-0.09695750729494905,0.016620385044955277,0.0,0.0,0.0,,6,1,True,
ileum,age_range,60-69,70-79,70-79 minus 60-69,myeloid,Tolerogenic cDC2,descriptive,4,3,4,3,3,1,-0.205540445698423,-0.09695750729494905,0.10858293840347395,0.0,0.0,0.0,,6,1,True,
ileum,age_range,10-19,20-29,20-29 minus 10-19,myeloid,cDC1,descriptive,2,2,2,2,1,2,-0.3576970243008848,-0.0686632680417576,0.2890337562591272,0.0,0.0,0.0,,6,1,True,
ileum,age_range,10-19,30-39,30-39 minus 10-19,myeloid,cDC1,descriptive,2,3,2,3,1,2,-0.3576970243008848,-0.0686632680417576,0.2890337562591272,0.0,0.0,0.0,,6,1,True,
ileum,age_range,10-19,40-49,40-49 minus 10-19,myeloid,cDC1,descriptive,2,2,2,2,1,2,-0.3576970243008848,-0.0686632680417576,0.2890337562591272,0.0,0.0,0.0,,6,1,True,
ileum,age_range,10-19,50-59,50-59 minus 10-19,myeloid,cDC1,descriptive,2,7,2,7,1,4,-0.3576970243008848,-0.11357789233990433,0.24411913196098045,0.0,0.0,0.0,,6,1,True,
ileum,age_range,10-19,60-69,60-69 minus 10-19,myeloid,cDC1,descriptive,2,4,2,4,1,3,-0.3576970243008848,0.06911262646860433,0.4268096507694891,0.0,0.0,0.0,,6,1,True,
ileum,age_range,10-19,70-79,70-79 minus 10-19,myeloid,cDC1,descriptive,2,3,2,3,1,1,-0.3576970243008848,-0.09695750729494905,0.26073951700593573,0.0,0.0,0.0,,6,1,True,
ileum,age_range,20-29,30-39,30-39 minus 20-29,myeloid,cDC1,descriptive,2,3,2,3,2,2,-0.0686632680417576,-0.0686632680417576,0.0,0.0,0.0,0.0,,6,1,True,
ileum,age_range,20-29,40-49,40-49 minus 20-29,myeloid,cDC1,descriptive,2,2,2,2,2,2,-0.0686632680417576,-0.0686632680417576,0.0,0.0,0.0,0.0,,6,1,True,
ileum,age_range,20-29,50-59,50-59 minus 20-29,myeloid,cDC1,descriptive,2,7,2,7,2,4,-0.0686632680417576,-0.11357789233990433,-0.04491462429814673,0.0,0.0,0.0,,6,1,True,
ileum,age_range,20-29,60-69,60-69 minus 20-29,myeloid,cDC1,descriptive,2,4,2,4,2,3,-0.0686632680417576,0.06911262646860433,0.13777589451036193,0.0,0.0,0.0,,6,1,True,
ileum,age_range,20-29,70-79,70-79 minus 20-29,myeloid,cDC1,descriptive,2,3,2,3,2,1,-0.0686632680417576,-0.09695750729494905,-0.028294239253191453,0.0,0.0,0.0,,6,1,True,
ileum,age_range,30-39,40-49,40-49 minus 30-39,myeloid,cDC1,descriptive,3,2,3,2,2,2,-0.0686632680417576,-0.0686632680417576,0.0,0.0,0.0,0.0,,6,1,True,
ileum,age_range,30-39,50-59,50-59 minus 30-39,myeloid,cDC1,descriptive,3,7,3,7,2,4,-0.0686632680417576,-0.11357789233990433,-0.04491462429814673,0.0,0.0,0.0,,6,1,True,
ileum,age_range,30-39,60-69,60-69 minus 30-39,myeloid,cDC1,descriptive,3,4,3,4,2,3,-0.0686632680417576,0.06911262646860433,0.13777589451036193,0.0,0.0,0.0,,6,1,True,
ileum,age_range,30-39,70-79,70-79 minus 30-39,myeloid,cDC1,descriptive,3,3,3,3,2,1,-0.0686632680417576,-0.09695750729494905,-0.028294239253191453,0.0,0.0,0.0,,6,1,True,
ileum,age_range,40-49,50-59,50-59 minus 40-49,myeloid,cDC1,descriptive,2,7,2,7,2,4,-0.0686632680417576,-0.11357789233990433,-0.04491462429814673,0.0,0.0,0.0,,6,1,True,
ileum,age_range,40-49,60-69,60-69 minus 40-49,myeloid,cDC1,descriptive,2,4,2,4,2,3,-0.0686632680417576,0.06911262646860433,0.13777589451036193,0.0,0.0,0.0,,6,1,True,
ileum,age_range,40-49,70-79,70-79 minus 40-49,myeloid,cDC1,descriptive,2,3,2,3,2,1,-0.0686632680417576,-0.09695750729494905,-0.028294239253191453,0.0,0.0,0.0,,6,1,True,
ileum,age_range,50-59,60-69,60-69 minus 50-59,myeloid,cDC1,descriptive,7,4,7,4,4,3,-0.11357789233990433,0.06911262646860433,0.18269051880850867,0.0,0.0,0.0,,6,1,True,
ileum,age_range,50-59,70-79,70-79 minus 50-59,myeloid,cDC1,descriptive,7,3,7,3,4,1,-0.11357789233990433,-0.09695750729494905,0.016620385044955277,0.0,0.0,0.0,,6,1,True,
ileum,age_range,60-69,70-79,70-79 minus 60-69,myeloid,cDC1,descriptive,4,3,4,3,3,1,0.06911262646860433,-0.09695750729494905,-0.1660701337635534,0.0,0.0,0.0,,6,1,True,
ileum,age_range,10-19,20-29,20-29 minus 10-19,myeloid,cDC2,descriptive,2,2,2,2,1,2,0.8412506120983005,-0.0686632680417576,-0.9099138801400581,19.230769230769234,0.0,-19.230769230769234,,6,1,True,
ileum,age_range,10-19,30-39,30-39 minus 10-19,myeloid,cDC2,descriptive,2,3,2,3,1,2,0.8412506120983005,-0.0686632680417576,-0.9099138801400581,19.230769230769234,0.0,-19.230769230769234,,6,1,True,
ileum,age_range,10-19,40-49,40-49 minus 10-19,myeloid,cDC2,descriptive,2,2,2,2,1,2,0.8412506120983005,-0.0686632680417576,-0.9099138801400581,19.230769230769234,0.0,-19.230769230769234,,6,1,True,
ileum,age_range,10-19,50-59,50-59 minus 10-19,myeloid,cDC2,descriptive,2,7,2,7,1,4,0.8412506120983005,0.04336672032696847,-0.7978838917713321,19.230769230769234,0.0,-19.230769230769234,,6,1,True,
ileum,age_range,10-19,60-69,60-69 minus 10-19,myeloid,cDC2,descriptive,2,4,2,4,1,3,0.8412506120983005,0.3437656986356317,-0.4974849134626688,19.230769230769234,4.166666666666666,-15.064102564102567,,6,1,True,
ileum,age_range,10-19,70-79,70-79 minus 10-19,myeloid,cDC2,descriptive,2,3,2,3,1,1,0.8412506120983005,-0.09695750729494905,-0.9382081193932496,19.230769230769234,0.0,-19.230769230769234,,6,1,True,
ileum,age_range,20-29,30-39,30-39 minus 20-29,myeloid,cDC2,descriptive,2,3,2,3,2,2,-0.0686632680417576,-0.0686632680417576,0.0,0.0,0.0,0.0,,6,1,True,
ileum,age_range,20-29,40-49,40-49 minus 20-29,myeloid,cDC2,descriptive,2,2,2,2,2,2,-0.0686632680417576,-0.0686632680417576,0.0,0.0,0.0,0.0,,6,1,True,
ileum,age_range,20-29,50-59,50-59 minus 20-29,myeloid,cDC2,descriptive,2,7,2,7,2,4,-0.0686632680417576,0.04336672032696847,0.11202998836872607,0.0,0.0,0.0,,6,1,True,
ileum,age_range,20-29,60-69,60-69 minus 20-29,myeloid,cDC2,descriptive,2,4,2,4,2,3,-0.0686632680417576,0.3437656986356317,0.4124289666773893,0.0,4.166666666666666,4.166666666666666,,6,1,True,
ileum,age_range,20-29,70-79,70-79 minus 20-29,myeloid,cDC2,descriptive,2,3,2,3,2,1,-0.0686632680417576,-0.09695750729494905,-0.028294239253191453,0.0,0.0,0.0,,6,1,True,
ileum,age_range,30-39,40-49,40-49 minus 30-39,myeloid,cDC2,descriptive,3,2,3,2,2,2,-0.0686632680417576,-0.0686632680417576,0.0,0.0,0.0,0.0,,6,1,True,
ileum,age_range,30-39,50-59,50-59 minus 30-39,myeloid,cDC2,descriptive,3,7,3,7,2,4,-0.0686632680417576,0.04336672032696847,0.11202998836872607,0.0,0.0,0.0,,6,1,True,
ileum,age_range,30-39,60-69,60-69 minus 30-39,myeloid,cDC2,descriptive,3,4,3,4,2,3,-0.0686632680417576,0.3437656986356317,0.4124289666773893,0.0,4.166666666666666,4.166666666666666,,6,1,True,
ileum,age_range,30-39,70-79,70-79 minus 30-39,myeloid,cDC2,descriptive,3,3,3,3,2,1,-0.0686632680417576,-0.09695750729494905,-0.028294239253191453,0.0,0.0,0.0,,6,1,True,
ileum,age_range,40-49,50-59,50-59 minus 40-49,myeloid,cDC2,descriptive,2,7,2,7,2,4,-0.0686632680417576,0.04336672032696847,0.11202998836872607,0.0,0.0,0.0,,6,1,True,
ileum,age_range,40-49,60-69,60-69 minus 40-49,myeloid,cDC2,descriptive,2,4,2,4,2,3,-0.0686632680417576,0.3437656986356317,0.4124289666773893,0.0,4.166666666666666,4.166666666666666,,6,1,True,
ileum,age_range,40-49,70-79,70-79 minus 40-49,myeloid,cDC2,descriptive,2,3,2,3,2,1,-0.0686632680417576,-0.09695750729494905,-0.028294239253191453,0.0,0.0,0.0,,6,1,True,
ileum,age_range,50-59,60-69,60-69 minus 50-59,myeloid,cDC2,descriptive,7,4,7,4,4,3,0.04336672032696847,0.3437656986356317,0.30039897830866324,0.0,4.166666666666666,4.166666666666666,,6,1,True,
ileum,age_range,50-59,70-79,70-79 minus 50-59,myeloid,cDC2,descriptive,7,3,7,3,4,1,0.04336672032696847,-0.09695750729494905,-0.1403242276219175,0.0,0.0,0.0,,6,1,True,
ileum,age_range,60-69,70-79,70-79 minus 60-69,myeloid,cDC2,descriptive,4,3,4,3,3,1,0.3437656986356317,-0.09695750729494905,-0.4407232059305808,4.166666666666666,0.0,-4.166666666666666,,6,1,True,
ileum,age_range,10-19,20-29,20-29 minus 10-19,myeloid,migDC,descriptive,2,2,2,2,1,2,-0.3576970243008848,-0.0686632680417576,0.2890337562591272,0.0,0.0,0.0,,6,1,True,
ileum,age_range,10-19,30-39,30-39 minus 10-19,myeloid,migDC,descriptive,2,3,2,3,1,2,-0.3576970243008848,-0.0686632680417576,0.2890337562591272,0.0,0.0,0.0,,6,1,True,
ileum,age_range,10-19,40-49,40-49 minus 10-19,myeloid,migDC,descriptive,2,2,2,2,1,2,-0.3576970243008848,-0.0686632680417576,0.2890337562591272,0.0,0.0,0.0,,6,1,True,
ileum,age_range,10-19,50-59,50-59 minus 10-19,myeloid,migDC,descriptive,2,7,2,7,1,4,-0.3576970243008848,-0.11357789233990433,0.24411913196098045,0.0,0.0,0.0,,6,1,True,
ileum,age_range,10-19,60-69,60-69 minus 10-19,myeloid,migDC,descriptive,2,4,2,4,1,3,-0.3576970243008848,-0.205540445698423,0.1521565786024618,0.0,0.0,0.0,,6,1,True,
ileum,age_range,10-19,70-79,70-79 minus 10-19,myeloid,migDC,descriptive,2,3,2,3,1,1,-0.3576970243008848,-0.09695750729494905,0.26073951700593573,0.0,0.0,0.0,,6,1,True,
ileum,age_range,20-29,30-39,30-39 minus 20-29,myeloid,migDC,descriptive,2,3,2,3,2,2,-0.0686632680417576,-0.0686632680417576,0.0,0.0,0.0,0.0,,6,1,True,
ileum,age_range,20-29,40-49,40-49 minus 20-29,myeloid,migDC,descriptive,2,2,2,2,2,2,-0.0686632680417576,-0.0686632680417576,0.0,0.0,0.0,0.0,,6,1,True,
ileum,age_range,20-29,50-59,50-59 minus 20-29,myeloid,migDC,descriptive,2,7,2,7,2,4,-0.0686632680417576,-0.11357789233990433,-0.04491462429814673,0.0,0.0,0.0,,6,1,True,
ileum,age_range,20-29,60-69,60-69 minus 20-29,myeloid,migDC,descriptive,2,4,2,4,2,3,-0.0686632680417576,-0.205540445698423,-0.1368771776566654,0.0,0.0,0.0,,6,1,True,
ileum,age_range,20-29,70-79,70-79 minus 20-29,myeloid,migDC,descriptive,2,3,2,3,2,1,-0.0686632680417576,-0.09695750729494905,-0.028294239253191453,0.0,0.0,0.0,,6,1,True,
ileum,age_range,30-39,40-49,40-49 minus 30-39,myeloid,migDC,descriptive,3,2,3,2,2,2,-0.0686632680417576,-0.0686632680417576,0.0,0.0,0.0,0.0,,6,1,True,
ileum,age_range,30-39,50-59,50-59 minus 30-39,myeloid,migDC,descriptive,3,7,3,7,2,4,-0.0686632680417576,-0.11357789233990433,-0.04491462429814673,0.0,0.0,0.0,,6,1,True,
ileum,age_range,30-39,60-69,60-69 minus 30-39,myeloid,migDC,descriptive,3,4,3,4,2,3,-0.0686632680417576,-0.205540445698423,-0.1368771776566654,0.0,0.0,0.0,,6,1,True,
ileum,age_range,30-39,70-79,70-79 minus 30-39,myeloid,migDC,descriptive,3,3,3,3,2,1,-0.0686632680417576,-0.09695750729494905,-0.028294239253191453,0.0,0.0,0.0,,6,1,True,
ileum,age_range,40-49,50-59,50-59 minus 40-49,myeloid,migDC,descriptive,2,7,2,7,2,4,-0.0686632680417576,-0.11357789233990433,-0.04491462429814673,0.0,0.0,0.0,,6,1,True,
ileum,age_range,40-49,60-69,60-69 minus 40-49,myeloid,migDC,descriptive,2,4,2,4,2,3,-0.0686632680417576,-0.205540445698423,-0.1368771776566654,0.0,0.0,0.0,,6,1,True,
ileum,age_range,40-49,70-79,70-79 minus 40-49,myeloid,migDC,descriptive,2,3,2,3,2,1,-0.0686632680417576,-0.09695750729494905,-0.028294239253191453,0.0,0.0,0.0,,6,1,True,
ileum,age_range,50-59,60-69,60-69 minus 50-59,myeloid,migDC,descriptive,7,4,7,4,4,3,-0.11357789233990433,-0.205540445698423,-0.09196255335851868,0.0,0.0,0.0,,6,1,True,
ileum,age_range,50-59,70-79,70-79 minus 50-59,myeloid,migDC,descriptive,7,3,7,3,4,1,-0.11357789233990433,-0.09695750729494905,0.016620385044955277,0.0,0.0,0.0,,6,1,True,
ileum,age_range,60-69,70-79,70-79 minus 60-69,myeloid,migDC,descriptive,4,3,4,3,3,1,-0.205540445698423,-0.09695750729494905,0.10858293840347395,0.0,0.0,0.0,,6,1,True,
ileum,age_range,10-19,20-29,20-29 minus 10-19,myeloid,pDC,descriptive,2,2,2,2,1,2,0.19160912003317,-0.0686632680417576,-0.2602723880749276,3.8461538461538463,0.0,-3.8461538461538463,,6,1,True,
ileum,age_range,10-19,30-39,30-39 minus 10-19,myeloid,pDC,descriptive,2,3,2,3,1,2,0.19160912003317,-0.0686632680417576,-0.2602723880749276,3.8461538461538463,0.0,-3.8461538461538463,,6,1,True,
ileum,age_range,10-19,40-49,40-49 minus 10-19,myeloid,pDC,descriptive,2,2,2,2,1,2,0.19160912003317,-0.0686632680417576,-0.2602723880749276,3.8461538461538463,0.0,-3.8461538461538463,,6,1,True,
ileum,age_range,10-19,50-59,50-59 minus 10-19,myeloid,pDC,descriptive,2,7,2,7,1,4,0.19160912003317,-0.11357789233990433,-0.30518701237307433,3.8461538461538463,0.0,-3.8461538461538463,,6,1,True,
ileum,age_range,10-19,60-69,60-69 minus 10-19,myeloid,pDC,descriptive,2,4,2,4,1,3,0.19160912003317,-0.205540445698423,-0.397149565731593,3.8461538461538463,0.0,-3.8461538461538463,,6,1,True,
ileum,age_range,10-19,70-79,70-79 minus 10-19,myeloid,pDC,descriptive,2,3,2,3,1,1,0.19160912003317,-0.09695750729494905,-0.28856662732811905,3.8461538461538463,0.0,-3.8461538461538463,,6,1,True,
ileum,age_range,20-29,30-39,30-39 minus 20-29,myeloid,pDC,descriptive,2,3,2,3,2,2,-0.0686632680417576,-0.0686632680417576,0.0,0.0,0.0,0.0,,6,1,True,
ileum,age_range,20-29,40-49,40-49 minus 20-29,myeloid,pDC,descriptive,2,2,2,2,2,2,-0.0686632680417576,-0.0686632680417576,0.0,0.0,0.0,0.0,,6,1,True,
ileum,age_range,20-29,50-59,50-59 minus 20-29,myeloid,pDC,descriptive,2,7,2,7,2,4,-0.0686632680417576,-0.11357789233990433,-0.04491462429814673,0.0,0.0,0.0,,6,1,True,
ileum,age_range,20-29,60-69,60-69 minus 20-29,myeloid,pDC,descriptive,2,4,2,4,2,3,-0.0686632680417576,-0.205540445698423,-0.1368771776566654,0.0,0.0,0.0,,6,1,True,
ileum,age_range,20-29,70-79,70-79 minus 20-29,myeloid,pDC,descriptive,2,3,2,3,2,1,-0.0686632680417576,-0.09695750729494905,-0.028294239253191453,0.0,0.0,0.0,,6,1,True,
ileum,age_range,30-39,40-49,40-49 minus 30-39,myeloid,pDC,descriptive,3,2,3,2,2,2,-0.0686632680417576,-0.0686632680417576,0.0,0.0,0.0,0.0,,6,1,True,
ileum,age_range,30-39,50-59,50-59 minus 30-39,myeloid,pDC,descriptive,3,7,3,7,2,4,-0.0686632680417576,-0.11357789233990433,-0.04491462429814673,0.0,0.0,0.0,,6,1,True,
ileum,age_range,30-39,60-69,60-69 minus 30-39,myeloid,pDC,descriptive,3,4,3,4,2,3,-0.0686632680417576,-0.205540445698423,-0.1368771776566654,0.0,0.0,0.0,,6,1,True,
ileum,age_range,30-39,70-79,70-79 minus 30-39,myeloid,pDC,descriptive,3,3,3,3,2,1,-0.0686632680417576,-0.09695750729494905,-0.028294239253191453,0.0,0.0,0.0,,6,1,True,
ileum,age_range,40-49,50-59,50-59 minus 40-49,myeloid,pDC,descriptive,2,7,2,7,2,4,-0.0686632680417576,-0.11357789233990433,-0.04491462429814673,0.0,0.0,0.0,,6,1,True,
ileum,age_range,40-49,60-69,60-69 minus 40-49,myeloid,pDC,descriptive,2,4,2,4,2,3,-0.0686632680417576,-0.205540445698423,-0.1368771776566654,0.0,0.0,0.0,,6,1,True,
ileum,age_range,40-49,70-79,70-79 minus 40-49,myeloid,pDC,descriptive,2,3,2,3,2,1,-0.0686632680417576,-0.09695750729494905,-0.028294239253191453,0.0,0.0,0.0,,6,1,True,
ileum,age_range,50-59,60-69,60-69 minus 50-59,myeloid,pDC,descriptive,7,4,7,4,4,3,-0.11357789233990433,-0.205540445698423,-0.09196255335851868,0.0,0.0,0.0,,6,1,True,
ileum,age_range,50-59,70-79,70-79 minus 50-59,myeloid,pDC,descriptive,7,3,7,3,4,1,-0.11357789233990433,-0.09695750729494905,0.016620385044955277,0.0,0.0,0.0,,6,1,True,
ileum,age_range,60-69,70-79,70-79 minus 60-69,myeloid,pDC,descriptive,4,3,4,3,3,1,-0.205540445698423,-0.09695750729494905,0.10858293840347395,0.0,0.0,0.0,,6,1,True,
ileum,age_range,50-59,60-69,60-69 minus 50-59,stroma,Adipocytes,inferential,5,5,3,4,2,3,-0.14438735158674101,0.10194248647269814,0.24632983805943914,0.0,0.0,0.0,0.8320040285726364,6,1,True,0.9374579472123479
ileum,age_range,50-59,60-69,60-69 minus 50-59,stroma,Angiogenic Pericytes,inferential,5,5,3,4,2,3,0.07533510614688091,-0.3375024289945457,-0.4128375351414266,0.0,0.0,0.0,0.05623780387727592,6,1,True,0.8773097404855045
ileum,age_range,50-59,60-69,60-69 minus 50-59,stroma,Arteriolar Endothelial,inferential,5,5,3,4,2,3,-0.14438735158674101,0.9166952573771141,1.0610826089638552,0.0,0.0,0.0,0.5245182802130763,6,1,True,0.8906075425387576
ileum,age_range,50-59,60-69,60-69 minus 50-59,stroma,Capillary Endothelial,inferential,5,5,3,4,2,3,-0.14438735158674101,-0.11777997126092377,0.026607380325817248,0.0,0.0,0.0,0.6713732405408726,6,1,True,0.9374579472123479
ileum,age_range,50-59,60-69,60-69 minus 50-59,stroma,Contractile Pericytes,inferential,5,5,3,4,2,3,-0.14438735158674101,0.3617990832987504,0.5061864348854914,0.0,0.0,0.0,0.5245182802130763,6,1,True,0.8906075425387576
ileum,age_range,50-59,60-69,60-69 minus 50-59,stroma,Crypt Bottom Fibroblasts (S2A),inferential,5,5,3,4,2,3,-0.14438735158674101,-0.11777997126092368,0.02660738032581733,0.0,0.0,0.0,0.2933255737660211,6,1,True,0.8906075425387576
ileum,age_range,50-59,60-69,60-69 minus 50-59,stroma,Crypt Top Fibroblasts (S2B),inferential,5,5,3,4,2,3,0.07533510614688091,-0.3375024289945457,-0.4128375351414266,0.0,0.0,0.0,0.05623780387727592,6,1,True,0.8773097404855045
ileum,age_range,50-59,60-69,60-69 minus 50-59,stroma,Fibroblastic Reticular Cells (FRC),inferential,5,5,3,4,2,3,0.07533510614688091,-0.3375024289945457,-0.4128375351414266,0.0,0.0,0.0,0.13879173842360976,6,1,True,0.8906075425387576
ileum,age_range,50-59,60-69,60-69 minus 50-59,stroma,Follicular Dendritic Cells (fDC),inferential,5,5,3,4,2,3,-0.14438735158674101,-0.3375024289945457,-0.19311507740780468,0.0,0.0,0.0,0.20309178757716806,6,1,True,0.8906075425387576
ileum,age_range,50-59,60-69,60-69 minus 50-59,stroma,Glia,inferential,5,5,3,4,2,3,0.07533510614688091,-0.3375024289945457,-0.4128375351414266,0.0,0.0,0.0,0.13879173842360976,6,1,True,0.8906075425387576
ileum,age_range,50-59,60-69,60-69 minus 50-59,stroma,Interstitial Cells of Cajal (ICC),inferential,5,5,3,4,2,3,0.7345024793477467,-0.3375024289945457,-1.0720049083422925,30.76923076923077,0.0,-30.76923076923077,0.027802962434649296,6,1,True,0.8773097404855045
ileum,age_range,50-59,60-69,60-69 minus 50-59,stroma,Lamina propria Fibroblasts (S1),inferential,5,5,3,4,2,3,0.2950575638805028,0.3062727359790945,0.011215172098591686,0.0,0.0,0.0,1.0,6,1,True,1.0
ileum,age_range,50-59,60-69,60-69 minus 50-59,stroma,Lymphatic Endothelial,inferential,5,5,3,4,2,3,-0.14438735158674101,0.6836866657855704,0.8280740173723113,0.0,0.0,0.0,0.5245182802130763,6,1,True,0.8906075425387576
ileum,age_range,50-59,60-69,60-69 minus 50-59,stroma,Marginal Reticular Cells (MRC),inferential,5,5,3,4,2,3,0.07533510614688099,-0.3375024289945457,-0.4128375351414267,0.0,0.0,0.0,0.17190430948877466,6,1,True,0.8906075425387576
ileum,age_range,50-59,60-69,60-69 minus 50-59,stroma,Medullary Sinus Endothelial,inferential,5,5,3,4,2,3,-0.14438735158674101,-0.11777997126092377,0.026607380325817248,0.0,0.0,0.0,0.8320040285726364,6,1,True,0.9374579472123479
ileum,age_range,50-59,60-69,60-69 minus 50-59,stroma,Mesenchymal Lymphoid Tissue Organizer Cells (mLTo Cells),inferential,5,5,3,4,2,3,-0.14438735158674101,-0.3375024289945457,-0.19311507740780468,0.0,0.0,0.0,0.20309178757716806,6,1,True,0.8906075425387576
ileum,age_range,50-59,60-69,60-69 minus 50-59,stroma,Muscularis Propria Fibroblasts,inferential,5,5,3,4,2,3,0.24479467822432163,-0.3375024289945457,-0.5822971072188673,0.0,0.0,0.0,0.05623780387727592,6,1,True,0.8773097404855045
ileum,age_range,50-59,60-69,60-69 minus 50-59,stroma,Myofibroblasts,inferential,5,5,3,4,2,3,-0.14438735158674101,-0.3375024289945457,-0.19311507740780468,0.0,0.0,0.0,0.20309178757716806,6,1,True,0.8906075425387576
ileum,age_range,50-59,60-69,60-69 minus 50-59,stroma,Post Arteriole Capillary Endothelial (PAC),inferential,5,5,3,4,2,3,0.07533510614688091,0.20410761122589632,0.12877250507901541,0.0,0.0,0.0,1.0,6,1,True,1.0
ileum,age_range,50-59,60-69,60-69 minus 50-59,stroma,Pre Venule Capillary Endothelial (PVC),inferential,5,5,3,4,2,3,0.07533510614688091,-0.11777997126092377,-0.19311507740780468,0.0,0.0,0.0,0.2888443663464849,6,1,True,0.8906075425387576
ileum,age_range,50-59,60-69,60-69 minus 50-59,stroma,Secretory Pericytes,inferential,5,5,3,4,2,3,-0.14438735158674101,-0.3375024289945457,-0.19311507740780468,0.0,0.0,0.0,0.20309178757716806,6,1,True,0.8906075425387576
ileum,age_range,50-59,60-69,60-69 minus 50-59,stroma,Smooth Muscle Cells (SMC),inferential,5,5,3,4,2,3,-0.14438735158674101,-0.3375024289945457,-0.19311507740780468,0.0,0.0,0.0,0.20309178757716806,6,1,True,0.8906075425387576
ileum,age_range,50-59,60-69,60-69 minus 50-59,stroma,Submucosal Fibroblasts (S3),inferential,5,5,3,4,2,3,0.07533510614688091,0.9105527400396081,0.8352176338927272,0.0,10.0,10.0,0.2888443663464849,6,1,True,0.8906075425387576
ileum,age_range,50-59,60-69,60-69 minus 50-59,stroma,Venular Endothelial,inferential,5,5,3,4,2,3,-0.14438735158674101,1.0360924527995128,1.1804798043862539,0.0,0.0,0.0,0.5245182802130763,6,1,True,0.8906075425387576
ileum,assay,10x 3' v2,10x 3' v3,10x 3' v3 minus 10x 3' v2,epithelial,BEST4 Colonocytes,inferential,13,36,11,32,4,3,-0.18921433619638,-0.01385961405320314,0.17535472214317688,0.0,0.0,0.0,0.07392251744487043,0,0,False,0.39804432470314843
ileum,assay,10x 3' v2,10x 3' v3,10x 3' v3 minus 10x 3' v2,epithelial,BEST4 Enterocytes,inferential,13,36,11,32,4,3,0.2770515806442367,0.11748011591194457,-0.1595714647322921,0.0,0.0,0.0,0.8622216101685718,0,0,False,0.9144774653303034
ileum,assay,10x 3' v2,10x 3' v3,10x 3' v3 minus 10x 3' v2,epithelial,Brunners Gland Cells,inferential,13,36,11,32,4,3,-0.18921433619638,-0.15946369780485992,0.02975063839152009,0.0,0.0,0.0,0.18150845573288188,0,0,False,0.41389964390040385
ileum,assay,10x 3' v2,10x 3' v3,10x 3' v3 minus 10x 3' v2,epithelial,Colonocyte Progenitors,inferential,13,36,11,32,4,3,-0.18921433619638,-0.15946369780485992,0.02975063839152009,0.0,0.0,0.0,0.18150845573288188,0,0,False,0.41389964390040385
ileum,assay,10x 3' v2,10x 3' v3,10x 3' v3 minus 10x 3' v2,epithelial,Crypt Top Colonocytes,inferential,13,36,11,32,4,3,-0.10470569860652543,-0.15946369780485992,-0.05475799919833449,0.0,0.0,0.0,0.4930346671644069,0,0,False,0.7343069510959253
ileum,assay,10x 3' v2,10x 3' v3,10x 3' v3 minus 10x 3' v2,epithelial,EEC Enterochromaffin (EC),inferential,13,36,11,32,4,3,-0.18921433619638,-0.15946369780485992,0.02975063839152009,0.0,0.0,0.0,0.18150845573288188,0,0,False,0.41389964390040385
ileum,assay,10x 3' v2,10x 3' v3,10x 3' v3 minus 10x 3' v2,epithelial,EEC L,inferential,13,36,11,32,4,3,-0.18921433619638,-0.15946369780485992,0.02975063839152009,0.0,0.0,0.0,0.18150845573288188,0,0,False,0.41389964390040385
ileum,assay,10x 3' v2,10x 3' v3,10x 3' v3 minus 10x 3' v2,epithelial,EEC N,inferential,13,36,11,32,4,3,-0.18921433619638,-0.0984296817677427,0.09078465442863731,0.0,0.0,0.0,0.058249994701004976,0,0,False,0.3962762275424768
ileum,assay,10x 3' v2,10x 3' v3,10x 3' v3 minus 10x 3' v2,epithelial,EEC Progenitors,inferential,13,36,11,32,4,3,-0.18921433619638,-0.1289466897863013,0.0602676464100787,0.0,0.0,0.0,0.1757971208742729,0,0,False,0.41389964390040385
ileum,assay,10x 3' v2,10x 3' v3,10x 3' v3 minus 10x 3' v2,epithelial,EEC S,inferential,13,36,11,32,4,3,-0.18921433619638,-0.1289466897863013,0.0602676464100787,0.0,0.0,0.0,0.10631755000824059,0,0,False,0.41389964390040385
ileum,assay,10x 3' v2,10x 3' v3,10x 3' v3 minus 10x 3' v2,epithelial,Enterocyte Progenitors,inferential,13,36,11,32,4,3,0.3571317680939776,0.18202526436223831,-0.1751065037317393,0.0,0.0,0.0,0.9536762816616563,0,0,False,0.9674976770480571
ileum,assay,10x 3' v2,10x 3' v3,10x 3' v3 minus 10x 3' v2,epithelial,Enteroendocrine Cells (EEC),inferential,13,36,11,32,4,3,-0.18921433619638,-0.15946369780485992,0.02975063839152009,0.0,0.0,0.0,0.18150845573288188,0,0,False,0.41389964390040385
ileum,assay,10x 3' v2,10x 3' v3,10x 3' v3 minus 10x 3' v2,epithelial,Epithelial,inferential,13,36,11,32,4,3,0.1488202141630384,-0.1289466897863013,-0.27776690394933967,0.0,0.0,0.0,0.7187685422122172,0,0,False,0.7986317135691302
ileum,assay,10x 3' v2,10x 3' v3,10x 3' v3 minus 10x 3' v2,epithelial,Foveolar Cells,inferential,13,36,11,32,4,3,-0.18921433619638,-0.15946369780485992,0.02975063839152009,0.0,0.0,0.0,0.18150845573288188,0,0,False,0.41389964390040385
ileum,assay,10x 3' v2,10x 3' v3,10x 3' v3 minus 10x 3' v2,epithelial,Goblet Cells,inferential,13,36,11,32,4,3,0.0583914964857893,0.3906376707535477,0.33224617426775843,0.0,0.0,0.0,0.0035508145486320497,0,0,False,0.12427850920212175
ileum,assay,10x 3' v2,10x 3' v3,10x 3' v3 minus 10x 3' v2,epithelial,Intestinal Stem Cells (ISC),inferential,13,36,11,32,4,3,0.10360585532441381,-0.10541063810887898,-0.2090164934332928,0.0,0.0,0.0,0.7014159744029296,0,0,False,0.7939957703664731
ileum,assay,10x 3' v2,10x 3' v3,10x 3' v3 minus 10x 3' v2,epithelial,Lower Crypt Colonocytes,inferential,13,36,11,32,4,3,-0.18921433619638,-0.15946369780485992,0.02975063839152009,0.0,0.0,0.0,0.18150845573288188,0,0,False,0.41389964390040385
ileum,assay,10x 3' v2,10x 3' v3,10x 3' v3 minus 10x 3' v2,epithelial,Lower Villus Enterocytes,inferential,13,36,11,32,4,3,0.3532360963386887,0.3022235524002515,-0.05101254393843718,0.0,0.0,0.0,0.46419049816849045,0,0,False,0.7063768450390072
ileum,assay,10x 3' v2,10x 3' v3,10x 3' v3 minus 10x 3' v2,epithelial,Mature Goblet Cells,inferential,13,36,11,32,4,3,-0.18921433619638,0.23749908825730096,0.426713424453681,0.0,0.0,0.0,0.00047023676376554903,0,0,False,0.032916573463588436
ileum,assay,10x 3' v2,10x 3' v3,10x 3' v3 minus 10x 3' v2,epithelial,Microfold Cells (M Cells),inferential,13,36,11,32,4,3,-0.18921433619638,-0.023206065070459064,0.16600827112592095,0.0,0.0,0.0,0.13815369516586185,0,0,False,0.41389964390040385
ileum,assay,10x 3' v2,10x 3' v3,10x 3' v3 minus 10x 3' v2,epithelial,Mid Crypt Colonocytes,inferential,13,36,11,32,4,3,-0.18921433619638,-0.15946369780485992,0.02975063839152009,0.0,0.0,0.0,0.18150845573288188,0,0,False,0.41389964390040385
ileum,assay,10x 3' v2,10x 3' v3,10x 3' v3 minus 10x 3' v2,epithelial,Mid Villus Enterocytes,inferential,13,36,11,32,4,3,0.37806481882046195,0.3602094097043369,-0.017855409116125043,0.0,0.0,0.0,0.1832984137273217,0,0,False,0.41389964390040385
ileum,assay,10x 3' v2,10x 3' v3,10x 3' v3 minus 10x 3' v2,epithelial,Paneth Cells,inferential,13,36,11,32,4,3,0.12948833506450713,0.02363835030649175,-0.10584998475801538,0.0,0.0,0.0,0.6896851567338091,0,0,False,0.7939957703664731
ileum,assay,10x 3' v2,10x 3' v3,10x 3' v3 minus 10x 3' v2,epithelial,Secretory Progenitors,inferential,13,36,11,32,4,3,0.27811997388736487,-0.05372307308901768,-0.33184304697638256,0.0,0.0,0.0,0.5534874754074252,0,0,False,0.7596886917356817
ileum,assay,10x 3' v2,10x 3' v3,10x 3' v3 minus 10x 3' v2,epithelial,Transiently Amplifying Cells (TA),inferential,13,36,11,32,4,3,0.4829590927671679,0.1993213380825004,-0.2836377546846675,0.0,0.0,0.0,0.7361720877573052,0,0,False,0.804681935493139
ileum,assay,10x 3' v2,10x 3' v3,10x 3' v3 minus 10x 3' v2,epithelial,Tuft Cells,inferential,13,36,11,32,4,3,-0.18921433619638,-0.05372307308901768,0.13549126310736231,0.0,0.0,0.0,0.029806273727213978,0,0,False,0.341351959419364
ileum,assay,10x 3' v2,10x 3' v3,10x 3' v3 minus 10x 3' v2,epithelial,Tuft Progenitors,inferential,13,36,11,32,4,3,-0.10470569860652543,-0.006878657712066872,0.09782704089445855,0.0,0.0,0.0,0.13214695822375438,0,0,False,0.41389964390040385
ileum,assay,10x 3' v2,10x 3' v3,10x 3' v3 minus 10x 3' v2,epithelial,Villus Tip Enterocytes,inferential,13,36,11,32,4,3,0.48075720856910337,0.36420936271442694,-0.11654784585467642,0.0,0.0,0.0,0.2696992808024816,0,0,False,0.5007214627557884
ileum,assay,10x 3' v2,10x 3' v3,10x 3' v3 minus 10x 3' v2,lymphoid,CD4 Memory,inferential,10,14,9,13,5,3,0.18192173293621736,0.5214255337284206,0.3395038007922032,0.0,2.4884259259259256,2.4884259259259256,0.5383220406029692,0,0,False,0.7536508568441568
ileum,assay,10x 3' v2,10x 3' v3,10x 3' v3 minus 10x 3' v2,lymphoid,CD4 Naive,inferential,10,14,9,13,5,3,-0.10139960146940416,-0.0007919025335583514,0.10060769893584581,0.0,0.0,0.0,0.6183836823550934,0,0,False,0.7729796029438668
ileum,assay,10x 3' v2,10x 3' v3,10x 3' v3 minus 10x 3' v2,lymphoid,CD4 Tfh,inferential,10,14,9,13,5,3,0.05366013977171247,0.039999869986740766,-0.013660269784971701,0.0,0.0,0.0,0.6183836823550934,0,0,False,0.7729796029438668
ileum,assay,10x 3' v2,10x 3' v3,10x 3' v3 minus 10x 3' v2,lymphoid,CD4 Tfr,inferential,10,14,9,13,5,3,0.1357581949786956,-0.2913597514376054,-0.42711794641630096,0.0,0.0,0.0,0.22959520689336033,0,0,False,0.45919041378672065
ileum,assay,10x 3' v2,10x 3' v3,10x 3' v3 minus 10x 3' v2,lymphoid,CD4 Th17,inferential,10,14,9,13,5,3,0.43159584367971765,0.658557598756298,0.2269617550765804,0.0,3.167641325536062,3.167641325536062,0.7032533966103047,0,0,False,0.7939957703664731
ileum,assay,10x 3' v2,10x 3' v3,10x 3' v3 minus 10x 3' v2,lymphoid,CD4 Tr1,inferential,10,14,9,13,5,3,-0.40585184524174645,-0.4242706329172487,-0.018418787675502257,0.0,0.0,0.0,0.7472046543864863,0,0,False,0.804681935493139
ileum,assay,10x 3' v2,10x 3' v3,10x 3' v3 minus 10x 3' v2,lymphoid,CD4 pTreg,inferential,10,14,9,13,5,3,-0.40585184524174645,-0.15236616936222597,0.2534856758795205,0.0,0.0,0.0,0.5777000399727452,0,0,False,0.7630000527941918
ileum,assay,10x 3' v2,10x 3' v3,10x 3' v3 minus 10x 3' v2,lymphoid,CD4 tTreg,inferential,10,14,9,13,5,3,-0.18612938750812452,-0.2913597514376054,-0.10523036392948087,0.0,0.0,0.0,0.2531227789726491,0,0,False,0.49218318133570665
ileum,assay,10x 3' v2,10x 3' v3,10x 3' v3 minus 10x 3' v2,lymphoid,CD8 Circulating Effector Memory,inferential,10,14,9,13,5,3,-0.21126083033621512,0.06509971904658997,0.2763605493828051,0.0,0.0,0.0,0.7032533966103047,0,0,False,0.7939957703664731
ileum,assay,10x 3' v2,10x 3' v3,10x 3' v3 minus 10x 3' v2,lymphoid,CD8 Effector Memory,inferential,10,14,9,13,5,3,-0.29599061637493546,-0.4483043641044782,-0.15231374772954276,0.0,0.0,0.0,0.30508616583127446,0,0,False,0.520878819711932
ileum,assay,10x 3' v2,10x 3' v3,10x 3' v3 minus 10x 3' v2,lymphoid,CD8 IEL,inferential,10,14,9,13,5,3,0.3043980903357184,0.2530346590441673,-0.05136343129155113,0.9259259259259258,0.0,-0.9259259259259258,0.5383220406029692,0,0,False,0.7536508568441568
ileum,assay,10x 3' v2,10x 3' v3,10x 3' v3 minus 10x 3' v2,lymphoid,CD8 Memory Exhausted,inferential,10,14,9,13,5,3,-0.29599061637493546,-0.6417365213260646,-0.34574590495112917,0.0,0.0,0.0,0.03748179823475528,0,0,False,0.341351959419364
ileum,assay,10x 3' v2,10x 3' v3,10x 3' v3 minus 10x 3' v2,lymphoid,CD8 Naive,inferential,10,14,9,13,5,3,-0.29599061637493546,-0.3457983265838123,-0.049807710208876865,0.0,0.0,0.0,0.6602721845552442,0,0,False,0.7939957703664731
ileum,assay,10x 3' v2,10x 3' v3,10x 3' v3 minus 10x 3' v2,lymphoid,CD8 TRM,inferential,10,14,9,13,5,3,0.7486632159847499,1.5908720121443827,0.8422087961596327,3.538011695906433,13.142857142857142,9.604845446950709,0.03748179823475528,0,0,False,0.341351959419364
ileum,assay,10x 3' v2,10x 3' v3,10x 3' v3 minus 10x 3' v2,lymphoid,GC B Dark Zone (GC B DZ),inferential,10,14,9,13,5,3,0.37375395218986585,0.13865553144767792,-0.23509842074218792,0.0,0.0,0.0,0.22959520689336033,0,0,False,0.45919041378672065
ileum,assay,10x 3' v2,10x 3' v3,10x 3' v3 minus 10x 3' v2,lymphoid,GC B Light Zone (GC B LZ),inferential,10,14,9,13,5,3,0.45103179721506104,0.2404900850908648,-0.21054171212419623,0.0,0.0,0.0,0.30508616583127446,0,0,False,0.520878819711932
ileum,assay,10x 3' v2,10x 3' v3,10x 3' v3 minus 10x 3' v2,lymphoid,Gamma Delta T Cells,inferential,10,14,9,13,5,3,-0.29599061637493546,-0.5632642149926282,-0.2672735986176928,0.0,0.0,0.0,0.1204154501359831,0,0,False,0.41389964390040385
ileum,assay,10x 3' v2,10x 3' v3,10x 3' v3 minus 10x 3' v2,lymphoid,ILC3,inferential,10,14,9,13,5,3,0.21817573927533043,-0.32784729599231915,-0.5460230352676496,0.0,0.0,0.0,0.1204154501359831,0,0,False,0.41389964390040385
ileum,assay,10x 3' v2,10x 3' v3,10x 3' v3 minus 10x 3' v2,lymphoid,MAIT Cells,inferential,10,14,9,13,5,3,-0.40585184524174645,-0.4847919086591918,-0.07894006341744536,0.0,0.0,0.0,0.6183836823550934,0,0,False,0.7729796029438668
ileum,assay,10x 3' v2,10x 3' v3,10x 3' v3 minus 10x 3' v2,lymphoid,Memory B,inferential,10,14,9,13,5,3,0.37554772225853256,0.5956949472030761,0.22014722494454358,0.0,1.1904761904761905,1.1904761904761905,0.8835168476677626,0,0,False,0.9230773035334833
ileum,assay,10x 3' v2,10x 3' v3,10x 3' v3 minus 10x 3' v2,lymphoid,NK Cells,inferential,10,14,9,13,5,3,0.00846162739740679,0.1374893247842901,0.1290276973868833,0.0,1.8693221523410202,1.8693221523410202,0.5383220406029692,0,0,False,0.7536508568441568
ileum,assay,10x 3' v2,10x 3' v3,10x 3' v3 minus 10x 3' v2,lymphoid,NKT Cells,inferential,10,14,9,13,5,3,-0.1350468251315254,0.4033299557777533,0.5383767809092788,0.0,1.1627906976744187,1.1627906976744187,0.5777000399727452,0,0,False,0.7630000527941918
ileum,assay,10x 3' v2,10x 3' v3,10x 3' v3 minus 10x 3' v2,lymphoid,Naive B,inferential,10,14,9,13,5,3,-0.29599061637493546,0.30796568240569655,0.603956298780632,0.0,0.0,0.0,0.2782795595847647,0,0,False,0.5007214627557884
ileum,assay,10x 3' v2,10x 3' v3,10x 3' v3 minus 10x 3' v2,lymphoid,Plasma Cells,inferential,10,14,9,13,5,3,-0.044760053977324035,0.006810767840654343,0.051570821817978375,0.0,0.0,0.0,0.9299502105546988,0,0,False,0.9573016873357194
ileum,assay,10x 3' v2,10x 3' v3,10x 3' v3 minus 10x 3' v2,lymphoid,Plasma IGA,inferential,10,14,9,13,5,3,0.2792666475076278,-0.42427063291724876,-0.7035372804248765,0.0,0.0,0.0,0.10704092078652006,0,0,False,0.41389964390040385
ileum,assay,10x 3' v2,10x 3' v3,10x 3' v3 minus 10x 3' v2,lymphoid,Plasma IGG,inferential,10,14,9,13,5,3,-0.18612938750812452,-0.5632642149926282,-0.3771348274845037,0.0,0.0,0.0,0.056824009781961705,0,0,False,0.3962762275424768
ileum,assay,10x 3' v2,10x 3' v3,10x 3' v3 minus 10x 3' v2,myeloid,Classical Monocytes,inferential,11,14,11,14,5,3,-0.05692850579285942,-0.03966652907580702,0.017261976717052402,0.0,0.0,0.0,0.10112815977323152,0,0,False,0.41389964390040385
ileum,assay,10x 3' v2,10x 3' v3,10x 3' v3 minus 10x 3' v2,myeloid,Cycling Macrophages,inferential,11,14,11,14,5,3,-0.05692850579285936,0.11727808359106587,0.17420658938392522,0.0,0.0,0.0,0.08506750903371968,0,0,False,0.41389964390040385
ileum,assay,10x 3' v2,10x 3' v3,10x 3' v3 minus 10x 3' v2,myeloid,Eosinophils,inferential,11,14,11,14,5,3,-0.156802350217233,0.03880577725762941,0.1956081274748624,0.0,0.0,0.0,0.012272371308755418,0,0,False,0.25402074627124827
ileum,assay,10x 3' v2,10x 3' v3,10x 3' v3 minus 10x 3' v2,myeloid,Follicle Associated Resident Macrophages,inferential,11,14,11,14,5,3,0.14281918305588784,0.3107102408126523,0.16789105775676447,0.0,0.0,0.0,0.2174541756589773,0,0,False,0.45919041378672065
ileum,assay,10x 3' v2,10x 3' v3,10x 3' v3 minus 10x 3' v2,myeloid,Homeostatic Macrophages,inferential,11,14,11,14,5,3,0.042945338631514215,-0.03966652907580702,-0.08261186770732123,0.0,0.0,0.0,0.22759842639560313,0,0,False,0.45919041378672065
ileum,assay,10x 3' v2,10x 3' v3,10x 3' v3 minus 10x 3' v2,myeloid,M0 Macrophages,inferential,11,14,11,14,5,3,0.26628495434254185,0.28660592802735885,0.020320973684817,0.0,0.0,0.0,0.40362171839913075,0,0,False,0.6421254610895262
ileum,assay,10x 3' v2,10x 3' v3,10x 3' v3 minus 10x 3' v2,myeloid,Mast Cells,inferential,11,14,11,14,5,3,-0.156802350217233,-0.0031789845210933787,0.1536233656961396,0.0,0.0,0.0,0.0145154712154999,0,0,False,0.25402074627124827
ileum,assay,10x 3' v2,10x 3' v3,10x 3' v3 minus 10x 3' v2,myeloid,Monocyte Derived Dendritic Cells (MO DC),inferential,11,14,11,14,5,3,-0.156802350217233,0.11727808359106587,0.27408043380829883,0.0,0.0,0.0,0.039011652505070174,0,0,False,0.341351959419364
ileum,assay,10x 3' v2,10x 3' v3,10x 3' v3 minus 10x 3' v2,myeloid,Neutrophils,inferential,11,14,11,14,5,3,0.26628495434254185,-0.11813883540924341,-0.38442378975178526,0.0,0.0,0.0,0.9759473213470189,0,0,False,0.9759473213470189
ileum,assay,10x 3' v2,10x 3' v3,10x 3' v3 minus 10x 3' v2,myeloid,Nonclassical Monocytes,inferential,11,14,11,14,5,3,-0.156802350217233,-0.11813883540924341,0.038663514807989574,0.0,0.0,0.0,0.06793306757871032,0,0,False,0.3962762275424768
ileum,assay,10x 3' v2,10x 3' v3,10x 3' v3 minus 10x 3' v2,myeloid,Perivascular Resident Macrophages,inferential,11,14,11,14,5,3,0.08938403170114975,-0.11813883540924341,-0.20752286711039317,0.0,0.0,0.0,0.45099740845297254,0,0,False,0.7015515242601794
ileum,assay,10x 3' v2,10x 3' v3,10x 3' v3 minus 10x 3' v2,myeloid,Tolerogenic cDC2,inferential,11,14,11,14,5,3,-0.0569285057928594,-0.11813883540924341,-0.061210329616384014,0.0,0.0,0.0,0.33749072395054613,0,0,False,0.5494035041055402
ileum,assay,10x 3' v2,10x 3' v3,10x 3' v3 minus 10x 3' v2,myeloid,cDC1,inferential,11,14,11,14,5,3,-0.05692850579285942,-0.11813883540924341,-0.06121032961638399,0.0,0.0,0.0,0.2789733863925107,0,0,False,0.5007214627557884
ileum,assay,10x 3' v2,10x 3' v3,10x 3' v3 minus 10x 3' v2,myeloid,cDC2,inferential,11,14,11,14,5,3,0.2609358179768206,0.03880577725762938,-0.2221300407191912,0.0,0.0,0.0,0.642577823722077,0,0,False,0.7891306607113225
ileum,assay,10x 3' v2,10x 3' v3,10x 3' v3 minus 10x 3' v2,myeloid,migDC,inferential,11,14,11,14,5,3,-0.156802350217233,-0.11813883540924341,0.038663514807989574,0.0,0.0,0.0,0.06793306757871032,0,0,False,0.3962762275424768
ileum,assay,10x 3' v2,10x 3' v3,10x 3' v3 minus 10x 3' v2,myeloid,pDC,inferential,11,14,11,14,5,3,-0.0569285057928594,-0.11813883540924341,-0.061210329616384014,0.0,0.0,0.0,0.33749072395054613,0,0,False,0.5494035041055402
ileum,assay,10x 3' v2,10x 3' v3,10x 3' v3 minus 10x 3' v2,stroma,Adipocytes,descriptive,13,4,9,4,4,1,-0.020125781467188943,-0.07398436828931954,-0.05385858682213059,0.0,0.0,0.0,,0,0,False,
ileum,assay,10x 3' v2,10x 3' v3,10x 3' v3 minus 10x 3' v2,stroma,Angiogenic Pericytes,descriptive,13,4,9,4,4,1,-0.1439286978082736,-0.07398436828931954,0.06994432951895407,0.0,0.0,0.0,,0,0,False,
ileum,assay,10x 3' v2,10x 3' v3,10x 3' v3 minus 10x 3' v2,stroma,Arteriolar Endothelial,descriptive,13,4,9,4,4,1,0.29324066888066336,-0.07398436828931954,-0.3672250371699829,0.0,0.0,0.0,,0,0,False,
ileum,assay,10x 3' v2,10x 3' v3,10x 3' v3 minus 10x 3' v2,stroma,Capillary Endothelial,descriptive,13,4,9,4,4,1,-0.2284373353981282,-0.07398436828931954,0.15445296710880865,0.0,0.0,0.0,,0,0,False,
ileum,assay,10x 3' v2,10x 3' v3,10x 3' v3 minus 10x 3' v2,stroma,Contractile Pericytes,descriptive,13,4,9,4,4,1,0.16432770105576264,-0.07398436828931954,-0.23831206934508217,0.0,0.0,0.0,,0,0,False,
ileum,assay,10x 3' v2,10x 3' v3,10x 3' v3 minus 10x 3' v2,stroma,Crypt Bottom Fibroblasts (S2A),descriptive,13,4,9,4,4,1,-0.31294597298798277,0.20066870387770797,0.5136146768656907,0.0,0.0,0.0,,0,0,False,
ileum,assay,10x 3' v2,10x 3' v3,10x 3' v3 minus 10x 3' v2,stroma,Crypt Top Fibroblasts (S2B),descriptive,13,4,9,4,4,1,-0.2284373353981282,-0.07398436828931954,0.15445296710880865,0.0,0.0,0.0,,0,0,False,
ileum,assay,10x 3' v2,10x 3' v3,10x 3' v3 minus 10x 3' v2,stroma,Fibroblastic Reticular Cells (FRC),descriptive,13,4,9,4,4,1,-0.059420060218419016,-0.07398436828931954,-0.01456430807090052,0.0,0.0,0.0,,0,0,False,
ileum,assay,10x 3' v2,10x 3' v3,10x 3' v3 minus 10x 3' v2,stroma,Follicular Dendritic Cells (fDC),descriptive,13,4,9,4,4,1,-0.2284373353981282,-0.07398436828931954,0.15445296710880865,0.0,0.0,0.0,,0,0,False,
ileum,assay,10x 3' v2,10x 3' v3,10x 3' v3 minus 10x 3' v2,stroma,Glia,descriptive,13,4,9,4,4,1,-0.31294597298798277,0.20066870387770785,0.5136146768656906,0.0,0.0,0.0,,0,0,False,
ileum,assay,10x 3' v2,10x 3' v3,10x 3' v3 minus 10x 3' v2,stroma,Interstitial Cells of Cajal (ICC),descriptive,13,4,9,4,4,1,0.02508857737143562,-0.07398436828931954,-0.09907294566075515,0.0,0.0,0.0,,0,0,False,
ileum,assay,10x 3' v2,10x 3' v3,10x 3' v3 minus 10x 3' v2,stroma,Lamina propria Fibroblasts (S1),descriptive,13,4,9,4,4,1,0.4247838479427909,0.603028181986233,0.1782443340434421,0.0,25.0,25.0,,0,0,False,
ileum,assay,10x 3' v2,10x 3' v3,10x 3' v3 minus 10x 3' v2,stroma,Lymphatic Endothelial,descriptive,13,4,9,4,4,1,0.22950445954708598,-0.07398436828931954,-0.3034888278364055,0.0,0.0,0.0,,0,0,False,
ileum,assay,10x 3' v2,10x 3' v3,10x 3' v3 minus 10x 3' v2,stroma,Marginal Reticular Cells (MRC),descriptive,13,4,9,4,4,1,-0.05942006021841898,0.20066870387770797,0.26008876409612697,0.0,0.0,0.0,,0,0,False,
ileum,assay,10x 3' v2,10x 3' v3,10x 3' v3 minus 10x 3' v2,stroma,Medullary Sinus Endothelial,descriptive,13,4,9,4,4,1,0.10959721496129018,-0.07398436828931954,-0.18358158325060972,0.0,0.0,0.0,,0,0,False,
ileum,assay,10x 3' v2,10x 3' v3,10x 3' v3 minus 10x 3' v2,stroma,Mesenchymal Lymphoid Tissue Organizer Cells (mLTo Cells),descriptive,13,4,9,4,4,1,-0.2284373353981282,-0.07398436828931954,0.15445296710880865,0.0,0.0,0.0,,0,0,False,
ileum,assay,10x 3' v2,10x 3' v3,10x 3' v3 minus 10x 3' v2,stroma,Muscularis Propria Fibroblasts,descriptive,13,4,9,4,4,1,-0.07875193931695021,-0.07398436828931954,0.004767571027630674,0.0,0.0,0.0,,0,0,False,
ileum,assay,10x 3' v2,10x 3' v3,10x 3' v3 minus 10x 3' v2,stroma,Myofibroblasts,descriptive,13,4,9,4,4,1,-0.14392869780827355,-0.07398436828931954,0.06994432951895402,0.0,0.0,0.0,,0,0,False,
ileum,assay,10x 3' v2,10x 3' v3,10x 3' v3 minus 10x 3' v2,stroma,Post Arteriole Capillary Endothelial (PAC),descriptive,13,4,9,4,4,1,0.01916849728404106,0.20066870387770797,0.1815002065936669,0.0,0.0,0.0,,0,0,False,
ileum,assay,10x 3' v2,10x 3' v3,10x 3' v3 minus 10x 3' v2,stroma,Pre Venule Capillary Endothelial (PVC),descriptive,13,4,9,4,4,1,-0.05942006021841898,-0.07398436828931954,-0.014564308070900554,0.0,0.0,0.0,,0,0,False,
ileum,assay,10x 3' v2,10x 3' v3,10x 3' v3 minus 10x 3' v2,stroma,Secretory Pericytes,descriptive,13,4,9,4,4,1,-0.31294597298798277,-0.07398436828931954,0.23896160469866323,0.0,0.0,0.0,,0,0,False,
ileum,assay,10x 3' v2,10x 3' v3,10x 3' v3 minus 10x 3' v2,stroma,Smooth Muscle Cells (SMC),descriptive,13,4,9,4,4,1,-0.22843733539812813,-0.07398436828931954,0.1544529671088086,0.0,0.0,0.0,,0,0,False,
ileum,assay,10x 3' v2,10x 3' v3,10x 3' v3 minus 10x 3' v2,stroma,Submucosal Fibroblasts (S3),descriptive,13,4,9,4,4,1,0.7617378663377488,-0.07398436828931954,-0.8357222346270683,0.0,0.0,0.0,,0,0,False,
ileum,assay,10x 3' v2,10x 3' v3,10x 3' v3 minus 10x 3' v2,stroma,Venular Endothelial,descriptive,13,4,9,4,4,1,0.6185710596297047,-0.07398436828931954,-0.6925554279190242,0.0,0.0,0.0,,0,0,False,
ileum,sample_collection_method,biopsy,surgical resection,surgical resection minus biopsy,epithelial,BEST4 Colonocytes,inferential,41,8,37,6,5,3,-0.035418420548535806,-0.18832215424728566,-0.15290373369874985,0.0,0.0,0.0,0.06106689445372908,1,0,False,0.28701440393252664
ileum,sample_collection_method,biopsy,surgical resection,surgical resection minus biopsy,epithelial,BEST4 Enterocytes,inferential,41,8,37,6,5,3,0.07990426917695977,0.5693599606187165,0.48945569144175677,0.0,0.0,0.0,0.6384381077933448,1,0,False,0.7592674262019676
ileum,sample_collection_method,biopsy,surgical resection,surgical resection minus biopsy,epithelial,Brunners Gland Cells,inferential,41,8,37,6,5,3,-0.16326590872072222,-0.18832215424728566,-0.025056245526563437,0.0,0.0,0.0,0.11362163867192678,1,0,False,0.3005496235695192
ileum,sample_collection_method,biopsy,surgical resection,surgical resection minus biopsy,epithelial,Colonocyte Progenitors,inferential,41,8,37,6,5,3,-0.16326590872072222,-0.18832215424728566,-0.025056245526563437,0.0,0.0,0.0,0.11362163867192678,1,0,False,0.3005496235695192
ileum,sample_collection_method,biopsy,surgical resection,surgical resection minus biopsy,epithelial,Crypt Top Colonocytes,inferential,41,8,37,6,5,3,-0.1364704870458903,-0.18832215424728566,-0.05185166720139536,0.0,0.0,0.0,0.08526805875422251,1,0,False,0.3005496235695192
ileum,sample_collection_method,biopsy,surgical resection,surgical resection minus biopsy,epithelial,EEC Enterochromaffin (EC),inferential,41,8,37,6,5,3,-0.16326590872072222,-0.18832215424728566,-0.025056245526563437,0.0,0.0,0.0,0.11362163867192678,1,0,False,0.3005496235695192
ileum,sample_collection_method,biopsy,surgical resection,surgical resection minus biopsy,epithelial,EEC L,inferential,41,8,37,6,5,3,-0.16326590872072222,-0.18832215424728566,-0.025056245526563437,0.0,0.0,0.0,0.11362163867192678,1,0,False,0.3005496235695192
ileum,sample_collection_method,biopsy,surgical resection,surgical resection minus biopsy,epithelial,EEC N,inferential,41,8,37,6,5,3,-0.10967506537105833,-0.18832215424728566,-0.07864708887622733,0.0,0.0,0.0,0.04274153929214278,1,0,False,0.2511065433413388
ileum,sample_collection_method,biopsy,surgical resection,surgical resection minus biopsy,epithelial,EEC Progenitors,inferential,41,8,37,6,5,3,-0.13647048704589027,-0.18832215424728566,-0.05185166720139539,0.0,0.0,0.0,0.11510411115428394,1,0,False,0.3005496235695192
ileum,sample_collection_method,biopsy,surgical resection,surgical resection minus biopsy,epithelial,EEC S,inferential,41,8,37,6,5,3,-0.13647048704589027,-0.18832215424728566,-0.05185166720139539,0.0,0.0,0.0,0.07120393550160219,1,0,False,0.3005496235695192
ileum,sample_collection_method,biopsy,surgical resection,surgical resection minus biopsy,epithelial,Enterocyte Progenitors,inferential,41,8,37,6,5,3,0.19016890140980838,0.42483719305751805,0.23466829164770966,0.0,0.0,0.0,0.5788154942672972,1,0,False,0.7159033744884992
ileum,sample_collection_method,biopsy,surgical resection,surgical resection minus biopsy,epithelial,Enteroendocrine Cells (EEC),inferential,41,8,37,6,5,3,-0.16326590872072222,-0.18832215424728566,-0.025056245526563437,0.0,0.0,0.0,0.11362163867192678,1,0,False,0.3005496235695192
ileum,sample_collection_method,biopsy,surgical resection,surgical resection minus biopsy,epithelial,Epithelial,inferential,41,8,37,6,5,3,-0.10967506537105833,0.22365745400325548,0.3333325193743138,0.0,0.0,0.0,0.8351236644122145,1,0,False,0.9128095866831182
ileum,sample_collection_method,biopsy,surgical resection,surgical resection minus biopsy,epithelial,Foveolar Cells,inferential,41,8,37,6,5,3,-0.16326590872072222,-0.18832215424728566,-0.025056245526563437,0.0,0.0,0.0,0.11362163867192678,1,0,False,0.3005496235695192
ileum,sample_collection_method,biopsy,surgical resection,surgical resection minus biopsy,epithelial,Goblet Cells,inferential,41,8,37,6,5,3,0.31974992708666,0.21403732386123947,-0.10571260322542053,0.0,0.0,0.0,0.020497717993413076,1,0,False,0.1751623173982572
ileum,sample_collection_method,biopsy,surgical resection,surgical resection minus biopsy,epithelial,Intestinal Stem Cells (ISC),inferential,41,8,37,6,5,3,-0.11580468557303165,0.2875106569740043,0.40331534254703594,0.0,0.0,0.0,0.3596849481439124,1,0,False,0.5366727797702819
ileum,sample_collection_method,biopsy,surgical resection,surgical resection minus biopsy,epithelial,Lower Crypt Colonocytes,inferential,41,8,37,6,5,3,-0.16326590872072222,-0.18832215424728566,-0.025056245526563437,0.0,0.0,0.0,0.11362163867192678,1,0,False,0.3005496235695192
ileum,sample_collection_method,biopsy,surgical resection,surgical resection minus biopsy,epithelial,Lower Villus Enterocytes,inferential,41,8,37,6,5,3,0.30816802319357584,0.35465352348442486,0.046485500290849024,0.0,0.0,0.0,0.12009717827722959,1,0,False,0.3051117502178265
ileum,sample_collection_method,biopsy,surgical resection,surgical resection minus biopsy,epithelial,Mature Goblet Cells,inferential,41,8,37,6,5,3,0.1852867814801995,-0.18832215424728566,-0.37360893572748516,0.0,0.0,0.0,0.0010556070913888135,1,0,False,0.06382461780153648
ileum,sample_collection_method,biopsy,surgical resection,surgical resection minus biopsy,epithelial,Microfold Cells (M Cells),inferential,41,8,37,6,5,3,-0.04362506046612637,-0.18832215424728566,-0.1446970937811593,0.0,0.0,0.0,0.11124884713762043,1,0,False,0.3005496235695192
ileum,sample_collection_method,biopsy,surgical resection,surgical resection minus biopsy,epithelial,Mid Crypt Colonocytes,inferential,41,8,37,6,5,3,-0.16326590872072222,-0.18832215424728566,-0.025056245526563437,0.0,0.0,0.0,0.11362163867192678,1,0,False,0.3005496235695192
ileum,sample_collection_method,biopsy,surgical resection,surgical resection minus biopsy,epithelial,Mid Villus Enterocytes,inferential,41,8,37,6,5,3,0.3751615961650719,0.31259449390677324,-0.06256710225829865,0.0,0.0,0.0,0.11510411115428394,1,0,False,0.3005496235695192
ileum,sample_collection_method,biopsy,surgical resection,surgical resection minus biopsy,epithelial,Paneth Cells,inferential,41,8,37,6,5,3,0.09855868782562395,-0.18832215424728566,-0.2868808420729096,0.0,0.0,0.0,0.05642088478897928,1,0,False,0.28701440393252664
ileum,sample_collection_method,biopsy,surgical resection,surgical resection minus biopsy,epithelial,Secretory Progenitors,inferential,41,8,37,6,5,3,0.011708684444077617,0.15018412089049055,0.13847543644641294,0.0,0.0,0.0,0.141265093085219,1,0,False,0.33197296875026466
ileum,sample_collection_method,biopsy,surgical resection,surgical resection minus biopsy,epithelial,Transiently Amplifying Cells (TA),inferential,41,8,37,6,5,3,0.21025010505350564,0.6042227587186834,0.39397265366517775,0.0,3.571428571428571,3.571428571428571,0.7182300978640295,1,0,False,0.822098803052934
ileum,sample_collection_method,biopsy,surgical resection,surgical resection minus biopsy,epithelial,Tuft Cells,inferential,41,8,37,6,5,3,-0.07042048214095832,-0.18832215424728566,-0.11790167210632733,0.0,0.0,0.0,0.024558395262493805,1,0,False,0.19237409622286816
ileum,sample_collection_method,biopsy,surgical resection,surgical resection minus biopsy,epithelial,Tuft Progenitors,inferential,41,8,37,6,5,3,-0.029288800346562494,-0.05099561816377196,-0.021706817817209467,0.0,0.0,0.0,0.16139536901189833,1,0,False,0.35355314769182594
ileum,sample_collection_method,biopsy,surgical resection,surgical resection minus biopsy,epithelial,Villus Tip Enterocytes,inferential,41,8,37,6,5,3,0.45048933488530796,0.11141475485251062,-0.33907458003279733,0.0,0.0,0.0,0.009841259820614654,1,0,False,0.13215406044825392
ileum,sample_collection_method,biopsy,surgical resection,surgical resection minus biopsy,lymphoid,CD4 Memory,inferential,18,7,17,6,6,4,0.4455786780867379,0.40682453880328845,-0.03875413928344945,2.241715399610136,0.0,-2.241715399610136,0.9276085662577942,1,0,False,0.9688356136470294
ileum,sample_collection_method,biopsy,surgical resection,surgical resection minus biopsy,lymphoid,CD4 Naive,inferential,18,7,17,6,6,4,0.039409560994087656,-0.36434156141353335,-0.403751122407621,0.0,0.0,0.0,0.4860859116870596,1,0,False,0.6527439385511944
ileum,sample_collection_method,biopsy,surgical resection,surgical resection minus biopsy,lymphoid,CD4 Tfh,inferential,18,7,17,6,6,4,0.09624677982893456,-0.05045233607978775,-0.1466991159087223,0.0,0.0,0.0,0.8796417258051374,1,0,False,0.9396172980191241
ileum,sample_collection_method,biopsy,surgical resection,surgical resection minus biopsy,lymphoid,CD4 Tfr,inferential,18,7,17,6,6,4,-0.20528055685468302,0.022522753029639526,0.22780330988432254,0.0,0.0,0.0,0.5247905582579786,1,0,False,0.6757577051541095
ileum,sample_collection_method,biopsy,surgical resection,surgical resection minus biopsy,lymphoid,CD4 Th17,inferential,18,7,17,6,6,4,0.6909447901881429,0.3829596695656932,-0.3079851206224497,3.167641325536062,0.0,-3.167641325536062,0.3798049361311936,1,0,False,0.5445105432009623
ileum,sample_collection_method,biopsy,surgical resection,surgical resection minus biopsy,lymphoid,CD4 Tr1,inferential,18,7,17,6,6,4,-0.4591029202889728,-0.36434156141353335,0.09476135887543946,0.0,0.0,0.0,0.4860859116870596,1,0,False,0.6527439385511944
ileum,sample_collection_method,biopsy,surgical resection,surgical resection minus biopsy,lymphoid,CD4 pTreg,inferential,18,7,17,6,6,4,-0.24762167085728837,-0.36434156141353335,-0.11671989055624499,0.0,0.0,0.0,0.9758400133547974,1,0,False,0.9863329167242038
ileum,sample_collection_method,biopsy,surgical resection,surgical resection minus biopsy,lymphoid,CD4 tTreg,inferential,18,7,17,6,6,4,-0.29469377421213305,-0.20739694874666054,0.08729682546547252,0.0,0.0,0.0,0.3798049361311936,1,0,False,0.5445105432009623
ileum,sample_collection_method,biopsy,surgical resection,surgical resection minus biopsy,lymphoid,CD8 Circulating Effector Memory,inferential,18,7,17,6,6,4,0.029624583963752487,-0.36434156141353335,-0.39396614537728586,0.0,0.0,0.0,0.5247905582579786,1,0,False,0.6757577051541095
ileum,sample_collection_method,biopsy,surgical resection,surgical resection minus biopsy,lymphoid,CD8 Effector Memory,inferential,18,7,17,6,6,4,-0.47779582232348466,0.13515951879596377,0.6129553411194484,0.0,0.0,0.0,0.01673449144472778,1,0,False,0.17478246620049015
ileum,sample_collection_method,biopsy,surgical resection,surgical resection minus biopsy,lymphoid,CD8 IEL,inferential,18,7,17,6,6,4,0.18975811664414072,0.3364119783633851,0.14665386171924438,0.0,0.0,0.0,0.7390350250824633,1,0,False,0.827015385211328
ileum,sample_collection_method,biopsy,surgical resection,surgical resection minus biopsy,lymphoid,CD8 Memory Exhausted,inferential,18,7,17,6,6,4,-0.628243055718052,-0.20739694874666054,0.4208461069713914,0.0,0.0,0.0,0.01673449144472778,1,0,False,0.17478246620049015
ileum,sample_collection_method,biopsy,surgical resection,surgical resection minus biopsy,lymphoid,CD8 Naive,inferential,18,7,17,6,6,4,-0.3370348882147385,-0.36434156141353335,-0.027306673198794873,0.0,0.0,0.0,0.9758400133547974,1,0,False,0.9863329167242038
ileum,sample_collection_method,biopsy,surgical resection,surgical resection minus biopsy,lymphoid,CD8 TRM,inferential,18,7,17,6,6,4,1.348090698844313,1.2457604052383533,-0.1023302936059598,6.527777777777778,24.074074074074073,17.546296296296294,0.6066651207037717,1,0,False,0.7406041733266823
ileum,sample_collection_method,biopsy,surgical resection,surgical resection minus biopsy,lymphoid,GC B Dark Zone (GC B DZ),inferential,18,7,17,6,6,4,0.4118428727901992,-0.36434156141353335,-0.7761844342037325,0.0,0.0,0.0,0.3176036280622213,1,0,False,0.49757901729748005
ileum,sample_collection_method,biopsy,surgical resection,surgical resection minus biopsy,lymphoid,GC B Light Zone (GC B LZ),inferential,18,7,17,6,6,4,0.4729456457117803,-0.20739694874666054,-0.6803425944584409,1.9230769230769231,0.0,-1.9230769230769231,0.2624866062442627,1,0,False,0.4486134724901944
ileum,sample_collection_method,biopsy,surgical resection,surgical resection minus biopsy,lymphoid,Gamma Delta T Cells,inferential,18,7,17,6,6,4,-0.5672090396809346,-0.20739694874666054,0.3598120909342741,0.0,0.0,0.0,0.042450788172735274,1,0,False,0.2511065433413388
ileum,sample_collection_method,biopsy,surgical resection,surgical resection minus biopsy,lymphoid,ILC3,inferential,18,7,17,6,6,4,-0.20100494345823156,0.21323719113425949,0.41424213459249104,0.0,0.0,0.0,0.3176036280622213,1,0,False,0.49757901729748005
ileum,sample_collection_method,biopsy,surgical resection,surgical resection minus biopsy,lymphoid,MAIT Cells,inferential,18,7,17,6,6,4,-0.5061750236438175,-0.36434156141353335,0.14183346223028415,0.0,0.0,0.0,0.4135362776921524,1,0,False,0.5716530897509166
ileum,sample_collection_method,biopsy,surgical resection,surgical resection minus biopsy,lymphoid,Memory B,inferential,18,7,17,6,6,4,0.7072804968232066,0.1794673656965123,-0.5278131311266943,3.7545787545787546,0.0,-3.7545787545787546,0.3478205359434978,1,0,False,0.5273408125594967
ileum,sample_collection_method,biopsy,surgical resection,surgical resection minus biopsy,lymphoid,NK Cells,inferential,18,7,17,6,6,4,0.08592761064863036,-0.05045233607978775,-0.1363799467284181,0.9259259259259258,0.0,-0.9259259259259258,0.5650147534740867,1,0,False,0.7081518243541887
ileum,sample_collection_method,biopsy,surgical resection,surgical resection minus biopsy,lymphoid,NKT Cells,inferential,18,7,17,6,6,4,0.1845864264738067,0.2524424548059395,0.06785602833213283,0.0,0.0,0.0,0.5650147534740867,1,0,False,0.7081518243541887
ileum,sample_collection_method,biopsy,surgical resection,surgical resection minus biopsy,lymphoid,Naive B,inferential,18,7,17,6,6,4,0.17144822988821296,-0.05045233607978775,-0.2219005659680007,0.0,0.0,0.0,0.7851898231421872,1,0,False,0.8683275691219482
ileum,sample_collection_method,biopsy,surgical resection,surgical resection minus biopsy,lymphoid,Plasma Cells,inferential,18,7,17,6,6,4,0.07678916433629761,-0.36434156141353335,-0.441130725749831,0.0,0.0,0.0,0.8796417258051374,1,0,False,0.9396172980191241
ileum,sample_collection_method,biopsy,surgical resection,surgical resection minus biopsy,lymphoid,Plasma IGA,inferential,18,7,17,6,6,4,-0.4591029202889728,0.771343755181017,1.2304466754699899,0.0,1.6666666666666667,1.6666666666666667,0.0027159411830441054,1,0,False,0.06382461780153648
ileum,sample_collection_method,biopsy,surgical resection,surgical resection minus biopsy,lymphoid,Plasma IGG,inferential,18,7,17,6,6,4,-0.5672090396809346,-0.05045233607978775,0.5167567036011469,0.0,0.0,0.0,0.01970487506693426,1,0,False,0.1751623173982572
ileum,sample_collection_method,biopsy,surgical resection,surgical resection minus biopsy,myeloid,Classical Monocytes,inferential,19,6,19,6,5,3,-0.08494956820378179,0.07208280418151702,0.15703237238529882,0.0,0.0,0.0,0.9141106571880336,1,0,False,0.9654651884907322
ileum,sample_collection_method,biopsy,surgical resection,surgical resection minus biopsy,myeloid,Cycling Macrophages,inferential,19,6,19,6,5,3,0.08851553000697245,-0.11101924392983453,-0.19953477393680696,0.0,0.0,0.0,0.285774154165504,1,0,False,0.47127667529048023
ileum,sample_collection_method,biopsy,surgical resection,surgical resection minus biopsy,myeloid,Eosinophils,inferential,19,6,19,6,5,3,-0.027127868800197054,-0.11101924392983453,-0.08389137512963749,0.0,0.0,0.0,0.18267811425126035,1,0,False,0.3602698640191872
ileum,sample_collection_method,biopsy,surgical resection,surgical resection minus biopsy,myeloid,Follicle Associated Resident Macrophages,inferential,19,6,19,6,5,3,0.3466878867668898,-0.11101924392983453,-0.4577071306967243,0.0,0.0,0.0,0.045481067961682935,1,0,False,0.2514835522587174
ileum,sample_collection_method,biopsy,surgical resection,surgical resection minus biopsy,myeloid,Homeostatic Macrophages,inferential,19,6,19,6,5,3,-0.08494956820378179,0.2551848522928687,0.3401344204966505,0.0,0.0,0.0,0.725895751631846,1,0,False,0.822098803052934
ileum,sample_collection_method,biopsy,surgical resection,surgical resection minus biopsy,myeloid,M0 Macrophages,inferential,19,6,19,6,5,3,0.4004069975647364,-0.11101924392983453,-0.5114262414945709,0.0,0.0,0.0,0.0035902271501451932,1,0,False,0.06749627042272963
ileum,sample_collection_method,biopsy,surgical resection,surgical resection minus biopsy,myeloid,Mast Cells,inferential,19,6,19,6,5,3,-0.058064009058203324,-0.11101924392983453,-0.05295523487163121,0.0,0.0,0.0,0.19546556452104835,1,0,False,0.3602698640191872
ileum,sample_collection_method,biopsy,surgical resection,surgical resection minus biopsy,myeloid,Monocyte Derived Dendritic Cells (MO DC),inferential,19,6,19,6,5,3,0.030693830603387706,-0.11101924392983453,-0.14171307453322224,0.0,0.0,0.0,0.31074314257005753,1,0,False,0.49757901729748005
ileum,sample_collection_method,biopsy,surgical resection,surgical resection minus biopsy,myeloid,Neutrophils,inferential,19,6,19,6,5,3,-0.1427712676073665,0.6646408144297528,0.8074120820371192,0.0,50.0,50.0,0.14107708334059588,1,0,False,0.33197296875026466
ileum,sample_collection_method,biopsy,surgical resection,surgical resection minus biopsy,myeloid,Nonclassical Monocytes,inferential,19,6,19,6,5,3,-0.1427712676073665,-0.11101924392983453,0.031752023677531965,0.0,0.0,0.0,0.38810857866451565,1,0,False,0.5445105432009623
ileum,sample_collection_method,biopsy,surgical resection,surgical resection minus biopsy,myeloid,Perivascular Resident Macrophages,inferential,19,6,19,6,5,3,-0.08494956820378177,0.1572204081425155,0.24216997634629728,0.0,0.0,0.0,1.0,1,0,False,1.0
ileum,sample_collection_method,biopsy,surgical resection,surgical resection minus biopsy,myeloid,Tolerogenic cDC2,inferential,19,6,19,6,5,3,-0.08494956820378179,-0.11101924392983453,-0.026069675726052746,0.0,0.0,0.0,0.19546556452104835,1,0,False,0.3602698640191872
ileum,sample_collection_method,biopsy,surgical resection,surgical resection minus biopsy,myeloid,cDC1,inferential,19,6,19,6,5,3,-0.0849495682037818,-0.11101924392983453,-0.026069675726052732,0.0,0.0,0.0,0.20827996856089925,1,0,False,0.3694022083910289
ileum,sample_collection_method,biopsy,surgical resection,surgical resection minus biopsy,myeloid,cDC2,inferential,19,6,19,6,5,3,0.1568988449611966,0.07208280418151702,-0.08481604077967958,0.0,0.0,0.0,0.19546556452104835,1,0,False,0.3602698640191872
ileum,sample_collection_method,biopsy,surgical resection,surgical resection minus biopsy,myeloid,migDC,inferential,19,6,19,6,5,3,-0.1427712676073665,-0.11101924392983453,0.031752023677531965,0.0,0.0,0.0,0.38810857866451565,1,0,False,0.5445105432009623
ileum,sample_collection_method,biopsy,surgical resection,surgical resection minus biopsy,myeloid,pDC,inferential,19,6,19,6,5,3,-0.08494956820378179,-0.11101924392983453,-0.026069675726052746,0.0,0.0,0.0,0.19546556452104835,1,0,False,0.3602698640191872
ileum,sample_collection_method,biopsy,surgical resection,surgical resection minus biopsy,stroma,Adipocytes,inferential,11,6,9,4,4,2,-0.1543721355830795,0.1900868098638567,0.3444589454469362,0.0,0.0,0.0,0.3324731408333417,1,0,False,0.5123356596448216
ileum,sample_collection_method,biopsy,surgical resection,surgical resection minus biopsy,stroma,Angiogenic Pericytes,inferential,11,6,9,4,4,2,0.04537555326566769,-0.44435693843119656,-0.4897324916968642,0.0,0.0,0.0,0.07421817703967912,1,0,False,0.3005496235695192
ileum,sample_collection_method,biopsy,surgical resection,surgical resection minus biopsy,stroma,Arteriolar Endothelial,inferential,11,6,9,4,4,2,-0.1543721355830795,0.8690474522842034,1.023419587867283,0.0,2.380952380952381,2.380952380952381,0.036500138079433676,1,0,False,0.24507235567619756
ileum,sample_collection_method,biopsy,surgical resection,surgical resection minus biopsy,stroma,Capillary Endothelial,inferential,11,6,9,4,4,2,-0.05449829115870591,-0.44435693843119656,-0.38985864727249064,0.0,0.0,0.0,0.16844880877052715,1,0,False,0.35355314769182594
ileum,sample_collection_method,biopsy,surgical resection,surgical resection minus biopsy,stroma,Contractile Pericytes,inferential,11,6,9,4,4,2,-0.1543721355830795,0.5897360219969184,0.7441081575799979,0.0,3.630952380952381,3.630952380952381,0.002617224962725782,1,0,False,0.06382461780153648
ileum,sample_collection_method,biopsy,surgical resection,surgical resection minus biopsy,stroma,Crypt Bottom Fibroblasts (S2A),inferential,11,6,9,4,4,2,-0.054498291158705865,-0.44435693843119656,-0.3898586472724907,0.0,0.0,0.0,0.20507841752467293,1,0,False,0.3694022083910289
ileum,sample_collection_method,biopsy,surgical resection,surgical resection minus biopsy,stroma,Crypt Top Fibroblasts (S2B),inferential,11,6,9,4,4,2,-0.05449829115870591,-0.44435693843119656,-0.38985864727249064,0.0,0.0,0.0,0.13908141362946988,1,0,False,0.33197296875026466
ileum,sample_collection_method,biopsy,surgical resection,surgical resection minus biopsy,stroma,Fibroblastic Reticular Cells (FRC),inferential,11,6,9,4,4,2,0.14524939769004128,-0.44435693843119656,-0.5896063361212378,0.0,0.0,0.0,0.05960327214617529,1,0,False,0.28701440393252664
ileum,sample_collection_method,biopsy,surgical resection,surgical resection minus biopsy,stroma,Follicular Dendritic Cells (fDC),inferential,11,6,9,4,4,2,-0.05449829115870591,-0.44435693843119656,-0.38985864727249064,0.0,0.0,0.0,0.16844880877052715,1,0,False,0.35355314769182594
ileum,sample_collection_method,biopsy,surgical resection,surgical resection minus biopsy,stroma,Glia,inferential,11,6,9,4,4,2,-0.05449829115870591,-0.44435693843119656,-0.38985864727249064,0.0,0.0,0.0,0.16925416644821456,1,0,False,0.35355314769182594
ileum,sample_collection_method,biopsy,surgical resection,surgical resection minus biopsy,stroma,Interstitial Cells of Cajal (ICC),inferential,11,6,9,4,4,2,0.2451232421144149,-0.44435693843119656,-0.6894801805456114,0.0,0.0,0.0,0.07659527010689579,1,0,False,0.3005496235695192
ileum,sample_collection_method,biopsy,surgical resection,surgical resection minus biopsy,stroma,Lamina propria Fibroblasts (S1),inferential,11,6,9,4,4,2,0.6306257032417043,0.1662366692570778,-0.4643890339846265,0.0,0.0,0.0,0.5080696038453506,1,0,False,0.6726555318515909
ileum,sample_collection_method,biopsy,surgical resection,surgical resection minus biopsy,stroma,Lymphatic Endothelial,inferential,11,6,9,4,4,2,-0.1543721355830795,0.7309523320614524,0.8853244676445319,0.0,3.571428571428571,3.571428571428571,0.036500138079433676,1,0,False,0.24507235567619756
ileum,sample_collection_method,biopsy,surgical resection,surgical resection minus biopsy,stroma,Marginal Reticular Cells (MRC),inferential,11,6,9,4,4,2,0.14524939769004133,-0.2612548903198449,-0.40650428800988625,0.0,0.0,0.0,0.1897296479072237,1,0,False,0.3602698640191872
ileum,sample_collection_method,biopsy,surgical resection,surgical resection minus biopsy,stroma,Medullary Sinus Endothelial,inferential,11,6,9,4,4,2,-0.05449829115870591,0.2880512540142099,0.3425495451729158,0.0,1.25,1.25,0.11382417336225774,1,0,False,0.3005496235695192
ileum,sample_collection_method,biopsy,surgical resection,surgical resection minus biopsy,stroma,Mesenchymal Lymphoid Tissue Organizer Cells (mLTo Cells),inferential,11,6,9,4,4,2,-0.05449829115870591,-0.44435693843119656,-0.38985864727249064,0.0,0.0,0.0,0.16844880877052715,1,0,False,0.35355314769182594
ileum,sample_collection_method,biopsy,surgical resection,surgical resection minus biopsy,stroma,Muscularis Propria Fibroblasts,inferential,11,6,9,4,4,2,0.022528787058312606,-0.2612548903198449,-0.2837836773781575,0.0,0.0,0.0,0.6461850435761427,1,0,False,0.7592674262019676
ileum,sample_collection_method,biopsy,surgical resection,surgical resection minus biopsy,stroma,Myofibroblasts,inferential,11,6,9,4,4,2,-0.05449829115870591,-0.2612548903198449,-0.20675659916113898,0.0,0.0,0.0,0.7210519755520508,1,0,False,0.822098803052934
ileum,sample_collection_method,biopsy,surgical resection,surgical resection minus biopsy,stroma,Post Arteriole Capillary Endothelial (PAC),inferential,11,6,9,4,4,2,0.19168809075967683,-0.17611728635884658,-0.3678053771185234,0.0,0.0,0.0,0.2840976669117964,1,0,False,0.47127667529048023
ileum,sample_collection_method,biopsy,surgical resection,surgical resection minus biopsy,stroma,Pre Venule Capillary Endothelial (PVC),inferential,11,6,9,4,4,2,-0.05449829115870591,-0.07815284220849332,-0.023654551049787413,0.0,0.0,0.0,0.6461850435761427,1,0,False,0.7592674262019676
ileum,sample_collection_method,biopsy,surgical resection,surgical resection minus biopsy,stroma,Secretory Pericytes,inferential,11,6,9,4,4,2,-0.1543721355830795,-0.44435693843119656,-0.28998480284811706,0.0,0.0,0.0,0.2407257089723378,1,0,False,0.41904104895184724
ileum,sample_collection_method,biopsy,surgical resection,surgical resection minus biopsy,stroma,Smooth Muscle Cells (SMC),inferential,11,6,9,4,4,2,-0.1543721355830795,-0.2612548903198449,-0.1068827547367654,0.0,0.0,0.0,0.9593194639524205,1,0,False,0.9863329167242038
ileum,sample_collection_method,biopsy,surgical resection,surgical resection minus biopsy,stroma,Submucosal Fibroblasts (S3),inferential,11,6,9,4,4,2,0.04537555326566769,1.5179206172185185,1.4725450639528508,0.0,13.823529411764707,13.823529411764707,0.009284747554992206,1,0,False,0.13215406044825392
ileum,sample_collection_method,biopsy,surgical resection,surgical resection minus biopsy,stroma,Venular Endothelial,inferential,11,6,9,4,4,2,-0.05449829115870591,1.3908279174624412,1.4453262086211471,0.0,18.27731092436975,18.27731092436975,0.0023554644933890733,1,0,False,0.06382461780153648
colon,sampled_site_condition,adjacent,healthy,healthy minus adjacent,epithelial,BEST4 Colonocytes,inferential,7,22,7,18,3,7,-0.06711524757499518,0.7721944370395973,0.8393096846145925,0.0,4.640151515151516,4.640151515151516,0.04450866622350051,1,0,False,0.2661872263356032
colon,sampled_site_condition,adjacent,healthy,healthy minus adjacent,epithelial,BEST4 Enterocytes,inferential,7,22,7,18,3,7,0.08982936509187768,-0.052140601853386405,-0.1419699669452641,0.0,0.0,0.0,0.21582001770700654,1,0,False,0.37768503098726147
colon,sampled_site_condition,adjacent,healthy,healthy minus adjacent,epithelial,Brunners Gland Cells,inferential,7,22,7,18,3,7,0.3197490668681778,-0.22517071502476463,-0.5449197818929424,0.0,0.0,0.0,0.02507164831066638,1,0,False,0.2661872263356032
colon,sampled_site_condition,adjacent,healthy,healthy minus adjacent,epithelial,Colonocyte Progenitors,inferential,7,22,7,18,3,7,-0.06711524757499518,0.4140984566118591,0.4812137041868543,0.0,0.0,0.0,0.6768251116040338,1,0,False,0.7580441249965179
colon,sampled_site_condition,adjacent,healthy,healthy minus adjacent,epithelial,Crypt Top Colonocytes,inferential,7,22,7,18,3,7,0.08982936509187768,0.1355052652454707,0.04567590015359303,0.0,0.0,0.0,0.6410672653837446,1,0,False,0.7479118096143688
colon,sampled_site_condition,adjacent,healthy,healthy minus adjacent,epithelial,EEC Enterochromaffin (EC),inferential,7,22,7,18,3,7,-0.06711524757499518,-0.17523379281257778,-0.1081185452375826,0.0,0.0,0.0,0.17554561299164106,1,0,False,0.3276851442510633
colon,sampled_site_condition,adjacent,healthy,healthy minus adjacent,epithelial,EEC L,inferential,7,22,7,18,3,7,-0.06711524757499518,-0.15201444627776003,-0.08489919870276486,0.0,0.0,0.0,0.17554561299164106,1,0,False,0.3276851442510633
colon,sampled_site_condition,adjacent,healthy,healthy minus adjacent,epithelial,EEC N,inferential,7,22,7,18,3,7,-0.06711524757499518,-0.22517071502476463,-0.15805546744976945,0.0,0.0,0.0,0.08556017989358675,1,0,False,0.2661872263356032
colon,sampled_site_condition,adjacent,healthy,healthy minus adjacent,epithelial,EEC Progenitors,inferential,7,22,7,18,3,7,0.08982936509187768,-0.07535994838820415,-0.1651893134800818,0.0,0.0,0.0,0.13599163897946104,1,0,False,0.3173138242854091
colon,sampled_site_condition,adjacent,healthy,healthy minus adjacent,epithelial,EEC S,inferential,7,22,7,18,3,7,-0.06711524757499518,-0.22517071502476463,-0.15805546744976945,0.0,0.0,0.0,0.08556017989358675,1,0,False,0.2661872263356032
colon,sampled_site_condition,adjacent,healthy,healthy minus adjacent,epithelial,Enterocyte Progenitors,inferential,7,22,7,18,3,7,-0.06711524757499518,-0.125296870600391,-0.05818162302539581,0.0,0.0,0.0,0.3222236489058933,1,0,False,0.42963153187452435
colon,sampled_site_condition,adjacent,healthy,healthy minus adjacent,epithelial,Enteroendocrine Cells (EEC),inferential,7,22,7,18,3,7,-0.06711524757499518,-0.17523379281257778,-0.1081185452375826,0.0,0.0,0.0,0.17554561299164106,1,0,False,0.3276851442510633
colon,sampled_site_condition,adjacent,healthy,healthy minus adjacent,epithelial,Epithelial,inferential,7,22,7,18,3,7,-0.06711524757499518,-0.17523379281257775,-0.10811854523758258,0.0,0.0,0.0,0.13081444756214594,1,0,False,0.3173138242854091
colon,sampled_site_condition,adjacent,healthy,healthy minus adjacent,epithelial,Foveolar Cells,inferential,7,22,7,18,3,7,-0.06711524757499518,-0.22517071502476463,-0.15805546744976945,0.0,0.0,0.0,0.08556017989358675,1,0,False,0.2661872263356032
colon,sampled_site_condition,adjacent,healthy,healthy minus adjacent,epithelial,Goblet Cells,inferential,7,22,7,18,3,7,0.7974689194142072,0.2634119756784076,-0.5340569437357996,0.0,0.0,0.0,0.07679769952444002,1,0,False,0.2661872263356032
colon,sampled_site_condition,adjacent,healthy,healthy minus adjacent,epithelial,Intestinal Stem Cells (ISC),inferential,7,22,7,18,3,7,-0.06711524757499518,0.11825573698615686,0.18537098456115203,0.0,0.0,0.0,0.7944783849441359,1,0,False,0.8555921068629155
colon,sampled_site_condition,adjacent,healthy,healthy minus adjacent,epithelial,Lower Crypt Colonocytes,inferential,7,22,7,18,3,7,-0.06711524757499518,0.7212148635125676,0.7883301110875628,0.0,0.0,0.0,0.25171304422619245,1,0,False,0.3990822196138008
colon,sampled_site_condition,adjacent,healthy,healthy minus adjacent,epithelial,Lower Villus Enterocytes,inferential,7,22,7,18,3,7,-0.06711524757499518,-0.22517071502476463,-0.15805546744976945,0.0,0.0,0.0,0.08556017989358675,1,0,False,0.2661872263356032
colon,sampled_site_condition,adjacent,healthy,healthy minus adjacent,epithelial,Mature Goblet Cells,inferential,7,22,7,18,3,7,-0.06711524757499518,-0.22517071502476463,-0.15805546744976945,0.0,0.0,0.0,0.08556017989358675,1,0,False,0.2661872263356032
colon,sampled_site_condition,adjacent,healthy,healthy minus adjacent,epithelial,Microfold Cells (M Cells),inferential,7,22,7,18,3,7,-0.06711524757499518,-0.17523379281257778,-0.1081185452375826,0.0,0.0,0.0,0.13081444756214594,1,0,False,0.3173138242854091
colon,sampled_site_condition,adjacent,healthy,healthy minus adjacent,epithelial,Mid Crypt Colonocytes,inferential,7,22,7,18,3,7,-0.06711524757499518,0.3046645689468349,0.3717798165218301,0.0,0.0,0.0,0.9584490686797152,1,0,False,0.9584490686797152
colon,sampled_site_condition,adjacent,healthy,healthy minus adjacent,epithelial,Mid Villus Enterocytes,inferential,7,22,7,18,3,7,-0.06711524757499518,-0.08678333149188172,-0.019668083916886542,0.0,0.0,0.0,0.3222236489058933,1,0,False,0.42963153187452435
colon,sampled_site_condition,adjacent,healthy,healthy minus adjacent,epithelial,Paneth Cells,inferential,7,22,7,18,3,7,-0.06711524757499518,-0.22517071502476463,-0.15805546744976945,0.0,0.0,0.0,0.08556017989358675,1,0,False,0.2661872263356032
colon,sampled_site_condition,adjacent,healthy,healthy minus adjacent,epithelial,Secretory Progenitors,inferential,7,22,7,18,3,7,-0.06711524757499518,0.031760611351083164,0.09887585892607834,0.0,0.0,0.0,0.5318403525215266,1,0,False,0.647457820460989
colon,sampled_site_condition,adjacent,healthy,healthy minus adjacent,epithelial,Transiently Amplifying Cells (TA),inferential,7,22,7,18,3,7,-0.06711524757499518,0.047733242570987204,0.11484849014598239,0.0,0.0,0.0,0.9584490686797152,1,0,False,0.9584490686797152
colon,sampled_site_condition,adjacent,healthy,healthy minus adjacent,epithelial,Tuft Cells,inferential,7,22,7,18,3,7,-0.06711524757499518,0.03744984512171978,0.10456509269671496,0.0,0.0,0.0,0.3222236489058933,1,0,False,0.42963153187452435
colon,sampled_site_condition,adjacent,healthy,healthy minus adjacent,epithelial,Tuft Progenitors,inferential,7,22,7,18,3,7,0.08982936509187768,-0.07535994838820415,-0.1651893134800818,0.0,0.0,0.0,0.2565528554660148,1,0,False,0.3990822196138008
colon,sampled_site_condition,adjacent,healthy,healthy minus adjacent,epithelial,Villus Tip Enterocytes,inferential,7,22,7,18,3,7,-0.06711524757499518,-0.0022036796411996173,0.06491156793379556,0.0,0.0,0.0,0.5318403525215266,1,0,False,0.647457820460989
colon,sampled_site_condition,adjacent,healthy,healthy minus adjacent,lymphoid,CD4 Memory,descriptive,2,13,2,11,2,5,0.31072394084339683,0.4056928974377083,0.09496895659431148,5.084745762711865,0.0,-5.084745762711865,,1,0,False,
colon,sampled_site_condition,adjacent,healthy,healthy minus adjacent,lymphoid,CD4 Naive,descriptive,2,13,2,11,2,5,0.31072394084339683,-0.3945580518019097,-0.7052819926453066,5.084745762711865,0.0,-5.084745762711865,,1,0,False,
colon,sampled_site_condition,adjacent,healthy,healthy minus adjacent,lymphoid,CD4 Tfh,descriptive,2,13,2,11,2,5,0.8059232928573352,-0.44348026462652473,-1.24940355748386,4.886404615939416,0.0,-4.886404615939416,,1,0,False,
colon,sampled_site_condition,adjacent,healthy,healthy minus adjacent,lymphoid,CD4 Tfr,descriptive,2,13,2,11,2,5,-0.9717507378873715,-0.612497539806234,0.35925319808113754,0.0,0.0,0.0,,1,0,False,
colon,sampled_site_condition,adjacent,healthy,healthy minus adjacent,lymphoid,CD4 Th17,descriptive,2,13,2,11,2,5,-0.1670317816703215,0.5813538934361054,0.748385675106427,2.127659574468085,3.571428571428571,1.443768996960486,,1,0,False,
colon,sampled_site_condition,adjacent,healthy,healthy minus adjacent,lymphoid,CD4 Tr1,descriptive,2,13,2,11,2,5,-0.9717507378873715,-0.6970061773960885,0.27474456049128304,0.0,0.0,0.0,,1,0,False,
colon,sampled_site_condition,adjacent,healthy,healthy minus adjacent,lymphoid,CD4 pTreg,descriptive,2,13,2,11,2,5,0.9315805069977883,-0.462812143725056,-1.3943926507228444,8.294266137756942,0.0,-8.294266137756942,,1,0,False,
colon,sampled_site_condition,adjacent,healthy,healthy minus adjacent,lymphoid,CD4 tTreg,descriptive,2,13,2,11,2,5,-0.42244459355331676,-0.44348026462652473,-0.021035671073207973,0.847457627118644,0.0,-0.847457627118644,,1,0,False,
colon,sampled_site_condition,adjacent,healthy,healthy minus adjacent,lymphoid,CD8 Circulating Effector Memory,descriptive,2,13,2,11,2,5,-0.1670317816703215,0.24903519746562422,0.4160669791359457,2.127659574468085,1.8867924528301887,-0.24086712163789636,,1,0,False,
colon,sampled_site_condition,adjacent,healthy,healthy minus adjacent,lymphoid,CD8 Effector Memory,descriptive,2,13,2,11,2,5,-0.42244459355331676,0.18208491772046054,0.6045295112737773,1.0638297872340425,0.0,-1.0638297872340425,,1,0,False,
colon,sampled_site_condition,adjacent,healthy,healthy minus adjacent,lymphoid,CD8 IEL,descriptive,2,13,2,11,2,5,0.2271968985118138,0.8690817914409402,0.6418848929291264,4.23728813559322,1.8867924528301887,-2.350495682763031,,1,0,False,
colon,sampled_site_condition,adjacent,healthy,healthy minus adjacent,lymphoid,CD8 Memory Exhausted,descriptive,2,13,2,11,2,5,0.12686155078073802,-0.573203261055004,-0.700064811835742,4.25531914893617,0.0,-4.25531914893617,,1,0,False,
colon,sampled_site_condition,adjacent,healthy,healthy minus adjacent,lymphoid,CD8 Naive,descriptive,2,13,2,11,2,5,-0.42244459355331676,-0.573203261055004,-0.1507586675016872,0.847457627118644,0.0,-0.847457627118644,,1,0,False,
colon,sampled_site_condition,adjacent,healthy,healthy minus adjacent,lymphoid,CD8 TRM,descriptive,2,13,2,11,2,5,-0.42244459355331676,0.2725136353977095,0.6949582289510263,0.847457627118644,1.6666666666666667,0.8192090395480227,,1,0,False,
colon,sampled_site_condition,adjacent,healthy,healthy minus adjacent,lymphoid,GC B Dark Zone (GC B DZ),descriptive,2,13,2,11,2,5,1.8614626061688444,0.4208192083491439,-1.4406433978197004,15.290299314821493,2.7777777777777777,-12.512521537043714,,1,0,False,
colon,sampled_site_condition,adjacent,healthy,healthy minus adjacent,lymphoid,GC B Light Zone (GC B LZ),descriptive,2,13,2,11,2,5,1.2254738394488478,0.36660230975123037,-0.8588715296976175,7.645149657410746,2.7777777777777777,-4.867371879632969,,1,0,False,
colon,sampled_site_condition,adjacent,healthy,healthy minus adjacent,lymphoid,Gamma Delta T Cells,descriptive,2,13,2,11,2,5,-0.9717507378873715,-0.1655635020641485,0.806187235823223,0.0,0.0,0.0,,1,0,False,
colon,sampled_site_condition,adjacent,healthy,healthy minus adjacent,lymphoid,ILC3,descriptive,2,13,2,11,2,5,-0.9717507378873715,-0.44348026462652473,0.5282704732608468,0.0,0.0,0.0,,1,0,False,
colon,sampled_site_condition,adjacent,healthy,healthy minus adjacent,lymphoid,MAIT Cells,descriptive,2,13,2,11,2,5,-0.9717507378873715,-0.16166783030885973,0.8100829075785119,0.0,0.0,0.0,,1,0,False,
colon,sampled_site_condition,adjacent,healthy,healthy minus adjacent,lymphoid,Memory B,descriptive,2,13,2,11,2,5,1.6491227696424497,0.43744744223493304,-1.2116753274075167,12.72989542012261,1.6666666666666667,-11.063228753455943,,1,0,False,
colon,sampled_site_condition,adjacent,healthy,healthy minus adjacent,lymphoid,NK Cells,descriptive,2,13,2,11,2,5,-0.9717507378873715,-0.3435354196934278,0.6282153181939437,0.0,0.0,0.0,,1,0,False,
colon,sampled_site_condition,adjacent,healthy,healthy minus adjacent,lymphoid,NKT Cells,descriptive,2,13,2,11,2,5,-0.9717507378873715,0.18737447725368736,1.159125215141059,0.0,2.127659574468085,2.127659574468085,,1,0,False,
colon,sampled_site_condition,adjacent,healthy,healthy minus adjacent,lymphoid,Naive B,descriptive,2,13,2,11,2,5,1.5931986195741652,0.2648149078164032,-1.328383711757762,11.46772448611612,0.0,-11.46772448611612,,1,0,False,
colon,sampled_site_condition,adjacent,healthy,healthy minus adjacent,lymphoid,Plasma Cells,descriptive,2,13,2,11,2,5,0.44485593414073654,0.12399155943762546,-0.3208643747031111,6.779661016949152,0.0,-6.779661016949152,,1,0,False,
colon,sampled_site_condition,adjacent,healthy,healthy minus adjacent,lymphoid,Plasma IGA,descriptive,2,13,2,11,2,5,-0.9717507378873715,1.1436300949006994,2.115380832788071,0.0,7.142857142857142,7.142857142857142,,1,0,False,
colon,sampled_site_condition,adjacent,healthy,healthy minus adjacent,lymphoid,Plasma IGG,descriptive,2,13,2,11,2,5,0.31072394084339683,-0.18995435185696108,-0.5006782927003579,6.382978723404255,0.0,-6.382978723404255,,1,0,False,
colon,radial_tissue_term,EPI,EPI_LP,EPI_LP minus EPI,epithelial,BEST4 Colonocytes,inferential,15,5,14,5,3,3,0.402693435057807,0.15660031193960258,-0.24609312311820444,0.0,0.0,0.0,0.5322732515424332,1,1,True,0.8424453473220039
colon,radial_tissue_term,EPI,EPI_LP_MUSC,EPI_LP_MUSC minus EPI,epithelial,BEST4 Colonocytes,inferential,15,5,14,4,3,2,0.402693435057807,1.145591290526641,0.7428978554688339,0.0,6.25,6.25,0.14425301281692096,1,1,True,0.6324654681209586
colon,radial_tissue_term,EPI_LP,EPI_LP_MUSC,EPI_LP_MUSC minus EPI_LP,epithelial,BEST4 Colonocytes,inferential,5,5,5,4,3,2,0.15660031193960258,1.145591290526641,0.9889909785870384,0.0,6.25,6.25,0.09068836617120415,1,1,True,0.12091782156160553
colon,radial_tissue_term,EPI,EPI_LP,EPI_LP minus EPI,epithelial,BEST4 Enterocytes,inferential,15,5,14,5,3,3,-0.05012952677358021,0.15660031193960258,0.2067298387131828,0.0,0.0,0.0,0.30864791896215515,1,1,True,0.8272519962945927
colon,radial_tissue_term,EPI,EPI_LP_MUSC,EPI_LP_MUSC minus EPI,epithelial,BEST4 Enterocytes,inferential,15,5,14,4,3,2,-0.05012952677358021,-0.2595163724010631,-0.20938684562748291,0.0,0.0,0.0,0.4810067569693415,1,1,True,0.6324654681209586
colon,radial_tissue_term,EPI_LP,EPI_LP_MUSC,EPI_LP_MUSC minus EPI_LP,epithelial,BEST4 Enterocytes,inferential,5,5,5,4,3,2,0.15660031193960258,-0.2595163724010631,-0.41611668434066573,0.0,0.0,0.0,0.0570079424648854,1,1,True,0.09373739524431579
colon,radial_tissue_term,EPI,EPI_LP,EPI_LP minus EPI,epithelial,Brunners Gland Cells,inferential,15,5,14,5,3,3,-0.2306662068470609,0.4784878944264227,0.7091541012734837,0.0,0.0,0.0,0.05241866725117556,1,1,True,0.7813660851339375
colon,radial_tissue_term,EPI,EPI_LP_MUSC,EPI_LP_MUSC minus EPI,epithelial,Brunners Gland Cells,inferential,15,5,14,4,3,2,-0.2306662068470609,-0.2595163724010631,-0.028850165554002216,0.0,0.0,0.0,0.5647013108222845,1,1,True,0.6324654681209586
colon,radial_tissue_term,EPI_LP,EPI_LP_MUSC,EPI_LP_MUSC minus EPI_LP,epithelial,Brunners Gland Cells,inferential,5,5,5,4,3,2,0.4784878944264227,-0.2595163724010631,-0.7380042668274858,0.0,0.0,0.0,0.040608973404253665,1,1,True,0.09373739524431579
colon,radial_tissue_term,EPI,EPI_LP,EPI_LP minus EPI,epithelial,Colonocyte Progenitors,inferential,15,5,14,5,3,3,0.3742330724347382,-0.06312214579401942,-0.4373552182287576,0.0,0.0,0.0,0.6197553919260101,1,1,True,0.8424453473220039
colon,radial_tissue_term,EPI,EPI_LP_MUSC,EPI_LP_MUSC minus EPI,epithelial,Colonocyte Progenitors,inferential,15,5,14,4,3,2,0.3742330724347382,0.7385701449546841,0.3643370725199459,0.0,0.0,0.0,0.9646669529699636,1,1,True,0.9646669529699636
colon,radial_tissue_term,EPI_LP,EPI_LP_MUSC,EPI_LP_MUSC minus EPI_LP,epithelial,Colonocyte Progenitors,inferential,5,5,5,4,3,2,-0.06312214579401942,0.7385701449546841,0.8016922907487035,0.0,0.0,0.0,0.914183549889683,1,1,True,0.9480421998855971
colon,radial_tissue_term,EPI,EPI_LP,EPI_LP minus EPI,epithelial,Crypt Top Colonocytes,inferential,15,5,14,5,3,3,0.028788479693647537,0.15660031193960258,0.12781183224595505,0.0,0.0,0.0,0.5924288172318309,1,1,True,0.8424453473220039
colon,radial_tissue_term,EPI,EPI_LP_MUSC,EPI_LP_MUSC minus EPI,epithelial,Crypt Top Colonocytes,inferential,15,5,14,4,3,2,0.028788479693647537,0.5490938811658468,0.5203054014721993,0.0,0.0,0.0,0.5647013108222845,1,1,True,0.6324654681209586
colon,radial_tissue_term,EPI_LP,EPI_LP_MUSC,EPI_LP_MUSC minus EPI_LP,epithelial,Crypt Top Colonocytes,inferential,5,5,5,4,3,2,0.15660031193960258,0.5490938811658468,0.39249356922624423,0.0,0.0,0.0,1.0,1,1,True,1.0
colon,radial_tissue_term,EPI,EPI_LP,EPI_LP minus EPI,epithelial,EEC Enterochromaffin (EC),inferential,15,5,14,5,3,3,-0.15742538760252026,-0.06312214579401942,0.09430324180850083,0.0,0.0,0.0,0.4431707123006746,1,1,True,0.8272519962945927
colon,radial_tissue_term,EPI,EPI_LP_MUSC,EPI_LP_MUSC minus EPI,epithelial,EEC Enterochromaffin (EC),inferential,15,5,14,4,3,2,-0.15742538760252026,-0.2595163724010631,-0.10209098479854287,0.0,0.0,0.0,0.3082734780302011,1,1,True,0.6324654681209586
colon,radial_tissue_term,EPI_LP,EPI_LP_MUSC,EPI_LP_MUSC minus EPI_LP,epithelial,EEC Enterochromaffin (EC),inferential,5,5,5,4,3,2,-0.06312214579401942,-0.2595163724010631,-0.1963942266070437,0.0,0.0,0.0,0.06695528231736843,1,1,True,0.09373739524431579
colon,radial_tissue_term,EPI,EPI_LP,EPI_LP minus EPI,epithelial,EEC L,inferential,15,5,14,5,3,3,-0.12337034601812089,-0.06312214579401942,0.06024820022410146,0.0,0.0,0.0,0.4431707123006746,1,1,True,0.8272519962945927
colon,radial_tissue_term,EPI,EPI_LP_MUSC,EPI_LP_MUSC minus EPI,epithelial,EEC L,inferential,15,5,14,4,3,2,-0.12337034601812089,-0.2595163724010631,-0.13614602638294224,0.0,0.0,0.0,0.3082734780302011,1,1,True,0.6324654681209586
colon,radial_tissue_term,EPI_LP,EPI_LP_MUSC,EPI_LP_MUSC minus EPI_LP,epithelial,EEC L,inferential,5,5,5,4,3,2,-0.06312214579401942,-0.2595163724010631,-0.1963942266070437,0.0,0.0,0.0,0.06695528231736843,1,1,True,0.09373739524431579
colon,radial_tissue_term,EPI,EPI_LP,EPI_LP minus EPI,epithelial,EEC N,inferential,15,5,14,5,3,3,-0.2306662068470609,-0.06312214579401942,0.16754406105304148,0.0,0.0,0.0,0.2232474528954107,1,1,True,0.7813660851339375
colon,radial_tissue_term,EPI,EPI_LP_MUSC,EPI_LP_MUSC minus EPI,epithelial,EEC N,inferential,15,5,14,4,3,2,-0.2306662068470609,-0.2595163724010631,-0.028850165554002216,0.0,0.0,0.0,0.5647013108222845,1,1,True,0.6324654681209586
colon,radial_tissue_term,EPI_LP,EPI_LP_MUSC,EPI_LP_MUSC minus EPI_LP,epithelial,EEC N,inferential,5,5,5,4,3,2,-0.06312214579401942,-0.2595163724010631,-0.1963942266070437,0.0,0.0,0.0,0.06695528231736843,1,1,True,0.09373739524431579
colon,radial_tissue_term,EPI,EPI_LP,EPI_LP minus EPI,epithelial,EEC Progenitors,inferential,15,5,14,5,3,3,0.062297070131101744,-0.06312214579401942,-0.12541921592512117,0.0,0.0,0.0,0.5970027247570473,1,1,True,0.8424453473220039
colon,radial_tissue_term,EPI,EPI_LP_MUSC,EPI_LP_MUSC minus EPI,epithelial,EEC Progenitors,inferential,15,5,14,4,3,2,0.062297070131101744,-0.2595163724010631,-0.3218134425321649,0.0,0.0,0.0,0.43002284634095145,1,1,True,0.6324654681209586
colon,radial_tissue_term,EPI_LP,EPI_LP_MUSC,EPI_LP_MUSC minus EPI_LP,epithelial,EEC Progenitors,inferential,5,5,5,4,3,2,-0.06312214579401942,-0.2595163724010631,-0.1963942266070437,0.0,0.0,0.0,0.06695528231736843,1,1,True,0.09373739524431579
colon,radial_tissue_term,EPI,EPI_LP,EPI_LP minus EPI,epithelial,EEC S,inferential,15,5,14,5,3,3,-0.2306662068470609,-0.06312214579401942,0.16754406105304148,0.0,0.0,0.0,0.2232474528954107,1,1,True,0.7813660851339375
colon,radial_tissue_term,EPI,EPI_LP_MUSC,EPI_LP_MUSC minus EPI,epithelial,EEC S,inferential,15,5,14,4,3,2,-0.2306662068470609,-0.2595163724010631,-0.028850165554002216,0.0,0.0,0.0,0.5647013108222845,1,1,True,0.6324654681209586
colon,radial_tissue_term,EPI_LP,EPI_LP_MUSC,EPI_LP_MUSC minus EPI_LP,epithelial,EEC S,inferential,5,5,5,4,3,2,-0.06312214579401942,-0.2595163724010631,-0.1963942266070437,0.0,0.0,0.0,0.06695528231736843,1,1,True,0.09373739524431579
colon,radial_tissue_term,EPI,EPI_LP,EPI_LP minus EPI,epithelial,Enterocyte Progenitors,inferential,15,5,14,5,3,3,-0.08418456835797962,-0.06312214579401942,0.021062422563960195,0.0,0.0,0.0,0.7521833458232179,1,1,True,0.8424453473220039
colon,radial_tissue_term,EPI,EPI_LP_MUSC,EPI_LP_MUSC minus EPI,epithelial,Enterocyte Progenitors,inferential,15,5,14,4,3,2,-0.08418456835797962,-0.2595163724010631,-0.17533180404308352,0.0,0.0,0.0,0.14378769283518536,1,1,True,0.6324654681209586
colon,radial_tissue_term,EPI_LP,EPI_LP_MUSC,EPI_LP_MUSC minus EPI_LP,epithelial,Enterocyte Progenitors,inferential,5,5,5,4,3,2,-0.06312214579401942,-0.2595163724010631,-0.1963942266070437,0.0,0.0,0.0,0.06695528231736843,1,1,True,0.09373739524431579
colon,radial_tissue_term,EPI,EPI_LP,EPI_LP minus EPI,epithelial,Enteroendocrine Cells (EEC),inferential,15,5,14,5,3,3,-0.15742538760252026,-0.06312214579401942,0.09430324180850083,0.0,0.0,0.0,0.4431707123006746,1,1,True,0.8272519962945927
colon,radial_tissue_term,EPI,EPI_LP_MUSC,EPI_LP_MUSC minus EPI,epithelial,Enteroendocrine Cells (EEC),inferential,15,5,14,4,3,2,-0.15742538760252026,-0.2595163724010631,-0.10209098479854287,0.0,0.0,0.0,0.3082734780302011,1,1,True,0.6324654681209586
colon,radial_tissue_term,EPI_LP,EPI_LP_MUSC,EPI_LP_MUSC minus EPI_LP,epithelial,Enteroendocrine Cells (EEC),inferential,5,5,5,4,3,2,-0.06312214579401942,-0.2595163724010631,-0.1963942266070437,0.0,0.0,0.0,0.06695528231736843,1,1,True,0.09373739524431579
colon,radial_tissue_term,EPI,EPI_LP,EPI_LP minus EPI,epithelial,Epithelial,inferential,15,5,14,5,3,3,-0.2306662068470609,-0.06312214579401942,0.16754406105304148,0.0,0.0,0.0,0.2232474528954107,1,1,True,0.7813660851339375
colon,radial_tissue_term,EPI,EPI_LP_MUSC,EPI_LP_MUSC minus EPI,epithelial,Epithelial,inferential,15,5,14,4,3,2,-0.2306662068470609,-0.2595163724010631,-0.028850165554002216,0.0,0.0,0.0,0.5647013108222845,1,1,True,0.6324654681209586
colon,radial_tissue_term,EPI_LP,EPI_LP_MUSC,EPI_LP_MUSC minus EPI_LP,epithelial,Epithelial,inferential,5,5,5,4,3,2,-0.06312214579401942,-0.2595163724010631,-0.1963942266070437,0.0,0.0,0.0,0.06695528231736843,1,1,True,0.09373739524431579
colon,radial_tissue_term,EPI,EPI_LP,EPI_LP minus EPI,epithelial,Foveolar Cells,inferential,15,5,14,5,3,3,-0.2306662068470609,-0.06312214579401942,0.16754406105304148,0.0,0.0,0.0,0.2232474528954107,1,1,True,0.7813660851339375
colon,radial_tissue_term,EPI,EPI_LP_MUSC,EPI_LP_MUSC minus EPI,epithelial,Foveolar Cells,inferential,15,5,14,4,3,2,-0.2306662068470609,-0.2595163724010631,-0.028850165554002216,0.0,0.0,0.0,0.5647013108222845,1,1,True,0.6324654681209586
colon,radial_tissue_term,EPI_LP,EPI_LP_MUSC,EPI_LP_MUSC minus EPI_LP,epithelial,Foveolar Cells,inferential,5,5,5,4,3,2,-0.06312214579401942,-0.2595163724010631,-0.1963942266070437,0.0,0.0,0.0,0.06695528231736843,1,1,True,0.09373739524431579
colon,radial_tissue_term,EPI,EPI_LP,EPI_LP minus EPI,epithelial,Goblet Cells,inferential,15,5,14,5,3,3,0.7005134611754715,0.5035205230172237,-0.1969929381582478,0.0,0.0,0.0,0.9640205690420643,1,1,True,0.9640205690420643
colon,radial_tissue_term,EPI,EPI_LP_MUSC,EPI_LP_MUSC minus EPI,epithelial,Goblet Cells,inferential,15,5,14,4,3,2,0.7005134611754715,-0.2595163724010631,-0.9600298335765347,0.0,0.0,0.0,0.06966126166413225,1,1,True,0.6324654681209586
colon,radial_tissue_term,EPI_LP,EPI_LP_MUSC,EPI_LP_MUSC minus EPI_LP,epithelial,Goblet Cells,inferential,5,5,5,4,3,2,0.5035205230172237,-0.2595163724010631,-0.7630368954182869,0.0,0.0,0.0,0.040608973404253665,1,1,True,0.09373739524431579
colon,radial_tissue_term,EPI,EPI_LP,EPI_LP minus EPI,epithelial,Intestinal Stem Cells (ISC),inferential,15,5,14,5,3,3,0.2730259227689572,-0.06312214579401942,-0.33614806856297663,0.0,0.0,0.0,0.6197553919260101,1,1,True,0.8424453473220039
colon,radial_tissue_term,EPI,EPI_LP_MUSC,EPI_LP_MUSC minus EPI,epithelial,Intestinal Stem Cells (ISC),inferential,15,5,14,4,3,2,0.2730259227689572,-0.2595163724010631,-0.5325422951700203,0.0,0.0,0.0,0.018885256243240434,1,1,True,0.5287871748107322
colon,radial_tissue_term,EPI_LP,EPI_LP_MUSC,EPI_LP_MUSC minus EPI_LP,epithelial,Intestinal Stem Cells (ISC),inferential,5,5,5,4,3,2,-0.06312214579401942,-0.2595163724010631,-0.1963942266070437,0.0,0.0,0.0,0.06695528231736843,1,1,True,0.09373739524431579
colon,radial_tissue_term,EPI,EPI_LP,EPI_LP minus EPI,epithelial,Lower Crypt Colonocytes,inferential,15,5,14,5,3,3,0.6953329906109179,-0.06312214579401942,-0.7584551364049373,0.0,0.0,0.0,0.3434934306825328,1,1,True,0.8272519962945927
colon,radial_tissue_term,EPI,EPI_LP_MUSC,EPI_LP_MUSC minus EPI,epithelial,Lower Crypt Colonocytes,inferential,15,5,14,4,3,2,0.6953329906109179,1.1265825807892622,0.4312495901783443,0.0,6.666666666666667,6.666666666666667,0.5647013108222845,1,1,True,0.6324654681209586
colon,radial_tissue_term,EPI_LP,EPI_LP_MUSC,EPI_LP_MUSC minus EPI_LP,epithelial,Lower Crypt Colonocytes,inferential,5,5,5,4,3,2,-0.06312214579401942,1.1265825807892622,1.1897047265832816,0.0,6.666666666666667,6.666666666666667,0.23586131033426772,1,1,True,0.27517152872331235
colon,radial_tissue_term,EPI,EPI_LP,EPI_LP minus EPI,epithelial,Lower Villus Enterocytes,inferential,15,5,14,5,3,3,-0.2306662068470609,-0.06312214579401942,0.16754406105304148,0.0,0.0,0.0,0.2232474528954107,1,1,True,0.7813660851339375
colon,radial_tissue_term,EPI,EPI_LP_MUSC,EPI_LP_MUSC minus EPI,epithelial,Lower Villus Enterocytes,inferential,15,5,14,4,3,2,-0.2306662068470609,-0.2595163724010631,-0.028850165554002216,0.0,0.0,0.0,0.5647013108222845,1,1,True,0.6324654681209586
colon,radial_tissue_term,EPI_LP,EPI_LP_MUSC,EPI_LP_MUSC minus EPI_LP,epithelial,Lower Villus Enterocytes,inferential,5,5,5,4,3,2,-0.06312214579401942,-0.2595163724010631,-0.1963942266070437,0.0,0.0,0.0,0.06695528231736843,1,1,True,0.09373739524431579
colon,radial_tissue_term,EPI,EPI_LP,EPI_LP minus EPI,epithelial,Mature Goblet Cells,inferential,15,5,14,5,3,3,-0.2306662068470609,-0.06312214579401942,0.16754406105304148,0.0,0.0,0.0,0.2232474528954107,1,1,True,0.7813660851339375
colon,radial_tissue_term,EPI,EPI_LP_MUSC,EPI_LP_MUSC minus EPI,epithelial,Mature Goblet Cells,inferential,15,5,14,4,3,2,-0.2306662068470609,-0.2595163724010631,-0.028850165554002216,0.0,0.0,0.0,0.5647013108222845,1,1,True,0.6324654681209586
colon,radial_tissue_term,EPI_LP,EPI_LP_MUSC,EPI_LP_MUSC minus EPI_LP,epithelial,Mature Goblet Cells,inferential,5,5,5,4,3,2,-0.06312214579401942,-0.2595163724010631,-0.1963942266070437,0.0,0.0,0.0,0.06695528231736843,1,1,True,0.09373739524431579
colon,radial_tissue_term,EPI,EPI_LP,EPI_LP minus EPI,epithelial,Microfold Cells (M Cells),inferential,15,5,14,5,3,3,-0.15742538760252026,-0.06312214579401942,0.09430324180850083,0.0,0.0,0.0,0.3434934306825328,1,1,True,0.8272519962945927
colon,radial_tissue_term,EPI,EPI_LP_MUSC,EPI_LP_MUSC minus EPI,epithelial,Microfold Cells (M Cells),inferential,15,5,14,4,3,2,-0.15742538760252026,-0.2595163724010631,-0.10209098479854287,0.0,0.0,0.0,0.5063905922674998,1,1,True,0.6324654681209586
colon,radial_tissue_term,EPI_LP,EPI_LP_MUSC,EPI_LP_MUSC minus EPI_LP,epithelial,Microfold Cells (M Cells),inferential,5,5,5,4,3,2,-0.06312214579401942,-0.2595163724010631,-0.1963942266070437,0.0,0.0,0.0,0.06695528231736843,1,1,True,0.09373739524431579
colon,radial_tissue_term,EPI,EPI_LP,EPI_LP minus EPI,epithelial,Mid Crypt Colonocytes,inferential,15,5,14,5,3,3,-0.05012952677358022,-0.06312214579401942,-0.012992619020439203,0.0,0.0,0.0,0.7521833458232179,1,1,True,0.8424453473220039
colon,radial_tissue_term,EPI,EPI_LP_MUSC,EPI_LP_MUSC minus EPI,epithelial,Mid Crypt Colonocytes,inferential,15,5,14,4,3,2,-0.05012952677358022,1.5301488368535328,1.580278363627113,0.0,21.21212121212121,21.21212121212121,0.05680486430061869,1,1,True,0.6324654681209586
colon,radial_tissue_term,EPI_LP,EPI_LP_MUSC,EPI_LP_MUSC minus EPI_LP,epithelial,Mid Crypt Colonocytes,inferential,5,5,5,4,3,2,-0.06312214579401942,1.5301488368535328,1.5932709826475522,0.0,21.21212121212121,21.21212121212121,0.23586131033426772,1,1,True,0.27517152872331235
colon,radial_tissue_term,EPI,EPI_LP,EPI_LP minus EPI,epithelial,Mid Villus Enterocytes,inferential,15,5,14,5,3,3,-0.10093886357670666,-0.06312214579401942,0.037816717782687234,0.0,0.0,0.0,0.4431707123006746,1,1,True,0.8272519962945927
colon,radial_tissue_term,EPI,EPI_LP_MUSC,EPI_LP_MUSC minus EPI,epithelial,Mid Villus Enterocytes,inferential,15,5,14,4,3,2,-0.10093886357670666,-0.2595163724010631,-0.15857750882435645,0.0,0.0,0.0,0.4514113704634286,1,1,True,0.6324654681209586
colon,radial_tissue_term,EPI_LP,EPI_LP_MUSC,EPI_LP_MUSC minus EPI_LP,epithelial,Mid Villus Enterocytes,inferential,5,5,5,4,3,2,-0.06312214579401942,-0.2595163724010631,-0.1963942266070437,0.0,0.0,0.0,0.06695528231736843,1,1,True,0.09373739524431579
colon,radial_tissue_term,EPI,EPI_LP,EPI_LP minus EPI,epithelial,Paneth Cells,inferential,15,5,14,5,3,3,-0.2306662068470609,-0.06312214579401942,0.16754406105304148,0.0,0.0,0.0,0.2232474528954107,1,1,True,0.7813660851339375
colon,radial_tissue_term,EPI,EPI_LP_MUSC,EPI_LP_MUSC minus EPI,epithelial,Paneth Cells,inferential,15,5,14,4,3,2,-0.2306662068470609,-0.2595163724010631,-0.028850165554002216,0.0,0.0,0.0,0.5647013108222845,1,1,True,0.6324654681209586
colon,radial_tissue_term,EPI_LP,EPI_LP_MUSC,EPI_LP_MUSC minus EPI_LP,epithelial,Paneth Cells,inferential,5,5,5,4,3,2,-0.06312214579401942,-0.2595163724010631,-0.1963942266070437,0.0,0.0,0.0,0.06695528231736843,1,1,True,0.09373739524431579
colon,radial_tissue_term,EPI,EPI_LP,EPI_LP minus EPI,epithelial,Secretory Progenitors,inferential,15,5,14,5,3,3,0.07292558592630846,-0.06312214579401942,-0.13604773172032789,0.0,0.0,0.0,0.7521833458232179,1,1,True,0.8424453473220039
colon,radial_tissue_term,EPI,EPI_LP_MUSC,EPI_LP_MUSC minus EPI,epithelial,Secretory Progenitors,inferential,15,5,14,4,3,2,0.07292558592630846,-0.03979391466744113,-0.11271950059374959,0.0,0.0,0.0,0.6260621876855197,1,1,True,0.6742208175074828
colon,radial_tissue_term,EPI_LP,EPI_LP_MUSC,EPI_LP_MUSC minus EPI_LP,epithelial,Secretory Progenitors,inferential,5,5,5,4,3,2,-0.06312214579401942,-0.03979391466744113,0.023328231126578294,0.0,0.0,0.0,0.4506437276804216,1,1,True,0.5047209750020721
colon,radial_tissue_term,EPI,EPI_LP,EPI_LP minus EPI,epithelial,Transiently Amplifying Cells (TA),inferential,15,5,14,5,3,3,0.02311129247096041,-0.06312214579401942,-0.08623343826497984,0.0,0.0,0.0,0.9640205690420643,1,1,True,0.9640205690420643
colon,radial_tissue_term,EPI,EPI_LP_MUSC,EPI_LP_MUSC minus EPI,epithelial,Transiently Amplifying Cells (TA),inferential,15,5,14,4,3,2,0.02311129247096041,0.17992854306618078,0.15681725059522036,0.0,0.0,0.0,0.82471134741884,1,1,True,0.8552562121380562
colon,radial_tissue_term,EPI_LP,EPI_LP_MUSC,EPI_LP_MUSC minus EPI_LP,epithelial,Transiently Amplifying Cells (TA),inferential,5,5,5,4,3,2,-0.06312214579401942,0.17992854306618078,0.2430506888602002,0.0,0.0,0.0,0.914183549889683,1,1,True,0.9480421998855971
colon,radial_tissue_term,EPI,EPI_LP,EPI_LP minus EPI,epithelial,Tuft Cells,inferential,15,5,14,5,3,3,0.15451061470111613,-0.06312214579401942,-0.21763276049513555,0.0,0.0,0.0,0.7521833458232179,1,1,True,0.8424453473220039
colon,radial_tissue_term,EPI,EPI_LP_MUSC,EPI_LP_MUSC minus EPI,epithelial,Tuft Cells,inferential,15,5,14,4,3,2,0.15451061470111613,-0.2595163724010631,-0.4140269871021792,0.0,0.0,0.0,0.14378769283518536,1,1,True,0.6324654681209586
colon,radial_tissue_term,EPI_LP,EPI_LP_MUSC,EPI_LP_MUSC minus EPI_LP,epithelial,Tuft Cells,inferential,5,5,5,4,3,2,-0.06312214579401942,-0.2595163724010631,-0.1963942266070437,0.0,0.0,0.0,0.06695528231736843,1,1,True,0.09373739524431579
colon,radial_tissue_term,EPI,EPI_LP,EPI_LP minus EPI,epithelial,Tuft Progenitors,inferential,15,5,14,5,3,3,-0.010943749113438924,-0.06312214579401942,-0.0521783966805805,0.0,0.0,0.0,0.8583775205840882,1,1,True,0.924406560629018
colon,radial_tissue_term,EPI,EPI_LP_MUSC,EPI_LP_MUSC minus EPI,epithelial,Tuft Progenitors,inferential,15,5,14,4,3,2,-0.010943749113438924,-0.03979391466744113,-0.028850165554002206,0.0,0.0,0.0,0.27251256546897706,1,1,True,0.6324654681209586
colon,radial_tissue_term,EPI_LP,EPI_LP_MUSC,EPI_LP_MUSC minus EPI_LP,epithelial,Tuft Progenitors,inferential,5,5,5,4,3,2,-0.06312214579401942,-0.03979391466744113,0.023328231126578294,0.0,0.0,0.0,0.13879173842360976,1,1,True,0.17664403072095788
colon,radial_tissue_term,EPI,EPI_LP,EPI_LP minus EPI,epithelial,Villus Tip Enterocytes,inferential,15,5,14,5,3,3,-0.050129526773580256,-0.06312214579401942,-0.012992619020439168,0.0,0.0,0.0,0.7521833458232179,1,1,True,0.8424453473220039
colon,radial_tissue_term,EPI,EPI_LP_MUSC,EPI_LP_MUSC minus EPI,epithelial,Villus Tip Enterocytes,inferential,15,5,14,4,3,2,-0.050129526773580256,-0.2595163724010631,-0.20938684562748286,0.0,0.0,0.0,0.23167975975833488,1,1,True,0.6324654681209586
colon,radial_tissue_term,EPI_LP,EPI_LP_MUSC,EPI_LP_MUSC minus EPI_LP,epithelial,Villus Tip Enterocytes,inferential,5,5,5,4,3,2,-0.06312214579401942,-0.2595163724010631,-0.1963942266070437,0.0,0.0,0.0,0.06695528231736843,1,1,True,0.09373739524431579
colon,radial_tissue_term,EPI,EPI_LP,EPI_LP minus EPI,lymphoid,CD4 Memory,descriptive,3,4,3,4,1,3,-0.24725848716347457,0.22784051152145024,0.4750989986849248,0.0,4.23728813559322,4.23728813559322,,1,1,True,
colon,radial_tissue_term,EPI,EPI_LP_MUSC,EPI_LP_MUSC minus EPI,lymphoid,CD4 Memory,descriptive,3,5,3,4,1,2,-0.24725848716347457,0.34216167131541814,0.5894201584788927,0.0,0.0,0.0,,1,1,True,
colon,radial_tissue_term,EPI,LP,LP minus EPI,lymphoid,CD4 Memory,descriptive,3,3,3,3,1,1,-0.24725848716347457,1.3383535357348444,1.585612022898319,0.0,8.51063829787234,8.51063829787234,,1,1,True,
colon,radial_tissue_term,EPI_LP,EPI_LP_MUSC,EPI_LP_MUSC minus EPI_LP,lymphoid,CD4 Memory,descriptive,4,5,4,4,3,2,0.22784051152145024,0.34216167131541814,0.1143211597939679,4.23728813559322,0.0,-4.23728813559322,,1,1,True,
colon,radial_tissue_term,EPI_LP,LP,LP minus EPI_LP,lymphoid,CD4 Memory,descriptive,4,3,4,3,3,1,0.22784051152145024,1.3383535357348444,1.110513024213394,4.23728813559322,8.51063829787234,4.273350162279121,,1,1,True,
colon,radial_tissue_term,EPI_LP_MUSC,LP,LP minus EPI_LP_MUSC,lymphoid,CD4 Memory,descriptive,5,3,4,3,2,1,0.34216167131541814,1.3383535357348444,0.9961918644194263,0.0,8.51063829787234,8.51063829787234,,1,1,True,
colon,radial_tissue_term,EPI,EPI_LP,EPI_LP minus EPI,lymphoid,CD4 Naive,descriptive,3,4,3,4,1,3,-0.6134625833861778,-0.3716333066781424,0.24182927670803533,0.0,0.0,0.0,,1,1,True,
colon,radial_tissue_term,EPI,EPI_LP_MUSC,EPI_LP_MUSC minus EPI,lymphoid,CD4 Naive,descriptive,3,5,3,4,1,2,-0.6134625833861778,-0.16029945347980484,0.4531631299063729,0.0,0.0,0.0,,1,1,True,
colon,radial_tissue_term,EPI,LP,LP minus EPI,lymphoid,CD4 Naive,descriptive,3,3,3,3,1,1,-0.6134625833861778,-0.12646284915596842,0.48699973423020937,0.0,0.0,0.0,,1,1,True,
colon,radial_tissue_term,EPI_LP,EPI_LP_MUSC,EPI_LP_MUSC minus EPI_LP,lymphoid,CD4 Naive,descriptive,4,5,4,4,3,2,-0.3716333066781424,-0.16029945347980484,0.21133385319833758,0.0,0.0,0.0,,1,1,True,
colon,radial_tissue_term,EPI_LP,LP,LP minus EPI_LP,lymphoid,CD4 Naive,descriptive,4,3,4,3,3,1,-0.3716333066781424,-0.12646284915596842,0.245170457522174,0.0,0.0,0.0,,1,1,True,
colon,radial_tissue_term,EPI_LP_MUSC,LP,LP minus EPI_LP_MUSC,lymphoid,CD4 Naive,descriptive,5,3,4,3,2,1,-0.16029945347980484,-0.12646284915596842,0.03383660432383642,0.0,0.0,0.0,,1,1,True,
colon,radial_tissue_term,EPI,EPI_LP,EPI_LP minus EPI,lymphoid,CD4 Tfh,descriptive,3,4,3,4,1,3,-0.6134625833861778,-0.12403363067117323,0.48942895271500453,0.0,1.694915254237288,1.694915254237288,,1,1,True,
colon,radial_tissue_term,EPI,EPI_LP_MUSC,EPI_LP_MUSC minus EPI,lymphoid,CD4 Tfh,descriptive,3,5,3,4,1,2,-0.6134625833861778,-0.38002191121342677,0.233440672172751,0.0,0.0,0.0,,1,1,True,
colon,radial_tissue_term,EPI,LP,LP minus EPI,lymphoid,CD4 Tfh,descriptive,3,3,3,3,1,1,-0.6134625833861778,0.027744991493402555,0.6412075748795804,0.0,1.6666666666666667,1.6666666666666667,,1,1,True,
colon,radial_tissue_term,EPI_LP,EPI_LP_MUSC,EPI_LP_MUSC minus EPI_LP,lymphoid,CD4 Tfh,descriptive,4,5,4,4,3,2,-0.12403363067117323,-0.38002191121342677,-0.25598828054225353,1.694915254237288,0.0,-1.694915254237288,,1,1,True,
colon,radial_tissue_term,EPI_LP,LP,LP minus EPI_LP,lymphoid,CD4 Tfh,descriptive,4,3,4,3,3,1,-0.12403363067117323,0.027744991493402555,0.1517786221645758,1.694915254237288,1.6666666666666667,-0.02824858757062132,,1,1,True,
colon,radial_tissue_term,EPI_LP_MUSC,LP,LP minus EPI_LP_MUSC,lymphoid,CD4 Tfh,descriptive,5,3,4,3,2,1,-0.38002191121342677,0.027744991493402555,0.4077669027068293,0.0,1.6666666666666667,1.6666666666666667,,1,1,True,
colon,radial_tissue_term,EPI,EPI_LP,EPI_LP minus EPI,lymphoid,CD4 Tfr,descriptive,3,4,3,4,1,3,-0.6134625833861778,-1.0128706460435266,-0.39940806265734885,0.0,0.0,0.0,,1,1,True,
colon,radial_tissue_term,EPI,EPI_LP_MUSC,EPI_LP_MUSC minus EPI,lymphoid,CD4 Tfr,descriptive,3,5,3,4,1,2,-0.6134625833861778,-0.38002191121342677,0.233440672172751,0.0,0.0,0.0,,1,1,True,
colon,radial_tissue_term,EPI,LP,LP minus EPI,lymphoid,CD4 Tfr,descriptive,3,3,3,3,1,1,-0.6134625833861778,-0.7046632009520039,-0.09120061756582609,0.0,0.0,0.0,,1,1,True,
colon,radial_tissue_term,EPI_LP,EPI_LP_MUSC,EPI_LP_MUSC minus EPI_LP,lymphoid,CD4 Tfr,descriptive,4,5,4,4,3,2,-1.0128706460435266,-0.38002191121342677,0.6328487348300998,0.0,0.0,0.0,,1,1,True,
colon,radial_tissue_term,EPI_LP,LP,LP minus EPI_LP,lymphoid,CD4 Tfr,descriptive,4,3,4,3,3,1,-1.0128706460435266,-0.7046632009520039,0.30820744509152276,0.0,0.0,0.0,,1,1,True,
colon,radial_tissue_term,EPI_LP_MUSC,LP,LP minus EPI_LP_MUSC,lymphoid,CD4 Tfr,descriptive,5,3,4,3,2,1,-0.38002191121342677,-0.7046632009520039,-0.3246412897385771,0.0,0.0,0.0,,1,1,True,
colon,radial_tissue_term,EPI,EPI_LP,EPI_LP minus EPI,lymphoid,CD4 Th17,descriptive,3,4,3,4,1,3,0.2892208169812256,-0.12403363067117323,-0.4132544476523988,3.571428571428571,2.127659574468085,-1.443768996960486,,1,1,True,
colon,radial_tissue_term,EPI,EPI_LP_MUSC,EPI_LP_MUSC minus EPI,lymphoid,CD4 Th17,descriptive,3,5,3,4,1,2,0.2892208169812256,0.4667993897060252,0.1775785727247996,3.571428571428571,0.0,-3.571428571428571,,1,1,True,
colon,radial_tissue_term,EPI,LP,LP minus EPI,lymphoid,CD4 Th17,descriptive,3,3,3,3,1,1,0.2892208169812256,1.5060040581798726,1.216783241198647,3.571428571428571,10.638297872340425,7.066869300911854,,1,1,True,
colon,radial_tissue_term,EPI_LP,EPI_LP_MUSC,EPI_LP_MUSC minus EPI_LP,lymphoid,CD4 Th17,descriptive,4,5,4,4,3,2,-0.12403363067117323,0.4667993897060252,0.5908330203771984,2.127659574468085,0.0,-2.127659574468085,,1,1,True,
colon,radial_tissue_term,EPI_LP,LP,LP minus EPI_LP,lymphoid,CD4 Th17,descriptive,4,3,4,3,3,1,-0.12403363067117323,1.5060040581798726,1.6300376888510457,2.127659574468085,10.638297872340425,8.51063829787234,,1,1,True,
colon,radial_tissue_term,EPI_LP_MUSC,LP,LP minus EPI_LP_MUSC,lymphoid,CD4 Th17,descriptive,5,3,4,3,2,1,0.4667993897060252,1.5060040581798726,1.0392046684738474,0.0,10.638297872340425,10.638297872340425,,1,1,True,
colon,radial_tissue_term,EPI,EPI_LP,EPI_LP minus EPI,lymphoid,CD4 Tr1,descriptive,3,4,3,4,1,3,-0.6134625833861778,-1.0128706460435266,-0.39940806265734885,0.0,0.0,0.0,,1,1,True,
colon,radial_tissue_term,EPI,EPI_LP_MUSC,EPI_LP_MUSC minus EPI,lymphoid,CD4 Tr1,descriptive,3,5,3,4,1,2,-0.6134625833861778,-0.38002191121342677,0.233440672172751,0.0,0.0,0.0,,1,1,True,
colon,radial_tissue_term,EPI,LP,LP minus EPI,lymphoid,CD4 Tr1,descriptive,3,3,3,3,1,1,-0.6134625833861778,-1.070867297174707,-0.4574047137885293,0.0,0.0,0.0,,1,1,True,
colon,radial_tissue_term,EPI_LP,EPI_LP_MUSC,EPI_LP_MUSC minus EPI_LP,lymphoid,CD4 Tr1,descriptive,4,5,4,4,3,2,-1.0128706460435266,-0.38002191121342677,0.6328487348300998,0.0,0.0,0.0,,1,1,True,
colon,radial_tissue_term,EPI_LP,LP,LP minus EPI_LP,lymphoid,CD4 Tr1,descriptive,4,3,4,3,3,1,-1.0128706460435266,-1.070867297174707,-0.057996651131180466,0.0,0.0,0.0,,1,1,True,
colon,radial_tissue_term,EPI_LP_MUSC,LP,LP minus EPI_LP_MUSC,lymphoid,CD4 Tr1,descriptive,5,3,4,3,2,1,-0.38002191121342677,-1.070867297174707,-0.6908453859612803,0.0,0.0,0.0,,1,1,True,
colon,radial_tissue_term,EPI,EPI_LP,EPI_LP minus EPI,lymphoid,CD4 pTreg,descriptive,3,4,3,4,1,3,-0.6134625833861778,-0.061205023600946706,0.5522575597852311,0.0,0.847457627118644,0.847457627118644,,1,1,True,
colon,radial_tissue_term,EPI,EPI_LP_MUSC,EPI_LP_MUSC minus EPI,lymphoid,CD4 pTreg,descriptive,3,5,3,4,1,2,-0.6134625833861778,0.009160118597635946,0.6226227019838138,0.0,0.0,0.0,,1,1,True,
colon,radial_tissue_term,EPI,LP,LP minus EPI,lymphoid,CD4 pTreg,descriptive,3,3,3,3,1,1,-0.6134625833861778,-0.7046632009520039,-0.09120061756582609,0.0,0.0,0.0,,1,1,True,
colon,radial_tissue_term,EPI_LP,EPI_LP_MUSC,EPI_LP_MUSC minus EPI_LP,lymphoid,CD4 pTreg,descriptive,4,5,4,4,3,2,-0.061205023600946706,0.009160118597635946,0.07036514219858266,0.847457627118644,0.0,-0.847457627118644,,1,1,True,
colon,radial_tissue_term,EPI_LP,LP,LP minus EPI_LP,lymphoid,CD4 pTreg,descriptive,4,3,4,3,3,1,-0.061205023600946706,-0.7046632009520039,-0.6434581773510571,0.847457627118644,0.0,-0.847457627118644,,1,1,True,
colon,radial_tissue_term,EPI_LP_MUSC,LP,LP minus EPI_LP_MUSC,lymphoid,CD4 pTreg,descriptive,5,3,4,3,2,1,0.009160118597635946,-0.7046632009520039,-0.7138233195496398,0.0,0.0,0.0,,1,1,True,
colon,radial_tissue_term,EPI,EPI_LP,EPI_LP minus EPI,lymphoid,CD4 tTreg,descriptive,3,4,3,4,1,3,-0.6134625833861778,-0.46356450170947183,0.14989808167670593,0.0,0.847457627118644,0.847457627118644,,1,1,True,
colon,radial_tissue_term,EPI,EPI_LP_MUSC,EPI_LP_MUSC minus EPI,lymphoid,CD4 tTreg,descriptive,3,5,3,4,1,2,-0.6134625833861778,-0.16029945347980484,0.4531631299063729,0.0,0.0,0.0,,1,1,True,
colon,radial_tissue_term,EPI,LP,LP minus EPI,lymphoid,CD4 tTreg,descriptive,3,3,3,3,1,1,-0.6134625833861778,-0.7046632009520039,-0.09120061756582609,0.0,0.0,0.0,,1,1,True,
colon,radial_tissue_term,EPI_LP,EPI_LP_MUSC,EPI_LP_MUSC minus EPI_LP,lymphoid,CD4 tTreg,descriptive,4,5,4,4,3,2,-0.46356450170947183,-0.16029945347980484,0.303265048229667,0.847457627118644,0.0,-0.847457627118644,,1,1,True,
colon,radial_tissue_term,EPI_LP,LP,LP minus EPI_LP,lymphoid,CD4 tTreg,descriptive,4,3,4,3,3,1,-0.46356450170947183,-0.7046632009520039,-0.24109869924253202,0.847457627118644,0.0,-0.847457627118644,,1,1,True,
colon,radial_tissue_term,EPI_LP_MUSC,LP,LP minus EPI_LP_MUSC,lymphoid,CD4 tTreg,descriptive,5,3,4,3,2,1,-0.16029945347980484,-0.7046632009520039,-0.544363747472199,0.0,0.0,0.0,,1,1,True,
colon,radial_tissue_term,EPI,EPI_LP,EPI_LP minus EPI,lymphoid,CD8 Circulating Effector Memory,descriptive,3,4,3,4,1,3,0.2892208169812256,-0.20815168982647647,-0.49737250680770206,1.8867924528301887,1.694915254237288,-0.19187719859290064,,1,1,True,
colon,radial_tissue_term,EPI,EPI_LP_MUSC,EPI_LP_MUSC minus EPI,lymphoid,CD8 Circulating Effector Memory,descriptive,3,5,3,4,1,2,0.2892208169812256,0.05942300425381699,-0.2297978127274086,1.8867924528301887,0.0,-1.8867924528301887,,1,1,True,
colon,radial_tissue_term,EPI,LP,LP minus EPI,lymphoid,CD8 Circulating Effector Memory,descriptive,3,3,3,3,1,1,0.2892208169812256,0.8570744302685386,0.567853613287313,1.8867924528301887,4.25531914893617,2.3685266961059814,,1,1,True,
colon,radial_tissue_term,EPI_LP,EPI_LP_MUSC,EPI_LP_MUSC minus EPI_LP,lymphoid,CD8 Circulating Effector Memory,descriptive,4,5,4,4,3,2,-0.20815168982647647,0.05942300425381699,0.26757469408029344,1.694915254237288,0.0,-1.694915254237288,,1,1,True,
colon,radial_tissue_term,EPI_LP,LP,LP minus EPI_LP,lymphoid,CD8 Circulating Effector Memory,descriptive,4,3,4,3,3,1,-0.20815168982647647,0.8570744302685386,1.065226120095015,1.694915254237288,4.25531914893617,2.560403894698882,,1,1,True,
colon,radial_tissue_term,EPI_LP_MUSC,LP,LP minus EPI_LP_MUSC,lymphoid,CD8 Circulating Effector Memory,descriptive,5,3,4,3,2,1,0.05942300425381699,0.8570744302685386,0.7976514260147216,0.0,4.25531914893617,4.25531914893617,,1,1,True,
colon,radial_tissue_term,EPI,EPI_LP,EPI_LP minus EPI,lymphoid,CD8 Effector Memory,descriptive,3,4,3,4,1,3,0.4594960249032227,0.42527251366288166,-0.034223511240341065,5.555555555555555,3.606202668589975,-1.9493528869655803,,1,1,True,
colon,radial_tissue_term,EPI,EPI_LP_MUSC,EPI_LP_MUSC minus EPI,lymphoid,CD8 Effector Memory,descriptive,3,5,3,4,1,2,0.4594960249032227,0.009160118597635946,-0.4503359063055868,5.555555555555555,0.0,-5.555555555555555,,1,1,True,
colon,radial_tissue_term,EPI,LP,LP minus EPI,lymphoid,CD8 Effector Memory,descriptive,3,3,3,3,1,1,0.4594960249032227,-0.534387993030007,-0.9938840179332297,5.555555555555555,0.0,-5.555555555555555,,1,1,True,
colon,radial_tissue_term,EPI_LP,EPI_LP_MUSC,EPI_LP_MUSC minus EPI_LP,lymphoid,CD8 Effector Memory,descriptive,4,5,4,4,3,2,0.42527251366288166,0.009160118597635946,-0.4161123950652457,3.606202668589975,0.0,-3.606202668589975,,1,1,True,
colon,radial_tissue_term,EPI_LP,LP,LP minus EPI_LP,lymphoid,CD8 Effector Memory,descriptive,4,3,4,3,3,1,0.42527251366288166,-0.534387993030007,-0.9596605066928886,3.606202668589975,0.0,-3.606202668589975,,1,1,True,
colon,radial_tissue_term,EPI_LP_MUSC,LP,LP minus EPI_LP_MUSC,lymphoid,CD8 Effector Memory,descriptive,5,3,4,3,2,1,0.009160118597635946,-0.534387993030007,-0.5435481116276429,0.0,0.0,0.0,,1,1,True,
colon,radial_tissue_term,EPI,EPI_LP,EPI_LP minus EPI,lymphoid,CD8 IEL,descriptive,3,4,3,4,1,3,2.1511372862294285,0.13590931649012084,-2.015227969739308,53.57142857142857,1.694915254237288,-51.87651331719128,,1,1,True,
colon,radial_tissue_term,EPI,EPI_LP_MUSC,EPI_LP_MUSC minus EPI,lymphoid,CD8 IEL,descriptive,3,5,3,4,1,2,2.1511372862294285,0.9344345973253748,-1.2167026889040535,53.57142857142857,11.627906976744185,-41.943521594684384,,1,1,True,
colon,radial_tissue_term,EPI,LP,LP minus EPI,lymphoid,CD8 IEL,descriptive,3,3,3,3,1,1,2.1511372862294285,0.027744991493402555,-2.1233922947360258,53.57142857142857,1.6666666666666667,-51.904761904761905,,1,1,True,
colon,radial_tissue_term,EPI_LP,EPI_LP_MUSC,EPI_LP_MUSC minus EPI_LP,lymphoid,CD8 IEL,descriptive,4,5,4,4,3,2,0.13590931649012084,0.9344345973253748,0.798525280835254,1.694915254237288,11.627906976744185,9.932991722506898,,1,1,True,
colon,radial_tissue_term,EPI_LP,LP,LP minus EPI_LP,lymphoid,CD8 IEL,descriptive,4,3,4,3,3,1,0.13590931649012084,0.027744991493402555,-0.10816432499671828,1.694915254237288,1.6666666666666667,-0.02824858757062132,,1,1,True,
colon,radial_tissue_term,EPI_LP_MUSC,LP,LP minus EPI_LP_MUSC,lymphoid,CD8 IEL,descriptive,5,3,4,3,2,1,0.9344345973253748,0.027744991493402555,-0.9066896058319722,11.627906976744185,1.6666666666666667,-9.96124031007752,,1,1,True,
colon,radial_tissue_term,EPI,EPI_LP,EPI_LP minus EPI,lymphoid,CD8 Memory Exhausted,descriptive,3,4,3,4,1,3,-0.6134625833861778,-0.46356450170947183,0.14989808167670593,0.0,0.0,0.0,,1,1,True,
colon,radial_tissue_term,EPI,EPI_LP_MUSC,EPI_LP_MUSC minus EPI,lymphoid,CD8 Memory Exhausted,descriptive,3,5,3,4,1,2,-0.6134625833861778,-0.38002191121342677,0.233440672172751,0.0,0.0,0.0,,1,1,True,
colon,radial_tissue_term,EPI,LP,LP minus EPI,lymphoid,CD8 Memory Exhausted,descriptive,3,3,3,3,1,1,-0.6134625833861778,-0.534387993030007,0.07907459035617082,0.0,0.0,0.0,,1,1,True,
colon,radial_tissue_term,EPI_LP,EPI_LP_MUSC,EPI_LP_MUSC minus EPI_LP,lymphoid,CD8 Memory Exhausted,descriptive,4,5,4,4,3,2,-0.46356450170947183,-0.38002191121342677,0.08354259049604507,0.0,0.0,0.0,,1,1,True,
colon,radial_tissue_term,EPI_LP,LP,LP minus EPI_LP,lymphoid,CD8 Memory Exhausted,descriptive,4,3,4,3,3,1,-0.46356450170947183,-0.534387993030007,-0.07082349132053511,0.0,0.0,0.0,,1,1,True,
colon,radial_tissue_term,EPI_LP_MUSC,LP,LP minus EPI_LP_MUSC,lymphoid,CD8 Memory Exhausted,descriptive,5,3,4,3,2,1,-0.38002191121342677,-0.534387993030007,-0.15436608181658018,0.0,0.0,0.0,,1,1,True,
colon,radial_tissue_term,EPI,EPI_LP,EPI_LP minus EPI,lymphoid,CD8 Naive,descriptive,3,4,3,4,1,3,-0.6134625833861778,-0.7382175738764992,-0.12475499049032146,0.0,0.0,0.0,,1,1,True,
colon,radial_tissue_term,EPI,EPI_LP_MUSC,EPI_LP_MUSC minus EPI,lymphoid,CD8 Naive,descriptive,3,5,3,4,1,2,-0.6134625833861778,-0.38002191121342677,0.233440672172751,0.0,0.0,0.0,,1,1,True,
colon,radial_tissue_term,EPI,LP,LP minus EPI,lymphoid,CD8 Naive,descriptive,3,3,3,3,1,1,-0.6134625833861778,-0.534387993030007,0.07907459035617082,0.0,0.0,0.0,,1,1,True,
colon,radial_tissue_term,EPI_LP,EPI_LP_MUSC,EPI_LP_MUSC minus EPI_LP,lymphoid,CD8 Naive,descriptive,4,5,4,4,3,2,-0.7382175738764992,-0.38002191121342677,0.35819566266307246,0.0,0.0,0.0,,1,1,True,
colon,radial_tissue_term,EPI_LP,LP,LP minus EPI_LP,lymphoid,CD8 Naive,descriptive,4,3,4,3,3,1,-0.7382175738764992,-0.534387993030007,0.20382958084649228,0.0,0.0,0.0,,1,1,True,
colon,radial_tissue_term,EPI_LP_MUSC,LP,LP minus EPI_LP_MUSC,lymphoid,CD8 Naive,descriptive,5,3,4,3,2,1,-0.38002191121342677,-0.534387993030007,-0.15436608181658018,0.0,0.0,0.0,,1,1,True,
colon,radial_tissue_term,EPI,EPI_LP,EPI_LP minus EPI,lymphoid,CD8 TRM,descriptive,3,4,3,4,1,3,1.5581083135713323,-0.25174003661267086,-1.8098483501840033,14.285714285714285,0.847457627118644,-13.438256658595641,,1,1,True,
colon,radial_tissue_term,EPI,EPI_LP_MUSC,EPI_LP_MUSC minus EPI,lymphoid,CD8 TRM,descriptive,3,5,3,4,1,2,1.5581083135713323,-0.38002191121342677,-1.938130224784759,14.285714285714285,0.0,-14.285714285714285,,1,1,True,
colon,radial_tissue_term,EPI,LP,LP minus EPI,lymphoid,CD8 TRM,descriptive,3,3,3,3,1,1,1.5581083135713323,0.3101776116224704,-1.247930701948862,14.285714285714285,2.127659574468085,-12.1580547112462,,1,1,True,
colon,radial_tissue_term,EPI_LP,EPI_LP_MUSC,EPI_LP_MUSC minus EPI_LP,lymphoid,CD8 TRM,descriptive,4,5,4,4,3,2,-0.25174003661267086,-0.38002191121342677,-0.1282818746007559,0.847457627118644,0.0,-0.847457627118644,,1,1,True,
colon,radial_tissue_term,EPI_LP,LP,LP minus EPI_LP,lymphoid,CD8 TRM,descriptive,4,3,4,3,3,1,-0.25174003661267086,0.3101776116224704,0.5619176482351412,0.847457627118644,2.127659574468085,1.280201947349441,,1,1,True,
colon,radial_tissue_term,EPI_LP_MUSC,LP,LP minus EPI_LP_MUSC,lymphoid,CD8 TRM,descriptive,5,3,4,3,2,1,-0.38002191121342677,0.3101776116224704,0.6901995228358971,0.0,2.127659574468085,2.127659574468085,,1,1,True,
colon,radial_tissue_term,EPI,EPI_LP,EPI_LP minus EPI,lymphoid,GC B Dark Zone (GC B DZ),descriptive,3,4,3,4,1,3,0.9739287282130743,1.1648666354154371,0.1909379072023628,3.571428571428571,9.322033898305085,5.750605326876514,,1,1,True,
colon,radial_tissue_term,EPI,EPI_LP_MUSC,EPI_LP_MUSC minus EPI,lymphoid,GC B Dark Zone (GC B DZ),descriptive,3,5,3,4,1,2,0.9739287282130743,0.009160118597635858,-0.9647686096154384,3.571428571428571,0.0,-3.571428571428571,,1,1,True,
colon,radial_tissue_term,EPI,LP,LP minus EPI,lymphoid,GC B Dark Zone (GC B DZ),descriptive,3,3,3,3,1,1,0.9739287282130743,0.5221738671958027,-0.4517548610172716,3.571428571428571,5.0,1.4285714285714288,,1,1,True,
colon,radial_tissue_term,EPI_LP,EPI_LP_MUSC,EPI_LP_MUSC minus EPI_LP,lymphoid,GC B Dark Zone (GC B DZ),descriptive,4,5,4,4,3,2,1.1648666354154371,0.009160118597635858,-1.1557065168178013,9.322033898305085,0.0,-9.322033898305085,,1,1,True,
colon,radial_tissue_term,EPI_LP,LP,LP minus EPI_LP,lymphoid,GC B Dark Zone (GC B DZ),descriptive,4,3,4,3,3,1,1.1648666354154371,0.5221738671958027,-0.6426927682196344,9.322033898305085,5.0,-4.322033898305085,,1,1,True,
colon,radial_tissue_term,EPI_LP_MUSC,LP,LP minus EPI_LP_MUSC,lymphoid,GC B Dark Zone (GC B DZ),descriptive,5,3,4,3,2,1,0.009160118597635858,0.5221738671958027,0.5130137485981668,0.0,5.0,5.0,,1,1,True,
colon,radial_tissue_term,EPI,EPI_LP,EPI_LP minus EPI,lymphoid,GC B Light Zone (GC B LZ),descriptive,3,4,3,4,1,3,0.607724631990371,1.4630887267815775,0.8553640947912066,2.7777777777777777,9.340064911648035,6.5622871338702575,,1,1,True,
colon,radial_tissue_term,EPI,EPI_LP_MUSC,EPI_LP_MUSC minus EPI,lymphoid,GC B Light Zone (GC B LZ),descriptive,3,5,3,4,1,2,0.607724631990371,0.22888257633125778,-0.3788420556591132,2.7777777777777777,0.0,-2.7777777777777777,,1,1,True,
colon,radial_tissue_term,EPI,LP,LP minus EPI,lymphoid,GC B Light Zone (GC B LZ),descriptive,3,3,3,3,1,1,0.607724631990371,-0.534387993030007,-1.142112625020378,2.7777777777777777,0.0,-2.7777777777777777,,1,1,True,
colon,radial_tissue_term,EPI_LP,EPI_LP_MUSC,EPI_LP_MUSC minus EPI_LP,lymphoid,GC B Light Zone (GC B LZ),descriptive,4,5,4,4,3,2,1.4630887267815775,0.22888257633125778,-1.2342061504503197,9.340064911648035,0.0,-9.340064911648035,,1,1,True,
colon,radial_tissue_term,EPI_LP,LP,LP minus EPI_LP,lymphoid,GC B Light Zone (GC B LZ),descriptive,4,3,4,3,3,1,1.4630887267815775,-0.534387993030007,-1.9974767198115844,9.340064911648035,0.0,-9.340064911648035,,1,1,True,
colon,radial_tissue_term,EPI_LP_MUSC,LP,LP minus EPI_LP_MUSC,lymphoid,GC B Light Zone (GC B LZ),descriptive,5,3,4,3,2,1,0.22888257633125778,-0.534387993030007,-0.7632705693612647,0.0,0.0,0.0,,1,1,True,
colon,radial_tissue_term,EPI,EPI_LP,EPI_LP minus EPI,lymphoid,Gamma Delta T Cells,descriptive,3,4,3,4,1,3,0.03517413296559339,-0.41339682784393394,-0.44857096080952735,0.0,0.0,0.0,,1,1,True,
colon,radial_tissue_term,EPI,EPI_LP_MUSC,EPI_LP_MUSC minus EPI,lymphoid,Gamma Delta T Cells,descriptive,3,5,3,4,1,2,0.03517413296559339,-0.38002191121342677,-0.4151960441790202,0.0,0.0,0.0,,1,1,True,
colon,radial_tissue_term,EPI,LP,LP minus EPI,lymphoid,Gamma Delta T Cells,descriptive,3,3,3,3,1,1,0.03517413296559339,-0.21588417802086143,-0.2510583109864548,0.0,0.0,0.0,,1,1,True,
colon,radial_tissue_term,EPI_LP,EPI_LP_MUSC,EPI_LP_MUSC minus EPI_LP,lymphoid,Gamma Delta T Cells,descriptive,4,5,4,4,3,2,-0.41339682784393394,-0.38002191121342677,0.03337491663050718,0.0,0.0,0.0,,1,1,True,
colon,radial_tissue_term,EPI_LP,LP,LP minus EPI_LP,lymphoid,Gamma Delta T Cells,descriptive,4,3,4,3,3,1,-0.41339682784393394,-0.21588417802086143,0.1975126498230725,0.0,0.0,0.0,,1,1,True,
colon,radial_tissue_term,EPI_LP_MUSC,LP,LP minus EPI_LP_MUSC,lymphoid,Gamma Delta T Cells,descriptive,5,3,4,3,2,1,-0.38002191121342677,-0.21588417802086143,0.16413773319256533,0.0,0.0,0.0,,1,1,True,
colon,radial_tissue_term,EPI,EPI_LP,EPI_LP minus EPI,lymphoid,ILC3,descriptive,3,4,3,4,1,3,-0.6134625833861778,-0.18891142954244433,0.42455115384373343,0.0,0.0,0.0,,1,1,True,
colon,radial_tissue_term,EPI,EPI_LP_MUSC,EPI_LP_MUSC minus EPI,lymphoid,ILC3,descriptive,3,5,3,4,1,2,-0.6134625833861778,-0.38002191121342677,0.233440672172751,0.0,0.0,0.0,,1,1,True,
colon,radial_tissue_term,EPI,LP,LP minus EPI,lymphoid,ILC3,descriptive,3,3,3,3,1,1,-0.6134625833861778,-1.070867297174707,-0.4574047137885293,0.0,0.0,0.0,,1,1,True,
colon,radial_tissue_term,EPI_LP,EPI_LP_MUSC,EPI_LP_MUSC minus EPI_LP,lymphoid,ILC3,descriptive,4,5,4,4,3,2,-0.18891142954244433,-0.38002191121342677,-0.19111048167098243,0.0,0.0,0.0,,1,1,True,
colon,radial_tissue_term,EPI_LP,LP,LP minus EPI_LP,lymphoid,ILC3,descriptive,4,3,4,3,3,1,-0.18891142954244433,-1.070867297174707,-0.8819558676322627,0.0,0.0,0.0,,1,1,True,
colon,radial_tissue_term,EPI_LP_MUSC,LP,LP minus EPI_LP_MUSC,lymphoid,ILC3,descriptive,5,3,4,3,2,1,-0.38002191121342677,-1.070867297174707,-0.6908453859612803,0.0,0.0,0.0,,1,1,True,
colon,radial_tissue_term,EPI,EPI_LP,EPI_LP minus EPI,lymphoid,MAIT Cells,descriptive,3,4,3,4,1,3,-0.6134625833861778,-0.7382175738764992,-0.12475499049032146,0.0,0.0,0.0,,1,1,True,
colon,radial_tissue_term,EPI,EPI_LP_MUSC,EPI_LP_MUSC minus EPI,lymphoid,MAIT Cells,descriptive,3,5,3,4,1,2,-0.6134625833861778,-0.16029945347980484,0.4531631299063729,0.0,0.0,0.0,,1,1,True,
colon,radial_tissue_term,EPI,LP,LP minus EPI,lymphoid,MAIT Cells,descriptive,3,3,3,3,1,1,-0.6134625833861778,0.516524014424545,1.1299865978107229,0.0,1.6666666666666667,1.6666666666666667,,1,1,True,
colon,radial_tissue_term,EPI_LP,EPI_LP_MUSC,EPI_LP_MUSC minus EPI_LP,lymphoid,MAIT Cells,descriptive,4,5,4,4,3,2,-0.7382175738764992,-0.16029945347980484,0.5779181203966943,0.0,0.0,0.0,,1,1,True,
colon,radial_tissue_term,EPI_LP,LP,LP minus EPI_LP,lymphoid,MAIT Cells,descriptive,4,3,4,3,3,1,-0.7382175738764992,0.516524014424545,1.2547415883010442,0.0,1.6666666666666667,1.6666666666666667,,1,1,True,
colon,radial_tissue_term,EPI_LP_MUSC,LP,LP minus EPI_LP_MUSC,lymphoid,MAIT Cells,descriptive,5,3,4,3,2,1,-0.16029945347980484,0.516524014424545,0.6768234679043499,0.0,1.6666666666666667,1.6666666666666667,,1,1,True,
colon,radial_tissue_term,EPI,EPI_LP,EPI_LP minus EPI,lymphoid,Memory B,descriptive,3,4,3,4,1,3,0.6243947721819247,1.249231730163964,0.6248369579820392,0.0,7.645149657410746,7.645149657410746,,1,1,True,
colon,radial_tissue_term,EPI,EPI_LP_MUSC,EPI_LP_MUSC minus EPI,lymphoid,Memory B,descriptive,3,5,3,4,1,2,0.6243947721819247,-0.16029945347980493,-0.7846942256617296,0.0,0.0,0.0,,1,1,True,
colon,radial_tissue_term,EPI,LP,LP minus EPI,lymphoid,Memory B,descriptive,3,3,3,3,1,1,0.6243947721819247,0.9721494395121412,0.3477546673302164,0.0,6.666666666666667,6.666666666666667,,1,1,True,
colon,radial_tissue_term,EPI_LP,EPI_LP_MUSC,EPI_LP_MUSC minus EPI_LP,lymphoid,Memory B,descriptive,4,5,4,4,3,2,1.249231730163964,-0.16029945347980493,-1.409531183643769,7.645149657410746,0.0,-7.645149657410746,,1,1,True,
colon,radial_tissue_term,EPI_LP,LP,LP minus EPI_LP,lymphoid,Memory B,descriptive,4,3,4,3,3,1,1.249231730163964,0.9721494395121412,-0.27708229065182277,7.645149657410746,6.666666666666667,-0.9784829907440793,,1,1,True,
colon,radial_tissue_term,EPI_LP_MUSC,LP,LP minus EPI_LP_MUSC,lymphoid,Memory B,descriptive,5,3,4,3,2,1,-0.16029945347980493,0.9721494395121412,1.132448892991946,0.0,6.666666666666667,6.666666666666667,,1,1,True,
colon,radial_tissue_term,EPI,EPI_LP,EPI_LP minus EPI,lymphoid,NK Cells,descriptive,3,4,3,4,1,3,-0.6134625833861778,-0.13874375567690655,0.4747188277092712,0.0,0.847457627118644,0.847457627118644,,1,1,True,
colon,radial_tissue_term,EPI,EPI_LP_MUSC,EPI_LP_MUSC minus EPI,lymphoid,NK Cells,descriptive,3,5,3,4,1,2,-0.6134625833861778,-0.38002191121342677,0.233440672172751,0.0,0.0,0.0,,1,1,True,
colon,radial_tissue_term,EPI,LP,LP minus EPI,lymphoid,NK Cells,descriptive,3,3,3,3,1,1,-0.6134625833861778,-0.7046632009520039,-0.09120061756582609,0.0,0.0,0.0,,1,1,True,
colon,radial_tissue_term,EPI_LP,EPI_LP_MUSC,EPI_LP_MUSC minus EPI_LP,lymphoid,NK Cells,descriptive,4,5,4,4,3,2,-0.13874375567690655,-0.38002191121342677,-0.2412781555365202,0.847457627118644,0.0,-0.847457627118644,,1,1,True,
colon,radial_tissue_term,EPI_LP,LP,LP minus EPI_LP,lymphoid,NK Cells,descriptive,4,3,4,3,3,1,-0.13874375567690655,-0.7046632009520039,-0.5659194452750973,0.847457627118644,0.0,-0.847457627118644,,1,1,True,
colon,radial_tissue_term,EPI_LP_MUSC,LP,LP minus EPI_LP_MUSC,lymphoid,NK Cells,descriptive,5,3,4,3,2,1,-0.38002191121342677,-0.7046632009520039,-0.3246412897385771,0.0,0.0,0.0,,1,1,True,
colon,radial_tissue_term,EPI,EPI_LP,EPI_LP minus EPI,lymphoid,NKT Cells,descriptive,3,4,3,4,1,3,-0.24725848716347443,-0.061205023600946706,0.18605346356252772,0.0,0.847457627118644,0.847457627118644,,1,1,True,
colon,radial_tissue_term,EPI,EPI_LP_MUSC,EPI_LP_MUSC minus EPI,lymphoid,NKT Cells,descriptive,3,5,3,4,1,2,-0.24725848716347443,0.7185903774546828,0.9658488646181572,0.0,12.5,12.5,,1,1,True,
colon,radial_tissue_term,EPI,LP,LP minus EPI,lymphoid,NKT Cells,descriptive,3,3,3,3,1,1,-0.24725848716347443,-0.7046632009520039,-0.4574047137885294,0.0,0.0,0.0,,1,1,True,
colon,radial_tissue_term,EPI_LP,EPI_LP_MUSC,EPI_LP_MUSC minus EPI_LP,lymphoid,NKT Cells,descriptive,4,5,4,4,3,2,-0.061205023600946706,0.7185903774546828,0.7797954010556295,0.847457627118644,12.5,11.652542372881356,,1,1,True,
colon,radial_tissue_term,EPI_LP,LP,LP minus EPI_LP,lymphoid,NKT Cells,descriptive,4,3,4,3,3,1,-0.061205023600946706,-0.7046632009520039,-0.6434581773510571,0.847457627118644,0.0,-0.847457627118644,,1,1,True,
colon,radial_tissue_term,EPI_LP_MUSC,LP,LP minus EPI_LP_MUSC,lymphoid,NKT Cells,descriptive,5,3,4,3,2,1,0.7185903774546828,-0.7046632009520039,-1.4232535784066866,12.5,0.0,-12.5,,1,1,True,
colon,radial_tissue_term,EPI,EPI_LP,EPI_LP minus EPI,lymphoid,Naive B,descriptive,3,4,3,4,1,3,0.8257001211259257,1.093563249188324,0.2678631280623983,2.7777777777777777,8.474576271186441,5.6967984934086635,,1,1,True,
colon,radial_tissue_term,EPI,EPI_LP_MUSC,EPI_LP_MUSC minus EPI,lymphoid,Naive B,descriptive,3,5,3,4,1,2,0.8257001211259257,-0.38002191121342677,-1.2057220323393525,2.7777777777777777,0.0,-2.7777777777777777,,1,1,True,
colon,radial_tissue_term,EPI,LP,LP minus EPI,lymphoid,Naive B,descriptive,3,3,3,3,1,1,0.8257001211259257,0.5592490788992107,-0.266451042226715,2.7777777777777777,6.382978723404255,3.6052009456264775,,1,1,True,
colon,radial_tissue_term,EPI_LP,EPI_LP_MUSC,EPI_LP_MUSC minus EPI_LP,lymphoid,Naive B,descriptive,4,5,4,4,3,2,1.093563249188324,-0.38002191121342677,-1.473585160401751,8.474576271186441,0.0,-8.474576271186441,,1,1,True,
colon,radial_tissue_term,EPI_LP,LP,LP minus EPI_LP,lymphoid,Naive B,descriptive,4,3,4,3,3,1,1.093563249188324,0.5592490788992107,-0.5343141702891133,8.474576271186441,6.382978723404255,-2.091597547782186,,1,1,True,
colon,radial_tissue_term,EPI_LP_MUSC,LP,LP minus EPI_LP_MUSC,lymphoid,Naive B,descriptive,5,3,4,3,2,1,-0.38002191121342677,0.5592490788992107,0.9392709901126375,0.0,6.382978723404255,6.382978723404255,,1,1,True,
colon,radial_tissue_term,EPI,EPI_LP,EPI_LP minus EPI,lymphoid,Plasma Cells,descriptive,3,4,3,4,1,3,-0.6134625833861778,0.8984787788136318,1.5119413621998095,0.0,7.627118644067796,7.627118644067796,,1,1,True,
colon,radial_tissue_term,EPI,EPI_LP_MUSC,EPI_LP_MUSC minus EPI,lymphoid,Plasma Cells,descriptive,3,5,3,4,1,2,-0.6134625833861778,-0.16029945347980493,0.45316312990637286,0.0,0.0,0.0,,1,1,True,
colon,radial_tissue_term,EPI,LP,LP minus EPI,lymphoid,Plasma Cells,descriptive,3,3,3,3,1,1,-0.6134625833861778,0.516524014424545,1.1299865978107229,0.0,2.127659574468085,2.127659574468085,,1,1,True,
colon,radial_tissue_term,EPI_LP,EPI_LP_MUSC,EPI_LP_MUSC minus EPI_LP,lymphoid,Plasma Cells,descriptive,4,5,4,4,3,2,0.8984787788136318,-0.16029945347980493,-1.0587782322934367,7.627118644067796,0.0,-7.627118644067796,,1,1,True,
colon,radial_tissue_term,EPI_LP,LP,LP minus EPI_LP,lymphoid,Plasma Cells,descriptive,4,3,4,3,3,1,0.8984787788136318,0.516524014424545,-0.3819547643890868,7.627118644067796,2.127659574468085,-5.499459069599711,,1,1,True,
colon,radial_tissue_term,EPI_LP_MUSC,LP,LP minus EPI_LP_MUSC,lymphoid,Plasma Cells,descriptive,5,3,4,3,2,1,-0.16029945347980493,0.516524014424545,0.6768234679043499,0.0,2.127659574468085,2.127659574468085,,1,1,True,
colon,radial_tissue_term,EPI,EPI_LP,EPI_LP minus EPI,lymphoid,Plasma IGA,descriptive,3,4,3,4,1,3,0.2892208169812256,-0.4635645017094717,-0.7527853186906973,1.8867924528301887,0.0,-1.8867924528301887,,1,1,True,
colon,radial_tissue_term,EPI,EPI_LP_MUSC,EPI_LP_MUSC minus EPI,lymphoid,Plasma IGA,descriptive,3,5,3,4,1,2,0.2892208169812256,1.7645214031000034,1.4753005861187778,1.8867924528301887,46.15384615384615,44.26705370101597,,1,1,True,
colon,radial_tissue_term,EPI,LP,LP minus EPI,lymphoid,Plasma IGA,descriptive,3,3,3,3,1,1,0.2892208169812256,1.6958927661095142,1.4066719491282886,1.8867924528301887,18.333333333333332,16.446540880503143,,1,1,True,
colon,radial_tissue_term,EPI_LP,EPI_LP_MUSC,EPI_LP_MUSC minus EPI_LP,lymphoid,Plasma IGA,descriptive,4,5,4,4,3,2,-0.4635645017094717,1.7645214031000034,2.228085904809475,0.0,46.15384615384615,46.15384615384615,,1,1,True,
colon,radial_tissue_term,EPI_LP,LP,LP minus EPI_LP,lymphoid,Plasma IGA,descriptive,4,3,4,3,3,1,-0.4635645017094717,1.6958927661095142,2.159457267818986,0.0,18.333333333333332,18.333333333333332,,1,1,True,
colon,radial_tissue_term,EPI_LP_MUSC,LP,LP minus EPI_LP_MUSC,lymphoid,Plasma IGA,descriptive,5,3,4,3,2,1,1.7645214031000034,1.6958927661095142,-0.06862863699048916,46.15384615384615,18.333333333333332,-27.82051282051282,,1,1,True,
colon,radial_tissue_term,EPI,EPI_LP,EPI_LP minus EPI,lymphoid,Plasma IGG,descriptive,3,4,3,4,1,3,-0.24725848716347457,0.17767283765591246,0.424931324819387,0.0,3.389830508474576,3.389830508474576,,1,1,True,
colon,radial_tissue_term,EPI,EPI_LP_MUSC,EPI_LP_MUSC minus EPI,lymphoid,Plasma IGG,descriptive,3,5,3,4,1,2,-0.24725848716347457,0.05942300425381699,0.30668149141729156,0.0,0.0,0.0,,1,1,True,
colon,radial_tissue_term,EPI,LP,LP minus EPI,lymphoid,Plasma IGG,descriptive,3,3,3,3,1,1,-0.24725848716347457,-0.7046632009520039,-0.4574047137885293,0.0,0.0,0.0,,1,1,True,
colon,radial_tissue_term,EPI_LP,EPI_LP_MUSC,EPI_LP_MUSC minus EPI_LP,lymphoid,Plasma IGG,descriptive,4,5,4,4,3,2,0.17767283765591246,0.05942300425381699,-0.11824983340209547,3.389830508474576,0.0,-3.389830508474576,,1,1,True,
colon,radial_tissue_term,EPI_LP,LP,LP minus EPI_LP,lymphoid,Plasma IGG,descriptive,4,3,4,3,3,1,0.17767283765591246,-0.7046632009520039,-0.8823360386079163,3.389830508474576,0.0,-3.389830508474576,,1,1,True,
colon,radial_tissue_term,EPI_LP_MUSC,LP,LP minus EPI_LP_MUSC,lymphoid,Plasma IGG,descriptive,5,3,4,3,2,1,0.05942300425381699,-0.7046632009520039,-0.7640862052058208,0.0,0.0,0.0,,1,1,True,
colon,radial_tissue_term,EPI_LP,EPI_LP_MUSC,EPI_LP_MUSC minus EPI_LP,myeloid,Classical Monocytes,descriptive,3,3,3,3,3,3,0.1847054031350206,-0.0686632680417576,-0.2533686711767782,0.0,0.0,0.0,,1,1,True,
colon,radial_tissue_term,EPI_LP,WM,WM minus EPI_LP,myeloid,Classical Monocytes,descriptive,3,2,3,2,3,1,0.1847054031350206,-0.13492150354801002,-0.3196269066830306,0.0,0.0,0.0,,1,1,True,
colon,radial_tissue_term,EPI_LP_MUSC,WM,WM minus EPI_LP_MUSC,myeloid,Classical Monocytes,descriptive,3,2,3,2,3,1,-0.0686632680417576,-0.13492150354801002,-0.06625823550625243,0.0,0.0,0.0,,1,1,True,
colon,radial_tissue_term,EPI_LP,EPI_LP_MUSC,EPI_LP_MUSC minus EPI_LP,myeloid,Cycling Macrophages,descriptive,3,3,3,3,3,3,-0.18149869308768274,0.29754082818094574,0.4790395212686285,0.0,0.0,0.0,,1,1,True,
colon,radial_tissue_term,EPI_LP,WM,WM minus EPI_LP,myeloid,Cycling Macrophages,descriptive,3,2,3,2,3,1,-0.18149869308768274,-0.13492150354801002,0.046577189539672714,0.0,0.0,0.0,,1,1,True,
colon,radial_tissue_term,EPI_LP_MUSC,WM,WM minus EPI_LP_MUSC,myeloid,Cycling Macrophages,descriptive,3,2,3,2,3,1,0.29754082818094574,-0.13492150354801002,-0.43246233172895576,0.0,0.0,0.0,,1,1,True,
colon,radial_tissue_term,EPI_LP,EPI_LP_MUSC,EPI_LP_MUSC minus EPI_LP,myeloid,Eosinophils,descriptive,3,3,3,3,3,3,-0.18149869308768274,-0.0686632680417576,0.11283542504592514,0.0,0.0,0.0,,1,1,True,
colon,radial_tissue_term,EPI_LP,WM,WM minus EPI_LP,myeloid,Eosinophils,descriptive,3,2,3,2,3,1,-0.18149869308768274,1.4745164088860903,1.656015101973773,0.0,83.33333333333333,83.33333333333333,,1,1,True,
colon,radial_tissue_term,EPI_LP_MUSC,WM,WM minus EPI_LP_MUSC,myeloid,Eosinophils,descriptive,3,2,3,2,3,1,-0.0686632680417576,1.4745164088860903,1.5431796769278479,0.0,83.33333333333333,83.33333333333333,,1,1,True,
colon,radial_tissue_term,EPI_LP,EPI_LP_MUSC,EPI_LP_MUSC minus EPI_LP,myeloid,Follicle Associated Resident Macrophages,descriptive,3,3,3,3,3,3,-0.18149869308768274,-0.0686632680417576,0.11283542504592514,0.0,0.0,0.0,,1,1,True,
colon,radial_tissue_term,EPI_LP,WM,WM minus EPI_LP,myeloid,Follicle Associated Resident Macrophages,descriptive,3,2,3,2,3,1,-0.18149869308768274,0.41438464078604464,0.5958833338737274,0.0,16.666666666666664,16.666666666666664,,1,1,True,
colon,radial_tissue_term,EPI_LP_MUSC,WM,WM minus EPI_LP_MUSC,myeloid,Follicle Associated Resident Macrophages,descriptive,3,2,3,2,3,1,-0.0686632680417576,0.41438464078604464,0.48304790882780224,0.0,16.666666666666664,16.666666666666664,,1,1,True,
colon,radial_tissue_term,EPI_LP,EPI_LP_MUSC,EPI_LP_MUSC minus EPI_LP,myeloid,Homeostatic Macrophages,descriptive,3,3,3,3,3,3,-0.18149869308768274,-0.0686632680417576,0.11283542504592514,0.0,0.0,0.0,,1,1,True,
colon,radial_tissue_term,EPI_LP,WM,WM minus EPI_LP,myeloid,Homeostatic Macrophages,descriptive,3,2,3,2,3,1,-0.18149869308768274,-0.13492150354801002,0.046577189539672714,0.0,0.0,0.0,,1,1,True,
colon,radial_tissue_term,EPI_LP_MUSC,WM,WM minus EPI_LP_MUSC,myeloid,Homeostatic Macrophages,descriptive,3,2,3,2,3,1,-0.0686632680417576,-0.13492150354801002,-0.06625823550625243,0.0,0.0,0.0,,1,1,True,
colon,radial_tissue_term,EPI_LP,EPI_LP_MUSC,EPI_LP_MUSC minus EPI_LP,myeloid,M0 Macrophages,descriptive,3,3,3,3,3,3,0.1847054031350206,-0.0686632680417576,-0.2533686711767782,0.0,0.0,0.0,,1,1,True,
colon,radial_tissue_term,EPI_LP,WM,WM minus EPI_LP,myeloid,M0 Macrophages,descriptive,3,2,3,2,3,1,0.1847054031350206,-0.13492150354801002,-0.3196269066830306,0.0,0.0,0.0,,1,1,True,
colon,radial_tissue_term,EPI_LP_MUSC,WM,WM minus EPI_LP_MUSC,myeloid,M0 Macrophages,descriptive,3,2,3,2,3,1,-0.0686632680417576,-0.13492150354801002,-0.06625823550625243,0.0,0.0,0.0,,1,1,True,
colon,radial_tissue_term,EPI_LP,EPI_LP_MUSC,EPI_LP_MUSC minus EPI_LP,myeloid,Mast Cells,descriptive,3,3,3,3,3,3,0.35498061105701745,-0.0686632680417576,-0.42364387909877504,0.0,0.0,0.0,,1,1,True,
colon,radial_tissue_term,EPI_LP,WM,WM minus EPI_LP,myeloid,Mast Cells,descriptive,3,2,3,2,3,1,0.35498061105701745,-0.13492150354801002,-0.48990211460502747,0.0,0.0,0.0,,1,1,True,
colon,radial_tissue_term,EPI_LP_MUSC,WM,WM minus EPI_LP_MUSC,myeloid,Mast Cells,descriptive,3,2,3,2,3,1,-0.0686632680417576,-0.13492150354801002,-0.06625823550625243,0.0,0.0,0.0,,1,1,True,
colon,radial_tissue_term,EPI_LP,EPI_LP_MUSC,EPI_LP_MUSC minus EPI_LP,myeloid,Monocyte Derived Dendritic Cells (MO DC),descriptive,3,3,3,3,3,3,-0.18149869308768274,-0.0686632680417576,0.11283542504592514,0.0,0.0,0.0,,1,1,True,
colon,radial_tissue_term,EPI_LP,WM,WM minus EPI_LP,myeloid,Monocyte Derived Dendritic Cells (MO DC),descriptive,3,2,3,2,3,1,-0.18149869308768274,-0.13492150354801002,0.046577189539672714,0.0,0.0,0.0,,1,1,True,
colon,radial_tissue_term,EPI_LP_MUSC,WM,WM minus EPI_LP_MUSC,myeloid,Monocyte Derived Dendritic Cells (MO DC),descriptive,3,2,3,2,3,1,-0.0686632680417576,-0.13492150354801002,-0.06625823550625243,0.0,0.0,0.0,,1,1,True,
colon,radial_tissue_term,EPI_LP,EPI_LP_MUSC,EPI_LP_MUSC minus EPI_LP,myeloid,Neutrophils,descriptive,3,3,3,3,3,3,-0.18149869308768274,-0.0686632680417576,0.11283542504592514,0.0,0.0,0.0,,1,1,True,
colon,radial_tissue_term,EPI_LP,WM,WM minus EPI_LP,myeloid,Neutrophils,descriptive,3,2,3,2,3,1,-0.18149869308768274,-0.13492150354801002,0.046577189539672714,0.0,0.0,0.0,,1,1,True,
colon,radial_tissue_term,EPI_LP_MUSC,WM,WM minus EPI_LP_MUSC,myeloid,Neutrophils,descriptive,3,2,3,2,3,1,-0.0686632680417576,-0.13492150354801002,-0.06625823550625243,0.0,0.0,0.0,,1,1,True,
colon,radial_tissue_term,EPI_LP,EPI_LP_MUSC,EPI_LP_MUSC minus EPI_LP,myeloid,Nonclassical Monocytes,descriptive,3,3,3,3,3,3,-0.18149869308768274,-0.0686632680417576,0.11283542504592514,0.0,0.0,0.0,,1,1,True,
colon,radial_tissue_term,EPI_LP,WM,WM minus EPI_LP,myeloid,Nonclassical Monocytes,descriptive,3,2,3,2,3,1,-0.18149869308768274,-0.13492150354801002,0.046577189539672714,0.0,0.0,0.0,,1,1,True,
colon,radial_tissue_term,EPI_LP_MUSC,WM,WM minus EPI_LP_MUSC,myeloid,Nonclassical Monocytes,descriptive,3,2,3,2,3,1,-0.0686632680417576,-0.13492150354801002,-0.06625823550625243,0.0,0.0,0.0,,1,1,True,
colon,radial_tissue_term,EPI_LP,EPI_LP_MUSC,EPI_LP_MUSC minus EPI_LP,myeloid,Perivascular Resident Macrophages,descriptive,3,3,3,3,3,3,-0.18149869308768274,0.29754082818094574,0.4790395212686285,0.0,0.0,0.0,,1,1,True,
colon,radial_tissue_term,EPI_LP,WM,WM minus EPI_LP,myeloid,Perivascular Resident Macrophages,descriptive,3,2,3,2,3,1,-0.18149869308768274,-0.13492150354801002,0.046577189539672714,0.0,0.0,0.0,,1,1,True,
colon,radial_tissue_term,EPI_LP_MUSC,WM,WM minus EPI_LP_MUSC,myeloid,Perivascular Resident Macrophages,descriptive,3,2,3,2,3,1,0.29754082818094574,-0.13492150354801002,-0.43246233172895576,0.0,0.0,0.0,,1,1,True,
colon,radial_tissue_term,EPI_LP,EPI_LP_MUSC,EPI_LP_MUSC minus EPI_LP,myeloid,Tolerogenic cDC2,descriptive,3,3,3,3,3,3,-0.18149869308768274,-0.0686632680417576,0.11283542504592514,0.0,0.0,0.0,,1,1,True,
colon,radial_tissue_term,EPI_LP,WM,WM minus EPI_LP,myeloid,Tolerogenic cDC2,descriptive,3,2,3,2,3,1,-0.18149869308768274,-0.13492150354801002,0.046577189539672714,0.0,0.0,0.0,,1,1,True,
colon,radial_tissue_term,EPI_LP_MUSC,WM,WM minus EPI_LP_MUSC,myeloid,Tolerogenic cDC2,descriptive,3,2,3,2,3,1,-0.0686632680417576,-0.13492150354801002,-0.06625823550625243,0.0,0.0,0.0,,1,1,True,
colon,radial_tissue_term,EPI_LP,EPI_LP_MUSC,EPI_LP_MUSC minus EPI_LP,myeloid,cDC1,descriptive,3,3,3,3,3,3,0.5509094993577239,-0.0686632680417576,-0.6195727673994815,100.0,0.0,-100.0,,1,1,True,
colon,radial_tissue_term,EPI_LP,WM,WM minus EPI_LP,myeloid,cDC1,descriptive,3,2,3,2,3,1,0.5509094993577239,-0.13492150354801002,-0.685831002905734,100.0,0.0,-100.0,,1,1,True,
colon,radial_tissue_term,EPI_LP_MUSC,WM,WM minus EPI_LP_MUSC,myeloid,cDC1,descriptive,3,2,3,2,3,1,-0.0686632680417576,-0.13492150354801002,-0.06625823550625243,0.0,0.0,0.0,,1,1,True,
colon,radial_tissue_term,EPI_LP,EPI_LP_MUSC,EPI_LP_MUSC minus EPI_LP,myeloid,cDC2,descriptive,3,3,3,3,3,3,0.35498061105701745,0.29754082818094574,-0.05743978287607171,0.0,0.0,0.0,,1,1,True,
colon,radial_tissue_term,EPI_LP,WM,WM minus EPI_LP,myeloid,cDC2,descriptive,3,2,3,2,3,1,0.35498061105701745,-0.13492150354801002,-0.48990211460502747,0.0,0.0,0.0,,1,1,True,
colon,radial_tissue_term,EPI_LP_MUSC,WM,WM minus EPI_LP_MUSC,myeloid,cDC2,descriptive,3,2,3,2,3,1,0.29754082818094574,-0.13492150354801002,-0.43246233172895576,0.0,0.0,0.0,,1,1,True,
colon,radial_tissue_term,EPI_LP,EPI_LP_MUSC,EPI_LP_MUSC minus EPI_LP,myeloid,migDC,descriptive,3,3,3,3,3,3,0.1847054031350206,-0.0686632680417576,-0.2533686711767782,0.0,0.0,0.0,,1,1,True,
colon,radial_tissue_term,EPI_LP,WM,WM minus EPI_LP,myeloid,migDC,descriptive,3,2,3,2,3,1,0.1847054031350206,-0.13492150354801002,-0.3196269066830306,0.0,0.0,0.0,,1,1,True,
colon,radial_tissue_term,EPI_LP_MUSC,WM,WM minus EPI_LP_MUSC,myeloid,migDC,descriptive,3,2,3,2,3,1,-0.0686632680417576,-0.13492150354801002,-0.06625823550625243,0.0,0.0,0.0,,1,1,True,
colon,radial_tissue_term,EPI_LP,EPI_LP_MUSC,EPI_LP_MUSC minus EPI_LP,myeloid,pDC,descriptive,3,3,3,3,3,3,-0.18149869308768274,-0.0686632680417576,0.11283542504592514,0.0,0.0,0.0,,1,1,True,
colon,radial_tissue_term,EPI_LP,WM,WM minus EPI_LP,myeloid,pDC,descriptive,3,2,3,2,3,1,-0.18149869308768274,-0.13492150354801002,0.046577189539672714,0.0,0.0,0.0,,1,1,True,
colon,radial_tissue_term,EPI_LP_MUSC,WM,WM minus EPI_LP_MUSC,myeloid,pDC,descriptive,3,2,3,2,3,1,-0.0686632680417576,-0.13492150354801002,-0.06625823550625243,0.0,0.0,0.0,,1,1,True,
colon,radial_tissue_term,EPI_LP,EPI_LP_MUSC,EPI_LP_MUSC minus EPI_LP,stroma,Adipocytes,descriptive,3,3,3,2,2,1,-0.14442133641359747,-0.18737584390722675,-0.04295450749362928,0.0,0.0,0.0,,1,1,True,
colon,radial_tissue_term,EPI_LP,LP,LP minus EPI_LP,stroma,Adipocytes,descriptive,3,2,3,2,2,1,-0.14442133641359747,-0.160214292097433,-0.015792955683835513,0.0,0.0,0.0,,1,1,True,
colon,radial_tissue_term,EPI_LP,WM,WM minus EPI_LP,stroma,Adipocytes,descriptive,3,3,3,3,2,1,-0.14442133641359747,-0.04577551202783825,0.09864582438575922,0.0,0.0,0.0,,1,1,True,
colon,radial_tissue_term,EPI_LP_MUSC,LP,LP minus EPI_LP_MUSC,stroma,Adipocytes,descriptive,3,2,2,2,1,1,-0.18737584390722675,-0.160214292097433,0.027161551809793766,0.0,0.0,0.0,,1,1,True,
colon,radial_tissue_term,EPI_LP_MUSC,WM,WM minus EPI_LP_MUSC,stroma,Adipocytes,descriptive,3,3,2,3,1,1,-0.18737584390722675,-0.04577551202783825,0.1416003318793885,0.0,0.0,0.0,,1,1,True,
colon,radial_tissue_term,LP,WM,WM minus LP,stroma,Adipocytes,descriptive,2,3,2,3,1,1,-0.160214292097433,-0.04577551202783825,0.11443878006959474,0.0,0.0,0.0,,1,1,True,
colon,radial_tissue_term,EPI_LP,EPI_LP_MUSC,EPI_LP_MUSC minus EPI_LP,stroma,Angiogenic Pericytes,descriptive,3,3,3,2,2,1,-0.14442133641359747,-0.18737584390722675,-0.04295450749362928,0.0,0.0,0.0,,1,1,True,
colon,radial_tissue_term,EPI_LP,LP,LP minus EPI_LP,stroma,Angiogenic Pericytes,descriptive,3,2,3,2,2,1,-0.14442133641359747,0.3890918522366218,0.5335131886502192,0.0,6.25,6.25,,1,1,True,
colon,radial_tissue_term,EPI_LP,WM,WM minus EPI_LP,stroma,Angiogenic Pericytes,descriptive,3,3,3,3,2,1,-0.14442133641359747,-0.04577551202783825,0.09864582438575922,0.0,0.0,0.0,,1,1,True,
colon,radial_tissue_term,EPI_LP_MUSC,LP,LP minus EPI_LP_MUSC,stroma,Angiogenic Pericytes,descriptive,3,2,2,2,1,1,-0.18737584390722675,0.3890918522366218,0.5764676961438485,0.0,6.25,6.25,,1,1,True,
colon,radial_tissue_term,EPI_LP_MUSC,WM,WM minus EPI_LP_MUSC,stroma,Angiogenic Pericytes,descriptive,3,3,2,3,1,1,-0.18737584390722675,-0.04577551202783825,0.1416003318793885,0.0,0.0,0.0,,1,1,True,
colon,radial_tissue_term,LP,WM,WM minus LP,stroma,Angiogenic Pericytes,descriptive,2,3,2,3,1,1,0.3890918522366218,-0.04577551202783825,-0.43486736426446004,6.25,0.0,-6.25,,1,1,True,
colon,radial_tissue_term,EPI_LP,EPI_LP_MUSC,EPI_LP_MUSC minus EPI_LP,stroma,Arteriolar Endothelial,descriptive,3,3,3,2,2,1,-0.14442133641359747,0.17882825231547658,0.32324958872907406,0.0,0.0,0.0,,1,1,True,
colon,radial_tissue_term,EPI_LP,LP,LP minus EPI_LP,stroma,Arteriolar Endothelial,descriptive,3,2,3,2,2,1,-0.14442133641359747,0.3890918522366218,0.5335131886502192,0.0,6.25,6.25,,1,1,True,
colon,radial_tissue_term,EPI_LP,WM,WM minus EPI_LP,stroma,Arteriolar Endothelial,descriptive,3,3,3,3,2,1,-0.14442133641359747,-0.04577551202783825,0.09864582438575922,0.0,0.0,0.0,,1,1,True,
colon,radial_tissue_term,EPI_LP_MUSC,LP,LP minus EPI_LP_MUSC,stroma,Arteriolar Endothelial,descriptive,3,2,2,2,1,1,0.17882825231547658,0.3890918522366218,0.2102635999211452,0.0,6.25,6.25,,1,1,True,
colon,radial_tissue_term,EPI_LP_MUSC,WM,WM minus EPI_LP_MUSC,stroma,Arteriolar Endothelial,descriptive,3,3,2,3,1,1,0.17882825231547658,-0.04577551202783825,-0.22460376434331483,0.0,0.0,0.0,,1,1,True,
colon,radial_tissue_term,LP,WM,WM minus LP,stroma,Arteriolar Endothelial,descriptive,2,3,2,3,1,1,0.3890918522366218,-0.04577551202783825,-0.43486736426446004,6.25,0.0,-6.25,,1,1,True,
colon,radial_tissue_term,EPI_LP,EPI_LP_MUSC,EPI_LP_MUSC minus EPI_LP,stroma,Capillary Endothelial,descriptive,3,3,3,2,2,1,-0.14442133641359747,-0.18737584390722675,-0.04295450749362928,0.0,0.0,0.0,,1,1,True,
colon,radial_tissue_term,EPI_LP,LP,LP minus EPI_LP,stroma,Capillary Endothelial,descriptive,3,2,3,2,2,1,-0.14442133641359747,-0.160214292097433,-0.015792955683835513,0.0,0.0,0.0,,1,1,True,
colon,radial_tissue_term,EPI_LP,WM,WM minus EPI_LP,stroma,Capillary Endothelial,descriptive,3,3,3,3,2,1,-0.14442133641359747,-0.04577551202783825,0.09864582438575922,0.0,0.0,0.0,,1,1,True,
colon,radial_tissue_term,EPI_LP_MUSC,LP,LP minus EPI_LP_MUSC,stroma,Capillary Endothelial,descriptive,3,2,2,2,1,1,-0.18737584390722675,-0.160214292097433,0.027161551809793766,0.0,0.0,0.0,,1,1,True,
colon,radial_tissue_term,EPI_LP_MUSC,WM,WM minus EPI_LP_MUSC,stroma,Capillary Endothelial,descriptive,3,3,2,3,1,1,-0.18737584390722675,-0.04577551202783825,0.1416003318793885,0.0,0.0,0.0,,1,1,True,
colon,radial_tissue_term,LP,WM,WM minus LP,stroma,Capillary Endothelial,descriptive,2,3,2,3,1,1,-0.160214292097433,-0.04577551202783825,0.11443878006959474,0.0,0.0,0.0,,1,1,True,
colon,radial_tissue_term,EPI_LP,EPI_LP_MUSC,EPI_LP_MUSC minus EPI_LP,stroma,Contractile Pericytes,descriptive,3,3,3,2,2,1,0.2217827598091057,0.4612608724445442,0.23947811263543853,0.0,0.0,0.0,,1,1,True,
colon,radial_tissue_term,EPI_LP,LP,LP minus EPI_LP,stroma,Contractile Pericytes,descriptive,3,2,3,2,2,1,0.2217827598091057,-0.160214292097433,-0.38199705190653865,0.0,0.0,0.0,,1,1,True,
colon,radial_tissue_term,EPI_LP,WM,WM minus EPI_LP,stroma,Contractile Pericytes,descriptive,3,3,3,3,2,1,0.2217827598091057,-0.04577551202783825,-0.2675582718369439,0.0,0.0,0.0,,1,1,True,
colon,radial_tissue_term,EPI_LP_MUSC,LP,LP minus EPI_LP_MUSC,stroma,Contractile Pericytes,descriptive,3,2,2,2,1,1,0.4612608724445442,-0.160214292097433,-0.6214751645419772,0.0,0.0,0.0,,1,1,True,
colon,radial_tissue_term,EPI_LP_MUSC,WM,WM minus EPI_LP_MUSC,stroma,Contractile Pericytes,descriptive,3,3,2,3,1,1,0.4612608724445442,-0.04577551202783825,-0.5070363844723824,0.0,0.0,0.0,,1,1,True,
colon,radial_tissue_term,LP,WM,WM minus LP,stroma,Contractile Pericytes,descriptive,2,3,2,3,1,1,-0.160214292097433,-0.04577551202783825,0.11443878006959474,0.0,0.0,0.0,,1,1,True,
colon,radial_tissue_term,EPI_LP,EPI_LP_MUSC,EPI_LP_MUSC minus EPI_LP,stroma,Crypt Bottom Fibroblasts (S2A),descriptive,3,3,3,2,2,1,0.5879868560318089,-0.18737584390722675,-0.7753626999390356,25.0,0.0,-25.0,,1,1,True,
colon,radial_tissue_term,EPI_LP,LP,LP minus EPI_LP,stroma,Crypt Bottom Fibroblasts (S2A),descriptive,3,2,3,2,2,1,0.5879868560318089,-0.160214292097433,-0.7482011481292419,25.0,0.0,-25.0,,1,1,True,
colon,radial_tissue_term,EPI_LP,WM,WM minus EPI_LP,stroma,Crypt Bottom Fibroblasts (S2A),descriptive,3,3,3,3,2,1,0.5879868560318089,1.0528367766402718,0.46484992060846286,25.0,100.0,75.0,,1,1,True,
colon,radial_tissue_term,EPI_LP_MUSC,LP,LP minus EPI_LP_MUSC,stroma,Crypt Bottom Fibroblasts (S2A),descriptive,3,2,2,2,1,1,-0.18737584390722675,-0.160214292097433,0.027161551809793766,0.0,0.0,0.0,,1,1,True,
colon,radial_tissue_term,EPI_LP_MUSC,WM,WM minus EPI_LP_MUSC,stroma,Crypt Bottom Fibroblasts (S2A),descriptive,3,3,2,3,1,1,-0.18737584390722675,1.0528367766402718,1.2402126205474986,0.0,100.0,100.0,,1,1,True,
colon,radial_tissue_term,LP,WM,WM minus LP,stroma,Crypt Bottom Fibroblasts (S2A),descriptive,2,3,2,3,1,1,-0.160214292097433,1.0528367766402718,1.2130510687377047,0.0,100.0,100.0,,1,1,True,
colon,radial_tissue_term,EPI_LP,EPI_LP_MUSC,EPI_LP_MUSC minus EPI_LP,stroma,Crypt Top Fibroblasts (S2B),descriptive,3,3,3,2,2,1,-0.14442133641359747,-0.18737584390722675,-0.04295450749362928,0.0,0.0,0.0,,1,1,True,
colon,radial_tissue_term,EPI_LP,LP,LP minus EPI_LP,stroma,Crypt Top Fibroblasts (S2B),descriptive,3,2,3,2,2,1,-0.14442133641359747,-0.160214292097433,-0.015792955683835513,0.0,0.0,0.0,,1,1,True,
colon,radial_tissue_term,EPI_LP,WM,WM minus EPI_LP,stroma,Crypt Top Fibroblasts (S2B),descriptive,3,3,3,3,2,1,-0.14442133641359747,-0.04577551202783825,0.09864582438575922,0.0,0.0,0.0,,1,1,True,
colon,radial_tissue_term,EPI_LP_MUSC,LP,LP minus EPI_LP_MUSC,stroma,Crypt Top Fibroblasts (S2B),descriptive,3,2,2,2,1,1,-0.18737584390722675,-0.160214292097433,0.027161551809793766,0.0,0.0,0.0,,1,1,True,
colon,radial_tissue_term,EPI_LP_MUSC,WM,WM minus EPI_LP_MUSC,stroma,Crypt Top Fibroblasts (S2B),descriptive,3,3,2,3,1,1,-0.18737584390722675,-0.04577551202783825,0.1416003318793885,0.0,0.0,0.0,,1,1,True,
colon,radial_tissue_term,LP,WM,WM minus LP,stroma,Crypt Top Fibroblasts (S2B),descriptive,2,3,2,3,1,1,-0.160214292097433,-0.04577551202783825,0.11443878006959474,0.0,0.0,0.0,,1,1,True,
colon,radial_tissue_term,EPI_LP,EPI_LP_MUSC,EPI_LP_MUSC minus EPI_LP,stroma,Fibroblastic Reticular Cells (FRC),descriptive,3,3,3,2,2,1,0.7582620639538057,-0.18737584390722675,-0.9456379078610324,50.0,0.0,-50.0,,1,1,True,
colon,radial_tissue_term,EPI_LP,LP,LP minus EPI_LP,stroma,Fibroblastic Reticular Cells (FRC),descriptive,3,2,3,2,2,1,0.7582620639538057,-0.160214292097433,-0.9184763560512387,50.0,0.0,-50.0,,1,1,True,
colon,radial_tissue_term,EPI_LP,WM,WM minus EPI_LP,stroma,Fibroblastic Reticular Cells (FRC),descriptive,3,3,3,3,2,1,0.7582620639538057,-0.04577551202783825,-0.8040375759816439,50.0,0.0,-50.0,,1,1,True,
colon,radial_tissue_term,EPI_LP_MUSC,LP,LP minus EPI_LP_MUSC,stroma,Fibroblastic Reticular Cells (FRC),descriptive,3,2,2,2,1,1,-0.18737584390722675,-0.160214292097433,0.027161551809793766,0.0,0.0,0.0,,1,1,True,
colon,radial_tissue_term,EPI_LP_MUSC,WM,WM minus EPI_LP_MUSC,stroma,Fibroblastic Reticular Cells (FRC),descriptive,3,3,2,3,1,1,-0.18737584390722675,-0.04577551202783825,0.1416003318793885,0.0,0.0,0.0,,1,1,True,
colon,radial_tissue_term,LP,WM,WM minus LP,stroma,Fibroblastic Reticular Cells (FRC),descriptive,2,3,2,3,1,1,-0.160214292097433,-0.04577551202783825,0.11443878006959474,0.0,0.0,0.0,,1,1,True,
colon,radial_tissue_term,EPI_LP,EPI_LP_MUSC,EPI_LP_MUSC minus EPI_LP,stroma,Follicular Dendritic Cells (fDC),descriptive,3,3,3,2,2,1,-0.14442133641359747,-0.18737584390722675,-0.04295450749362928,0.0,0.0,0.0,,1,1,True,
colon,radial_tissue_term,EPI_LP,LP,LP minus EPI_LP,stroma,Follicular Dendritic Cells (fDC),descriptive,3,2,3,2,2,1,-0.14442133641359747,-0.160214292097433,-0.015792955683835513,0.0,0.0,0.0,,1,1,True,
colon,radial_tissue_term,EPI_LP,WM,WM minus EPI_LP,stroma,Follicular Dendritic Cells (fDC),descriptive,3,3,3,3,2,1,-0.14442133641359747,-0.04577551202783825,0.09864582438575922,0.0,0.0,0.0,,1,1,True,
colon,radial_tissue_term,EPI_LP_MUSC,LP,LP minus EPI_LP_MUSC,stroma,Follicular Dendritic Cells (fDC),descriptive,3,2,2,2,1,1,-0.18737584390722675,-0.160214292097433,0.027161551809793766,0.0,0.0,0.0,,1,1,True,
colon,radial_tissue_term,EPI_LP_MUSC,WM,WM minus EPI_LP_MUSC,stroma,Follicular Dendritic Cells (fDC),descriptive,3,3,2,3,1,1,-0.18737584390722675,-0.04577551202783825,0.1416003318793885,0.0,0.0,0.0,,1,1,True,
colon,radial_tissue_term,LP,WM,WM minus LP,stroma,Follicular Dendritic Cells (fDC),descriptive,2,3,2,3,1,1,-0.160214292097433,-0.04577551202783825,0.11443878006959474,0.0,0.0,0.0,,1,1,True,
colon,radial_tissue_term,EPI_LP,EPI_LP_MUSC,EPI_LP_MUSC minus EPI_LP,stroma,Glia,descriptive,3,3,3,2,2,1,-0.14442133641359747,-0.18737584390722675,-0.04295450749362928,0.0,0.0,0.0,,1,1,True,
colon,radial_tissue_term,EPI_LP,LP,LP minus EPI_LP,stroma,Glia,descriptive,3,2,3,2,2,1,-0.14442133641359747,0.9383979965706767,1.0828193329842741,0.0,25.0,25.0,,1,1,True,
colon,radial_tissue_term,EPI_LP,WM,WM minus EPI_LP,stroma,Glia,descriptive,3,3,3,3,2,1,-0.14442133641359747,-0.04577551202783825,0.09864582438575922,0.0,0.0,0.0,,1,1,True,
colon,radial_tissue_term,EPI_LP_MUSC,LP,LP minus EPI_LP_MUSC,stroma,Glia,descriptive,3,2,2,2,1,1,-0.18737584390722675,0.9383979965706767,1.1257738404779034,0.0,25.0,25.0,,1,1,True,
colon,radial_tissue_term,EPI_LP_MUSC,WM,WM minus EPI_LP_MUSC,stroma,Glia,descriptive,3,3,2,3,1,1,-0.18737584390722675,-0.04577551202783825,0.1416003318793885,0.0,0.0,0.0,,1,1,True,
colon,radial_tissue_term,LP,WM,WM minus LP,stroma,Glia,descriptive,2,3,2,3,1,1,0.9383979965706767,-0.04577551202783825,-0.9841735085985149,25.0,0.0,-25.0,,1,1,True,
colon,radial_tissue_term,EPI_LP,EPI_LP_MUSC,EPI_LP_MUSC minus EPI_LP,stroma,Interstitial Cells of Cajal (ICC),descriptive,3,3,3,2,2,1,-0.14442133641359747,-0.18737584390722675,-0.04295450749362928,0.0,0.0,0.0,,1,1,True,
colon,radial_tissue_term,EPI_LP,LP,LP minus EPI_LP,stroma,Interstitial Cells of Cajal (ICC),descriptive,3,2,3,2,2,1,-0.14442133641359747,-0.160214292097433,-0.015792955683835513,0.0,0.0,0.0,,1,1,True,
colon,radial_tissue_term,EPI_LP,WM,WM minus EPI_LP,stroma,Interstitial Cells of Cajal (ICC),descriptive,3,3,3,3,2,1,-0.14442133641359747,-0.04577551202783825,0.09864582438575922,0.0,0.0,0.0,,1,1,True,
colon,radial_tissue_term,EPI_LP_MUSC,LP,LP minus EPI_LP_MUSC,stroma,Interstitial Cells of Cajal (ICC),descriptive,3,2,2,2,1,1,-0.18737584390722675,-0.160214292097433,0.027161551809793766,0.0,0.0,0.0,,1,1,True,
colon,radial_tissue_term,EPI_LP_MUSC,WM,WM minus EPI_LP_MUSC,stroma,Interstitial Cells of Cajal (ICC),descriptive,3,3,2,3,1,1,-0.18737584390722675,-0.04577551202783825,0.1416003318793885,0.0,0.0,0.0,,1,1,True,
colon,radial_tissue_term,LP,WM,WM minus LP,stroma,Interstitial Cells of Cajal (ICC),descriptive,2,3,2,3,1,1,-0.160214292097433,-0.04577551202783825,0.11443878006959474,0.0,0.0,0.0,,1,1,True,
colon,radial_tissue_term,EPI_LP,EPI_LP_MUSC,EPI_LP_MUSC minus EPI_LP,stroma,Lamina propria Fibroblasts (S1),descriptive,3,3,3,2,2,1,-0.14442133641359747,0.7570286041115118,0.9014499405251093,0.0,0.0,0.0,,1,1,True,
colon,radial_tissue_term,EPI_LP,LP,LP minus EPI_LP,stroma,Lamina propria Fibroblasts (S1),descriptive,3,2,3,2,2,1,-0.14442133641359747,-0.160214292097433,-0.015792955683835513,0.0,0.0,0.0,,1,1,True,
colon,radial_tissue_term,EPI_LP,WM,WM minus EPI_LP,stroma,Lamina propria Fibroblasts (S1),descriptive,3,3,3,3,2,1,-0.14442133641359747,-0.04577551202783825,0.09864582438575922,0.0,0.0,0.0,,1,1,True,
colon,radial_tissue_term,EPI_LP_MUSC,LP,LP minus EPI_LP_MUSC,stroma,Lamina propria Fibroblasts (S1),descriptive,3,2,2,2,1,1,0.7570286041115118,-0.160214292097433,-0.9172428962089448,0.0,0.0,0.0,,1,1,True,
colon,radial_tissue_term,EPI_LP_MUSC,WM,WM minus EPI_LP_MUSC,stroma,Lamina propria Fibroblasts (S1),descriptive,3,3,2,3,1,1,0.7570286041115118,-0.04577551202783825,-0.8028041161393501,0.0,0.0,0.0,,1,1,True,
colon,radial_tissue_term,LP,WM,WM minus LP,stroma,Lamina propria Fibroblasts (S1),descriptive,2,3,2,3,1,1,-0.160214292097433,-0.04577551202783825,0.11443878006959474,0.0,0.0,0.0,,1,1,True,
colon,radial_tissue_term,EPI_LP,EPI_LP_MUSC,EPI_LP_MUSC minus EPI_LP,stroma,Lymphatic Endothelial,descriptive,3,3,3,2,2,1,-0.14442133641359747,0.5450323485381796,0.6894536849517771,0.0,0.0,0.0,,1,1,True,
colon,radial_tissue_term,EPI_LP,LP,LP minus EPI_LP,stroma,Lymphatic Endothelial,descriptive,3,2,3,2,2,1,-0.14442133641359747,-0.160214292097433,-0.015792955683835513,0.0,0.0,0.0,,1,1,True,
colon,radial_tissue_term,EPI_LP,WM,WM minus EPI_LP,stroma,Lymphatic Endothelial,descriptive,3,3,3,3,2,1,-0.14442133641359747,-0.04577551202783825,0.09864582438575922,0.0,0.0,0.0,,1,1,True,
colon,radial_tissue_term,EPI_LP_MUSC,LP,LP minus EPI_LP_MUSC,stroma,Lymphatic Endothelial,descriptive,3,2,2,2,1,1,0.5450323485381796,-0.160214292097433,-0.7052466406356126,0.0,0.0,0.0,,1,1,True,
colon,radial_tissue_term,EPI_LP_MUSC,WM,WM minus EPI_LP_MUSC,stroma,Lymphatic Endothelial,descriptive,3,3,2,3,1,1,0.5450323485381796,-0.04577551202783825,-0.5908078605660179,0.0,0.0,0.0,,1,1,True,
colon,radial_tissue_term,LP,WM,WM minus LP,stroma,Lymphatic Endothelial,descriptive,2,3,2,3,1,1,-0.160214292097433,-0.04577551202783825,0.11443878006959474,0.0,0.0,0.0,,1,1,True,
colon,radial_tissue_term,EPI_LP,EPI_LP_MUSC,EPI_LP_MUSC minus EPI_LP,stroma,Marginal Reticular Cells (MRC),descriptive,3,3,3,2,2,1,0.2217827598091057,-0.18737584390722675,-0.40915860371633245,0.0,0.0,0.0,,1,1,True,
colon,radial_tissue_term,EPI_LP,LP,LP minus EPI_LP,stroma,Marginal Reticular Cells (MRC),descriptive,3,2,3,2,2,1,0.2217827598091057,0.389091852236622,0.16730909242751632,0.0,50.0,50.0,,1,1,True,
colon,radial_tissue_term,EPI_LP,WM,WM minus EPI_LP,stroma,Marginal Reticular Cells (MRC),descriptive,3,3,3,3,2,1,0.2217827598091057,-0.04577551202783825,-0.2675582718369439,0.0,0.0,0.0,,1,1,True,
colon,radial_tissue_term,EPI_LP_MUSC,LP,LP minus EPI_LP_MUSC,stroma,Marginal Reticular Cells (MRC),descriptive,3,2,2,2,1,1,-0.18737584390722675,0.389091852236622,0.5764676961438487,0.0,50.0,50.0,,1,1,True,
colon,radial_tissue_term,EPI_LP_MUSC,WM,WM minus EPI_LP_MUSC,stroma,Marginal Reticular Cells (MRC),descriptive,3,3,2,3,1,1,-0.18737584390722675,-0.04577551202783825,0.1416003318793885,0.0,0.0,0.0,,1,1,True,
colon,radial_tissue_term,LP,WM,WM minus LP,stroma,Marginal Reticular Cells (MRC),descriptive,2,3,2,3,1,1,0.389091852236622,-0.04577551202783825,-0.43486736426446027,50.0,0.0,-50.0,,1,1,True,
colon,radial_tissue_term,EPI_LP,EPI_LP_MUSC,EPI_LP_MUSC minus EPI_LP,stroma,Medullary Sinus Endothelial,descriptive,3,3,3,2,2,1,-0.14442133641359747,-0.18737584390722675,-0.04295450749362928,0.0,0.0,0.0,,1,1,True,
colon,radial_tissue_term,EPI_LP,LP,LP minus EPI_LP,stroma,Medullary Sinus Endothelial,descriptive,3,2,3,2,2,1,-0.14442133641359747,-0.160214292097433,-0.015792955683835513,0.0,0.0,0.0,,1,1,True,
colon,radial_tissue_term,EPI_LP,WM,WM minus EPI_LP,stroma,Medullary Sinus Endothelial,descriptive,3,3,3,3,2,1,-0.14442133641359747,-0.04577551202783825,0.09864582438575922,0.0,0.0,0.0,,1,1,True,
colon,radial_tissue_term,EPI_LP_MUSC,LP,LP minus EPI_LP_MUSC,stroma,Medullary Sinus Endothelial,descriptive,3,2,2,2,1,1,-0.18737584390722675,-0.160214292097433,0.027161551809793766,0.0,0.0,0.0,,1,1,True,
colon,radial_tissue_term,EPI_LP_MUSC,WM,WM minus EPI_LP_MUSC,stroma,Medullary Sinus Endothelial,descriptive,3,3,2,3,1,1,-0.18737584390722675,-0.04577551202783825,0.1416003318793885,0.0,0.0,0.0,,1,1,True,
colon,radial_tissue_term,LP,WM,WM minus LP,stroma,Medullary Sinus Endothelial,descriptive,2,3,2,3,1,1,-0.160214292097433,-0.04577551202783825,0.11443878006959474,0.0,0.0,0.0,,1,1,True,
colon,radial_tissue_term,EPI_LP,EPI_LP_MUSC,EPI_LP_MUSC minus EPI_LP,stroma,Mesenchymal Lymphoid Tissue Organizer Cells (mLTo Cells),descriptive,3,3,3,2,2,1,-0.14442133641359747,-0.18737584390722675,-0.04295450749362928,0.0,0.0,0.0,,1,1,True,
colon,radial_tissue_term,EPI_LP,LP,LP minus EPI_LP,stroma,Mesenchymal Lymphoid Tissue Organizer Cells (mLTo Cells),descriptive,3,2,3,2,2,1,-0.14442133641359747,-0.160214292097433,-0.015792955683835513,0.0,0.0,0.0,,1,1,True,
colon,radial_tissue_term,EPI_LP,WM,WM minus EPI_LP,stroma,Mesenchymal Lymphoid Tissue Organizer Cells (mLTo Cells),descriptive,3,3,3,3,2,1,-0.14442133641359747,-0.04577551202783825,0.09864582438575922,0.0,0.0,0.0,,1,1,True,
colon,radial_tissue_term,EPI_LP_MUSC,LP,LP minus EPI_LP_MUSC,stroma,Mesenchymal Lymphoid Tissue Organizer Cells (mLTo Cells),descriptive,3,2,2,2,1,1,-0.18737584390722675,-0.160214292097433,0.027161551809793766,0.0,0.0,0.0,,1,1,True,
colon,radial_tissue_term,EPI_LP_MUSC,WM,WM minus EPI_LP_MUSC,stroma,Mesenchymal Lymphoid Tissue Organizer Cells (mLTo Cells),descriptive,3,3,2,3,1,1,-0.18737584390722675,-0.04577551202783825,0.1416003318793885,0.0,0.0,0.0,,1,1,True,
colon,radial_tissue_term,LP,WM,WM minus LP,stroma,Mesenchymal Lymphoid Tissue Organizer Cells (mLTo Cells),descriptive,2,3,2,3,1,1,-0.160214292097433,-0.04577551202783825,0.11443878006959474,0.0,0.0,0.0,,1,1,True,
colon,radial_tissue_term,EPI_LP,EPI_LP_MUSC,EPI_LP_MUSC minus EPI_LP,stroma,Muscularis Propria Fibroblasts,descriptive,3,3,3,2,2,1,-0.14442133641359747,0.17882825231547658,0.32324958872907406,0.0,0.0,0.0,,1,1,True,
colon,radial_tissue_term,EPI_LP,LP,LP minus EPI_LP,stroma,Muscularis Propria Fibroblasts,descriptive,3,2,3,2,2,1,-0.14442133641359747,-0.160214292097433,-0.015792955683835513,0.0,0.0,0.0,,1,1,True,
colon,radial_tissue_term,EPI_LP,WM,WM minus EPI_LP,stroma,Muscularis Propria Fibroblasts,descriptive,3,3,3,3,2,1,-0.14442133641359747,-0.04577551202783825,0.09864582438575922,0.0,0.0,0.0,,1,1,True,
colon,radial_tissue_term,EPI_LP_MUSC,LP,LP minus EPI_LP_MUSC,stroma,Muscularis Propria Fibroblasts,descriptive,3,2,2,2,1,1,0.17882825231547658,-0.160214292097433,-0.3390425444129096,0.0,0.0,0.0,,1,1,True,
colon,radial_tissue_term,EPI_LP_MUSC,WM,WM minus EPI_LP_MUSC,stroma,Muscularis Propria Fibroblasts,descriptive,3,3,2,3,1,1,0.17882825231547658,-0.04577551202783825,-0.22460376434331483,0.0,0.0,0.0,,1,1,True,
colon,radial_tissue_term,LP,WM,WM minus LP,stroma,Muscularis Propria Fibroblasts,descriptive,2,3,2,3,1,1,-0.160214292097433,-0.04577551202783825,0.11443878006959474,0.0,0.0,0.0,,1,1,True,
colon,radial_tissue_term,EPI_LP,EPI_LP_MUSC,EPI_LP_MUSC minus EPI_LP,stroma,Myofibroblasts,descriptive,3,3,3,2,2,1,-0.14442133641359747,0.34910346023747324,0.49352479665107074,0.0,0.0,0.0,,1,1,True,
colon,radial_tissue_term,EPI_LP,LP,LP minus EPI_LP,stroma,Myofibroblasts,descriptive,3,2,3,2,2,1,-0.14442133641359747,-0.160214292097433,-0.015792955683835513,0.0,0.0,0.0,,1,1,True,
colon,radial_tissue_term,EPI_LP,WM,WM minus EPI_LP,stroma,Myofibroblasts,descriptive,3,3,3,3,2,1,-0.14442133641359747,-0.04577551202783825,0.09864582438575922,0.0,0.0,0.0,,1,1,True,
colon,radial_tissue_term,EPI_LP_MUSC,LP,LP minus EPI_LP_MUSC,stroma,Myofibroblasts,descriptive,3,2,2,2,1,1,0.34910346023747324,-0.160214292097433,-0.5093177523349062,0.0,0.0,0.0,,1,1,True,
colon,radial_tissue_term,EPI_LP_MUSC,WM,WM minus EPI_LP_MUSC,stroma,Myofibroblasts,descriptive,3,3,2,3,1,1,0.34910346023747324,-0.04577551202783825,-0.3948789722653115,0.0,0.0,0.0,,1,1,True,
colon,radial_tissue_term,LP,WM,WM minus LP,stroma,Myofibroblasts,descriptive,2,3,2,3,1,1,-0.160214292097433,-0.04577551202783825,0.11443878006959474,0.0,0.0,0.0,,1,1,True,
colon,radial_tissue_term,EPI_LP,EPI_LP_MUSC,EPI_LP_MUSC minus EPI_LP,stroma,Post Arteriole Capillary Endothelial (PAC),descriptive,3,3,3,2,2,1,0.2217827598091057,-0.18737584390722675,-0.40915860371633245,0.0,0.0,0.0,,1,1,True,
colon,radial_tissue_term,EPI_LP,LP,LP minus EPI_LP,stroma,Post Arteriole Capillary Endothelial (PAC),descriptive,3,2,3,2,2,1,0.2217827598091057,0.3890918522366218,0.1673090924275161,0.0,6.25,6.25,,1,1,True,
colon,radial_tissue_term,EPI_LP,WM,WM minus EPI_LP,stroma,Post Arteriole Capillary Endothelial (PAC),descriptive,3,3,3,3,2,1,0.2217827598091057,-0.04577551202783825,-0.2675582718369439,0.0,0.0,0.0,,1,1,True,
colon,radial_tissue_term,EPI_LP_MUSC,LP,LP minus EPI_LP_MUSC,stroma,Post Arteriole Capillary Endothelial (PAC),descriptive,3,2,2,2,1,1,-0.18737584390722675,0.3890918522366218,0.5764676961438485,0.0,6.25,6.25,,1,1,True,
colon,radial_tissue_term,EPI_LP_MUSC,WM,WM minus EPI_LP_MUSC,stroma,Post Arteriole Capillary Endothelial (PAC),descriptive,3,3,2,3,1,1,-0.18737584390722675,-0.04577551202783825,0.1416003318793885,0.0,0.0,0.0,,1,1,True,
colon,radial_tissue_term,LP,WM,WM minus LP,stroma,Post Arteriole Capillary Endothelial (PAC),descriptive,2,3,2,3,1,1,0.3890918522366218,-0.04577551202783825,-0.43486736426446004,6.25,0.0,-6.25,,1,1,True,
colon,radial_tissue_term,EPI_LP,EPI_LP_MUSC,EPI_LP_MUSC minus EPI_LP,stroma,Pre Venule Capillary Endothelial (PVC),descriptive,3,3,3,2,2,1,-0.14442133641359747,-0.18737584390722675,-0.04295450749362928,0.0,0.0,0.0,,1,1,True,
colon,radial_tissue_term,EPI_LP,LP,LP minus EPI_LP,stroma,Pre Venule Capillary Endothelial (PVC),descriptive,3,2,3,2,2,1,-0.14442133641359747,-0.160214292097433,-0.015792955683835513,0.0,0.0,0.0,,1,1,True,
colon,radial_tissue_term,EPI_LP,WM,WM minus EPI_LP,stroma,Pre Venule Capillary Endothelial (PVC),descriptive,3,3,3,3,2,1,-0.14442133641359747,-0.04577551202783825,0.09864582438575922,0.0,0.0,0.0,,1,1,True,
colon,radial_tissue_term,EPI_LP_MUSC,LP,LP minus EPI_LP_MUSC,stroma,Pre Venule Capillary Endothelial (PVC),descriptive,3,2,2,2,1,1,-0.18737584390722675,-0.160214292097433,0.027161551809793766,0.0,0.0,0.0,,1,1,True,
colon,radial_tissue_term,EPI_LP_MUSC,WM,WM minus EPI_LP_MUSC,stroma,Pre Venule Capillary Endothelial (PVC),descriptive,3,3,2,3,1,1,-0.18737584390722675,-0.04577551202783825,0.1416003318793885,0.0,0.0,0.0,,1,1,True,
colon,radial_tissue_term,LP,WM,WM minus LP,stroma,Pre Venule Capillary Endothelial (PVC),descriptive,2,3,2,3,1,1,-0.160214292097433,-0.04577551202783825,0.11443878006959474,0.0,0.0,0.0,,1,1,True,
colon,radial_tissue_term,EPI_LP,EPI_LP_MUSC,EPI_LP_MUSC minus EPI_LP,stroma,Secretory Pericytes,descriptive,3,3,3,2,2,1,0.2217827598091057,-0.18737584390722675,-0.40915860371633245,0.0,0.0,0.0,,1,1,True,
colon,radial_tissue_term,EPI_LP,LP,LP minus EPI_LP,stroma,Secretory Pericytes,descriptive,3,2,3,2,2,1,0.2217827598091057,-0.160214292097433,-0.38199705190653865,0.0,0.0,0.0,,1,1,True,
colon,radial_tissue_term,EPI_LP,WM,WM minus EPI_LP,stroma,Secretory Pericytes,descriptive,3,3,3,3,2,1,0.2217827598091057,-0.04577551202783825,-0.2675582718369439,0.0,0.0,0.0,,1,1,True,
colon,radial_tissue_term,EPI_LP_MUSC,LP,LP minus EPI_LP_MUSC,stroma,Secretory Pericytes,descriptive,3,2,2,2,1,1,-0.18737584390722675,-0.160214292097433,0.027161551809793766,0.0,0.0,0.0,,1,1,True,
colon,radial_tissue_term,EPI_LP_MUSC,WM,WM minus EPI_LP_MUSC,stroma,Secretory Pericytes,descriptive,3,3,2,3,1,1,-0.18737584390722675,-0.04577551202783825,0.1416003318793885,0.0,0.0,0.0,,1,1,True,
colon,radial_tissue_term,LP,WM,WM minus LP,stroma,Secretory Pericytes,descriptive,2,3,2,3,1,1,-0.160214292097433,-0.04577551202783825,0.11443878006959474,0.0,0.0,0.0,,1,1,True,
colon,radial_tissue_term,EPI_LP,EPI_LP_MUSC,EPI_LP_MUSC minus EPI_LP,stroma,Smooth Muscle Cells (SMC),descriptive,3,3,3,2,2,1,-0.14442133641359747,-0.18737584390722675,-0.04295450749362928,0.0,0.0,0.0,,1,1,True,
colon,radial_tissue_term,EPI_LP,LP,LP minus EPI_LP,stroma,Smooth Muscle Cells (SMC),descriptive,3,2,3,2,2,1,-0.14442133641359747,-0.160214292097433,-0.015792955683835513,0.0,0.0,0.0,,1,1,True,
colon,radial_tissue_term,EPI_LP,WM,WM minus EPI_LP,stroma,Smooth Muscle Cells (SMC),descriptive,3,3,3,3,2,1,-0.14442133641359747,-0.04577551202783825,0.09864582438575922,0.0,0.0,0.0,,1,1,True,
colon,radial_tissue_term,EPI_LP_MUSC,LP,LP minus EPI_LP_MUSC,stroma,Smooth Muscle Cells (SMC),descriptive,3,2,2,2,1,1,-0.18737584390722675,-0.160214292097433,0.027161551809793766,0.0,0.0,0.0,,1,1,True,
colon,radial_tissue_term,EPI_LP_MUSC,WM,WM minus EPI_LP_MUSC,stroma,Smooth Muscle Cells (SMC),descriptive,3,3,2,3,1,1,-0.18737584390722675,-0.04577551202783825,0.1416003318793885,0.0,0.0,0.0,,1,1,True,
colon,radial_tissue_term,LP,WM,WM minus LP,stroma,Smooth Muscle Cells (SMC),descriptive,2,3,2,3,1,1,-0.160214292097433,-0.04577551202783825,0.11443878006959474,0.0,0.0,0.0,,1,1,True,
colon,radial_tissue_term,EPI_LP,EPI_LP_MUSC,EPI_LP_MUSC minus EPI_LP,stroma,Submucosal Fibroblasts (S3),descriptive,3,3,3,2,2,1,-0.14442133641359747,0.17882825231547628,0.3232495887290737,0.0,0.0,0.0,,1,1,True,
colon,radial_tissue_term,EPI_LP,LP,LP minus EPI_LP,stroma,Submucosal Fibroblasts (S3),descriptive,3,2,3,2,2,1,-0.14442133641359747,-0.160214292097433,-0.015792955683835513,0.0,0.0,0.0,,1,1,True,
colon,radial_tissue_term,EPI_LP,WM,WM minus EPI_LP,stroma,Submucosal Fibroblasts (S3),descriptive,3,3,3,3,2,1,-0.14442133641359747,-0.04577551202783825,0.09864582438575922,0.0,0.0,0.0,,1,1,True,
colon,radial_tissue_term,EPI_LP_MUSC,LP,LP minus EPI_LP_MUSC,stroma,Submucosal Fibroblasts (S3),descriptive,3,2,2,2,1,1,0.17882825231547628,-0.160214292097433,-0.33904254441290926,0.0,0.0,0.0,,1,1,True,
colon,radial_tissue_term,EPI_LP_MUSC,WM,WM minus EPI_LP_MUSC,stroma,Submucosal Fibroblasts (S3),descriptive,3,3,2,3,1,1,0.17882825231547628,-0.04577551202783825,-0.22460376434331453,0.0,0.0,0.0,,1,1,True,
colon,radial_tissue_term,LP,WM,WM minus LP,stroma,Submucosal Fibroblasts (S3),descriptive,2,3,2,3,1,1,-0.160214292097433,-0.04577551202783825,0.11443878006959474,0.0,0.0,0.0,,1,1,True,
colon,radial_tissue_term,EPI_LP,EPI_LP_MUSC,EPI_LP_MUSC minus EPI_LP,stroma,Venular Endothelial,descriptive,3,3,3,2,2,1,0.2217827598091057,0.34910346023747324,0.12732070042836754,0.0,0.0,0.0,,1,1,True,
colon,radial_tissue_term,EPI_LP,LP,LP minus EPI_LP,stroma,Venular Endothelial,descriptive,3,2,3,2,2,1,0.2217827598091057,0.3890918522366218,0.1673090924275161,0.0,6.25,6.25,,1,1,True,
colon,radial_tissue_term,EPI_LP,WM,WM minus EPI_LP,stroma,Venular Endothelial,descriptive,3,3,3,3,2,1,0.2217827598091057,-0.04577551202783825,-0.2675582718369439,0.0,0.0,0.0,,1,1,True,
colon,radial_tissue_term,EPI_LP_MUSC,LP,LP minus EPI_LP_MUSC,stroma,Venular Endothelial,descriptive,3,2,2,2,1,1,0.34910346023747324,0.3890918522366218,0.039988391999148554,0.0,6.25,6.25,,1,1,True,
colon,radial_tissue_term,EPI_LP_MUSC,WM,WM minus EPI_LP_MUSC,stroma,Venular Endothelial,descriptive,3,3,2,3,1,1,0.34910346023747324,-0.04577551202783825,-0.3948789722653115,0.0,0.0,0.0,,1,1,True,
colon,radial_tissue_term,LP,WM,WM minus LP,stroma,Venular Endothelial,descriptive,2,3,2,3,1,1,0.3890918522366218,-0.04577551202783825,-0.43486736426446004,6.25,0.0,-6.25,,1,1,True,
colon,sample_preservation_method,ambient temperature,frozen at -80C,frozen at -80C minus ambient temperature,epithelial,BEST4 Colonocytes,inferential,15,14,13,12,7,2,0.8370276066499738,0.2830754844354689,-0.5539521222145048,3.0303030303030303,0.0,-3.0303030303030303,0.03237386599267124,0,0,False,0.6489510489510489
colon,sample_preservation_method,ambient temperature,frozen at -80C,frozen at -80C minus ambient temperature,epithelial,BEST4 Enterocytes,inferential,15,14,13,12,7,2,-0.07903384008157284,0.04765856543515967,0.1266924055167325,0.0,0.0,0.0,0.6748130571132404,0,0,False,0.9731099089589657
colon,sample_preservation_method,ambient temperature,frozen at -80C,frozen at -80C minus ambient temperature,epithelial,Brunners Gland Cells,inferential,15,14,13,12,7,2,-0.22551547857065418,0.04765856543515972,0.2731740440058139,0.0,0.0,0.0,0.8408778620969196,0,0,False,0.9731099089589657
colon,sample_preservation_method,ambient temperature,frozen at -80C,frozen at -80C minus ambient temperature,epithelial,Colonocyte Progenitors,inferential,15,14,13,12,7,2,0.32690248494821667,0.2669158598723345,-0.05998662507588215,0.0,0.0,0.0,0.25524547156799116,0,0,False,0.842890442890443
colon,sample_preservation_method,ambient temperature,frozen at -80C,frozen at -80C minus ambient temperature,epithelial,Crypt Top Colonocytes,inferential,15,14,13,12,7,2,0.11726209186285648,0.1322135723643323,0.014951480501475808,0.0,0.0,0.0,0.8941311899488188,0,0,False,0.9731099089589657
colon,sample_preservation_method,ambient temperature,frozen at -80C,frozen at -80C minus ambient temperature,epithelial,EEC Enterochromaffin (EC),inferential,15,14,13,12,7,2,-0.15227465932611353,-0.14577359178642674,0.0065010675396867945,0.0,0.0,0.0,0.48922400583144976,0,0,False,0.9731099089589657
colon,sample_preservation_method,ambient temperature,frozen at -80C,frozen at -80C minus ambient temperature,epithelial,EEC L,inferential,15,14,13,12,7,2,-0.11821961774171416,-0.14577359178642674,-0.027553974044712576,0.0,0.0,0.0,0.48922400583144976,0,0,False,0.9731099089589657
colon,sample_preservation_method,ambient temperature,frozen at -80C,frozen at -80C minus ambient temperature,epithelial,EEC N,inferential,15,14,13,12,7,2,-0.22551547857065418,-0.14577359178642674,0.07974188678422744,0.0,0.0,0.0,0.9466425474233516,0,0,False,0.9731099089589657
colon,sample_preservation_method,ambient temperature,frozen at -80C,frozen at -80C minus ambient temperature,epithelial,EEC Progenitors,inferential,15,14,13,12,7,2,-0.1522746593261135,0.0896433272138825,0.24191798653999602,0.0,0.0,0.0,0.6919406970790247,0,0,False,0.9731099089589657
colon,sample_preservation_method,ambient temperature,frozen at -80C,frozen at -80C minus ambient temperature,epithelial,EEC S,inferential,15,14,13,12,7,2,-0.22551547857065418,-0.14577359178642674,0.07974188678422744,0.0,0.0,0.0,0.9466425474233516,0,0,False,0.9731099089589657
colon,sample_preservation_method,ambient temperature,frozen at -80C,frozen at -80C minus ambient temperature,epithelial,Enterocyte Progenitors,inferential,15,14,13,12,7,2,-0.0790338400815729,-0.14577359178642674,-0.06673975170485384,0.0,0.0,0.0,0.1881191443864274,0,0,False,0.7862291554599248
colon,sample_preservation_method,ambient temperature,frozen at -80C,frozen at -80C minus ambient temperature,epithelial,Enteroendocrine Cells (EEC),inferential,15,14,13,12,7,2,-0.22551547857065418,-0.06730128545299034,0.15821419311766383,0.0,0.0,0.0,0.6394520921101308,0,0,False,0.9731099089589657
colon,sample_preservation_method,ambient temperature,frozen at -80C,frozen at -80C minus ambient temperature,epithelial,Epithelial,inferential,15,14,13,12,7,2,-0.22551547857065418,-0.06730128545299031,0.15821419311766388,0.0,0.0,0.0,0.8408778620969196,0,0,False,0.9731099089589657
colon,sample_preservation_method,ambient temperature,frozen at -80C,frozen at -80C minus ambient temperature,epithelial,Foveolar Cells,inferential,15,14,13,12,7,2,-0.22551547857065418,-0.14577359178642674,0.07974188678422744,0.0,0.0,0.0,0.9466425474233516,0,0,False,0.9731099089589657
colon,sample_preservation_method,ambient temperature,frozen at -80C,frozen at -80C minus ambient temperature,epithelial,Goblet Cells,inferential,15,14,13,12,7,2,0.3445908293049171,0.44346310437504727,0.09887227507013019,0.0,0.0,0.0,0.6082638525206115,0,0,False,0.9731099089589657
colon,sample_preservation_method,ambient temperature,frozen at -80C,frozen at -80C minus ambient temperature,epithelial,Intestinal Stem Cells (ISC),inferential,15,14,13,12,7,2,0.07520848853046912,0.07169229662238918,-0.0035161919080799325,0.0,0.0,0.0,0.9111887137951059,0,0,False,0.9731099089589657
colon,sample_preservation_method,ambient temperature,frozen at -80C,frozen at -80C minus ambient temperature,epithelial,Lower Crypt Colonocytes,inferential,15,14,13,12,7,2,0.7350621521034398,0.3122134273357088,-0.42284872476773105,0.0,0.0,0.0,0.1735834467447872,0,0,False,0.7862291554599248
colon,sample_preservation_method,ambient temperature,frozen at -80C,frozen at -80C minus ambient temperature,epithelial,Lower Villus Enterocytes,inferential,15,14,13,12,7,2,-0.22551547857065418,-0.14577359178642674,0.07974188678422744,0.0,0.0,0.0,0.9466425474233516,0,0,False,0.9731099089589657
colon,sample_preservation_method,ambient temperature,frozen at -80C,frozen at -80C minus ambient temperature,epithelial,Mature Goblet Cells,inferential,15,14,13,12,7,2,-0.22551547857065418,-0.14577359178642674,0.07974188678422744,0.0,0.0,0.0,0.9466425474233516,0,0,False,0.9731099089589657
colon,sample_preservation_method,ambient temperature,frozen at -80C,frozen at -80C minus ambient temperature,epithelial,Microfold Cells (M Cells),inferential,15,14,13,12,7,2,-0.22551547857065418,-0.06730128545299034,0.15821419311766383,0.0,0.0,0.0,0.8408778620969196,0,0,False,0.9731099089589657
colon,sample_preservation_method,ambient temperature,frozen at -80C,frozen at -80C minus ambient temperature,epithelial,Mid Crypt Colonocytes,inferential,15,14,13,12,7,2,0.4442804104254184,-0.03081374089827671,-0.4750941513236951,0.0,0.0,0.0,0.07077218971500064,0,0,False,0.6489510489510489
colon,sample_preservation_method,ambient temperature,frozen at -80C,frozen at -80C minus ambient temperature,epithelial,Mid Villus Enterocytes,inferential,15,14,13,12,7,2,-0.22551547857065418,0.07169229662238918,0.29720777519304337,0.0,0.0,0.0,0.43493483688678025,0,0,False,0.9731099089589657
colon,sample_preservation_method,ambient temperature,frozen at -80C,frozen at -80C minus ambient temperature,epithelial,Paneth Cells,inferential,15,14,13,12,7,2,-0.22551547857065418,-0.14577359178642674,0.07974188678422744,0.0,0.0,0.0,0.9466425474233516,0,0,False,0.9731099089589657
colon,sample_preservation_method,ambient temperature,frozen at -80C,frozen at -80C minus ambient temperature,epithelial,Secretory Progenitors,inferential,15,14,13,12,7,2,0.15131713344725586,-0.14577359178642674,-0.29709072523368263,0.0,0.0,0.0,0.06409015864041204,0,0,False,0.6489510489510489
colon,sample_preservation_method,ambient temperature,frozen at -80C,frozen at -80C minus ambient temperature,epithelial,Transiently Amplifying Cells (TA),inferential,15,14,13,12,7,2,-0.005793020837032229,0.047658565435159686,0.05345158627219192,0.0,0.0,0.0,0.5770516940593269,0,0,False,0.9731099089589657
colon,sample_preservation_method,ambient temperature,frozen at -80C,frozen at -80C minus ambient temperature,epithelial,Tuft Cells,inferential,15,14,13,12,7,2,0.15966134297752285,-0.14577359178642674,-0.30543493476394956,0.0,0.0,0.0,0.1881191443864274,0,0,False,0.7862291554599248
colon,sample_preservation_method,ambient temperature,frozen at -80C,frozen at -80C minus ambient temperature,epithelial,Tuft Progenitors,inferential,15,14,13,12,7,2,-0.0057930208370322,-0.06730128545299031,-0.06150826461595811,0.0,0.0,0.0,0.7740651415276546,0,0,False,0.9731099089589657
colon,sample_preservation_method,ambient temperature,frozen at -80C,frozen at -80C minus ambient temperature,epithelial,Villus Tip Enterocytes,inferential,15,14,13,12,7,2,-0.11821961774171416,0.08964332721388248,0.20786294495559665,0.0,0.0,0.0,0.8061572348713213,0,0,False,0.9731099089589657
colon,sample_preservation_method,ambient temperature,frozen at -80C,frozen at -80C minus ambient temperature,lymphoid,CD4 Memory,inferential,8,7,7,6,4,2,0.4408781957880621,0.338347140296072,-0.1025310554919901,0.0,1.8867924528301887,1.8867924528301887,0.9550893550893552,0,0,False,0.9731099089589657
colon,sample_preservation_method,ambient temperature,frozen at -80C,frozen at -80C minus ambient temperature,lymphoid,CD4 Naive,inferential,8,7,7,6,4,2,-0.1728969163087486,-0.44637592303829193,-0.27347900672954334,0.0,0.0,0.0,0.5358197358197359,0,0,False,0.9731099089589657
colon,sample_preservation_method,ambient temperature,frozen at -80C,frozen at -80C minus ambient temperature,lymphoid,CD4 Tfh,inferential,8,7,7,6,4,2,-0.4296623830206918,-0.10229968432351681,0.327362698697175,0.0,1.6666666666666667,1.6666666666666667,0.23185703185703188,0,0,False,0.8346853146853147
colon,sample_preservation_method,ambient temperature,frozen at -80C,frozen at -80C minus ambient temperature,lymphoid,CD4 Tfr,inferential,8,7,7,6,4,2,-0.6308421220749544,-0.6941760738080214,-0.063333951733067,0.0,0.0,0.0,0.9550893550893552,0,0,False,0.9731099089589657
colon,sample_preservation_method,ambient temperature,frozen at -80C,frozen at -80C minus ambient temperature,lymphoid,CD4 Th17,inferential,8,7,7,6,4,2,0.1416599596316172,0.8700367677536843,0.7283768081220672,0.0,4.25531914893617,4.25531914893617,0.1205905205905206,0,0,False,0.7862291554599248
colon,sample_preservation_method,ambient temperature,frozen at -80C,frozen at -80C minus ambient temperature,lymphoid,CD4 Tr1,inferential,8,7,7,6,4,2,-0.6308421220749544,-0.8511206864748943,-0.22027856439993987,0.0,0.0,0.0,0.5358197358197359,0,0,False,0.9731099089589657
colon,sample_preservation_method,ambient temperature,frozen at -80C,frozen at -80C minus ambient temperature,lymphoid,CD4 pTreg,inferential,8,7,7,6,4,2,-0.2502768173595265,-0.30731175936484856,-0.057034942005322053,0.0,0.0,0.0,0.778865578865579,0,0,False,0.9731099089589657
colon,sample_preservation_method,ambient temperature,frozen at -80C,frozen at -80C minus ambient temperature,lymphoid,CD4 tTreg,inferential,8,7,7,6,4,2,-0.2188625138244133,-0.6941760738080214,-0.4753135599836081,0.0,0.0,0.0,0.09386169386169387,0,0,False,0.7240759240759241
colon,sample_preservation_method,ambient temperature,frozen at -80C,frozen at -80C minus ambient temperature,lymphoid,CD8 Circulating Effector Memory,inferential,8,7,7,6,4,2,-0.15500931085366448,0.5919240700773981,0.7469333809310625,0.0,4.25531914893617,4.25531914893617,0.0721056721056721,0,0,False,0.6489510489510489
colon,sample_preservation_method,ambient temperature,frozen at -80C,frozen at -80C minus ambient temperature,lymphoid,CD8 Effector Memory,inferential,8,7,7,6,4,2,0.19414169032665024,-0.004416968479121193,-0.19855865880577142,0.0,2.127659574468085,2.127659574468085,0.6943278943278944,0,0,False,0.9731099089589657
colon,sample_preservation_method,ambient temperature,frozen at -80C,frozen at -80C minus ambient temperature,lymphoid,CD8 IEL,inferential,8,7,7,6,4,2,0.7650831770286203,0.8045416670752699,0.039458490046649586,5.084745762711863,1.8867924528301887,-3.1979533098816746,0.8665112665112666,0,0,False,0.9731099089589657
colon,sample_preservation_method,ambient temperature,frozen at -80C,frozen at -80C minus ambient temperature,lymphoid,CD8 Memory Exhausted,inferential,8,7,7,6,4,2,-0.6308421220749544,-0.3073117593648486,0.32353036271010577,0.0,0.0,0.0,0.6943278943278944,0,0,False,0.9731099089589657
colon,sample_preservation_method,ambient temperature,frozen at -80C,frozen at -80C minus ambient temperature,lymphoid,CD8 Naive,inferential,8,7,7,6,4,2,-0.4935155859914407,-0.6212009846985941,-0.1276853987071534,0.0,0.0,0.0,0.6943278943278944,0,0,False,0.9731099089589657
colon,sample_preservation_method,ambient temperature,frozen at -80C,frozen at -80C minus ambient temperature,lymphoid,CD8 TRM,inferential,8,7,7,6,4,2,-0.2502768173595265,0.6714289445628289,0.9217057619223554,0.0,3.7735849056603774,3.7735849056603774,0.054079254079254076,0,0,False,0.6489510489510489
colon,sample_preservation_method,ambient temperature,frozen at -80C,frozen at -80C minus ambient temperature,lymphoid,GC B Dark Zone (GC B DZ),inferential,8,7,7,6,4,2,0.34711361927941464,0.9166665666630346,0.56955294738362,0.847457627118644,5.0,4.152542372881356,0.280963480963481,0,0,False,0.842890442890443
colon,sample_preservation_method,ambient temperature,frozen at -80C,frozen at -80C minus ambient temperature,lymphoid,GC B Light Zone (GC B LZ),inferential,8,7,7,6,4,2,0.7130497968859981,0.21605419008224372,-0.49699560680375443,5.3129074315514995,2.7777777777777777,-2.535129653773722,0.33566433566433573,0,0,False,0.9539933750460068
colon,sample_preservation_method,ambient temperature,frozen at -80C,frozen at -80C minus ambient temperature,lymphoid,Gamma Delta T Cells,inferential,8,7,7,6,4,2,-0.33110521297515805,-0.2067121855439156,0.12439302743124245,0.0,0.0,0.0,1.0,0,0,False,1.0
colon,sample_preservation_method,ambient temperature,frozen at -80C,frozen at -80C minus ambient temperature,lymphoid,ILC3,inferential,8,7,7,6,4,2,-0.21886251382441324,-0.8511206864748943,-0.632258172650481,0.0,0.0,0.0,0.1892773892773893,0,0,False,0.7862291554599248
colon,sample_preservation_method,ambient temperature,frozen at -80C,frozen at -80C minus ambient temperature,lymphoid,MAIT Cells,inferential,8,7,7,6,4,2,-0.356189049907927,-0.17081012436092907,0.18537892554699792,0.0,0.0,0.0,0.778865578865579,0,0,False,0.9731099089589657
colon,sample_preservation_method,ambient temperature,frozen at -80C,frozen at -80C minus ambient temperature,lymphoid,Memory B,inferential,8,7,7,6,4,2,0.3628825299452772,0.8688574355395444,0.5059749055942673,1.1627906976744187,6.666666666666667,5.503875968992248,0.5358197358197359,0,0,False,0.9731099089589657
colon,sample_preservation_method,ambient temperature,frozen at -80C,frozen at -80C minus ambient temperature,lymphoid,NK Cells,inferential,8,7,7,6,4,2,-0.19377867689164435,-0.6941760738080214,-0.5003973969163771,0.0,0.0,0.0,0.1892773892773893,0,0,False,0.7862291554599248
colon,sample_preservation_method,ambient temperature,frozen at -80C,frozen at -80C minus ambient temperature,lymphoid,NKT Cells,inferential,8,7,7,6,4,2,0.5316233695639041,-0.5372314611411485,-1.0688548307050527,7.0949940875049275,0.0,-7.0949940875049275,0.0721056721056721,0,0,False,0.6489510489510489
colon,sample_preservation_method,ambient temperature,frozen at -80C,frozen at -80C minus ambient temperature,lymphoid,Naive B,inferential,8,7,7,6,4,2,0.10175615585827885,0.8307059705564773,0.7289498146981985,0.0,6.382978723404255,6.382978723404255,0.280963480963481,0,0,False,0.842890442890443
colon,sample_preservation_method,ambient temperature,frozen at -80C,frozen at -80C minus ambient temperature,lymphoid,Plasma Cells,inferential,8,7,7,6,4,2,0.46215912643713847,-0.17081012436092907,-0.6329692507980675,0.847457627118644,0.0,-0.847457627118644,0.23185703185703188,0,0,False,0.8346853146853147
colon,sample_preservation_method,ambient temperature,frozen at -80C,frozen at -80C minus ambient temperature,lymphoid,Plasma IGA,inferential,8,7,7,6,4,2,0.984150521537967,0.7214979408043735,-0.26265258073359354,20.05649717514124,4.25531914893617,-15.801178026205069,0.8665112665112666,0,0,False,0.9731099089589657
colon,sample_preservation_method,ambient temperature,frozen at -80C,frozen at -80C minus ambient temperature,lymphoid,Plasma IGG,inferential,8,7,7,6,4,2,-0.0815359777408996,-0.17081012436092907,-0.08927414662002947,0.0,0.0,0.0,0.8665112665112666,0,0,False,0.9731099089589657
colon,sample_preservation_method,ambient temperature,frozen at -80C,frozen at -80C minus ambient temperature,stroma,Adipocytes,descriptive,8,3,7,3,3,2,-0.11870200361682942,-0.1678435441020727,-0.049141540485243274,0.0,0.0,0.0,,0,0,False,
colon,sample_preservation_method,ambient temperature,frozen at -80C,frozen at -80C minus ambient temperature,stroma,Angiogenic Pericytes,descriptive,8,3,7,3,3,2,-0.11870200361682942,0.1983605521206305,0.3170625557374599,0.0,0.0,0.0,,0,0,False,
colon,sample_preservation_method,ambient temperature,frozen at -80C,frozen at -80C minus ambient temperature,stroma,Arteriolar Endothelial,descriptive,8,3,7,3,3,2,0.01862453246668433,0.1983605521206305,0.17973601965394617,0.0,0.0,0.0,,0,0,False,
colon,sample_preservation_method,ambient temperature,frozen at -80C,frozen at -80C minus ambient temperature,stroma,Capillary Endothelial,descriptive,8,3,7,3,3,2,-0.11870200361682942,-0.1678435441020727,-0.049141540485243274,0.0,0.0,0.0,,0,0,False,
colon,sample_preservation_method,ambient temperature,frozen at -80C,frozen at -80C minus ambient temperature,stroma,Contractile Pericytes,descriptive,8,3,7,3,3,2,0.1245367650150847,0.1983605521206305,0.0738237871055458,0.0,0.0,0.0,,0,0,False,
colon,sample_preservation_method,ambient temperature,frozen at -80C,frozen at -80C minus ambient temperature,stroma,Crypt Bottom Fibroblasts (S2A),descriptive,8,3,7,3,3,2,0.5679306768007393,-0.1678435441020727,-0.735774220902812,37.5,0.0,-37.5,,0,0,False,
colon,sample_preservation_method,ambient temperature,frozen at -80C,frozen at -80C minus ambient temperature,stroma,Crypt Top Fibroblasts (S2B),descriptive,8,3,7,3,3,2,-0.11870200361682942,-0.1678435441020727,-0.049141540485243274,0.0,0.0,0.0,,0,0,False,
colon,sample_preservation_method,ambient temperature,frozen at -80C,frozen at -80C minus ambient temperature,stroma,Fibroblastic Reticular Cells (FRC),descriptive,8,3,7,3,3,2,0.2198042715209468,-0.1678435441020727,-0.38764781562301953,0.0,0.0,0.0,,0,0,False,
colon,sample_preservation_method,ambient temperature,frozen at -80C,frozen at -80C minus ambient temperature,stroma,Follicular Dendritic Cells (fDC),descriptive,8,3,7,3,3,2,-0.11870200361682942,-0.1678435441020727,-0.049141540485243274,0.0,0.0,0.0,,0,0,False,
colon,sample_preservation_method,ambient temperature,frozen at -80C,frozen at -80C minus ambient temperature,stroma,Glia,descriptive,8,3,7,3,3,2,-0.11870200361682942,0.5645646483433338,0.6832666519601631,0.0,0.0,0.0,,0,0,False,
colon,sample_preservation_method,ambient temperature,frozen at -80C,frozen at -80C minus ambient temperature,stroma,Interstitial Cells of Cajal (ICC),descriptive,8,3,7,3,3,2,-0.11870200361682942,-0.1678435441020727,-0.049141540485243274,0.0,0.0,0.0,,0,0,False,
colon,sample_preservation_method,ambient temperature,frozen at -80C,frozen at -80C minus ambient temperature,stroma,Lamina propria Fibroblasts (S1),descriptive,8,3,7,3,3,2,0.23544966439019754,-0.1678435441020727,-0.40329320849227024,0.0,0.0,0.0,,0,0,False,
colon,sample_preservation_method,ambient temperature,frozen at -80C,frozen at -80C minus ambient temperature,stroma,Lymphatic Endothelial,descriptive,8,3,7,3,3,2,0.15595106855019797,-0.1678435441020727,-0.32379461265227066,0.0,0.0,0.0,,0,0,False,
colon,sample_preservation_method,ambient temperature,frozen at -80C,frozen at -80C minus ambient temperature,stroma,Marginal Reticular Cells (MRC),descriptive,8,3,7,3,3,2,0.018624532466684274,0.19836055212063064,0.17973601965394637,0.0,0.0,0.0,,0,0,False,
colon,sample_preservation_method,ambient temperature,frozen at -80C,frozen at -80C minus ambient temperature,stroma,Medullary Sinus Endothelial,descriptive,8,3,7,3,3,2,-0.11870200361682942,-0.1678435441020727,-0.049141540485243274,0.0,0.0,0.0,,0,0,False,
colon,sample_preservation_method,ambient temperature,frozen at -80C,frozen at -80C minus ambient temperature,stroma,Mesenchymal Lymphoid Tissue Organizer Cells (mLTo Cells),descriptive,8,3,7,3,3,2,-0.11870200361682942,-0.1678435441020727,-0.049141540485243274,0.0,0.0,0.0,,0,0,False,
colon,sample_preservation_method,ambient temperature,frozen at -80C,frozen at -80C minus ambient temperature,stroma,Muscularis Propria Fibroblasts,descriptive,8,3,7,3,3,2,0.01862453246668433,-0.1678435441020727,-0.18646807656875702,0.0,0.0,0.0,,0,0,False,
colon,sample_preservation_method,ambient temperature,frozen at -80C,frozen at -80C minus ambient temperature,stroma,Myofibroblasts,descriptive,8,3,7,3,3,2,0.08247773543743309,-0.1678435441020727,-0.2503212795395058,0.0,0.0,0.0,,0,0,False,
colon,sample_preservation_method,ambient temperature,frozen at -80C,frozen at -80C minus ambient temperature,stroma,Post Arteriole Capillary Endothelial (PAC),descriptive,8,3,7,3,3,2,-0.11870200361682942,0.5645646483433336,0.6832666519601631,0.0,12.5,12.5,,0,0,False,
colon,sample_preservation_method,ambient temperature,frozen at -80C,frozen at -80C minus ambient temperature,stroma,Pre Venule Capillary Endothelial (PVC),descriptive,8,3,7,3,3,2,-0.11870200361682942,-0.1678435441020727,-0.049141540485243274,0.0,0.0,0.0,,0,0,False,
colon,sample_preservation_method,ambient temperature,frozen at -80C,frozen at -80C minus ambient temperature,stroma,Secretory Pericytes,descriptive,8,3,7,3,3,2,-0.11870200361682942,0.1983605521206305,0.3170625557374599,0.0,0.0,0.0,,0,0,False,
colon,sample_preservation_method,ambient temperature,frozen at -80C,frozen at -80C minus ambient temperature,stroma,Smooth Muscle Cells (SMC),descriptive,8,3,7,3,3,2,-0.11870200361682942,-0.1678435441020727,-0.049141540485243274,0.0,0.0,0.0,,0,0,False,
colon,sample_preservation_method,ambient temperature,frozen at -80C,frozen at -80C minus ambient temperature,stroma,Submucosal Fibroblasts (S3),descriptive,8,3,7,3,3,2,0.018624532466684218,-0.1678435441020727,-0.1864680765687569,0.0,0.0,0.0,,0,0,False,
colon,sample_preservation_method,ambient temperature,frozen at -80C,frozen at -80C minus ambient temperature,stroma,Venular Endothelial,descriptive,8,3,7,3,3,2,0.08247773543743309,0.5645646483433336,0.48208691290590056,0.0,12.5,12.5,,0,0,False,
colon,sex_ontology_term,female,male,male minus female,epithelial,BEST4 Colonocytes,inferential,14,15,13,12,6,7,0.5303296756623729,0.6062570281715302,0.07592735250915728,0.0,3.0303030303030303,3.0303030303030303,0.13360389873349443,6,1,True,0.6513190063257853
colon,sex_ontology_term,female,male,male minus female,epithelial,BEST4 Enterocytes,inferential,14,15,13,12,6,7,0.14896257844320918,-0.17358425222241902,-0.32254683066562817,0.0,0.0,0.0,0.507682943125919,6,1,True,0.8706945228684357
colon,sex_ontology_term,female,male,male minus female,epithelial,Brunners Gland Cells,inferential,14,15,13,12,6,7,0.07049027210977278,-0.2468250714669597,-0.31731534357673247,0.0,0.0,0.0,0.788934647161242,6,1,True,0.9897929223838717
colon,sex_ontology_term,female,male,male minus female,epithelial,Colonocyte Progenitors,inferential,14,15,13,12,6,7,0.08737518482864637,0.4944737816556591,0.4070985968270127,0.0,0.0,0.0,0.01598540552286111,6,1,True,0.3012987012987013
colon,sex_ontology_term,female,male,male minus female,epithelial,Crypt Top Colonocytes,inferential,14,15,13,12,6,7,0.01605169696356585,0.22567984223690515,0.2096281452733393,0.0,0.0,0.0,0.17606644646537672,6,1,True,0.7632895162749996
colon,sex_ontology_term,female,male,male minus female,epithelial,EEC Enterochromaffin (EC),inferential,14,15,13,12,6,7,-0.12294188511181368,-0.17358425222241905,-0.050642367110605366,0.0,0.0,0.0,0.5033451242459184,6,1,True,0.8706945228684357
colon,sex_ontology_term,female,male,male minus female,epithelial,EEC L,inferential,14,15,13,12,6,7,-0.12294188511181368,-0.13952921063801968,-0.016587325526205995,0.0,0.0,0.0,0.5033451242459184,6,1,True,0.8706945228684357
colon,sex_ontology_term,female,male,male minus female,epithelial,EEC N,inferential,14,15,13,12,6,7,-0.12294188511181368,-0.2468250714669597,-0.12388318635514602,0.0,0.0,0.0,0.9644136166817212,6,1,True,0.9897929223838717
colon,sex_ontology_term,female,male,male minus female,epithelial,EEC Progenitors,inferential,14,15,13,12,6,7,-0.044469578778377254,-0.027102613733337725,0.01736696504503953,0.0,0.0,0.0,0.808674679078609,6,1,True,0.9897929223838717
colon,sex_ontology_term,female,male,male minus female,epithelial,EEC S,inferential,14,15,13,12,6,7,-0.12294188511181368,-0.2468250714669597,-0.12388318635514602,0.0,0.0,0.0,0.9644136166817212,6,1,True,0.9897929223838717
colon,sex_ontology_term,female,male,male minus female,epithelial,Enterocyte Progenitors,inferential,14,15,13,12,6,7,-0.12294188511181368,-0.10034343297787843,0.022598452133935257,0.0,0.0,0.0,0.19571526058333322,6,1,True,0.7632895162749996
colon,sex_ontology_term,female,male,male minus female,epithelial,Enteroendocrine Cells (EEC),inferential,14,15,13,12,6,7,-0.12294188511181368,-0.17358425222241905,-0.050642367110605366,0.0,0.0,0.0,0.5322204870246543,6,1,True,0.8832595316579369
colon,sex_ontology_term,female,male,male minus female,epithelial,Epithelial,inferential,14,15,13,12,6,7,-0.044469578778377254,-0.2468250714669597,-0.20235549268858244,0.0,0.0,0.0,0.8234743543890346,6,1,True,0.9897929223838717
colon,sex_ontology_term,female,male,male minus female,epithelial,Foveolar Cells,inferential,14,15,13,12,6,7,-0.12294188511181368,-0.2468250714669597,-0.12388318635514602,0.0,0.0,0.0,0.9644136166817212,6,1,True,0.9897929223838717
colon,sex_ontology_term,female,male,male minus female,epithelial,Goblet Cells,inferential,14,15,13,12,6,7,0.49384213110765923,0.29757040435447923,-0.19627172675318,0.0,0.0,0.0,0.7891464994744811,6,1,True,0.9897929223838717
colon,sex_ontology_term,female,male,male minus female,epithelial,Intestinal Stem Cells (ISC),inferential,14,15,13,12,6,7,-0.044469578778377254,0.1836262389045178,0.22809581768289505,0.0,0.0,0.0,0.1807428048473838,6,1,True,0.7632895162749996
colon,sex_ontology_term,female,male,male minus female,epithelial,Lower Crypt Colonocytes,inferential,14,15,13,12,6,7,0.1960515519349423,0.8434799024774886,0.6474283505425463,0.0,0.0,0.0,0.009661587726847382,6,1,True,0.2512012808980319
colon,sex_ontology_term,female,male,male minus female,epithelial,Lower Villus Enterocytes,inferential,14,15,13,12,6,7,-0.12294188511181368,-0.2468250714669597,-0.12388318635514602,0.0,0.0,0.0,0.9644136166817212,6,1,True,0.9897929223838717
colon,sex_ontology_term,female,male,male minus female,epithelial,Mature Goblet Cells,inferential,14,15,13,12,6,7,-0.12294188511181368,-0.2468250714669597,-0.12388318635514602,0.0,0.0,0.0,0.9644136166817212,6,1,True,0.9897929223838717
colon,sex_ontology_term,female,male,male minus female,epithelial,Microfold Cells (M Cells),inferential,14,15,13,12,6,7,-0.12294188511181368,-0.17358425222241905,-0.050642367110605366,0.0,0.0,0.0,0.7548049392264561,6,1,True,0.9897929223838717
colon,sex_ontology_term,female,male,male minus female,epithelial,Mid Crypt Colonocytes,inferential,14,15,13,12,6,7,-0.12294188511181368,0.530266678358053,0.6532085634698667,0.0,0.0,0.0,0.002796605686549232,6,1,True,0.2181352435508401
colon,sex_ontology_term,female,male,male minus female,epithelial,Mid Villus Enterocytes,inferential,14,15,13,12,6,7,0.09452400329700225,-0.2468250714669597,-0.3413490747639619,0.0,0.0,0.0,0.4753190512537505,6,1,True,0.8706945228684357
colon,sex_ontology_term,female,male,male minus female,epithelial,Paneth Cells,inferential,14,15,13,12,6,7,-0.12294188511181368,-0.2468250714669597,-0.12388318635514602,0.0,0.0,0.0,0.9644136166817212,6,1,True,0.9897929223838717
colon,sex_ontology_term,female,male,male minus female,epithelial,Secretory Progenitors,inferential,14,15,13,12,6,7,-0.12294188511181368,0.13000754055095032,0.252949425662764,0.0,0.0,0.0,0.06094972203606075,6,1,True,0.5954045954045954
colon,sex_ontology_term,female,male,male minus female,epithelial,Transiently Amplifying Cells (TA),inferential,14,15,13,12,6,7,0.07049027210977275,-0.027102613733337756,-0.09759288584311052,0.0,0.0,0.0,0.5033451242459184,6,1,True,0.8706945228684357
colon,sex_ontology_term,female,male,male minus female,epithelial,Tuft Cells,inferential,14,15,13,12,6,7,-0.12294188511181368,0.13835175008121733,0.261293635193031,0.0,0.0,0.0,0.19571526058333322,6,1,True,0.7632895162749996
colon,sex_ontology_term,female,male,male minus female,epithelial,Tuft Progenitors,inferential,14,15,13,12,6,7,0.034002727555059176,-0.10034343297787839,-0.13434616053293758,0.0,0.0,0.0,1.0,6,1,True,1.0
colon,sex_ontology_term,female,male,male minus female,epithelial,Villus Tip Enterocytes,inferential,14,15,13,12,6,7,0.11247503388849554,-0.13952921063801968,-0.2520042445265152,0.0,0.0,0.0,0.858359487582292,6,1,True,0.9897929223838717
colon,sex_ontology_term,female,male,male minus female,lymphoid,CD4 Memory,inferential,5,10,4,9,2,5,0.37458936454350134,0.40225087256594955,0.02766150802244821,1.8867924528301887,0.0,-1.8867924528301887,1.0,6,1,True,1.0
colon,sex_ontology_term,female,male,male minus female,lymphoid,CD4 Naive,inferential,5,10,4,9,2,5,-0.8512206774686074,-0.025170340439499485,0.8260503370291079,0.0,0.0,0.0,0.09923409923409923,6,1,True,0.5954045954045954
colon,sex_ontology_term,female,male,male minus female,lymphoid,CD4 Tfh,inferential,5,10,4,9,2,5,-0.022593732190301096,-0.4040428193478647,-0.3814490871575636,1.6666666666666667,0.0,-1.6666666666666667,0.3096903096903097,6,1,True,0.8706945228684357
colon,sex_ontology_term,female,male,male minus female,lymphoid,CD4 Tfr,inferential,5,10,4,9,2,5,-0.6314982197349857,-0.6748478394580856,-0.04334961972309992,0.0,0.0,0.0,0.7678987678987679,6,1,True,0.9897929223838717
colon,sex_ontology_term,female,male,male minus female,lymphoid,CD4 Th17,inferential,5,10,4,9,2,5,1.1189548429841585,0.16287628364079354,-0.9560785593433649,4.25531914893617,0.0,-4.25531914893617,0.09923409923409923,6,1,True,0.5954045954045954
colon,sex_ontology_term,female,male,male minus female,lymphoid,CD4 Tr1,inferential,5,10,4,9,2,5,-0.8512206774686074,-0.6748478394580856,0.17637283801052184,0.0,0.0,0.0,0.7678987678987679,6,1,True,0.9897929223838717
colon,sex_ontology_term,female,male,male minus female,lymphoid,CD4 pTreg,inferential,5,10,4,9,2,5,-0.0898881795145436,-0.3703955956857434,-0.2805074161711998,0.0,0.0,0.0,0.6786546786546787,6,1,True,0.9897929223838717
colon,sex_ontology_term,female,male,male minus female,lymphoid,CD4 tTreg,inferential,5,10,4,9,2,5,-0.8512206774686074,-0.23540292399084187,0.6158177534777656,0.0,0.0,0.0,0.019314019314019312,6,1,True,0.3012987012987013
colon,sex_ontology_term,female,male,male minus female,lymphoid,CD8 Circulating Effector Memory,inferential,5,10,4,9,2,5,0.8471543992177818,-0.13323779923764376,-0.9803921984554256,4.25531914893617,0.0,-4.25531914893617,0.007992007992007992,6,1,True,0.2512012808980319
colon,sex_ontology_term,female,male,male minus female,lymphoid,CD8 Effector Memory,inferential,5,10,4,9,2,5,0.012276945238654502,0.1460830017066081,0.1338060564679536,2.127659574468085,0.0,-2.127659574468085,0.8591408591408591,6,1,True,0.9897929223838717
colon,sex_ontology_term,female,male,male minus female,lymphoid,CD8 IEL,inferential,5,10,4,9,2,5,0.49474413662928746,0.9278736402609413,0.43312950363165387,1.8867924528301887,5.084745762711863,3.1979533098816746,0.9530469530469531,6,1,True,0.9897929223838717
colon,sex_ontology_term,female,male,male minus female,lymphoid,CD8 Memory Exhausted,inferential,5,10,4,9,2,5,-0.08988817951454368,-0.6748478394580856,-0.5849596599435419,0.0,0.0,0.0,0.3096903096903097,6,1,True,0.8706945228684357
colon,sex_ontology_term,female,male,male minus female,lymphoid,CD8 Naive,inferential,5,10,4,9,2,5,-0.8512206774686074,-0.4040428193478647,0.44717785812074273,0.0,0.0,0.0,0.12920412920412921,6,1,True,0.6513190063257853
colon,sex_ontology_term,female,male,male minus female,lymphoid,CD8 TRM,inferential,5,10,4,9,2,5,0.5190163080301409,0.010270653291288623,-0.5087456547388522,3.7735849056603774,0.0,-3.7735849056603774,0.2544122544122544,6,1,True,0.8706945228684357
colon,sex_ontology_term,female,male,male minus female,lymphoid,GC B Dark Zone (GC B DZ),inferential,5,10,4,9,2,5,1.0147769893798082,0.41196899739775183,-0.6028079919820564,11.320754716981133,2.236346516007533,-9.0844082009736,0.3096903096903097,6,1,True,0.8706945228684357
colon,sex_ontology_term,female,male,male minus female,lymphoid,GC B Light Zone (GC B LZ),inferential,5,10,4,9,2,5,0.4231016919777636,0.5101269245774873,0.08702523259972372,4.25531914893617,3.3119658119658117,-0.9433533369703584,0.8591408591408591,6,1,True,0.9897929223838717
colon,sex_ontology_term,female,male,male minus female,lymphoid,Gamma Delta T Cells,inferential,5,10,4,9,2,5,-0.8512206774686074,0.0160276384734364,0.8672483159420438,0.0,0.0,0.0,0.12920412920412921,6,1,True,0.6513190063257853
colon,sex_ontology_term,female,male,male minus female,lymphoid,ILC3,inferential,5,10,4,9,2,5,-0.8512206774686074,-0.3452641528576528,0.5059565246109546,0.0,0.0,0.0,0.37096237096237095,6,1,True,0.8706945228684357
colon,sex_ontology_term,female,male,male minus female,lymphoid,MAIT Cells,inferential,5,10,4,9,2,5,-0.11850834824267827,-0.34526415285765283,-0.22675580461497458,0.0,0.0,0.0,0.9530469530469531,6,1,True,0.9897929223838717
colon,sex_ontology_term,female,male,male minus female,lymphoid,Memory B,inferential,5,10,4,9,2,5,1.1173037778843629,0.3398543398917215,-0.7774494379926413,8.51063829787234,1.1627906976744187,-7.347847600197921,0.3096903096903097,6,1,True,0.8706945228684357
colon,sex_ontology_term,female,male,male minus female,lymphoid,NK Cells,inferential,5,10,4,9,2,5,-0.8512206774686074,-0.21533585444462672,0.6358848230239806,0.0,0.0,0.0,0.02797202797202797,6,1,True,0.3636363636363636
colon,sex_ontology_term,female,male,male minus female,lymphoid,NKT Cells,inferential,5,10,4,9,2,5,-0.4117757620013636,0.25512455385300103,0.6669003158543647,0.0,2.0102483247930625,2.0102483247930625,0.37096237096237095,6,1,True,0.8706945228684357
colon,sex_ontology_term,female,male,male minus female,lymphoid,Naive B,inferential,5,10,4,9,2,5,0.6947263888084025,0.31553590967195594,-0.3791904791364466,6.382978723404255,0.847457627118644,-5.535521096285612,0.7678987678987679,6,1,True,0.9897929223838717
colon,sex_ontology_term,female,male,male minus female,lymphoid,Plasma Cells,inferential,5,10,4,9,2,5,-0.11850834824267827,0.30941438821839956,0.4279227364610778,0.0,0.8333333333333334,0.8333333333333334,0.3096903096903097,6,1,True,0.8706945228684357
colon,sex_ontology_term,female,male,male minus female,lymphoid,Plasma IGA,inferential,5,10,4,9,2,5,0.7233465575365372,0.9306956970251663,0.2073491394886291,4.25531914893617,12.556497175141242,8.301178026205072,0.8591408591408591,6,1,True,0.9897929223838717
colon,sex_ontology_term,female,male,male minus female,lymphoid,Plasma IGG,inferential,5,10,4,9,2,5,0.10121410949094364,-0.23540292399084187,-0.3366170334817855,1.6666666666666667,0.0,-1.6666666666666667,0.5134865134865134,6,1,True,0.8706945228684357
colon,sex_ontology_term,female,male,male minus female,myeloid,Classical Monocytes,descriptive,3,5,3,5,2,5,0.1405332461308523,-0.0686632680417576,-0.2091965141726099,0.0,0.0,0.0,,6,1,True,
colon,sex_ontology_term,female,male,male minus female,myeloid,Cycling Macrophages,descriptive,3,5,3,5,2,5,-0.22567085009185103,0.1510591896918644,0.37673003978371544,0.0,0.0,0.0,,6,1,True,
colon,sex_ontology_term,female,male,male minus female,myeloid,Eosinophils,descriptive,3,5,3,5,2,5,0.8472877581975492,-0.0686632680417576,-0.9159510262393068,66.66666666666666,0.0,-66.66666666666666,,6,1,True,
colon,sex_ontology_term,female,male,male minus female,myeloid,Follicle Associated Resident Macrophages,descriptive,3,5,3,5,2,5,0.14053324613085208,-0.0686632680417576,-0.20919651417260968,0.0,0.0,0.0,,6,1,True,
colon,sex_ontology_term,female,male,male minus female,myeloid,Homeostatic Macrophages,descriptive,3,5,3,5,2,5,-0.22567085009185103,-0.0686632680417576,0.15700758205009344,0.0,0.0,0.0,,6,1,True,
colon,sex_ontology_term,female,male,male minus female,myeloid,M0 Macrophages,descriptive,3,5,3,5,2,5,0.1405332461308523,-0.0686632680417576,-0.2091965141726099,0.0,0.0,0.0,,6,1,True,
colon,sex_ontology_term,female,male,male minus female,myeloid,Mast Cells,descriptive,3,5,3,5,2,5,0.3108084540528491,-0.0686632680417576,-0.3794717220946067,0.0,0.0,0.0,,6,1,True,
colon,sex_ontology_term,female,male,male minus female,myeloid,Monocyte Derived Dendritic Cells (MO DC),descriptive,3,5,3,5,2,5,-0.22567085009185103,-0.0686632680417576,0.15700758205009344,0.0,0.0,0.0,,6,1,True,
colon,sex_ontology_term,female,male,male minus female,myeloid,Neutrophils,descriptive,3,5,3,5,2,5,-0.22567085009185103,-0.0686632680417576,0.15700758205009344,0.0,0.0,0.0,,6,1,True,
colon,sex_ontology_term,female,male,male minus female,myeloid,Nonclassical Monocytes,descriptive,3,5,3,5,2,5,-0.22567085009185103,-0.0686632680417576,0.15700758205009344,0.0,0.0,0.0,,6,1,True,
colon,sex_ontology_term,female,male,male minus female,myeloid,Perivascular Resident Macrophages,descriptive,3,5,3,5,2,5,-0.22567085009185103,0.1510591896918644,0.37673003978371544,0.0,0.0,0.0,,6,1,True,
colon,sex_ontology_term,female,male,male minus female,myeloid,Tolerogenic cDC2,descriptive,3,5,3,5,2,5,-0.22567085009185103,-0.0686632680417576,0.15700758205009344,0.0,0.0,0.0,,6,1,True,
colon,sex_ontology_term,female,male,male minus female,myeloid,cDC1,descriptive,3,5,3,5,2,5,-0.22567085009185103,0.3707816474254864,0.5964524975173374,0.0,0.0,0.0,,6,1,True,
colon,sex_ontology_term,female,male,male minus female,myeloid,cDC2,descriptive,3,5,3,5,2,5,0.3108084540528491,0.1510591896918644,-0.15974926436098472,0.0,0.0,0.0,,6,1,True,
colon,sex_ontology_term,female,male,male minus female,myeloid,migDC,descriptive,3,5,3,5,2,5,0.1405332461308523,-0.0686632680417576,-0.2091965141726099,0.0,0.0,0.0,,6,1,True,
colon,sex_ontology_term,female,male,male minus female,myeloid,pDC,descriptive,3,5,3,5,2,5,-0.22567085009185103,-0.0686632680417576,0.15700758205009344,0.0,0.0,0.0,,6,1,True,
colon,sex_ontology_term,female,male,male minus female,stroma,Adipocytes,inferential,5,6,5,5,4,3,-0.14158341628156404,-0.12420492997217221,0.01737848630939183,0.0,0.0,0.0,0.48590310989797547,6,1,True,0.8706945228684357
colon,sex_ontology_term,female,male,male minus female,stroma,Angiogenic Pericytes,inferential,5,6,5,5,4,3,0.07813904145205788,-0.12420492997217221,-0.2023439714242301,0.0,0.0,0.0,0.9207027575200437,6,1,True,0.9897929223838717
colon,sex_ontology_term,female,male,male minus female,stroma,Arteriolar Endothelial,inferential,5,6,5,5,4,3,0.07813904145205788,0.05889711813917945,-0.019241923312878433,0.0,0.0,0.0,0.923724918398048,6,1,True,0.9897929223838717
colon,sex_ontology_term,female,male,male minus female,stroma,Capillary Endothelial,inferential,5,6,5,5,4,3,-0.14158341628156404,-0.12420492997217221,0.01737848630939183,0.0,0.0,0.0,0.48590310989797547,6,1,True,0.8706945228684357
colon,sex_ontology_term,female,male,male minus female,stroma,Contractile Pericytes,inferential,5,6,5,5,4,3,0.07813904145205788,0.20011342820371328,0.1219743867516554,0.0,0.0,0.0,0.48590310989797547,6,1,True,0.8706945228684357
colon,sex_ontology_term,female,male,male minus female,stroma,Crypt Bottom Fibroblasts (S2A),inferential,5,6,5,5,4,3,0.2978614991856799,0.4251012143618827,0.1272397151762028,0.0,25.0,25.0,0.6419545825155555,6,1,True,0.9897929223838717
colon,sex_ontology_term,female,male,male minus female,stroma,Crypt Top Fibroblasts (S2B),inferential,5,6,5,5,4,3,-0.14158341628156404,-0.12420492997217221,0.01737848630939183,0.0,0.0,0.0,0.48590310989797547,6,1,True,0.8706945228684357
colon,sex_ontology_term,female,male,male minus female,stroma,Fibroblastic Reticular Cells (FRC),inferential,5,6,5,5,4,3,0.18030416620525602,0.05889711813917938,-0.12140704806607663,0.0,0.0,0.0,0.9207027575200437,6,1,True,0.9897929223838717
colon,sex_ontology_term,female,male,male minus female,stroma,Follicular Dendritic Cells (fDC),inferential,5,6,5,5,4,3,-0.14158341628156404,-0.12420492997217221,0.01737848630939183,0.0,0.0,0.0,0.48590310989797547,6,1,True,0.8706945228684357
colon,sex_ontology_term,female,male,male minus female,stroma,Glia,inferential,5,6,5,5,4,3,0.29786149918567983,-0.12420492997217221,-0.42206642915785203,0.0,0.0,0.0,0.9207027575200437,6,1,True,0.9897929223838717
colon,sex_ontology_term,female,male,male minus female,stroma,Interstitial Cells of Cajal (ICC),inferential,5,6,5,5,4,3,-0.14158341628156404,-0.12420492997217221,0.01737848630939183,0.0,0.0,0.0,0.48590310989797547,6,1,True,0.8706945228684357
colon,sex_ontology_term,female,male,male minus female,stroma,Lamina propria Fibroblasts (S1),inferential,5,6,5,5,4,3,-0.14158341628156404,0.3479972940371971,0.48958071031876116,0.0,0.0,0.0,0.09058402038572265,6,1,True,0.5954045954045954
colon,sex_ontology_term,female,male,male minus female,stroma,Lymphatic Endothelial,inferential,5,6,5,5,4,3,-0.14158341628156404,0.24199916625053097,0.383582582532095,0.0,0.0,0.0,0.09058402038572265,6,1,True,0.5954045954045954
colon,sex_ontology_term,female,male,male minus female,stroma,Marginal Reticular Cells (MRC),inferential,5,6,5,5,4,3,0.2978614991856799,-0.12420492997217221,-0.4220664291578521,0.0,0.0,0.0,0.6321424221485425,6,1,True,0.9897929223838717
colon,sex_ontology_term,female,male,male minus female,stroma,Medullary Sinus Endothelial,inferential,5,6,5,5,4,3,-0.14158341628156404,-0.12420492997217221,0.01737848630939183,0.0,0.0,0.0,0.48590310989797547,6,1,True,0.8706945228684357
colon,sex_ontology_term,female,male,male minus female,stroma,Mesenchymal Lymphoid Tissue Organizer Cells (mLTo Cells),inferential,5,6,5,5,4,3,-0.14158341628156404,-0.12420492997217221,0.01737848630939183,0.0,0.0,0.0,0.48590310989797547,6,1,True,0.8706945228684357
colon,sex_ontology_term,female,male,male minus female,stroma,Muscularis Propria Fibroblasts,inferential,5,6,5,5,4,3,-0.14158341628156404,0.05889711813917945,0.20048053442074348,0.0,0.0,0.0,0.38886121403562657,6,1,True,0.8706945228684357
colon,sex_ontology_term,female,male,male minus female,stroma,Myofibroblasts,inferential,5,6,5,5,4,3,-0.14158341628156404,0.1440347221001778,0.2856181383817418,0.0,0.0,0.0,0.09058402038572265,6,1,True,0.5954045954045954
colon,sex_ontology_term,female,male,male minus female,stroma,Post Arteriole Capillary Endothelial (PAC),inferential,5,6,5,5,4,3,0.2978614991856798,-0.12420492997217221,-0.422066429157852,0.0,0.0,0.0,0.2735018137193268,6,1,True,0.8706945228684357
colon,sex_ontology_term,female,male,male minus female,stroma,Pre Venule Capillary Endothelial (PVC),inferential,5,6,5,5,4,3,-0.14158341628156404,-0.12420492997217221,0.01737848630939183,0.0,0.0,0.0,0.48590310989797547,6,1,True,0.8706945228684357
colon,sex_ontology_term,female,male,male minus female,stroma,Secretory Pericytes,inferential,5,6,5,5,4,3,0.07813904145205788,-0.12420492997217221,-0.2023439714242301,0.0,0.0,0.0,0.9207027575200437,6,1,True,0.9897929223838717
colon,sex_ontology_term,female,male,male minus female,stroma,Smooth Muscle Cells (SMC),inferential,5,6,5,5,4,3,-0.14158341628156404,-0.12420492997217221,0.01737848630939183,0.0,0.0,0.0,0.48590310989797547,6,1,True,0.8706945228684357
colon,sex_ontology_term,female,male,male minus female,stroma,Submucosal Fibroblasts (S3),inferential,5,6,5,5,4,3,-0.14158341628156404,0.058897118139179305,0.20048053442074334,0.0,0.0,0.0,0.09058402038572265,6,1,True,0.5954045954045954
colon,sex_ontology_term,female,male,male minus female,stroma,Venular Endothelial,inferential,5,6,5,5,4,3,0.2978614991856798,0.1440347221001778,-0.153826777085502,0.0,0.0,0.0,0.9207027575200437,6,1,True,0.9897929223838717
colon,age_range,50-59,60-69,60-69 minus 50-59,epithelial,BEST4 Colonocytes,inferential,6,6,5,6,2,4,0.07738569827183477,0.8086386921902212,0.7312529939183865,0.0,3.3333333333333335,3.3333333333333335,0.050460608611093555,7,0,False,0.3532242602776549
colon,age_range,50-59,60-69,60-69 minus 50-59,epithelial,BEST4 Enterocytes,inferential,6,6,5,6,2,4,0.34562535034418485,0.08905733993416949,-0.25656801041001537,0.0,0.0,0.0,0.9349253116421172,7,0,False,0.9349253116421172
colon,age_range,50-59,60-69,60-69 minus 50-59,epithelial,Brunners Gland Cells,inferential,6,6,5,6,2,4,-0.10571634983951683,-0.09404470817718218,0.011671641662334656,0.0,0.0,0.0,0.31822533101902484,7,0,False,0.42430044135869976
colon,age_range,50-59,60-69,60-69 minus 50-59,epithelial,Colonocyte Progenitors,inferential,6,6,5,6,2,4,-0.10571634983951683,0.23027364999870334,0.3359899998382202,0.0,0.0,0.0,0.04590967150605601,7,0,False,0.3532242602776549
colon,age_range,50-59,60-69,60-69 minus 50-59,epithelial,Crypt Top Colonocytes,inferential,6,6,5,6,2,4,-0.10571634983951683,0.08905733993416942,0.19477368977368625,0.0,0.0,0.0,0.04590967150605601,7,0,False,0.3532242602776549
colon,age_range,50-59,60-69,60-69 minus 50-59,epithelial,EEC Enterochromaffin (EC),inferential,6,6,5,6,2,4,-0.10571634983951683,-0.09404470817718218,0.011671641662334656,0.0,0.0,0.0,0.31822533101902484,7,0,False,0.42430044135869976
colon,age_range,50-59,60-69,60-69 minus 50-59,epithelial,EEC L,inferential,6,6,5,6,2,4,-0.10571634983951683,-0.09404470817718218,0.011671641662334656,0.0,0.0,0.0,0.31822533101902484,7,0,False,0.42430044135869976
colon,age_range,50-59,60-69,60-69 minus 50-59,epithelial,EEC N,inferential,6,6,5,6,2,4,-0.10571634983951683,-0.09404470817718218,0.011671641662334656,0.0,0.0,0.0,0.31822533101902484,7,0,False,0.42430044135869976
colon,age_range,50-59,60-69,60-69 minus 50-59,epithelial,EEC Progenitors,inferential,6,6,5,6,2,4,-0.10571634983951683,0.08905733993416949,0.1947736897736863,0.0,0.0,0.0,0.28848746332348907,7,0,False,0.42430044135869976
colon,age_range,50-59,60-69,60-69 minus 50-59,epithelial,EEC S,inferential,6,6,5,6,2,4,-0.10571634983951683,-0.09404470817718218,0.011671641662334656,0.0,0.0,0.0,0.31822533101902484,7,0,False,0.42430044135869976
colon,age_range,50-59,60-69,60-69 minus 50-59,epithelial,Enterocyte Progenitors,inferential,6,6,5,6,2,4,-0.10571634983951683,-0.09404470817718218,0.011671641662334656,0.0,0.0,0.0,0.31822533101902484,7,0,False,0.42430044135869976
colon,age_range,50-59,60-69,60-69 minus 50-59,epithelial,Enteroendocrine Cells (EEC),inferential,6,6,5,6,2,4,-0.10571634983951683,-0.09404470817718218,0.011671641662334656,0.0,0.0,0.0,0.31822533101902484,7,0,False,0.42430044135869976
colon,age_range,50-59,60-69,60-69 minus 50-59,epithelial,Epithelial,inferential,6,6,5,6,2,4,0.07738569827183484,-0.09404470817718218,-0.17143040644901703,0.0,0.0,0.0,0.73935787474536,7,0,False,0.8280808197148031
colon,age_range,50-59,60-69,60-69 minus 50-59,epithelial,Foveolar Cells,inferential,6,6,5,6,2,4,-0.10571634983951683,-0.09404470817718218,0.011671641662334656,0.0,0.0,0.0,0.31822533101902484,7,0,False,0.42430044135869976
colon,age_range,50-59,60-69,60-69 minus 50-59,epithelial,Goblet Cells,inferential,6,6,5,6,2,4,0.43076295430518324,-0.09404470817718218,-0.5248076624823654,0.0,0.0,0.0,0.8033156253747962,7,0,False,0.8651091350190112
colon,age_range,50-59,60-69,60-69 minus 50-59,epithelial,Intestinal Stem Cells (ISC),inferential,6,6,5,6,2,4,-0.10571634983951683,-0.09404470817718218,0.011671641662334656,0.0,0.0,0.0,0.31822533101902484,7,0,False,0.42430044135869976
colon,age_range,50-59,60-69,60-69 minus 50-59,epithelial,Lower Crypt Colonocytes,inferential,6,6,5,6,2,4,0.07738569827183477,0.08905733993416942,0.011671641662334656,0.0,0.0,0.0,0.31822533101902484,7,0,False,0.42430044135869976
colon,age_range,50-59,60-69,60-69 minus 50-59,epithelial,Lower Villus Enterocytes,inferential,6,6,5,6,2,4,-0.10571634983951683,-0.09404470817718218,0.011671641662334656,0.0,0.0,0.0,0.31822533101902484,7,0,False,0.42430044135869976
colon,age_range,50-59,60-69,60-69 minus 50-59,epithelial,Mature Goblet Cells,inferential,6,6,5,6,2,4,-0.10571634983951683,-0.09404470817718218,0.011671641662334656,0.0,0.0,0.0,0.31822533101902484,7,0,False,0.42430044135869976
colon,age_range,50-59,60-69,60-69 minus 50-59,epithelial,Microfold Cells (M Cells),inferential,6,6,5,6,2,4,-0.10571634983951683,-0.09404470817718218,0.011671641662334656,0.0,0.0,0.0,0.31822533101902484,7,0,False,0.42430044135869976
colon,age_range,50-59,60-69,60-69 minus 50-59,epithelial,Mid Crypt Colonocytes,inferential,6,6,5,6,2,4,-0.10571634983951683,0.3966951216838912,0.502411471523408,0.0,0.0,0.0,0.04590967150605601,7,0,False,0.3532242602776549
colon,age_range,50-59,60-69,60-69 minus 50-59,epithelial,Mid Villus Enterocytes,inferential,6,6,5,6,2,4,0.40170405644772034,-0.09404470817718218,-0.4957487646249025,0.0,0.0,0.0,0.6177401364029917,7,0,False,0.7206968258034904
colon,age_range,50-59,60-69,60-69 minus 50-59,epithelial,Paneth Cells,inferential,6,6,5,6,2,4,-0.10571634983951683,-0.09404470817718218,0.011671641662334656,0.0,0.0,0.0,0.31822533101902484,7,0,False,0.42430044135869976
colon,age_range,50-59,60-69,60-69 minus 50-59,epithelial,Secretory Progenitors,inferential,6,6,5,6,2,4,-0.10571634983951683,-0.09404470817718218,0.011671641662334656,0.0,0.0,0.0,0.31822533101902484,7,0,False,0.42430044135869976
colon,age_range,50-59,60-69,60-69 minus 50-59,epithelial,Transiently Amplifying Cells (TA),inferential,6,6,5,6,2,4,0.07738569827183477,-0.09404470817718218,-0.17143040644901694,0.0,0.0,0.0,0.8678800215147104,7,0,False,0.9000237260152553
colon,age_range,50-59,60-69,60-69 minus 50-59,epithelial,Tuft Cells,inferential,6,6,5,6,2,4,-0.10571634983951683,-0.09404470817718218,0.011671641662334656,0.0,0.0,0.0,0.31822533101902484,7,0,False,0.42430044135869976
colon,age_range,50-59,60-69,60-69 minus 50-59,epithelial,Tuft Progenitors,inferential,6,6,5,6,2,4,0.07738569827183484,0.08905733993416949,0.011671641662334656,0.0,0.0,0.0,0.4664567479216082,7,0,False,0.5936722246275014
colon,age_range,50-59,60-69,60-69 minus 50-59,epithelial,Villus Tip Enterocytes,inferential,6,6,5,6,2,4,0.443589794494538,-0.09404470817718218,-0.5376345026717202,0.0,0.0,0.0,0.6177401364029917,7,0,False,0.7206968258034904
colon,age_range,0-9,20-29,20-29 minus 0-9,lymphoid,CD4 Memory,descriptive,2,3,2,2,1,2,0.24774157967749866,-0.3831651289284356,-0.6309067086059343,3.3333333333333335,0.0,-3.3333333333333335,,7,0,False,
colon,age_range,0-9,50-59,50-59 minus 0-9,lymphoid,CD4 Memory,descriptive,2,6,2,5,1,4,0.24774157967749866,1.2626758173369457,1.014934237659447,3.3333333333333335,8.49260728452939,5.159273951196056,,7,0,False,
colon,age_range,20-29,50-59,50-59 minus 20-29,lymphoid,CD4 Memory,descriptive,3,6,2,5,2,4,-0.3831651289284356,1.2626758173369457,1.6458409462653814,0.0,8.49260728452939,8.49260728452939,,7,0,False,
colon,age_range,0-9,20-29,20-29 minus 0-9,lymphoid,CD4 Naive,descriptive,2,3,2,2,1,2,0.565735963037497,-0.3831651289284356,-0.9489010919659326,6.666666666666667,0.0,-6.666666666666667,,7,0,False,
colon,age_range,0-9,50-59,50-59 minus 0-9,lymphoid,CD4 Naive,descriptive,2,6,2,5,1,4,0.565735963037497,-0.5771993671355592,-1.142935330173056,6.666666666666667,0.0,-6.666666666666667,,7,0,False,
colon,age_range,20-29,50-59,50-59 minus 20-29,lymphoid,CD4 Naive,descriptive,3,6,2,5,2,4,-0.3831651289284356,-0.5771993671355592,-0.19403423820712357,0.0,0.0,0.0,,7,0,False,
colon,age_range,0-9,20-29,20-29 minus 0-9,lymphoid,CD4 Tfh,descriptive,2,3,2,2,1,2,-0.3015645646565561,-0.3831651289284356,-0.0816005642718795,0.8333333333333334,0.0,-0.8333333333333334,,7,0,False,
colon,age_range,0-9,50-59,50-59 minus 0-9,lymphoid,CD4 Tfh,descriptive,2,6,2,5,1,4,-0.3015645646565561,-0.3940973190242076,-0.09253275436765146,0.8333333333333334,0.0,-0.8333333333333334,,7,0,False,
colon,age_range,20-29,50-59,50-59 minus 20-29,lymphoid,CD4 Tfh,descriptive,3,6,2,5,2,4,-0.3831651289284356,-0.3940973190242076,-0.010932190095771954,0.0,0.0,0.0,,7,0,False,
colon,age_range,0-9,20-29,20-29 minus 0-9,lymphoid,CD4 Tfr,descriptive,2,3,2,2,1,2,-0.8508707089906109,-0.3831651289284356,0.4677055800621753,0.0,0.0,0.0,,7,0,False,
colon,age_range,0-9,50-59,50-59 minus 0-9,lymphoid,CD4 Tfr,descriptive,2,6,2,5,1,4,-0.8508707089906109,-0.5771993671355592,0.2736713418550517,0.0,0.0,0.0,,7,0,False,
colon,age_range,20-29,50-59,50-59 minus 20-29,lymphoid,CD4 Tfr,descriptive,3,6,2,5,2,4,-0.3831651289284356,-0.5771993671355592,-0.19403423820712357,0.0,0.0,0.0,,7,0,False,
colon,age_range,0-9,20-29,20-29 minus 0-9,lymphoid,CD4 Th17,descriptive,2,3,2,2,1,2,0.24774157967749866,-0.016961032705732276,-0.26470261238323095,3.3333333333333335,0.0,-3.3333333333333335,,7,0,False,
colon,age_range,0-9,50-59,50-59 minus 0-9,lymphoid,CD4 Th17,descriptive,2,6,2,5,1,4,0.24774157967749866,1.4601725938887882,1.2124310142112895,3.3333333333333335,7.861521817526145,4.528188484192812,,7,0,False,
colon,age_range,20-29,50-59,50-59 minus 20-29,lymphoid,CD4 Th17,descriptive,3,6,2,5,2,4,-0.016961032705732276,1.4601725938887882,1.4771336265945205,0.0,7.861521817526145,7.861521817526145,,7,0,False,
colon,age_range,0-9,20-29,20-29 minus 0-9,lymphoid,CD4 Tr1,descriptive,2,3,2,2,1,2,-0.8508707089906109,-0.3831651289284356,0.4677055800621753,0.0,0.0,0.0,,7,0,False,
colon,age_range,0-9,50-59,50-59 minus 0-9,lymphoid,CD4 Tr1,descriptive,2,6,2,5,1,4,-0.8508707089906109,-0.7603014152469108,0.09056929374370015,0.0,0.0,0.0,,7,0,False,
colon,age_range,20-29,50-59,50-59 minus 20-29,lymphoid,CD4 Tr1,descriptive,3,6,2,5,2,4,-0.3831651289284356,-0.7603014152469108,-0.3771362863184751,0.0,0.0,0.0,,7,0,False,
colon,age_range,0-9,20-29,20-29 minus 0-9,lymphoid,CD4 pTreg,descriptive,2,3,2,2,1,2,-0.8508707089906109,-0.3831651289284356,0.4677055800621753,0.0,0.0,0.0,,7,0,False,
colon,age_range,0-9,50-59,50-59 minus 0-9,lymphoid,CD4 pTreg,descriptive,2,6,2,5,1,4,-0.8508707089906109,-0.2528810089596736,0.5979897000309373,0.0,0.0,0.0,,7,0,False,
colon,age_range,20-29,50-59,50-59 minus 20-29,lymphoid,CD4 pTreg,descriptive,3,6,2,5,2,4,-0.3831651289284356,-0.2528810089596736,0.13028411996876205,0.0,0.0,0.0,,7,0,False,
colon,age_range,0-9,20-29,20-29 minus 0-9,lymphoid,CD4 tTreg,descriptive,2,3,2,2,1,2,-0.3015645646565561,-0.3831651289284356,-0.0816005642718795,0.8333333333333334,0.0,-0.8333333333333334,,7,0,False,
colon,age_range,0-9,50-59,50-59 minus 0-9,lymphoid,CD4 tTreg,descriptive,2,6,2,5,1,4,-0.3015645646565561,-0.3940973190242076,-0.09253275436765146,0.8333333333333334,0.0,-0.8333333333333334,,7,0,False,
colon,age_range,20-29,50-59,50-59 minus 20-29,lymphoid,CD4 tTreg,descriptive,3,6,2,5,2,4,-0.3831651289284356,-0.3940973190242076,-0.010932190095771954,0.0,0.0,0.0,,7,0,False,
colon,age_range,0-9,20-29,20-29 minus 0-9,lymphoid,CD8 Circulating Effector Memory,descriptive,2,3,2,2,1,2,-0.04615175277356087,0.15331417521626456,0.19946592798982543,1.6666666666666667,0.0,-1.6666666666666667,,7,0,False,
colon,age_range,0-9,50-59,50-59 minus 0-9,lymphoid,CD8 Circulating Effector Memory,descriptive,2,6,2,5,1,4,-0.04615175277356087,0.5698735446974154,0.6160252974709762,1.6666666666666667,2.6383114806523826,0.9716448139857159,,7,0,False,
colon,age_range,20-29,50-59,50-59 minus 20-29,lymphoid,CD8 Circulating Effector Memory,descriptive,3,6,2,5,2,4,0.15331417521626456,0.5698735446974154,0.4165593694811508,0.0,2.6383114806523826,2.6383114806523826,,7,0,False,
colon,age_range,0-9,20-29,20-29 minus 0-9,lymphoid,CD8 Effector Memory,descriptive,2,3,2,2,1,2,-0.04615175277356043,0.8019508915680357,0.8481026443415961,2.7777777777777777,7.142857142857142,4.365079365079365,,7,0,False,
colon,age_range,0-9,50-59,50-59 minus 0-9,lymphoid,CD8 Effector Memory,descriptive,2,6,2,5,1,4,-0.04615175277356043,-0.16774340499867516,-0.12159165222511473,2.7777777777777777,0.0,-2.7777777777777777,,7,0,False,
colon,age_range,20-29,50-59,50-59 minus 20-29,lymphoid,CD8 Effector Memory,descriptive,3,6,2,5,2,4,0.8019508915680357,-0.16774340499867516,-0.9696942965667108,7.142857142857142,0.0,-7.142857142857142,,7,0,False,
colon,age_range,0-9,20-29,20-29 minus 0-9,lymphoid,CD8 IEL,descriptive,2,3,2,2,1,2,1.5790354931902253,2.152959695865159,0.5739242026749336,30.0,25.0,-5.0,,7,0,False,
colon,age_range,0-9,50-59,50-59 minus 0-9,lymphoid,CD8 IEL,descriptive,2,6,2,5,1,4,1.5790354931902253,-0.027893222801504376,-1.6069287159917296,30.0,1.6807909604519775,-28.31920903954802,,7,0,False,
colon,age_range,20-29,50-59,50-59 minus 20-29,lymphoid,CD8 IEL,descriptive,3,6,2,5,2,4,2.152959695865159,-0.027893222801504376,-2.1808529186666634,25.0,1.6807909604519775,-23.31920903954802,,7,0,False,
colon,age_range,0-9,20-29,20-29 minus 0-9,lymphoid,CD8 Memory Exhausted,descriptive,2,3,2,2,1,2,-0.8508707089906109,-0.3831651289284356,0.4677055800621753,0.0,0.0,0.0,,7,0,False,
colon,age_range,0-9,50-59,50-59 minus 0-9,lymphoid,CD8 Memory Exhausted,descriptive,2,6,2,5,1,4,-0.8508707089906109,-0.49206176317456074,0.35880894581605016,0.0,0.0,0.0,,7,0,False,
colon,age_range,20-29,50-59,50-59 minus 20-29,lymphoid,CD8 Memory Exhausted,descriptive,3,6,2,5,2,4,-0.3831651289284356,-0.49206176317456074,-0.10889663424612511,0.0,0.0,0.0,,7,0,False,
colon,age_range,0-9,20-29,20-29 minus 0-9,lymphoid,CD8 Naive,descriptive,2,3,2,2,1,2,-0.04615175277356087,-0.3831651289284356,-0.33701337615487476,1.6666666666666667,0.0,-1.6666666666666667,,7,0,False,
colon,age_range,0-9,50-59,50-59 minus 0-9,lymphoid,CD8 Naive,descriptive,2,6,2,5,1,4,-0.04615175277356087,-0.7603014152469108,-0.7141496624733499,1.6666666666666667,0.0,-1.6666666666666667,,7,0,False,
colon,age_range,20-29,50-59,50-59 minus 20-29,lymphoid,CD8 Naive,descriptive,3,6,2,5,2,4,-0.3831651289284356,-0.7603014152469108,-0.3771362863184751,0.0,0.0,0.0,,7,0,False,
colon,age_range,0-9,20-29,20-29 minus 0-9,lymphoid,CD8 TRM,descriptive,2,3,2,2,1,2,1.0524605358945491,0.34924306351697093,-0.7032174723775781,10.555555555555557,0.0,-10.555555555555557,,7,0,False,
colon,age_range,0-9,50-59,50-59 minus 0-9,lymphoid,CD8 TRM,descriptive,2,6,2,5,1,4,1.0524605358945491,0.33967700128856193,-0.7127835346059872,10.555555555555557,2.9506222400642312,-7.604933315491326,,7,0,False,
colon,age_range,20-29,50-59,50-59 minus 20-29,lymphoid,CD8 TRM,descriptive,3,6,2,5,2,4,0.34924306351697093,0.33967700128856193,-0.009566062228409,0.0,2.9506222400642312,2.9506222400642312,,7,0,False,
colon,age_range,0-9,20-29,20-29 minus 0-9,lymphoid,GC B Dark Zone (GC B DZ),descriptive,2,3,2,2,1,2,0.6713905098711006,-0.016961032705732276,-0.6883515425768328,3.888888888888889,0.0,-3.888888888888889,,7,0,False,
colon,age_range,0-9,50-59,50-59 minus 0-9,lymphoid,GC B Dark Zone (GC B DZ),descriptive,2,6,2,5,1,4,0.6713905098711006,0.4637107265152669,-0.2076797833558337,3.888888888888889,2.5423728813559325,-1.3465160075329563,,7,0,False,
colon,age_range,20-29,50-59,50-59 minus 20-29,lymphoid,GC B Dark Zone (GC B DZ),descriptive,3,6,2,5,2,4,-0.016961032705732276,0.4637107265152669,0.4806717592209992,0.0,2.5423728813559325,2.5423728813559325,,7,0,False,
colon,age_range,0-9,20-29,20-29 minus 0-9,lymphoid,GC B Light Zone (GC B LZ),descriptive,2,3,2,2,1,2,-0.3015645646565559,-0.01696103270573242,0.2846035319508235,1.3888888888888888,0.0,-1.3888888888888888,,7,0,False,
colon,age_range,0-9,50-59,50-59 minus 0-9,lymphoid,GC B Light Zone (GC B LZ),descriptive,2,6,2,5,1,4,-0.3015645646565559,0.4261696262634354,0.7277341909199913,1.3888888888888888,2.127659574468085,0.7387706855791962,,7,0,False,
colon,age_range,20-29,50-59,50-59 minus 20-29,lymphoid,GC B Light Zone (GC B LZ),descriptive,3,6,2,5,2,4,-0.01696103270573242,0.4261696262634354,0.4431306589691678,0.0,2.127659574468085,2.127659574468085,,7,0,False,
colon,age_range,0-9,20-29,20-29 minus 0-9,lymphoid,Gamma Delta T Cells,descriptive,2,3,2,2,1,2,1.4045590442678142,-0.3831651289284356,-1.7877241731962499,9.166666666666666,0.0,-9.166666666666666,,7,0,False,
colon,age_range,0-9,50-59,50-59 minus 0-9,lymphoid,Gamma Delta T Cells,descriptive,2,6,2,5,1,4,1.4045590442678142,-0.7603014152469108,-2.164860459514725,9.166666666666666,0.0,-9.166666666666666,,7,0,False,
colon,age_range,20-29,50-59,50-59 minus 20-29,lymphoid,Gamma Delta T Cells,descriptive,3,6,2,5,2,4,-0.3831651289284356,-0.7603014152469108,-0.3771362863184751,0.0,0.0,0.0,,7,0,False,
colon,age_range,0-9,20-29,20-29 minus 0-9,lymphoid,ILC3,descriptive,2,3,2,2,1,2,-0.8508707089906109,-0.3831651289284356,0.4677055800621753,0.0,0.0,0.0,,7,0,False,
colon,age_range,0-9,50-59,50-59 minus 0-9,lymphoid,ILC3,descriptive,2,6,2,5,1,4,-0.8508707089906109,-0.7603014152469108,0.09056929374370015,0.0,0.0,0.0,,7,0,False,
colon,age_range,20-29,50-59,50-59 minus 20-29,lymphoid,ILC3,descriptive,3,6,2,5,2,4,-0.3831651289284356,-0.7603014152469108,-0.3771362863184751,0.0,0.0,0.0,,7,0,False,
colon,age_range,0-9,20-29,20-29 minus 0-9,lymphoid,MAIT Cells,descriptive,2,3,2,2,1,2,-0.3015645646565561,-0.3831651289284356,-0.0816005642718795,0.8333333333333334,0.0,-0.8333333333333334,,7,0,False,
colon,age_range,0-9,50-59,50-59 minus 0-9,lymphoid,MAIT Cells,descriptive,2,6,2,5,1,4,-0.3015645646565561,0.033394240552715226,0.33495880520927135,0.8333333333333334,0.8333333333333334,0.0,,7,0,False,
colon,age_range,20-29,50-59,50-59 minus 20-29,lymphoid,MAIT Cells,descriptive,3,6,2,5,2,4,-0.3831651289284356,0.033394240552715226,0.41655936948115085,0.0,0.8333333333333334,0.8333333333333334,,7,0,False,
colon,age_range,0-9,20-29,20-29 minus 0-9,lymphoid,Memory B,descriptive,2,3,2,2,1,2,0.24774157967749866,-0.3831651289284356,-0.6309067086059343,3.3333333333333335,0.0,-3.3333333333333335,,7,0,False,
colon,age_range,0-9,50-59,50-59 minus 0-9,lymphoid,Memory B,descriptive,2,6,2,5,1,4,0.24774157967749866,0.7821711867302114,0.5344296070527127,3.3333333333333335,2.5282485875706215,-0.8050847457627119,,7,0,False,
colon,age_range,20-29,50-59,50-59 minus 20-29,lymphoid,Memory B,descriptive,3,6,2,5,2,4,-0.3831651289284356,0.7821711867302114,1.165336315658647,0.0,2.5282485875706215,2.5282485875706215,,7,0,False,
colon,age_range,0-9,20-29,20-29 minus 0-9,lymphoid,NK Cells,descriptive,2,3,2,2,1,2,-0.3015645646565561,-0.3831651289284356,-0.0816005642718795,0.8333333333333334,0.0,-0.8333333333333334,,7,0,False,
colon,age_range,0-9,50-59,50-59 minus 0-9,lymphoid,NK Cells,descriptive,2,6,2,5,1,4,-0.3015645646565561,-0.5771993671355592,-0.27563480247900307,0.8333333333333334,0.0,-0.8333333333333334,,7,0,False,
colon,age_range,20-29,50-59,50-59 minus 20-29,lymphoid,NK Cells,descriptive,3,6,2,5,2,4,-0.3831651289284356,-0.5771993671355592,-0.19403423820712357,0.0,0.0,0.0,,7,0,False,
colon,age_range,0-9,20-29,20-29 minus 0-9,lymphoid,NKT Cells,descriptive,2,3,2,2,1,2,-0.8508707089906109,1.0816512559623774,1.9325219649529883,0.0,12.5,12.5,,7,0,False,
colon,age_range,0-9,50-59,50-59 minus 0-9,lymphoid,NKT Cells,descriptive,2,6,2,5,1,4,-0.8508707089906109,-0.21099527091285597,0.6398754380777549,0.0,0.847457627118644,0.847457627118644,,7,0,False,
colon,age_range,20-29,50-59,50-59 minus 20-29,lymphoid,NKT Cells,descriptive,3,6,2,5,2,4,1.0816512559623774,-0.21099527091285597,-1.2926465268752334,12.5,0.847457627118644,-11.652542372881356,,7,0,False,
colon,age_range,0-9,20-29,20-29 minus 0-9,lymphoid,Naive B,descriptive,2,3,2,2,1,2,1.1706549249266642,-0.3831651289284356,-1.5538200538551,8.88888888888889,0.0,-8.88888888888889,,7,0,False,
colon,age_range,0-9,50-59,50-59 minus 0-9,lymphoid,Naive B,descriptive,2,6,2,5,1,4,1.1706549249266642,0.28359829518502644,-0.8870566297416378,8.88888888888889,0.847457627118644,-8.041431261770246,,7,0,False,
colon,age_range,20-29,50-59,50-59 minus 20-29,lymphoid,Naive B,descriptive,3,6,2,5,2,4,-0.3831651289284356,0.28359829518502644,0.6667634241134621,0.0,0.847457627118644,0.847457627118644,,7,0,False,
colon,age_range,0-9,20-29,20-29 minus 0-9,lymphoid,Plasma Cells,descriptive,2,3,2,2,1,2,-0.3015645646565561,-0.3831651289284356,-0.0816005642718795,0.8333333333333334,0.0,-0.8333333333333334,,7,0,False,
colon,age_range,0-9,50-59,50-59 minus 0-9,lymphoid,Plasma Cells,descriptive,2,6,2,5,1,4,-0.3015645646565561,0.469220870225415,0.7707854348819712,0.8333333333333334,1.0638297872340425,0.23049645390070916,,7,0,False,
colon,age_range,20-29,50-59,50-59 minus 20-29,lymphoid,Plasma Cells,descriptive,3,6,2,5,2,4,-0.3831651289284356,0.469220870225415,0.8523859991538506,0.0,1.0638297872340425,1.0638297872340425,,7,0,False,
colon,age_range,0-9,20-29,20-29 minus 0-9,lymphoid,Plasma IGA,descriptive,2,3,2,2,1,2,0.7168763989739638,2.0255712077717885,1.3086948087978247,9.166666666666666,46.15384615384615,36.98717948717949,,7,0,False,
colon,age_range,0-9,50-59,50-59 minus 0-9,lymphoid,Plasma IGA,descriptive,2,6,2,5,1,4,0.7168763989739638,0.8329044395190813,0.1160280405451175,9.166666666666666,5.517490082942661,-3.649176583724005,,7,0,False,
colon,age_range,20-29,50-59,50-59 minus 20-29,lymphoid,Plasma IGA,descriptive,3,6,2,5,2,4,2.0255712077717885,0.8329044395190813,-1.1926667682527072,46.15384615384615,5.517490082942661,-40.63635607090349,,7,0,False,
colon,age_range,0-9,20-29,20-29 minus 0-9,lymphoid,Plasma IGG,descriptive,2,3,2,2,1,2,-0.8508707089906109,-0.3831651289284356,0.4677055800621753,0.0,0.0,0.0,,7,0,False,
colon,age_range,0-9,50-59,50-59 minus 0-9,lymphoid,Plasma IGG,descriptive,2,6,2,5,1,4,-0.8508707089906109,-0.21099527091285597,0.6398754380777549,0.0,0.8333333333333334,0.8333333333333334,,7,0,False,
colon,age_range,20-29,50-59,50-59 minus 20-29,lymphoid,Plasma IGG,descriptive,3,6,2,5,2,4,-0.3831651289284356,-0.21099527091285597,0.17216985801557966,0.0,0.8333333333333334,0.8333333333333334,,7,0,False,
colon,age_range,30-39,50-59,50-59 minus 30-39,myeloid,Classical Monocytes,descriptive,2,3,2,3,2,3,0.3113897387234097,-0.07930546853688221,-0.3906952072602919,7.142857142857142,0.0,-7.142857142857142,,7,0,False,
colon,age_range,30-39,50-59,50-59 minus 30-39,myeloid,Cycling Macrophages,descriptive,2,3,2,3,2,3,0.3113897387234097,-0.07930546853688221,-0.3906952072602919,50.0,0.0,-50.0,,7,0,False,
colon,age_range,30-39,50-59,50-59 minus 30-39,myeloid,Eosinophils,descriptive,2,3,2,3,2,3,-0.2379164056106453,0.4571738356078179,0.6950902412184632,0.0,0.0,0.0,,7,0,False,
colon,age_range,30-39,50-59,50-59 minus 30-39,myeloid,Follicle Associated Resident Macrophages,descriptive,2,3,2,3,2,3,-0.2379164056106453,-0.07930546853688221,0.15861093707376311,0.0,0.0,0.0,,7,0,False,
colon,age_range,30-39,50-59,50-59 minus 30-39,myeloid,Homeostatic Macrophages,descriptive,2,3,2,3,2,3,-0.2379164056106453,-0.07930546853688221,0.15861093707376311,0.0,0.0,0.0,,7,0,False,
colon,age_range,30-39,50-59,50-59 minus 30-39,myeloid,M0 Macrophages,descriptive,2,3,2,3,2,3,0.3113897387234097,-0.07930546853688221,-0.3906952072602919,7.142857142857142,0.0,-7.142857142857142,,7,0,False,
colon,age_range,30-39,50-59,50-59 minus 30-39,myeloid,Mast Cells,descriptive,2,3,2,3,2,3,0.5668025506064049,-0.07930546853688221,-0.6461080191432872,14.285714285714285,0.0,-14.285714285714285,,7,0,False,
colon,age_range,30-39,50-59,50-59 minus 30-39,myeloid,Monocyte Derived Dendritic Cells (MO DC),descriptive,2,3,2,3,2,3,-0.2379164056106453,-0.07930546853688221,0.15861093707376311,0.0,0.0,0.0,,7,0,False,
colon,age_range,30-39,50-59,50-59 minus 30-39,myeloid,Neutrophils,descriptive,2,3,2,3,2,3,-0.2379164056106453,-0.07930546853688221,0.15861093707376311,0.0,0.0,0.0,,7,0,False,
colon,age_range,30-39,50-59,50-59 minus 30-39,myeloid,Nonclassical Monocytes,descriptive,2,3,2,3,2,3,-0.2379164056106453,-0.07930546853688221,0.15861093707376311,0.0,0.0,0.0,,7,0,False,
colon,age_range,30-39,50-59,50-59 minus 30-39,myeloid,Perivascular Resident Macrophages,descriptive,2,3,2,3,2,3,-0.2379164056106453,-0.07930546853688221,0.15861093707376311,0.0,0.0,0.0,,7,0,False,
colon,age_range,30-39,50-59,50-59 minus 30-39,myeloid,Tolerogenic cDC2,descriptive,2,3,2,3,2,3,-0.2379164056106453,-0.07930546853688221,0.15861093707376311,0.0,0.0,0.0,,7,0,False,
colon,age_range,30-39,50-59,50-59 minus 30-39,myeloid,cDC1,descriptive,2,3,2,3,2,3,-0.2379164056106453,0.28689862768582114,0.5248150332964665,0.0,0.0,0.0,,7,0,False,
colon,age_range,30-39,50-59,50-59 minus 30-39,myeloid,cDC2,descriptive,2,3,2,3,2,3,0.5668025506064049,0.28689862768582114,-0.2799039229205838,14.285714285714285,0.0,-14.285714285714285,,7,0,False,
colon,age_range,30-39,50-59,50-59 minus 30-39,myeloid,migDC,descriptive,2,3,2,3,2,3,0.3113897387234097,-0.07930546853688221,-0.3906952072602919,7.142857142857142,0.0,-7.142857142857142,,7,0,False,
colon,age_range,30-39,50-59,50-59 minus 30-39,myeloid,pDC,descriptive,2,3,2,3,2,3,-0.2379164056106453,-0.07930546853688221,0.15861093707376311,0.0,0.0,0.0,,7,0,False,
colon,age_range,20-29,50-59,50-59 minus 20-29,stroma,Adipocytes,descriptive,2,4,1,4,1,3,-0.258176009846921,-0.11443878006959518,0.14373722977732584,0.0,0.0,0.0,,7,0,False,
colon,age_range,20-29,60-69,60-69 minus 20-29,stroma,Adipocytes,descriptive,2,3,1,3,1,3,-0.258176009846921,-0.08338732037648011,0.1747886894704409,0.0,0.0,0.0,,7,0,False,
colon,age_range,50-59,60-69,60-69 minus 50-59,stroma,Adipocytes,descriptive,4,3,4,3,3,3,-0.11443878006959518,-0.08338732037648011,0.03105145969311507,0.0,0.0,0.0,,7,0,False,
colon,age_range,20-29,50-59,50-59 minus 20-29,stroma,Angiogenic Pericytes,descriptive,2,4,1,4,1,3,-0.258176009846921,0.1602142920974322,0.4183903019443532,0.0,0.0,0.0,,7,0,False,
colon,age_range,20-29,60-69,60-69 minus 20-29,stroma,Angiogenic Pericytes,descriptive,2,3,1,3,1,3,-0.258176009846921,-0.08338732037648011,0.1747886894704409,0.0,0.0,0.0,,7,0,False,
colon,age_range,50-59,60-69,60-69 minus 50-59,stroma,Angiogenic Pericytes,descriptive,4,3,4,3,3,3,0.1602142920974322,-0.08338732037648011,-0.24360161247391232,0.0,0.0,0.0,,7,0,False,
colon,age_range,20-29,50-59,50-59 minus 20-29,stroma,Arteriolar Endothelial,descriptive,2,4,1,4,1,3,0.291130134487134,0.1602142920974322,-0.13091584238970178,50.0,0.0,-50.0,,7,0,False,
colon,age_range,20-29,60-69,60-69 minus 20-29,stroma,Arteriolar Endothelial,descriptive,2,3,1,3,1,3,0.291130134487134,-0.08338732037648011,-0.3745174548636141,50.0,0.0,-50.0,,7,0,False,
colon,age_range,50-59,60-69,60-69 minus 50-59,stroma,Arteriolar Endothelial,descriptive,4,3,4,3,3,3,0.1602142920974322,-0.08338732037648011,-0.24360161247391232,0.0,0.0,0.0,,7,0,False,
colon,age_range,20-29,50-59,50-59 minus 20-29,stroma,Capillary Endothelial,descriptive,2,4,1,4,1,3,-0.258176009846921,-0.11443878006959518,0.14373722977732584,0.0,0.0,0.0,,7,0,False,
colon,age_range,20-29,60-69,60-69 minus 20-29,stroma,Capillary Endothelial,descriptive,2,3,1,3,1,3,-0.258176009846921,-0.08338732037648011,0.1747886894704409,0.0,0.0,0.0,,7,0,False,
colon,age_range,50-59,60-69,60-69 minus 50-59,stroma,Capillary Endothelial,descriptive,4,3,4,3,3,3,-0.11443878006959518,-0.08338732037648011,0.03105145969311507,0.0,0.0,0.0,,7,0,False,
colon,age_range,20-29,50-59,50-59 minus 20-29,stroma,Contractile Pericytes,descriptive,2,4,1,4,1,3,0.7147790646807355,-0.11443878006959518,-0.8292178447503307,7.5,0.0,-7.5,,7,0,False,
colon,age_range,20-29,60-69,60-69 minus 20-29,stroma,Contractile Pericytes,descriptive,2,3,1,3,1,3,0.7147790646807355,-0.08338732037648011,-0.7981663850572156,7.5,0.0,-7.5,,7,0,False,
colon,age_range,50-59,60-69,60-69 minus 50-59,stroma,Contractile Pericytes,descriptive,4,3,4,3,3,3,-0.11443878006959518,-0.08338732037648011,0.03105145969311507,0.0,0.0,0.0,,7,0,False,
colon,age_range,20-29,50-59,50-59 minus 20-29,stroma,Crypt Bottom Fibroblasts (S2A),descriptive,2,4,1,4,1,3,-0.258176009846921,0.4348673642644597,0.6930433741113807,0.0,25.0,25.0,,7,0,False,
colon,age_range,20-29,60-69,60-69 minus 20-29,stroma,Crypt Bottom Fibroblasts (S2A),descriptive,2,3,1,3,1,3,-0.258176009846921,0.6490208720689264,0.9071968819158475,0.0,25.0,25.0,,7,0,False,
colon,age_range,50-59,60-69,60-69 minus 50-59,stroma,Crypt Bottom Fibroblasts (S2A),descriptive,4,3,4,3,3,3,0.4348673642644597,0.6490208720689264,0.21415350780446674,25.0,25.0,0.0,,7,0,False,
colon,age_range,20-29,50-59,50-59 minus 20-29,stroma,Crypt Top Fibroblasts (S2B),descriptive,2,4,1,4,1,3,-0.258176009846921,-0.11443878006959518,0.14373722977732584,0.0,0.0,0.0,,7,0,False,
colon,age_range,20-29,60-69,60-69 minus 20-29,stroma,Crypt Top Fibroblasts (S2B),descriptive,2,3,1,3,1,3,-0.258176009846921,-0.08338732037648011,0.1747886894704409,0.0,0.0,0.0,,7,0,False,
colon,age_range,50-59,60-69,60-69 minus 50-59,stroma,Crypt Top Fibroblasts (S2B),descriptive,4,3,4,3,3,3,-0.11443878006959518,-0.08338732037648011,0.03105145969311507,0.0,0.0,0.0,,7,0,False,
colon,age_range,20-29,50-59,50-59 minus 20-29,stroma,Fibroblastic Reticular Cells (FRC),descriptive,2,4,1,4,1,3,-0.258176009846921,0.1602142920974322,0.4183903019443532,0.0,0.0,0.0,,7,0,False,
colon,age_range,20-29,60-69,60-69 minus 20-29,stroma,Fibroblastic Reticular Cells (FRC),descriptive,2,3,1,3,1,3,-0.258176009846921,0.45309198376821996,0.7112679936151409,0.0,0.0,0.0,,7,0,False,
colon,age_range,50-59,60-69,60-69 minus 50-59,stroma,Fibroblastic Reticular Cells (FRC),descriptive,4,3,4,3,3,3,0.1602142920974322,0.45309198376821996,0.29287769167078775,0.0,0.0,0.0,,7,0,False,
colon,age_range,20-29,50-59,50-59 minus 20-29,stroma,Follicular Dendritic Cells (fDC),descriptive,2,4,1,4,1,3,-0.258176009846921,-0.11443878006959518,0.14373722977732584,0.0,0.0,0.0,,7,0,False,
colon,age_range,20-29,60-69,60-69 minus 20-29,stroma,Follicular Dendritic Cells (fDC),descriptive,2,3,1,3,1,3,-0.258176009846921,-0.08338732037648011,0.1747886894704409,0.0,0.0,0.0,,7,0,False,
colon,age_range,50-59,60-69,60-69 minus 50-59,stroma,Follicular Dendritic Cells (fDC),descriptive,4,3,4,3,3,3,-0.11443878006959518,-0.08338732037648011,0.03105145969311507,0.0,0.0,0.0,,7,0,False,
colon,age_range,20-29,50-59,50-59 minus 20-29,stroma,Glia,descriptive,2,4,1,4,1,3,-0.258176009846921,0.43486736426445965,0.6930433741113806,0.0,0.0,0.0,,7,0,False,
colon,age_range,20-29,60-69,60-69 minus 20-29,stroma,Glia,descriptive,2,3,1,3,1,3,-0.258176009846921,-0.08338732037648011,0.1747886894704409,0.0,0.0,0.0,,7,0,False,
colon,age_range,50-59,60-69,60-69 minus 50-59,stroma,Glia,descriptive,4,3,4,3,3,3,0.43486736426445965,-0.08338732037648011,-0.5182546846409397,0.0,0.0,0.0,,7,0,False,
colon,age_range,20-29,50-59,50-59 minus 20-29,stroma,Interstitial Cells of Cajal (ICC),descriptive,2,4,1,4,1,3,-0.258176009846921,-0.11443878006959518,0.14373722977732584,0.0,0.0,0.0,,7,0,False,
colon,age_range,20-29,60-69,60-69 minus 20-29,stroma,Interstitial Cells of Cajal (ICC),descriptive,2,3,1,3,1,3,-0.258176009846921,-0.08338732037648011,0.1747886894704409,0.0,0.0,0.0,,7,0,False,
colon,age_range,50-59,60-69,60-69 minus 50-59,stroma,Interstitial Cells of Cajal (ICC),descriptive,4,3,4,3,3,3,-0.11443878006959518,-0.08338732037648011,0.03105145969311507,0.0,0.0,0.0,,7,0,False,
colon,age_range,20-29,50-59,50-59 minus 20-29,stroma,Lamina propria Fibroblasts (S1),descriptive,2,4,1,4,1,3,1.1584306621811868,-0.11443878006959518,-1.272869442250782,20.0,0.0,-20.0,,7,0,False,
colon,age_range,20-29,60-69,60-69 minus 20-29,stroma,Lamina propria Fibroblasts (S1),descriptive,2,3,1,3,1,3,1.1584306621811868,-0.08338732037648011,-1.241817982557667,20.0,0.0,-20.0,,7,0,False,
colon,age_range,50-59,60-69,60-69 minus 50-59,stroma,Lamina propria Fibroblasts (S1),descriptive,4,3,4,3,3,3,-0.11443878006959518,-0.08338732037648011,0.03105145969311507,0.0,0.0,0.0,,7,0,False,
colon,age_range,20-29,50-59,50-59 minus 20-29,stroma,Lymphatic Endothelial,descriptive,2,4,1,4,1,3,0.8404362788211885,-0.11443878006959518,-0.9548750588907837,10.0,0.0,-10.0,,7,0,False,
colon,age_range,20-29,60-69,60-69 minus 20-29,stroma,Lymphatic Endothelial,descriptive,2,3,1,3,1,3,0.8404362788211885,-0.08338732037648011,-0.9238235991976687,10.0,0.0,-10.0,,7,0,False,
colon,age_range,50-59,60-69,60-69 minus 50-59,stroma,Lymphatic Endothelial,descriptive,4,3,4,3,3,3,-0.11443878006959518,-0.08338732037648011,0.03105145969311507,0.0,0.0,0.0,,7,0,False,
colon,age_range,20-29,50-59,50-59 minus 20-29,stroma,Marginal Reticular Cells (MRC),descriptive,2,4,1,4,1,3,-0.258176009846921,0.16021429209743232,0.41839030194435334,0.0,0.0,0.0,,7,0,False,
colon,age_range,20-29,60-69,60-69 minus 20-29,stroma,Marginal Reticular Cells (MRC),descriptive,2,3,1,3,1,3,-0.258176009846921,0.28281677584622306,0.540992785693144,0.0,0.0,0.0,,7,0,False,
colon,age_range,50-59,60-69,60-69 minus 50-59,stroma,Marginal Reticular Cells (MRC),descriptive,4,3,4,3,3,3,0.16021429209743232,0.28281677584622306,0.12260248374879074,0.0,0.0,0.0,,7,0,False,
colon,age_range,20-29,50-59,50-59 minus 20-29,stroma,Medullary Sinus Endothelial,descriptive,2,4,1,4,1,3,-0.258176009846921,-0.11443878006959518,0.14373722977732584,0.0,0.0,0.0,,7,0,False,
colon,age_range,20-29,60-69,60-69 minus 20-29,stroma,Medullary Sinus Endothelial,descriptive,2,3,1,3,1,3,-0.258176009846921,-0.08338732037648011,0.1747886894704409,0.0,0.0,0.0,,7,0,False,
colon,age_range,50-59,60-69,60-69 minus 50-59,stroma,Medullary Sinus Endothelial,descriptive,4,3,4,3,3,3,-0.11443878006959518,-0.08338732037648011,0.03105145969311507,0.0,0.0,0.0,,7,0,False,
colon,age_range,20-29,50-59,50-59 minus 20-29,stroma,Mesenchymal Lymphoid Tissue Organizer Cells (mLTo Cells),descriptive,2,4,1,4,1,3,-0.258176009846921,-0.11443878006959518,0.14373722977732584,0.0,0.0,0.0,,7,0,False,
colon,age_range,20-29,60-69,60-69 minus 20-29,stroma,Mesenchymal Lymphoid Tissue Organizer Cells (mLTo Cells),descriptive,2,3,1,3,1,3,-0.258176009846921,-0.08338732037648011,0.1747886894704409,0.0,0.0,0.0,,7,0,False,
colon,age_range,50-59,60-69,60-69 minus 50-59,stroma,Mesenchymal Lymphoid Tissue Organizer Cells (mLTo Cells),descriptive,4,3,4,3,3,3,-0.11443878006959518,-0.08338732037648011,0.03105145969311507,0.0,0.0,0.0,,7,0,False,
colon,age_range,20-29,50-59,50-59 minus 20-29,stroma,Muscularis Propria Fibroblasts,descriptive,2,4,1,4,1,3,-0.258176009846921,-0.11443878006959518,0.14373722977732584,0.0,0.0,0.0,,7,0,False,
colon,age_range,20-29,60-69,60-69 minus 20-29,stroma,Muscularis Propria Fibroblasts,descriptive,2,3,1,3,1,3,-0.258176009846921,0.2828167758462232,0.5409927856931442,0.0,0.0,0.0,,7,0,False,
colon,age_range,50-59,60-69,60-69 minus 50-59,stroma,Muscularis Propria Fibroblasts,descriptive,4,3,4,3,3,3,-0.11443878006959518,0.2828167758462232,0.3972555559158184,0.0,0.0,0.0,,7,0,False,
colon,age_range,20-29,50-59,50-59 minus 20-29,stroma,Myofibroblasts,descriptive,2,4,1,4,1,3,0.546542946370129,-0.11443878006959518,-0.6609817264397242,5.0,0.0,-5.0,,7,0,False,
colon,age_range,20-29,60-69,60-69 minus 20-29,stroma,Myofibroblasts,descriptive,2,3,1,3,1,3,0.546542946370129,-0.08338732037648011,-0.6299302667466091,5.0,0.0,-5.0,,7,0,False,
colon,age_range,50-59,60-69,60-69 minus 50-59,stroma,Myofibroblasts,descriptive,4,3,4,3,3,3,-0.11443878006959518,-0.08338732037648011,0.03105145969311507,0.0,0.0,0.0,,7,0,False,
colon,age_range,20-29,50-59,50-59 minus 20-29,stroma,Post Arteriole Capillary Endothelial (PAC),descriptive,2,4,1,4,1,3,-0.258176009846921,0.1602142920974322,0.4183903019443532,0.0,0.0,0.0,,7,0,False,
colon,age_range,20-29,60-69,60-69 minus 20-29,stroma,Post Arteriole Capillary Endothelial (PAC),descriptive,2,3,1,3,1,3,-0.258176009846921,-0.08338732037648011,0.1747886894704409,0.0,0.0,0.0,,7,0,False,
colon,age_range,50-59,60-69,60-69 minus 50-59,stroma,Post Arteriole Capillary Endothelial (PAC),descriptive,4,3,4,3,3,3,0.1602142920974322,-0.08338732037648011,-0.24360161247391232,0.0,0.0,0.0,,7,0,False,
colon,age_range,20-29,50-59,50-59 minus 20-29,stroma,Pre Venule Capillary Endothelial (PVC),descriptive,2,4,1,4,1,3,-0.258176009846921,-0.11443878006959518,0.14373722977732584,0.0,0.0,0.0,,7,0,False,
colon,age_range,20-29,60-69,60-69 minus 20-29,stroma,Pre Venule Capillary Endothelial (PVC),descriptive,2,3,1,3,1,3,-0.258176009846921,-0.08338732037648011,0.1747886894704409,0.0,0.0,0.0,,7,0,False,
colon,age_range,50-59,60-69,60-69 minus 50-59,stroma,Pre Venule Capillary Endothelial (PVC),descriptive,4,3,4,3,3,3,-0.11443878006959518,-0.08338732037648011,0.03105145969311507,0.0,0.0,0.0,,7,0,False,
colon,age_range,20-29,50-59,50-59 minus 20-29,stroma,Secretory Pericytes,descriptive,2,4,1,4,1,3,-0.258176009846921,-0.11443878006959518,0.14373722977732584,0.0,0.0,0.0,,7,0,False,
colon,age_range,20-29,60-69,60-69 minus 20-29,stroma,Secretory Pericytes,descriptive,2,3,1,3,1,3,-0.258176009846921,-0.08338732037648011,0.1747886894704409,0.0,0.0,0.0,,7,0,False,
colon,age_range,50-59,60-69,60-69 minus 50-59,stroma,Secretory Pericytes,descriptive,4,3,4,3,3,3,-0.11443878006959518,-0.08338732037648011,0.03105145969311507,0.0,0.0,0.0,,7,0,False,
colon,age_range,20-29,50-59,50-59 minus 20-29,stroma,Smooth Muscle Cells (SMC),descriptive,2,4,1,4,1,3,-0.258176009846921,-0.11443878006959518,0.14373722977732584,0.0,0.0,0.0,,7,0,False,
colon,age_range,20-29,60-69,60-69 minus 20-29,stroma,Smooth Muscle Cells (SMC),descriptive,2,3,1,3,1,3,-0.258176009846921,-0.08338732037648011,0.1747886894704409,0.0,0.0,0.0,,7,0,False,
colon,age_range,50-59,60-69,60-69 minus 50-59,stroma,Smooth Muscle Cells (SMC),descriptive,4,3,4,3,3,3,-0.11443878006959518,-0.08338732037648011,0.03105145969311507,0.0,0.0,0.0,,7,0,False,
colon,age_range,20-29,50-59,50-59 minus 20-29,stroma,Submucosal Fibroblasts (S3),descriptive,2,4,1,4,1,3,0.29113013448713354,-0.11443878006959518,-0.4055689145567287,2.5,0.0,-2.5,,7,0,False,
colon,age_range,20-29,60-69,60-69 minus 20-29,stroma,Submucosal Fibroblasts (S3),descriptive,2,3,1,3,1,3,0.29113013448713354,-0.08338732037648011,-0.37451745486361365,2.5,0.0,-2.5,,7,0,False,
colon,age_range,50-59,60-69,60-69 minus 50-59,stroma,Submucosal Fibroblasts (S3),descriptive,4,3,4,3,3,3,-0.11443878006959518,-0.08338732037648011,0.03105145969311507,0.0,0.0,0.0,,7,0,False,
colon,age_range,20-29,50-59,50-59 minus 20-29,stroma,Venular Endothelial,descriptive,2,4,1,4,1,3,0.546542946370129,0.1602142920974322,-0.3863286542726968,5.0,0.0,-5.0,,7,0,False,
colon,age_range,20-29,60-69,60-69 minus 20-29,stroma,Venular Endothelial,descriptive,2,3,1,3,1,3,0.546542946370129,-0.08338732037648011,-0.6299302667466091,5.0,0.0,-5.0,,7,0,False,
colon,age_range,50-59,60-69,60-69 minus 50-59,stroma,Venular Endothelial,descriptive,4,3,4,3,3,3,0.1602142920974322,-0.08338732037648011,-0.24360161247391232,0.0,0.0,0.0,,7,0,False,
colon,assay,10x 3' v2,10x 3' v3,10x 3' v3 minus 10x 3' v2,epithelial,BEST4 Colonocytes,inferential,10,15,9,12,3,3,0.5336622025941672,0.6826787453268839,0.1490165427327167,0.0,0.0,0.0,0.7172845502025722,0,0,False,0.9575308678208454
colon,assay,10x 3' v2,10x 3' v3,10x 3' v3 minus 10x 3' v2,epithelial,BEST4 Enterocytes,inferential,10,15,9,12,3,3,-0.05903040000287381,-0.057976757406924095,0.0010536425959497137,0.0,0.0,0.0,1.0,0,0,False,1.0
colon,assay,10x 3' v2,10x 3' v3,10x 3' v3 minus 10x 3' v2,epithelial,Brunners Gland Cells,inferential,10,15,9,12,3,3,0.10191339124053625,-0.23851343748040474,-0.340426828720941,0.0,0.0,0.0,0.43339859950443504,0,0,False,0.9564149912287434
colon,assay,10x 3' v2,10x 3' v3,10x 3' v3 minus 10x 3' v2,epithelial,Colonocyte Progenitors,inferential,10,15,9,12,3,3,0.3301516298081888,0.3663858418013942,0.03623421199320542,0.0,0.0,0.0,0.8228930994996508,0,0,False,0.9575308678208454
colon,assay,10x 3' v2,10x 3' v3,10x 3' v3 minus 10x 3' v2,epithelial,Crypt Top Colonocytes,inferential,10,15,9,12,3,3,0.23541349791377017,0.02094124906030368,-0.2144722488534665,0.0,0.0,0.0,0.5382113116235867,0,0,False,0.9575308678208454
colon,assay,10x 3' v2,10x 3' v3,10x 3' v3 minus 10x 3' v2,epithelial,EEC Enterochromaffin (EC),inferential,10,15,9,12,3,3,-0.1688916288696848,-0.16527261823586412,0.003619010633820696,0.0,0.0,0.0,0.9108925933567504,0,0,False,0.9575308678208454
colon,assay,10x 3' v2,10x 3' v3,10x 3' v3 minus 10x 3' v2,epithelial,EEC L,inferential,10,15,9,12,3,3,-0.1688916288696848,-0.13121757665146475,0.03767405221822007,0.0,0.0,0.0,0.9108925933567504,0,0,False,0.9575308678208454
colon,assay,10x 3' v2,10x 3' v3,10x 3' v3 minus 10x 3' v2,epithelial,EEC N,inferential,10,15,9,12,3,3,-0.1688916288696848,-0.23851343748040474,-0.06962180861071993,0.0,0.0,0.0,0.69528388246001,0,0,False,0.9575308678208454
colon,assay,10x 3' v2,10x 3' v3,10x 3' v3 minus 10x 3' v2,epithelial,EEC Progenitors,inferential,10,15,9,12,3,3,-0.05903040000287381,-0.01879097974678278,0.04023942025609103,0.0,0.0,0.0,0.8455333799440368,0,0,False,0.9575308678208454
colon,assay,10x 3' v2,10x 3' v3,10x 3' v3 minus 10x 3' v2,epithelial,EEC S,inferential,10,15,9,12,3,3,-0.1688916288696848,-0.23851343748040474,-0.06962180861071993,0.0,0.0,0.0,0.69528388246001,0,0,False,0.9575308678208454
colon,assay,10x 3' v2,10x 3' v3,10x 3' v3 minus 10x 3' v2,epithelial,Enterocyte Progenitors,inferential,10,15,9,12,3,3,-0.1688916288696848,-0.09203179899132348,0.07685982987836133,0.0,0.0,0.0,0.5019170554360785,0,0,False,0.9564149912287434
colon,assay,10x 3' v2,10x 3' v3,10x 3' v3 minus 10x 3' v2,epithelial,Enteroendocrine Cells (EEC),inferential,10,15,9,12,3,3,-0.1688916288696848,-0.16527261823586412,0.003619010633820696,0.0,0.0,0.0,0.9108925933567504,0,0,False,0.9575308678208454
colon,assay,10x 3' v2,10x 3' v3,10x 3' v3 minus 10x 3' v2,epithelial,Epithelial,inferential,10,15,9,12,3,3,-0.1688916288696848,-0.1652726182358641,0.003619010633820724,0.0,0.0,0.0,0.8228930994996508,0,0,False,0.9575308678208454
colon,assay,10x 3' v2,10x 3' v3,10x 3' v3 minus 10x 3' v2,epithelial,Foveolar Cells,inferential,10,15,9,12,3,3,-0.1688916288696848,-0.23851343748040474,-0.06962180861071993,0.0,0.0,0.0,0.69528388246001,0,0,False,0.9575308678208454
colon,assay,10x 3' v2,10x 3' v3,10x 3' v3 minus 10x 3' v2,epithelial,Goblet Cells,inferential,10,15,9,12,3,3,0.43631728802275677,0.47807450888424774,0.04175722086149097,0.0,0.0,0.0,0.9110311906885656,0,0,False,0.9575308678208454
colon,assay,10x 3' v2,10x 3' v3,10x 3' v3 minus 10x 3' v2,epithelial,Intestinal Stem Cells (ISC),inferential,10,15,9,12,3,3,-0.1688916288696848,0.2651786921356134,0.4340703210052982,0.0,0.0,0.0,0.07335688505592829,0,0,False,0.888880894587812
colon,assay,10x 3' v2,10x 3' v3,10x 3' v3 minus 10x 3' v2,epithelial,Lower Crypt Colonocytes,inferential,10,15,9,12,3,3,0.5241578477254778,0.6874857599775741,0.1633279122520963,0.0,0.0,0.0,0.8666862494300802,0,0,False,0.9575308678208454
colon,assay,10x 3' v2,10x 3' v3,10x 3' v3 minus 10x 3' v2,epithelial,Lower Villus Enterocytes,inferential,10,15,9,12,3,3,-0.1688916288696848,-0.23851343748040474,-0.06962180861071993,0.0,0.0,0.0,0.69528388246001,0,0,False,0.9575308678208454
colon,assay,10x 3' v2,10x 3' v3,10x 3' v3 minus 10x 3' v2,epithelial,Mature Goblet Cells,inferential,10,15,9,12,3,3,-0.1688916288696848,-0.23851343748040474,-0.06962180861071993,0.0,0.0,0.0,0.69528388246001,0,0,False,0.9575308678208454
colon,assay,10x 3' v2,10x 3' v3,10x 3' v3 minus 10x 3' v2,epithelial,Microfold Cells (M Cells),inferential,10,15,9,12,3,3,-0.1688916288696848,-0.16527261823586412,0.003619010633820696,0.0,0.0,0.0,0.8228930994996508,0,0,False,0.9575308678208454
colon,assay,10x 3' v2,10x 3' v3,10x 3' v3 minus 10x 3' v2,epithelial,Mid Crypt Colonocytes,inferential,10,15,9,12,3,3,0.7259409757576132,-0.05797675740692408,-0.7839177331645373,0.0,0.0,0.0,0.14570645984813438,0,0,False,0.888880894587812
colon,assay,10x 3' v2,10x 3' v3,10x 3' v3 minus 10x 3' v2,epithelial,Mid Villus Enterocytes,inferential,10,15,9,12,3,3,-0.1688916288696848,-0.03554527496550988,0.13334635390417493,0.0,0.0,0.0,0.7370682769595897,0,0,False,0.9575308678208454
colon,assay,10x 3' v2,10x 3' v3,10x 3' v3 minus 10x 3' v2,epithelial,Paneth Cells,inferential,10,15,9,12,3,3,-0.1688916288696848,-0.23851343748040474,-0.06962180861071993,0.0,0.0,0.0,0.69528388246001,0,0,False,0.9575308678208454
colon,assay,10x 3' v2,10x 3' v3,10x 3' v3 minus 10x 3' v2,epithelial,Secretory Progenitors,inferential,10,15,9,12,3,3,-0.05903040000287381,0.0650783552929646,0.12410875529583841,0.0,0.0,0.0,0.9553765635387534,0,0,False,0.967784051376919
colon,assay,10x 3' v2,10x 3' v3,10x 3' v3 minus 10x 3' v2,epithelial,Transiently Amplifying Cells (TA),inferential,10,15,9,12,3,3,0.05083082886393715,0.015264061837616557,-0.0355667670263206,0.0,0.0,0.0,0.9108925933567504,0,0,False,0.9575308678208454
colon,assay,10x 3' v2,10x 3' v3,10x 3' v3 minus 10x 3' v2,epithelial,Tuft Cells,inferential,10,15,9,12,3,3,-0.1688916288696848,0.1466633840677723,0.31555501293745714,0.0,0.0,0.0,0.5019170554360785,0,0,False,0.9564149912287434
colon,assay,10x 3' v2,10x 3' v3,10x 3' v3 minus 10x 3' v2,epithelial,Tuft Progenitors,inferential,10,15,9,12,3,3,-0.05903040000287381,-0.09203179899132345,-0.03300139898844964,0.0,0.0,0.0,0.6353294141268114,0,0,False,0.9575308678208454
colon,assay,10x 3' v2,10x 3' v3,10x 3' v3 minus 10x 3' v2,epithelial,Villus Tip Enterocytes,inferential,10,15,9,12,3,3,-0.1688916288696848,0.08850488108215719,0.257396509951842,0.0,0.0,0.0,0.3706257053397195,0,0,False,0.9564149912287434
colon,assay,10x 3' v2,10x 3' v3,10x 3' v3 minus 10x 3' v2,lymphoid,CD4 Memory,inferential,6,6,5,5,3,1,0.13432553215591425,0.5455475242856849,0.4112219921297706,0.0,4.276729559748428,4.276729559748428,0.3939393939393939,0,0,False,0.9564149912287434
colon,assay,10x 3' v2,10x 3' v3,10x 3' v3 minus 10x 3' v2,lymphoid,CD4 Naive,inferential,6,6,5,5,3,1,-0.2843920718401049,-0.3699627162710731,-0.08557064443096818,0.0,0.0,0.0,0.30952380952380953,0,0,False,0.9285714285714286
colon,assay,10x 3' v2,10x 3' v3,10x 3' v3 minus 10x 3' v2,lymphoid,CD4 Tfh,inferential,6,6,5,5,3,1,-0.14317576177557098,-0.2928587959463876,-0.1496830341708166,0.0,0.8333333333333334,0.8333333333333334,0.9372294372294373,0,0,False,0.9618933697881067
colon,assay,10x 3' v2,10x 3' v3,10x 3' v3 minus 10x 3' v2,lymphoid,CD4 Tfr,inferential,6,6,5,5,3,1,-0.46749411995145645,-0.6590628921690908,-0.1915687722176343,0.0,0.0,0.0,0.48484848484848486,0,0,False,0.9564149912287434
colon,assay,10x 3' v2,10x 3' v3,10x 3' v3 minus 10x 3' v2,lymphoid,CD4 Th17,inferential,6,6,5,5,3,1,0.5064299495537702,0.8976124375805492,0.391182488026779,0.0,5.220125786163522,5.220125786163522,0.30952380952380953,0,0,False,0.9285714285714286
colon,assay,10x 3' v2,10x 3' v3,10x 3' v3 minus 10x 3' v2,lymphoid,CD4 Tr1,inferential,6,6,5,5,3,1,-0.46749411995145645,-0.8421649402804423,-0.37467082032898585,0.0,0.0,0.0,0.09307359307359307,0,0,False,0.888880894587812
colon,assay,10x 3' v2,10x 3' v3,10x 3' v3 minus 10x 3' v2,lymphoid,CD4 pTreg,inferential,6,6,5,5,3,1,0.3081659384081308,-0.6590628921690908,-0.9672288305772215,0.0,0.0,0.0,0.06493506493506493,0,0,False,0.888880894587812
colon,assay,10x 3' v2,10x 3' v3,10x 3' v3 minus 10x 3' v2,lymphoid,CD4 tTreg,inferential,6,6,5,5,3,1,-0.2843920718401049,-0.6590628921690908,-0.37467082032898585,0.0,0.0,0.0,0.24025974025974026,0,0,False,0.888880894587812
colon,assay,10x 3' v2,10x 3' v3,10x 3' v3 minus 10x 3' v2,lymphoid,CD8 Circulating Effector Memory,inferential,6,6,5,5,3,1,0.16694962834359664,0.5731476236248821,0.40619799528128553,0.847457627118644,3.794326241134752,2.946868614016108,0.48484848484848486,0,0,False,0.9564149912287434
colon,assay,10x 3' v2,10x 3' v3,10x 3' v3 minus 10x 3' v2,lymphoid,CD8 Effector Memory,inferential,6,6,5,5,3,1,0.03992628633578069,-0.03744598406339213,-0.07737227039917283,0.0,1.6666666666666667,1.6666666666666667,0.6991341991341992,0,0,False,0.9575308678208454
colon,assay,10x 3' v2,10x 3' v3,10x 3' v3 minus 10x 3' v2,lymphoid,CD8 IEL,inferential,6,6,5,5,3,1,0.6278863038308782,1.0894411388614156,0.4615548350305374,5.813953488372093,2.007226013649137,-3.8067274747229556,0.3939393939393939,0,0,False,0.9564149912287434
colon,assay,10x 3' v2,10x 3' v3,10x 3' v3 minus 10x 3' v2,lymphoid,CD8 Memory Exhausted,inferential,6,6,5,5,3,1,-0.10129002372875329,-0.5739252882080924,-0.4726352644793391,0.0,0.0,0.0,0.17965367965367965,0,0,False,0.888880894587812
colon,assay,10x 3' v2,10x 3' v3,10x 3' v3 minus 10x 3' v2,lymphoid,CD8 Naive,inferential,6,6,5,5,3,1,-0.46749411995145645,-0.5739252882080924,-0.10643116825663596,0.0,0.0,0.0,0.48484848484848486,0,0,False,0.9564149912287434
colon,assay,10x 3' v2,10x 3' v3,10x 3' v3 minus 10x 3' v2,lymphoid,CD8 TRM,inferential,6,6,5,5,3,1,-0.46749411995145645,0.9341429625969013,1.4016370825483577,0.0,4.386792452830189,4.386792452830189,0.0021645021645021645,0,0,False,0.16883116883116883
colon,assay,10x 3' v2,10x 3' v3,10x 3' v3 minus 10x 3' v2,lymphoid,GC B Dark Zone (GC B DZ),inferential,6,6,5,5,3,1,0.3290264622337984,0.7480512977044386,0.4190248354706402,0.0,4.285714285714286,4.285714285714286,0.5887445887445888,0,0,False,0.9575308678208454
colon,assay,10x 3' v2,10x 3' v3,10x 3' v3 minus 10x 3' v2,lymphoid,GC B Light Zone (GC B LZ),inferential,6,6,5,5,3,1,0.4061303825584838,0.03666831948018201,-0.3694620630783018,1.9230769230769231,1.3888888888888888,-0.5341880341880343,0.48484848484848486,0,0,False,0.9564149912287434
colon,assay,10x 3' v2,10x 3' v3,10x 3' v3 minus 10x 3' v2,lymphoid,Gamma Delta T Cells,inferential,6,6,5,5,3,1,-0.46749411995145645,-0.09035502252763401,0.37713909742382246,0.0,0.0,0.0,0.8181818181818182,0,0,False,0.9575308678208454
colon,assay,10x 3' v2,10x 3' v3,10x 3' v3 minus 10x 3' v2,lymphoid,ILC3,inferential,6,6,5,5,3,1,-0.46749411995145645,-0.8421649402804423,-0.37467082032898585,0.0,0.0,0.0,0.09307359307359307,0,0,False,0.888880894587812
colon,assay,10x 3' v2,10x 3' v3,10x 3' v3 minus 10x 3' v2,lymphoid,MAIT Cells,inferential,6,6,5,5,3,1,-0.2843920718401049,-0.04846928448081641,0.23592278735928848,0.0,0.8333333333333334,0.8333333333333334,0.6991341991341992,0,0,False,0.9575308678208454
colon,assay,10x 3' v2,10x 3' v3,10x 3' v3 minus 10x 3' v2,lymphoid,Memory B,inferential,6,6,5,5,3,1,0.08181202438259823,0.7982721058470329,0.7164600814644346,0.0,4.166666666666667,4.166666666666667,0.48484848484848486,0,0,False,0.9564149912287434
colon,assay,10x 3' v2,10x 3' v3,10x 3' v3 minus 10x 3' v2,lymphoid,NK Cells,inferential,6,6,5,5,3,1,-0.46749411995145645,-0.6590628921690908,-0.1915687722176343,0.0,0.0,0.0,0.48484848484848486,0,0,False,0.9564149912287434
colon,assay,10x 3' v2,10x 3' v3,10x 3' v3 minus 10x 3' v2,lymphoid,NKT Cells,inferential,6,6,5,5,3,1,0.4480161206053015,-0.47596084405773914,-0.9239769646630407,7.412790697674419,0.0,-7.412790697674419,0.13203463203463203,0,0,False,0.888880894587812
colon,assay,10x 3' v2,10x 3' v3,10x 3' v3 minus 10x 3' v2,lymphoid,Naive B,inferential,6,6,5,5,3,1,-0.04000256037453368,0.6924746000125683,0.732477160387102,0.0,4.580378250591016,4.580378250591016,0.3939393939393939,0,0,False,0.9564149912287434
colon,assay,10x 3' v2,10x 3' v3,10x 3' v3 minus 10x 3' v2,lymphoid,Plasma Cells,inferential,6,6,5,5,3,1,-0.28439207184010495,-0.04846928448081641,0.23592278735928854,0.0,0.8333333333333334,0.8333333333333334,0.6991341991341992,0,0,False,0.9575308678208454
colon,assay,10x 3' v2,10x 3' v3,10x 3' v3 minus 10x 3' v2,lymphoid,Plasma IGA,inferential,6,6,5,5,3,1,1.3196253086430687,0.9925567915453698,-0.3270685170976989,39.74358974358974,5.699088145896656,-34.044501597693085,0.8181818181818182,0,0,False,0.9575308678208454
colon,assay,10x 3' v2,10x 3' v3,10x 3' v3 minus 10x 3' v2,lymphoid,Plasma IGG,inferential,6,6,5,5,3,1,0.3262015358481694,-0.4759608440577392,-0.8021623799059086,1.1627906976744187,0.0,-1.1627906976744187,0.13203463203463203,0,0,False,0.888880894587812
colon,assay,10x 3' v2,10x 3' v3,10x 3' v3 minus 10x 3' v2,myeloid,Classical Monocytes,descriptive,3,2,3,2,3,1,0.1847054031350206,-0.13492150354801002,-0.3196269066830306,0.0,0.0,0.0,,0,0,False,
colon,assay,10x 3' v2,10x 5' v1,10x 5' v1 minus 10x 3' v2,myeloid,Classical Monocytes,descriptive,3,2,3,2,3,2,0.1847054031350206,-0.0686632680417576,-0.2533686711767782,0.0,0.0,0.0,,0,0,False,
colon,assay,10x 3' v3,10x 5' v1,10x 5' v1 minus 10x 3' v3,myeloid,Classical Monocytes,descriptive,2,2,2,2,1,2,-0.13492150354801002,-0.0686632680417576,0.06625823550625243,0.0,0.0,0.0,,0,0,False,
colon,assay,10x 3' v2,10x 3' v3,10x 3' v3 minus 10x 3' v2,myeloid,Cycling Macrophages,descriptive,3,2,3,2,3,1,-0.18149869308768274,-0.13492150354801002,0.046577189539672714,0.0,0.0,0.0,,0,0,False,
colon,assay,10x 3' v2,10x 5' v1,10x 5' v1 minus 10x 3' v2,myeloid,Cycling Macrophages,descriptive,3,2,3,2,3,2,-0.18149869308768274,0.4806428762922974,0.6621415693799801,0.0,50.0,50.0,,0,0,False,
colon,assay,10x 3' v3,10x 5' v1,10x 5' v1 minus 10x 3' v3,myeloid,Cycling Macrophages,descriptive,2,2,2,2,1,2,-0.13492150354801002,0.4806428762922974,0.6155643798403074,0.0,50.0,50.0,,0,0,False,
colon,assay,10x 3' v2,10x 3' v3,10x 3' v3 minus 10x 3' v2,myeloid,Eosinophils,descriptive,3,2,3,2,3,1,-0.18149869308768274,1.4745164088860903,1.656015101973773,0.0,83.33333333333333,83.33333333333333,,0,0,False,
colon,assay,10x 3' v2,10x 5' v1,10x 5' v1 minus 10x 3' v2,myeloid,Eosinophils,descriptive,3,2,3,2,3,2,-0.18149869308768274,-0.0686632680417576,0.11283542504592514,0.0,0.0,0.0,,0,0,False,
colon,assay,10x 3' v3,10x 5' v1,10x 5' v1 minus 10x 3' v3,myeloid,Eosinophils,descriptive,2,2,2,2,1,2,1.4745164088860903,-0.0686632680417576,-1.5431796769278479,83.33333333333333,0.0,-83.33333333333333,,0,0,False,
colon,assay,10x 3' v2,10x 3' v3,10x 3' v3 minus 10x 3' v2,myeloid,Follicle Associated Resident Macrophages,descriptive,3,2,3,2,3,1,-0.18149869308768274,0.41438464078604464,0.5958833338737274,0.0,16.666666666666664,16.666666666666664,,0,0,False,
colon,assay,10x 3' v2,10x 5' v1,10x 5' v1 minus 10x 3' v2,myeloid,Follicle Associated Resident Macrophages,descriptive,3,2,3,2,3,2,-0.18149869308768274,-0.0686632680417576,0.11283542504592514,0.0,0.0,0.0,,0,0,False,
colon,assay,10x 3' v3,10x 5' v1,10x 5' v1 minus 10x 3' v3,myeloid,Follicle Associated Resident Macrophages,descriptive,2,2,2,2,1,2,0.41438464078604464,-0.0686632680417576,-0.48304790882780224,16.666666666666664,0.0,-16.666666666666664,,0,0,False,
colon,assay,10x 3' v2,10x 3' v3,10x 3' v3 minus 10x 3' v2,myeloid,Homeostatic Macrophages,descriptive,3,2,3,2,3,1,-0.18149869308768274,-0.13492150354801002,0.046577189539672714,0.0,0.0,0.0,,0,0,False,
colon,assay,10x 3' v2,10x 5' v1,10x 5' v1 minus 10x 3' v2,myeloid,Homeostatic Macrophages,descriptive,3,2,3,2,3,2,-0.18149869308768274,-0.0686632680417576,0.11283542504592514,0.0,0.0,0.0,,0,0,False,
colon,assay,10x 3' v3,10x 5' v1,10x 5' v1 minus 10x 3' v3,myeloid,Homeostatic Macrophages,descriptive,2,2,2,2,1,2,-0.13492150354801002,-0.0686632680417576,0.06625823550625243,0.0,0.0,0.0,,0,0,False,
colon,assay,10x 3' v2,10x 3' v3,10x 3' v3 minus 10x 3' v2,myeloid,M0 Macrophages,descriptive,3,2,3,2,3,1,0.1847054031350206,-0.13492150354801002,-0.3196269066830306,0.0,0.0,0.0,,0,0,False,
colon,assay,10x 3' v2,10x 5' v1,10x 5' v1 minus 10x 3' v2,myeloid,M0 Macrophages,descriptive,3,2,3,2,3,2,0.1847054031350206,-0.0686632680417576,-0.2533686711767782,0.0,0.0,0.0,,0,0,False,
colon,assay,10x 3' v3,10x 5' v1,10x 5' v1 minus 10x 3' v3,myeloid,M0 Macrophages,descriptive,2,2,2,2,1,2,-0.13492150354801002,-0.0686632680417576,0.06625823550625243,0.0,0.0,0.0,,0,0,False,
colon,assay,10x 3' v2,10x 3' v3,10x 3' v3 minus 10x 3' v2,myeloid,Mast Cells,descriptive,3,2,3,2,3,1,0.35498061105701745,-0.13492150354801002,-0.48990211460502747,0.0,0.0,0.0,,0,0,False,
colon,assay,10x 3' v2,10x 5' v1,10x 5' v1 minus 10x 3' v2,myeloid,Mast Cells,descriptive,3,2,3,2,3,2,0.35498061105701745,-0.0686632680417576,-0.42364387909877504,0.0,0.0,0.0,,0,0,False,
colon,assay,10x 3' v3,10x 5' v1,10x 5' v1 minus 10x 3' v3,myeloid,Mast Cells,descriptive,2,2,2,2,1,2,-0.13492150354801002,-0.0686632680417576,0.06625823550625243,0.0,0.0,0.0,,0,0,False,
colon,assay,10x 3' v2,10x 3' v3,10x 3' v3 minus 10x 3' v2,myeloid,Monocyte Derived Dendritic Cells (MO DC),descriptive,3,2,3,2,3,1,-0.18149869308768274,-0.13492150354801002,0.046577189539672714,0.0,0.0,0.0,,0,0,False,
colon,assay,10x 3' v2,10x 5' v1,10x 5' v1 minus 10x 3' v2,myeloid,Monocyte Derived Dendritic Cells (MO DC),descriptive,3,2,3,2,3,2,-0.18149869308768274,-0.0686632680417576,0.11283542504592514,0.0,0.0,0.0,,0,0,False,
colon,assay,10x 3' v3,10x 5' v1,10x 5' v1 minus 10x 3' v3,myeloid,Monocyte Derived Dendritic Cells (MO DC),descriptive,2,2,2,2,1,2,-0.13492150354801002,-0.0686632680417576,0.06625823550625243,0.0,0.0,0.0,,0,0,False,
colon,assay,10x 3' v2,10x 3' v3,10x 3' v3 minus 10x 3' v2,myeloid,Neutrophils,descriptive,3,2,3,2,3,1,-0.18149869308768274,-0.13492150354801002,0.046577189539672714,0.0,0.0,0.0,,0,0,False,
colon,assay,10x 3' v2,10x 5' v1,10x 5' v1 minus 10x 3' v2,myeloid,Neutrophils,descriptive,3,2,3,2,3,2,-0.18149869308768274,-0.0686632680417576,0.11283542504592514,0.0,0.0,0.0,,0,0,False,
colon,assay,10x 3' v3,10x 5' v1,10x 5' v1 minus 10x 3' v3,myeloid,Neutrophils,descriptive,2,2,2,2,1,2,-0.13492150354801002,-0.0686632680417576,0.06625823550625243,0.0,0.0,0.0,,0,0,False,
colon,assay,10x 3' v2,10x 3' v3,10x 3' v3 minus 10x 3' v2,myeloid,Nonclassical Monocytes,descriptive,3,2,3,2,3,1,-0.18149869308768274,-0.13492150354801002,0.046577189539672714,0.0,0.0,0.0,,0,0,False,
colon,assay,10x 3' v2,10x 5' v1,10x 5' v1 minus 10x 3' v2,myeloid,Nonclassical Monocytes,descriptive,3,2,3,2,3,2,-0.18149869308768274,-0.0686632680417576,0.11283542504592514,0.0,0.0,0.0,,0,0,False,
colon,assay,10x 3' v3,10x 5' v1,10x 5' v1 minus 10x 3' v3,myeloid,Nonclassical Monocytes,descriptive,2,2,2,2,1,2,-0.13492150354801002,-0.0686632680417576,0.06625823550625243,0.0,0.0,0.0,,0,0,False,
colon,assay,10x 3' v2,10x 3' v3,10x 3' v3 minus 10x 3' v2,myeloid,Perivascular Resident Macrophages,descriptive,3,2,3,2,3,1,0.1847054031350206,-0.13492150354801002,-0.3196269066830306,0.0,0.0,0.0,,0,0,False,
colon,assay,10x 3' v2,10x 5' v1,10x 5' v1 minus 10x 3' v2,myeloid,Perivascular Resident Macrophages,descriptive,3,2,3,2,3,2,0.1847054031350206,-0.0686632680417576,-0.2533686711767782,0.0,0.0,0.0,,0,0,False,
colon,assay,10x 3' v3,10x 5' v1,10x 5' v1 minus 10x 3' v3,myeloid,Perivascular Resident Macrophages,descriptive,2,2,2,2,1,2,-0.13492150354801002,-0.0686632680417576,0.06625823550625243,0.0,0.0,0.0,,0,0,False,
colon,assay,10x 3' v2,10x 3' v3,10x 3' v3 minus 10x 3' v2,myeloid,Tolerogenic cDC2,descriptive,3,2,3,2,3,1,-0.18149869308768274,-0.13492150354801002,0.046577189539672714,0.0,0.0,0.0,,0,0,False,
colon,assay,10x 3' v2,10x 5' v1,10x 5' v1 minus 10x 3' v2,myeloid,Tolerogenic cDC2,descriptive,3,2,3,2,3,2,-0.18149869308768274,-0.0686632680417576,0.11283542504592514,0.0,0.0,0.0,,0,0,False,
colon,assay,10x 3' v3,10x 5' v1,10x 5' v1 minus 10x 3' v3,myeloid,Tolerogenic cDC2,descriptive,2,2,2,2,1,2,-0.13492150354801002,-0.0686632680417576,0.06625823550625243,0.0,0.0,0.0,,0,0,False,
colon,assay,10x 3' v2,10x 3' v3,10x 3' v3 minus 10x 3' v2,myeloid,cDC1,descriptive,3,2,3,2,3,1,-0.18149869308768274,-0.13492150354801002,0.046577189539672714,0.0,0.0,0.0,,0,0,False,
colon,assay,10x 3' v2,10x 5' v1,10x 5' v1 minus 10x 3' v2,myeloid,cDC1,descriptive,3,2,3,2,3,2,-0.18149869308768274,0.4806428762922974,0.6621415693799801,0.0,50.0,50.0,,0,0,False,
colon,assay,10x 3' v3,10x 5' v1,10x 5' v1 minus 10x 3' v3,myeloid,cDC1,descriptive,2,2,2,2,1,2,-0.13492150354801002,0.4806428762922974,0.6155643798403074,0.0,50.0,50.0,,0,0,False,
colon,assay,10x 3' v2,10x 3' v3,10x 3' v3 minus 10x 3' v2,myeloid,cDC2,descriptive,3,2,3,2,3,1,0.7211847072797207,-0.13492150354801002,-0.8561062108277308,28.57142857142857,0.0,-28.57142857142857,,0,0,False,
colon,assay,10x 3' v2,10x 5' v1,10x 5' v1 minus 10x 3' v2,myeloid,cDC2,descriptive,3,2,3,2,3,2,0.7211847072797207,-0.0686632680417576,-0.7898479753214783,28.57142857142857,0.0,-28.57142857142857,,0,0,False,
colon,assay,10x 3' v3,10x 5' v1,10x 5' v1 minus 10x 3' v3,myeloid,cDC2,descriptive,2,2,2,2,1,2,-0.13492150354801002,-0.0686632680417576,0.06625823550625243,0.0,0.0,0.0,,0,0,False,
colon,assay,10x 3' v2,10x 3' v3,10x 3' v3 minus 10x 3' v2,myeloid,migDC,descriptive,3,2,3,2,3,1,0.1847054031350206,-0.13492150354801002,-0.3196269066830306,0.0,0.0,0.0,,0,0,False,
colon,assay,10x 3' v2,10x 5' v1,10x 5' v1 minus 10x 3' v2,myeloid,migDC,descriptive,3,2,3,2,3,2,0.1847054031350206,-0.0686632680417576,-0.2533686711767782,0.0,0.0,0.0,,0,0,False,
colon,assay,10x 3' v3,10x 5' v1,10x 5' v1 minus 10x 3' v3,myeloid,migDC,descriptive,2,2,2,2,1,2,-0.13492150354801002,-0.0686632680417576,0.06625823550625243,0.0,0.0,0.0,,0,0,False,
colon,assay,10x 3' v2,10x 3' v3,10x 3' v3 minus 10x 3' v2,myeloid,pDC,descriptive,3,2,3,2,3,1,-0.18149869308768274,-0.13492150354801002,0.046577189539672714,0.0,0.0,0.0,,0,0,False,
colon,assay,10x 3' v2,10x 5' v1,10x 5' v1 minus 10x 3' v2,myeloid,pDC,descriptive,3,2,3,2,3,2,-0.18149869308768274,-0.0686632680417576,0.11283542504592514,0.0,0.0,0.0,,0,0,False,
colon,assay,10x 3' v3,10x 5' v1,10x 5' v1 minus 10x 3' v3,myeloid,pDC,descriptive,2,2,2,2,1,2,-0.13492150354801002,-0.0686632680417576,0.06625823550625243,0.0,0.0,0.0,,0,0,False,
colon,assay,10x 3' v2,10x 3' v3,10x 3' v3 minus 10x 3' v2,stroma,Adipocytes,inferential,6,5,5,5,3,2,-0.1658985901604121,-0.09155102405567614,0.07434756610473597,0.0,0.0,0.0,0.2735018137193268,0,0,False,0.888880894587812
colon,assay,10x 3' v2,10x 3' v3,10x 3' v3 minus 10x 3' v2,stroma,Angiogenic Pericytes,inferential,6,5,5,5,3,2,-0.1658985901604121,0.12817143367794576,0.2940700238383579,0.0,0.0,0.0,0.03657119098071865,0,0,False,0.888880894587812
colon,assay,10x 3' v2,10x 3' v3,10x 3' v3 minus 10x 3' v2,stroma,Arteriolar Endothelial,inferential,6,5,5,5,3,2,0.017203457950939544,0.12817143367794576,0.11096797572700622,0.0,0.0,0.0,0.150962319760252,0,0,False,0.888880894587812
colon,assay,10x 3' v2,10x 3' v3,10x 3' v3 minus 10x 3' v2,stroma,Capillary Endothelial,inferential,6,5,5,5,3,2,-0.1658985901604121,-0.09155102405567614,0.07434756610473597,0.0,0.0,0.0,0.2735018137193268,0,0,False,0.888880894587812
colon,assay,10x 3' v2,10x 3' v3,10x 3' v3 minus 10x 3' v2,stroma,Contractile Pericytes,inferential,6,5,5,5,3,2,0.341521816126825,-0.09155102405567614,-0.43307284018250114,0.0,0.0,0.0,0.6186654412660859,0,0,False,0.9575308678208454
colon,assay,10x 3' v2,10x 3' v3,10x 3' v3 minus 10x 3' v2,stroma,Crypt Bottom Fibroblasts (S2A),inferential,6,5,5,5,3,2,0.20030550606229106,0.5676163491451899,0.36731084308289885,0.0,100.0,100.0,0.22669510385330116,0,0,False,0.888880894587812
colon,assay,10x 3' v2,10x 3' v3,10x 3' v3 minus 10x 3' v2,stroma,Crypt Top Fibroblasts (S2B),inferential,6,5,5,5,3,2,-0.1658985901604121,-0.09155102405567614,0.07434756610473597,0.0,0.0,0.0,0.2735018137193268,0,0,False,0.888880894587812
colon,assay,10x 3' v2,10x 3' v3,10x 3' v3 minus 10x 3' v2,stroma,Fibroblastic Reticular Cells (FRC),inferential,6,5,5,5,3,2,0.28544311002328954,-0.09155102405567614,-0.37699413407896565,0.0,0.0,0.0,0.7652104751907526,0,0,False,0.9575308678208454
colon,assay,10x 3' v2,10x 3' v3,10x 3' v3 minus 10x 3' v2,stroma,Follicular Dendritic Cells (fDC),inferential,6,5,5,5,3,2,-0.1658985901604121,-0.09155102405567614,0.07434756610473597,0.0,0.0,0.0,0.2735018137193268,0,0,False,0.888880894587812
colon,assay,10x 3' v2,10x 3' v3,10x 3' v3 minus 10x 3' v2,stroma,Glia,inferential,6,5,5,5,3,2,-0.1658985901604121,0.34789389141156773,0.5137924815719799,0.0,0.0,0.0,0.03657119098071865,0,0,False,0.888880894587812
colon,assay,10x 3' v2,10x 3' v3,10x 3' v3 minus 10x 3' v2,stroma,Interstitial Cells of Cajal (ICC),inferential,6,5,5,5,3,2,-0.1658985901604121,-0.09155102405567614,0.07434756610473597,0.0,0.0,0.0,0.2735018137193268,0,0,False,0.888880894587812
colon,assay,10x 3' v2,10x 3' v3,10x 3' v3 minus 10x 3' v2,stroma,Lamina propria Fibroblasts (S1),inferential,6,5,5,5,3,2,0.30630363384895715,-0.09155102405567614,-0.39785465790463326,0.0,0.0,0.0,0.9207027575200437,0,0,False,0.9575308678208454
colon,assay,10x 3' v2,10x 3' v3,10x 3' v3 minus 10x 3' v2,stroma,Lymphatic Endothelial,inferential,6,5,5,5,3,2,0.20030550606229106,-0.09155102405567614,-0.2918565301179672,0.0,0.0,0.0,0.9207027575200437,0,0,False,0.9575308678208454
colon,assay,10x 3' v2,10x 3' v3,10x 3' v3 minus 10x 3' v2,stroma,Marginal Reticular Cells (MRC),inferential,6,5,5,5,3,2,0.01720345795093947,0.12817143367794587,0.1109679757270064,0.0,0.0,0.0,0.5027309569279292,0,0,False,0.9564149912287434
colon,assay,10x 3' v2,10x 3' v3,10x 3' v3 minus 10x 3' v2,stroma,Medullary Sinus Endothelial,inferential,6,5,5,5,3,2,-0.1658985901604121,-0.09155102405567614,0.07434756610473597,0.0,0.0,0.0,0.2735018137193268,0,0,False,0.888880894587812
colon,assay,10x 3' v2,10x 3' v3,10x 3' v3 minus 10x 3' v2,stroma,Mesenchymal Lymphoid Tissue Organizer Cells (mLTo Cells),inferential,6,5,5,5,3,2,-0.1658985901604121,-0.09155102405567614,0.07434756610473597,0.0,0.0,0.0,0.2735018137193268,0,0,False,0.888880894587812
colon,assay,10x 3' v2,10x 3' v3,10x 3' v3 minus 10x 3' v2,stroma,Muscularis Propria Fibroblasts,inferential,6,5,5,5,3,2,0.017203457950939544,-0.09155102405567614,-0.10875448200661568,0.0,0.0,0.0,0.5027309569279292,0,0,False,0.9564149912287434
colon,assay,10x 3' v2,10x 3' v3,10x 3' v3 minus 10x 3' v2,stroma,Myofibroblasts,inferential,6,5,5,5,3,2,0.10234106191193788,-0.09155102405567614,-0.19389208596761404,0.0,0.0,0.0,0.9207027575200437,0,0,False,0.9575308678208454
colon,assay,10x 3' v2,10x 3' v3,10x 3' v3 minus 10x 3' v2,stroma,Post Arteriole Capillary Endothelial (PAC),inferential,6,5,5,5,3,2,0.01720345795093947,0.12817143367794576,0.11096797572700628,0.0,0.0,0.0,0.2735018137193268,0,0,False,0.888880894587812
colon,assay,10x 3' v2,10x 3' v3,10x 3' v3 minus 10x 3' v2,stroma,Pre Venule Capillary Endothelial (PVC),inferential,6,5,5,5,3,2,-0.1658985901604121,-0.09155102405567614,0.07434756610473597,0.0,0.0,0.0,0.2735018137193268,0,0,False,0.888880894587812
colon,assay,10x 3' v2,10x 3' v3,10x 3' v3 minus 10x 3' v2,stroma,Secretory Pericytes,inferential,6,5,5,5,3,2,0.01720345795093947,-0.09155102405567614,-0.10875448200661561,0.0,0.0,0.0,0.7652104751907526,0,0,False,0.9575308678208454
colon,assay,10x 3' v2,10x 3' v3,10x 3' v3 minus 10x 3' v2,stroma,Smooth Muscle Cells (SMC),inferential,6,5,5,5,3,2,-0.1658985901604121,-0.09155102405567614,0.07434756610473597,0.0,0.0,0.0,0.2735018137193268,0,0,False,0.888880894587812
colon,assay,10x 3' v2,10x 3' v3,10x 3' v3 minus 10x 3' v2,stroma,Submucosal Fibroblasts (S3),inferential,6,5,5,5,3,2,0.0172034579509394,-0.09155102405567614,-0.10875448200661554,0.0,0.0,0.0,0.9207027575200437,0,0,False,0.9575308678208454
colon,assay,10x 3' v2,10x 3' v3,10x 3' v3 minus 10x 3' v2,stroma,Venular Endothelial,inferential,6,5,5,5,3,2,0.2854431100232895,0.12817143367794576,-0.15727167634534372,0.0,0.0,0.0,0.9207027575200437,0,0,False,0.9575308678208454
colon,sample_collection_method,biopsy,surgical resection,surgical resection minus biopsy,epithelial,BEST4 Colonocytes,inferential,16,13,14,11,4,5,0.5153611784196575,0.6363609251639732,0.1209997467443158,0.0,0.0,0.0,0.6415951720439169,0,0,False,0.8249080783421788
colon,sample_collection_method,biopsy,surgical resection,surgical resection minus biopsy,epithelial,BEST4 Enterocytes,inferential,16,13,14,11,4,5,0.1081916352401243,-0.17302721915179584,-0.2812188543919201,0.0,0.0,0.0,0.13712914707280166,0,0,False,0.6066958827273634
colon,sample_collection_method,biopsy,surgical resection,surgical resection minus biopsy,epithelial,Brunners Gland Cells,inferential,16,13,14,11,4,5,-0.1297247703705207,-0.04922430281071119,0.0805004675598095,0.0,0.0,0.0,0.5450454839221714,0,0,False,0.7745383192578226
colon,sample_collection_method,biopsy,surgical resection,surgical resection minus biopsy,epithelial,Colonocyte Progenitors,inferential,16,13,14,11,4,5,0.23137849983089537,0.3798694857801237,0.14849098594922833,0.0,0.0,0.0,0.6061746419446716,0,0,False,0.803192586712847
colon,sample_collection_method,biopsy,surgical resection,surgical resection minus biopsy,epithelial,Crypt Top Colonocytes,inferential,16,13,14,11,4,5,0.18217726630315034,0.053468086937930294,-0.12870917936522006,0.0,0.0,0.0,0.409605765257283,0,0,False,0.6912097288716651
colon,sample_collection_method,biopsy,surgical resection,surgical resection minus biopsy,epithelial,EEC Enterochromaffin (EC),inferential,16,13,14,11,4,5,-0.1297247703705207,-0.1730272191517959,-0.043302448781275205,0.0,0.0,0.0,0.736702898026406,0,0,False,0.864825141161433
colon,sample_collection_method,biopsy,surgical resection,surgical resection minus biopsy,epithelial,EEC L,inferential,16,13,14,11,4,5,-0.1297247703705207,-0.13373294040056585,-0.004008170030045166,0.0,0.0,0.0,0.736702898026406,0,0,False,0.864825141161433
colon,sample_collection_method,biopsy,surgical resection,surgical resection minus biopsy,epithelial,EEC N,inferential,16,13,14,11,4,5,-0.1297247703705207,-0.25753585674165047,-0.12781108637112978,0.0,0.0,0.0,0.2921128324242861,0,0,False,0.6066958827273634
colon,sample_collection_method,biopsy,surgical resection,surgical resection minus biopsy,epithelial,EEC Progenitors,inferential,16,13,14,11,4,5,0.07626503375474991,-0.17302721915179584,-0.24929225290654575,0.0,0.0,0.0,0.22379933361835824,0,0,False,0.6066958827273634
colon,sample_collection_method,biopsy,surgical resection,surgical resection minus biopsy,epithelial,EEC S,inferential,16,13,14,11,4,5,-0.1297247703705207,-0.25753585674165047,-0.12781108637112978,0.0,0.0,0.0,0.2921128324242861,0,0,False,0.6066958827273634
colon,sample_collection_method,biopsy,surgical resection,surgical resection minus biopsy,epithelial,Enterocyte Progenitors,inferential,16,13,14,11,4,5,-0.1297247703705207,-0.0885185815619413,0.04120618880857939,0.0,0.0,0.0,0.736702898026406,0,0,False,0.864825141161433
colon,sample_collection_method,biopsy,surgical resection,surgical resection minus biopsy,epithelial,Enteroendocrine Cells (EEC),inferential,16,13,14,11,4,5,-0.06106150232876384,-0.25753585674165047,-0.19647435441288663,0.0,0.0,0.0,0.12195378146936196,0,0,False,0.6066958827273634
colon,sample_collection_method,biopsy,surgical resection,surgical resection minus biopsy,epithelial,Epithelial,inferential,16,13,14,11,4,5,-0.06106150232876381,-0.25753585674165047,-0.19647435441288666,0.0,0.0,0.0,0.217644139749969,0,0,False,0.6066958827273634
colon,sample_collection_method,biopsy,surgical resection,surgical resection minus biopsy,epithelial,Foveolar Cells,inferential,16,13,14,11,4,5,-0.1297247703705207,-0.25753585674165047,-0.12781108637112978,0.0,0.0,0.0,0.2921128324242861,0,0,False,0.6066958827273634
colon,sample_collection_method,biopsy,surgical resection,surgical resection minus biopsy,epithelial,Goblet Cells,inferential,16,13,14,11,4,5,0.20878150476725554,0.618218601888333,0.40943709712107745,0.0,0.0,0.0,0.5161041542766645,0,0,False,0.7715743715743714
colon,sample_collection_method,biopsy,surgical resection,surgical resection minus biopsy,epithelial,Intestinal Stem Cells (ISC),inferential,16,13,14,11,4,5,0.06055788198719325,0.08945333606733795,0.028895454080144697,0.0,0.0,0.0,0.5156724228081317,0,0,False,0.7715743715743714
colon,sample_collection_method,biopsy,surgical resection,surgical resection minus biopsy,epithelial,Lower Crypt Colonocytes,inferential,16,13,14,11,4,5,0.27101387136134786,0.8508229478823044,0.5798090765209565,0.0,0.0,0.0,0.3580909422877494,0,0,False,0.6765879282008314
colon,sample_collection_method,biopsy,surgical resection,surgical resection minus biopsy,epithelial,Lower Villus Enterocytes,inferential,16,13,14,11,4,5,-0.1297247703705207,-0.25753585674165047,-0.12781108637112978,0.0,0.0,0.0,0.2921128324242861,0,0,False,0.6066958827273634
colon,sample_collection_method,biopsy,surgical resection,surgical resection minus biopsy,epithelial,Mature Goblet Cells,inferential,16,13,14,11,4,5,-0.1297247703705207,-0.25753585674165047,-0.12781108637112978,0.0,0.0,0.0,0.2921128324242861,0,0,False,0.6066958827273634
colon,sample_collection_method,biopsy,surgical resection,surgical resection minus biopsy,epithelial,Microfold Cells (M Cells),inferential,16,13,14,11,4,5,-0.06106150232876384,-0.25753585674165047,-0.19647435441288663,0.0,0.0,0.0,0.217644139749969,0,0,False,0.6066958827273634
colon,sample_collection_method,biopsy,surgical resection,surgical resection minus biopsy,epithelial,Mid Crypt Colonocytes,inferential,16,13,14,11,4,5,-0.029134900843389405,0.5153055536384333,0.5444404544818228,0.0,0.0,0.0,0.2720614414393532,0,0,False,0.6066958827273634
colon,sample_collection_method,biopsy,surgical resection,surgical resection minus biopsy,epithelial,Mid Villus Enterocytes,inferential,16,13,14,11,4,5,0.06055788198719325,-0.25753585674165047,-0.3180937387288437,0.0,0.0,0.0,0.07659843201414894,0,0,False,0.6066958827273634
colon,sample_collection_method,biopsy,surgical resection,surgical resection minus biopsy,epithelial,Paneth Cells,inferential,16,13,14,11,4,5,-0.1297247703705207,-0.25753585674165047,-0.12781108637112978,0.0,0.0,0.0,0.2921128324242861,0,0,False,0.6066958827273634
colon,sample_collection_method,biopsy,surgical resection,surgical resection minus biopsy,epithelial,Secretory Progenitors,inferential,16,13,14,11,4,5,-0.1297247703705207,0.17727100327901496,0.3069957736495357,0.0,0.0,0.0,0.33512687514143236,0,0,False,0.6702537502828647
colon,sample_collection_method,biopsy,surgical resection,surgical resection minus biopsy,epithelial,Transiently Amplifying Cells (TA),inferential,16,13,14,11,4,5,0.03952836719836744,-0.004009943972086683,-0.043538311170454126,0.0,0.0,0.0,0.9107645341282173,0,0,False,0.9643389184887008
colon,sample_collection_method,biopsy,surgical resection,surgical resection minus biopsy,epithelial,Tuft Cells,inferential,16,13,14,11,4,5,-0.1297247703705207,0.18689893735239996,0.31662370772292064,0.0,0.0,0.0,0.736702898026406,0,0,False,0.864825141161433
colon,sample_collection_method,biopsy,surgical resection,surgical resection minus biopsy,epithelial,Tuft Progenitors,inferential,16,13,14,11,4,5,-0.06106150232876381,-0.004009943972086649,0.05705155835667716,0.0,0.0,0.0,0.6098314084301246,0,0,False,0.803192586712847
colon,sample_collection_method,biopsy,surgical resection,surgical resection minus biopsy,epithelial,Villus Tip Enterocytes,inferential,16,13,14,11,4,5,0.07626503375474988,-0.13373294040056585,-0.20999797415531574,0.0,0.0,0.0,0.2529732656807002,0,0,False,0.6066958827273634
colon,sample_collection_method,biopsy,surgical resection,surgical resection minus biopsy,lymphoid,CD4 Memory,inferential,9,6,8,5,3,3,0.565500261715724,0.13432553215591425,-0.43117472955980973,6.666666666666667,0.0,-6.666666666666667,0.45594405594405585,0,0,False,0.7241464417935004
colon,sample_collection_method,biopsy,surgical resection,surgical resection minus biopsy,lymphoid,CD4 Naive,inferential,9,6,8,5,3,3,-0.3112727067441559,-0.2843920718401049,0.026880634904051015,0.0,0.0,0.0,0.2721278721278721,0,0,False,0.6066958827273634
colon,sample_collection_method,biopsy,surgical resection,surgical resection minus biopsy,lymphoid,CD4 Tfh,inferential,9,6,8,5,3,3,-0.3660380315307474,-0.14317576177557098,0.2228622697551764,0.0,0.0,0.0,0.7756243756243756,0,0,False,0.8725774225774225
colon,sample_collection_method,biopsy,surgical resection,surgical resection minus biopsy,lymphoid,CD4 Tfr,inferential,9,6,8,5,3,3,-0.7890005303941163,-0.46749411995145645,0.3215064104426599,0.0,0.0,0.0,0.1134865134865135,0,0,False,0.6066958827273634
colon,sample_collection_method,biopsy,surgical resection,surgical resection minus biopsy,lymphoid,CD4 Th17,inferential,9,6,8,5,3,3,0.4649952615562341,0.5064299495537702,0.04143468799753608,3.7735849056603774,0.0,-3.7735849056603774,0.7756243756243756,0,0,False,0.8725774225774225
colon,sample_collection_method,biopsy,surgical resection,surgical resection minus biopsy,lymphoid,CD4 Tr1,inferential,9,6,8,5,3,3,-0.9110685624683507,-0.46749411995145645,0.4435744425168942,0.0,0.0,0.0,0.017582417582417582,0,0,False,0.47472527472527476
colon,sample_collection_method,biopsy,surgical resection,surgical resection minus biopsy,lymphoid,CD4 pTreg,inferential,9,6,8,5,3,3,-0.6669324983198819,0.3081659384081308,0.9750984367280127,0.0,0.0,0.0,0.04955044955044956,0,0,False,0.6066958827273634
colon,sample_collection_method,biopsy,surgical resection,surgical resection minus biopsy,lymphoid,CD4 tTreg,inferential,9,6,8,5,3,3,-0.5448644662456474,-0.2843920718401049,0.26047239440554254,0.0,0.0,0.0,0.45594405594405585,0,0,False,0.7241464417935004
colon,sample_collection_method,biopsy,surgical resection,surgical resection minus biopsy,lymphoid,CD8 Circulating Effector Memory,inferential,9,6,8,5,3,3,0.21129958151676576,0.16694962834359664,-0.044349953173169115,3.3333333333333335,0.847457627118644,-2.4858757062146895,1.0,0,0,False,1.0
colon,sample_collection_method,biopsy,surgical resection,surgical resection minus biopsy,lymphoid,CD8 Effector Memory,inferential,9,6,8,5,3,3,0.1425174472494077,0.03992628633578069,-0.10259116091362702,3.3333333333333335,0.0,-3.3333333333333335,0.9546453546453546,0,0,False,0.9726575311480972
colon,sample_collection_method,biopsy,surgical resection,surgical resection minus biopsy,lymphoid,CD8 IEL,inferential,9,6,8,5,3,3,0.8872376958633978,0.6278863038308782,-0.25935139203251967,1.8867924528301887,5.813953488372093,3.927161035541904,0.5286713286713286,0,0,False,0.7715743715743714
colon,sample_collection_method,biopsy,surgical resection,surgical resection minus biopsy,lymphoid,CD8 Memory Exhausted,inferential,9,6,8,5,3,3,-0.7322421277534507,-0.10129002372875329,0.6309521040246974,0.0,0.0,0.0,0.03596403596403597,0,0,False,0.6066958827273634
colon,sample_collection_method,biopsy,surgical resection,surgical resection minus biopsy,lymphoid,CD8 Naive,inferential,9,6,8,5,3,3,-0.6101740956792162,-0.46749411995145645,0.14267997572775976,0.0,0.0,0.0,0.38841158841158835,0,0,False,0.6765879282008314
colon,sample_collection_method,biopsy,surgical resection,surgical resection minus biopsy,lymphoid,CD8 TRM,inferential,9,6,8,5,3,3,0.6114169769747032,-0.46749411995145645,-1.0789110969261597,3.7735849056603774,0.0,-3.7735849056603774,0.011988011988011988,0,0,False,0.47472527472527476
colon,sample_collection_method,biopsy,surgical resection,surgical resection minus biopsy,lymphoid,GC B Dark Zone (GC B DZ),inferential,9,6,8,5,3,3,0.8021573497193076,0.3290264622337984,-0.47313088748550924,5.0,0.0,-5.0,0.38841158841158835,0,0,False,0.6765879282008314
colon,sample_collection_method,biopsy,surgical resection,surgical resection minus biopsy,lymphoid,GC B Light Zone (GC B LZ),inferential,9,6,8,5,3,3,0.5311106011458653,0.4061303825584838,-0.12498021858738145,4.25531914893617,1.9230769230769231,-2.332242225859247,0.8639360639360639,0,0,False,0.933050949050949
colon,sample_collection_method,biopsy,surgical resection,surgical resection minus biopsy,lymphoid,Gamma Delta T Cells,inferential,9,6,8,5,3,3,-0.1434291425444372,-0.46749411995145645,-0.32406497740701923,0.0,0.0,0.0,0.606993006993007,0,0,False,0.803192586712847
colon,sample_collection_method,biopsy,surgical resection,surgical resection minus biopsy,lymphoid,ILC3,inferential,9,6,8,5,3,3,-0.5448644662456474,-0.46749411995145645,0.07737034629419098,0.0,0.0,0.0,0.1134865134865135,0,0,False,0.6066958827273634
colon,sample_collection_method,biopsy,surgical resection,surgical resection minus biopsy,lymphoid,MAIT Cells,inferential,9,6,8,5,3,3,-0.2598700931943656,-0.2843920718401049,-0.024521978645739295,0.0,0.0,0.0,0.9546453546453546,0,0,False,0.9726575311480972
colon,sample_collection_method,biopsy,surgical resection,surgical resection minus biopsy,lymphoid,Memory B,inferential,9,6,8,5,3,3,0.9437989046714933,0.08181202438259823,-0.861986880288895,6.666666666666667,0.0,-6.666666666666667,0.181018981018981,0,0,False,0.6066958827273634
colon,sample_collection_method,biopsy,surgical resection,surgical resection minus biopsy,lymphoid,NK Cells,inferential,9,6,8,5,3,3,-0.400499690231174,-0.46749411995145645,-0.06699442972028247,0.0,0.0,0.0,0.8639360639360639,0,0,False,0.933050949050949
colon,sample_collection_method,biopsy,surgical resection,surgical resection minus biopsy,lymphoid,NKT Cells,inferential,9,6,8,5,3,3,-0.24396999945651293,0.4480161206053015,0.6919861200618145,0.0,7.412790697674419,7.412790697674419,0.181018981018981,0,0,False,0.6066958827273634
colon,sample_collection_method,biopsy,surgical resection,surgical resection minus biopsy,lymphoid,Naive B,inferential,9,6,8,5,3,3,0.7632229336676415,-0.04000256037453368,-0.8032254940421751,6.382978723404255,0.0,-6.382978723404255,0.181018981018981,0,0,False,0.6066958827273634
colon,sample_collection_method,biopsy,surgical resection,surgical resection minus biopsy,lymphoid,Plasma Cells,inferential,9,6,8,5,3,3,0.4675505080012481,-0.28439207184010495,-0.751942579841353,1.694915254237288,0.0,-1.694915254237288,0.22377622377622375,0,0,False,0.6066958827273634
colon,sample_collection_method,biopsy,surgical resection,surgical resection minus biopsy,lymphoid,Plasma IGA,inferential,9,6,8,5,3,3,0.5562153228973263,1.3196253086430687,0.7634099857457424,4.25531914893617,39.74358974358974,35.48827059465357,0.38841158841158835,0,0,False,0.6765879282008314
colon,sample_collection_method,biopsy,surgical resection,surgical resection minus biopsy,lymphoid,Plasma IGG,inferential,9,6,8,5,3,3,-0.422796434171413,0.3262015358481694,0.7489979700195823,0.0,1.1627906976744187,1.1627906976744187,0.1134865134865135,0,0,False,0.6066958827273634
colon,sample_collection_method,biopsy,surgical resection,surgical resection minus biopsy,myeloid,Classical Monocytes,descriptive,4,4,4,4,3,4,-0.10179238579488381,0.12136323534082605,0.22315562113570986,0.0,0.0,0.0,,0,0,False,
colon,sample_collection_method,biopsy,surgical resection,surgical resection minus biopsy,myeloid,Cycling Macrophages,descriptive,4,4,4,4,3,4,-0.10179238579488381,0.12136323534082605,0.22315562113570986,0.0,0.0,0.0,,0,0,False,
colon,sample_collection_method,biopsy,surgical resection,surgical resection minus biopsy,myeloid,Eosinophils,descriptive,4,4,4,4,3,4,0.7029265704221663,-0.15328983682620145,-0.8562164072483678,33.33333333333333,0.0,-33.33333333333333,,0,0,False,
colon,sample_collection_method,biopsy,surgical resection,surgical resection minus biopsy,myeloid,Follicle Associated Resident Macrophages,descriptive,4,4,4,4,3,4,0.17286068637214352,-0.15328983682620145,-0.326150523198345,0.0,0.0,0.0,,0,0,False,
colon,sample_collection_method,biopsy,surgical resection,surgical resection minus biopsy,myeloid,Homeostatic Macrophages,descriptive,4,4,4,4,3,4,-0.10179238579488381,-0.15328983682620145,-0.05149745103131764,0.0,0.0,0.0,,0,0,False,
colon,sample_collection_method,biopsy,surgical resection,surgical resection minus biopsy,myeloid,M0 Macrophages,descriptive,4,4,4,4,3,4,-0.10179238579488381,0.12136323534082605,0.22315562113570986,0.0,0.0,0.0,,0,0,False,
colon,sample_collection_method,biopsy,surgical resection,surgical resection minus biopsy,myeloid,Mast Cells,descriptive,4,4,4,4,3,4,-0.10179238579488381,0.24906964128232367,0.3508620270772075,0.0,0.0,0.0,,0,0,False,
colon,sample_collection_method,biopsy,surgical resection,surgical resection minus biopsy,myeloid,Monocyte Derived Dendritic Cells (MO DC),descriptive,4,4,4,4,3,4,-0.10179238579488381,-0.15328983682620145,-0.05149745103131764,0.0,0.0,0.0,,0,0,False,
colon,sample_collection_method,biopsy,surgical resection,surgical resection minus biopsy,myeloid,Neutrophils,descriptive,4,4,4,4,3,4,-0.10179238579488381,-0.15328983682620145,-0.05149745103131764,0.0,0.0,0.0,,0,0,False,
colon,sample_collection_method,biopsy,surgical resection,surgical resection minus biopsy,myeloid,Nonclassical Monocytes,descriptive,4,4,4,4,3,4,-0.10179238579488381,-0.15328983682620145,-0.05149745103131764,0.0,0.0,0.0,,0,0,False,
colon,sample_collection_method,biopsy,surgical resection,surgical resection minus biopsy,myeloid,Perivascular Resident Macrophages,descriptive,4,4,4,4,3,4,-0.10179238579488381,0.12136323534082605,0.22315562113570986,0.0,0.0,0.0,,0,0,False,
colon,sample_collection_method,biopsy,surgical resection,surgical resection minus biopsy,myeloid,Tolerogenic cDC2,descriptive,4,4,4,4,3,4,-0.10179238579488381,-0.15328983682620145,-0.05149745103131764,0.0,0.0,0.0,,0,0,False,
colon,sample_collection_method,biopsy,surgical resection,surgical resection minus biopsy,myeloid,cDC1,descriptive,4,4,4,4,3,4,0.4475137585391712,-0.15328983682620145,-0.6008035953653726,50.0,0.0,-50.0,,0,0,False,
colon,sample_collection_method,biopsy,surgical resection,surgical resection minus biopsy,myeloid,cDC2,descriptive,4,4,4,4,3,4,-0.10179238579488381,0.5237227134493512,0.625515099244235,0.0,14.285714285714285,14.285714285714285,,0,0,False,
colon,sample_collection_method,biopsy,surgical resection,surgical resection minus biopsy,myeloid,migDC,descriptive,4,4,4,4,3,4,-0.10179238579488381,0.12136323534082605,0.22315562113570986,0.0,0.0,0.0,,0,0,False,
colon,sample_collection_method,biopsy,surgical resection,surgical resection minus biopsy,myeloid,pDC,descriptive,4,4,4,4,3,4,-0.10179238579488381,-0.15328983682620145,-0.05149745103131764,0.0,0.0,0.0,,0,0,False,
colon,sample_collection_method,biopsy,surgical resection,surgical resection minus biopsy,stroma,Adipocytes,descriptive,7,4,7,3,3,2,-0.10113101162968872,-0.1863073949582581,-0.08517638332856937,0.0,0.0,0.0,,0,0,False,
colon,sample_collection_method,biopsy,surgical resection,surgical resection minus biopsy,stroma,Angiogenic Pericytes,descriptive,7,4,7,3,3,2,0.05581360103718407,-0.1863073949582581,-0.24212099599544218,0.0,0.0,0.0,,0,0,False,
colon,sample_collection_method,biopsy,surgical resection,surgical resection minus biopsy,stroma,Arteriolar Endothelial,descriptive,7,4,7,3,3,2,0.05581360103718407,0.0883456772087694,0.03253207617158533,0.0,0.0,0.0,,0,0,False,
colon,sample_collection_method,biopsy,surgical resection,surgical resection minus biopsy,stroma,Capillary Endothelial,descriptive,7,4,7,3,3,2,-0.10113101162968872,-0.1863073949582581,-0.08517638332856937,0.0,0.0,0.0,,0,0,False,
colon,sample_collection_method,biopsy,surgical resection,surgical resection minus biopsy,stroma,Contractile Pericytes,descriptive,7,4,7,3,3,2,-0.10113101162968872,0.5748232144725975,0.6759542261022863,0.0,7.5,7.5,,0,0,False,
colon,sample_collection_method,biopsy,surgical resection,surgical resection minus biopsy,stroma,Crypt Bottom Fibroblasts (S2A),descriptive,7,4,7,3,3,2,0.6835920517046754,-0.1863073949582581,-0.8698994466629335,50.0,0.0,-50.0,,0,0,False,
colon,sample_collection_method,biopsy,surgical resection,surgical resection minus biopsy,stroma,Crypt Top Fibroblasts (S2B),descriptive,7,4,7,3,3,2,-0.10113101162968872,-0.1863073949582581,-0.08517638332856937,0.0,0.0,0.0,,0,0,False,
colon,sample_collection_method,biopsy,surgical resection,surgical resection minus biopsy,stroma,Fibroblastic Reticular Cells (FRC),descriptive,7,4,7,3,3,2,0.28573330281348414,-0.1863073949582581,-0.47204069777174223,0.0,0.0,0.0,,0,0,False,
colon,sample_collection_method,biopsy,surgical resection,surgical resection minus biopsy,stroma,Follicular Dendritic Cells (fDC),descriptive,7,4,7,3,3,2,-0.10113101162968872,-0.1863073949582581,-0.08517638332856937,0.0,0.0,0.0,,0,0,False,
colon,sample_collection_method,biopsy,surgical resection,surgical resection minus biopsy,stroma,Glia,descriptive,7,4,7,3,3,2,0.2127582137040569,-0.1863073949582581,-0.399065608662315,0.0,0.0,0.0,,0,0,False,
colon,sample_collection_method,biopsy,surgical resection,surgical resection minus biopsy,stroma,Interstitial Cells of Cajal (ICC),descriptive,7,4,7,3,3,2,-0.10113101162968872,-0.1863073949582581,-0.08517638332856937,0.0,0.0,0.0,,0,0,False,
colon,sample_collection_method,biopsy,surgical resection,surgical resection minus biopsy,stroma,Lamina propria Fibroblasts (S1),descriptive,7,4,7,3,3,2,-0.10113101162968872,0.5219959410557958,0.6231269526854846,0.0,0.0,0.0,,0,0,False,
colon,sample_collection_method,biopsy,surgical resection,surgical resection minus biopsy,stroma,Lymphatic Endothelial,descriptive,7,4,7,3,3,2,-0.10113101162968872,0.3629987493757967,0.4641297610054854,0.0,0.0,0.0,,0,0,False,
colon,sample_collection_method,biopsy,surgical resection,surgical resection minus biopsy,stroma,Marginal Reticular Cells (MRC),descriptive,7,4,7,3,3,2,0.21275821370405693,-0.1863073949582581,-0.399065608662315,0.0,0.0,0.0,,0,0,False,
colon,sample_collection_method,biopsy,surgical resection,surgical resection minus biopsy,stroma,Medullary Sinus Endothelial,descriptive,7,4,7,3,3,2,-0.10113101162968872,-0.1863073949582581,-0.08517638332856937,0.0,0.0,0.0,,0,0,False,
colon,sample_collection_method,biopsy,surgical resection,surgical resection minus biopsy,stroma,Mesenchymal Lymphoid Tissue Organizer Cells (mLTo Cells),descriptive,7,4,7,3,3,2,-0.10113101162968872,-0.1863073949582581,-0.08517638332856937,0.0,0.0,0.0,,0,0,False,
colon,sample_collection_method,biopsy,surgical resection,surgical resection minus biopsy,stroma,Muscularis Propria Fibroblasts,descriptive,7,4,7,3,3,2,-0.10113101162968872,0.0883456772087694,0.18947668883845814,0.0,0.0,0.0,,0,0,False,
colon,sample_collection_method,biopsy,surgical resection,surgical resection minus biopsy,stroma,Myofibroblasts,descriptive,7,4,7,3,3,2,-0.10113101162968872,0.21605208315026692,0.31718309477995565,0.0,0.0,0.0,,0,0,False,
colon,sample_collection_method,biopsy,surgical resection,surgical resection minus biopsy,stroma,Post Arteriole Capillary Endothelial (PAC),descriptive,7,4,7,3,3,2,0.05581360103718407,0.08834567720876929,0.03253207617158522,0.0,0.0,0.0,,0,0,False,
colon,sample_collection_method,biopsy,surgical resection,surgical resection minus biopsy,stroma,Pre Venule Capillary Endothelial (PVC),descriptive,7,4,7,3,3,2,-0.10113101162968872,-0.1863073949582581,-0.08517638332856937,0.0,0.0,0.0,,0,0,False,
colon,sample_collection_method,biopsy,surgical resection,surgical resection minus biopsy,stroma,Secretory Pericytes,descriptive,7,4,7,3,3,2,-0.10113101162968872,0.08834567720876929,0.18947668883845803,0.0,0.0,0.0,,0,0,False,
colon,sample_collection_method,biopsy,surgical resection,surgical resection minus biopsy,stroma,Smooth Muscle Cells (SMC),descriptive,7,4,7,3,3,2,-0.10113101162968872,-0.1863073949582581,-0.08517638332856937,0.0,0.0,0.0,,0,0,False,
colon,sample_collection_method,biopsy,surgical resection,surgical resection minus biopsy,stroma,Submucosal Fibroblasts (S3),descriptive,7,4,7,3,3,2,-0.10113101162968872,0.08834567720876918,0.18947668883845792,0.0,0.0,0.0,,0,0,False,
colon,sample_collection_method,biopsy,surgical resection,surgical resection minus biopsy,stroma,Venular Endothelial,descriptive,7,4,7,3,3,2,0.05581360103718407,0.4907051553172943,0.4348915542801102,0.0,5.0,5.0,,0,0,False,
colon,sequenced_fragment,3 prime tag,5 prime tag,5 prime tag minus 3 prime tag,epithelial,BEST4 Colonocytes,descriptive,25,4,21,4,6,3,0.6230721282337972,0.2354169190003106,-0.3876552092334866,0.0,0.0,0.0,,0,0,False,
colon,sequenced_fragment,3 prime tag,5 prime tag,5 prime tag minus 3 prime tag,epithelial,BEST4 Enterocytes,descriptive,25,4,21,4,6,3,-0.05839821444530398,0.2354169190003106,0.29381513344561455,0.0,0.0,0.0,,0,0,False,
colon,sequenced_fragment,3 prime tag,5 prime tag,5 prime tag minus 3 prime tag,epithelial,Brunners Gland Cells,descriptive,25,4,21,4,6,3,-0.10234270599202835,-0.039236153166716914,0.06310655282531144,0.0,0.0,0.0,,0,0,False,
colon,sequenced_fragment,3 prime tag,5 prime tag,5 prime tag minus 3 prime tag,epithelial,Colonocyte Progenitors,descriptive,25,4,21,4,6,3,0.3518921570041121,-0.039236153166716914,-0.391128310170829,0.0,0.0,0.0,,0,0,False,
colon,sequenced_fragment,3 prime tag,5 prime tag,5 prime tag minus 3 prime tag,epithelial,Crypt Top Colonocytes,descriptive,25,4,21,4,6,3,0.10673014860169028,0.2354169190003106,0.1286867703986203,0.0,0.0,0.0,,0,0,False,
colon,sequenced_fragment,3 prime tag,5 prime tag,5 prime tag minus 3 prime tag,epithelial,EEC Enterochromaffin (EC),descriptive,25,4,21,4,6,3,-0.16672022248939236,-0.039236153166716914,0.12748406932267545,0.0,0.0,0.0,,0,0,False,
colon,sequenced_fragment,3 prime tag,5 prime tag,5 prime tag minus 3 prime tag,epithelial,EEC L,descriptive,25,4,21,4,6,3,-0.14628719753875277,-0.039236153166716914,0.10705104437203586,0.0,0.0,0.0,,0,0,False,
colon,sequenced_fragment,3 prime tag,5 prime tag,5 prime tag minus 3 prime tag,epithelial,EEC N,descriptive,25,4,21,4,6,3,-0.21066471403611678,-0.039236153166716914,0.17142856086939987,0.0,0.0,0.0,,0,0,False,
colon,sequenced_fragment,3 prime tag,5 prime tag,5 prime tag minus 3 prime tag,epithelial,EEC Progenitors,descriptive,25,4,21,4,6,3,-0.03488674784921919,-0.039236153166716914,-0.004349405317497723,0.0,0.0,0.0,,0,0,False,
colon,sequenced_fragment,3 prime tag,5 prime tag,5 prime tag minus 3 prime tag,epithelial,EEC S,descriptive,25,4,21,4,6,3,-0.21066471403611678,-0.039236153166716914,0.17142856086939987,0.0,0.0,0.0,,0,0,False,
colon,sequenced_fragment,3 prime tag,5 prime tag,5 prime tag minus 3 prime tag,epithelial,Enterocyte Progenitors,descriptive,25,4,21,4,6,3,-0.12277573094266801,-0.039236153166716914,0.0835395777759511,0.0,0.0,0.0,,0,0,False,
colon,sequenced_fragment,3 prime tag,5 prime tag,5 prime tag minus 3 prime tag,epithelial,Enteroendocrine Cells (EEC),descriptive,25,4,21,4,6,3,-0.16672022248939236,-0.039236153166716914,0.12748406932267545,0.0,0.0,0.0,,0,0,False,
colon,sequenced_fragment,3 prime tag,5 prime tag,5 prime tag minus 3 prime tag,epithelial,Epithelial,descriptive,25,4,21,4,6,3,-0.16672022248939236,-0.039236153166716914,0.12748406932267545,0.0,0.0,0.0,,0,0,False,
colon,sequenced_fragment,3 prime tag,5 prime tag,5 prime tag minus 3 prime tag,epithelial,Foveolar Cells,descriptive,25,4,21,4,6,3,-0.21066471403611678,-0.039236153166716914,0.17142856086939987,0.0,0.0,0.0,,0,0,False,
colon,sequenced_fragment,3 prime tag,5 prime tag,5 prime tag minus 3 prime tag,epithelial,Goblet Cells,descriptive,25,4,21,4,6,3,0.4613716205396514,-0.039236153166716914,-0.5006077737063683,0.0,0.0,0.0,,0,0,False,
colon,sequenced_fragment,3 prime tag,5 prime tag,5 prime tag minus 3 prime tag,epithelial,Intestinal Stem Cells (ISC),descriptive,25,4,21,4,6,3,0.09155056373349411,-0.039236153166716914,-0.13078671690021104,0.0,0.0,0.0,,0,0,False,
colon,sequenced_fragment,3 prime tag,5 prime tag,5 prime tag minus 3 prime tag,epithelial,Lower Crypt Colonocytes,descriptive,25,4,21,4,6,3,0.6221545950767355,-0.039236153166716914,-0.6613907482434525,0.0,0.0,0.0,,0,0,False,
colon,sequenced_fragment,3 prime tag,5 prime tag,5 prime tag minus 3 prime tag,epithelial,Lower Villus Enterocytes,descriptive,25,4,21,4,6,3,-0.21066471403611678,-0.039236153166716914,0.17142856086939987,0.0,0.0,0.0,,0,0,False,
colon,sequenced_fragment,3 prime tag,5 prime tag,5 prime tag minus 3 prime tag,epithelial,Mature Goblet Cells,descriptive,25,4,21,4,6,3,-0.21066471403611678,-0.039236153166716914,0.17142856086939987,0.0,0.0,0.0,,0,0,False,
colon,sequenced_fragment,3 prime tag,5 prime tag,5 prime tag minus 3 prime tag,epithelial,Microfold Cells (M Cells),descriptive,25,4,21,4,6,3,-0.16672022248939236,-0.039236153166716914,0.12748406932267545,0.0,0.0,0.0,,0,0,False,
colon,sequenced_fragment,3 prime tag,5 prime tag,5 prime tag minus 3 prime tag,epithelial,Mid Crypt Colonocytes,descriptive,25,4,21,4,6,3,0.25559033585889085,-0.039236153166716914,-0.29482648902560776,0.0,0.0,0.0,,0,0,False,
colon,sequenced_fragment,3 prime tag,5 prime tag,5 prime tag minus 3 prime tag,epithelial,Mid Villus Enterocytes,descriptive,25,4,21,4,6,3,-0.08888381652717986,-0.039236153166716914,0.049647663360462946,0.0,0.0,0.0,,0,0,False,
colon,sequenced_fragment,3 prime tag,5 prime tag,5 prime tag minus 3 prime tag,epithelial,Paneth Cells,descriptive,25,4,21,4,6,3,-0.21066471403611678,-0.039236153166716914,0.17142856086939987,0.0,0.0,0.0,,0,0,False,
colon,sequenced_fragment,3 prime tag,5 prime tag,5 prime tag minus 3 prime tag,epithelial,Secretory Progenitors,descriptive,25,4,21,4,6,3,0.01543485317462924,-0.039236153166716914,-0.054671006341346154,0.0,0.0,0.0,,0,0,False,
colon,sequenced_fragment,3 prime tag,5 prime tag,5 prime tag minus 3 prime tag,epithelial,Transiently Amplifying Cells (TA),descriptive,25,4,21,4,6,3,0.029490768648144795,-0.039236153166716914,-0.0687269218148617,0.0,0.0,0.0,,0,0,False,
colon,sequenced_fragment,3 prime tag,5 prime tag,5 prime tag minus 3 prime tag,epithelial,Tuft Cells,descriptive,25,4,21,4,6,3,0.020441378892789467,-0.039236153166716914,-0.05967753205950638,0.0,0.0,0.0,,0,0,False,
colon,sequenced_fragment,3 prime tag,5 prime tag,5 prime tag minus 3 prime tag,epithelial,Tuft Progenitors,descriptive,25,4,21,4,6,3,-0.0788312393959436,0.2354169190003106,0.3142481583962542,0.0,0.0,0.0,,0,0,False,
colon,sequenced_fragment,3 prime tag,5 prime tag,5 prime tag minus 3 prime tag,epithelial,Villus Tip Enterocytes,descriptive,25,4,21,4,6,3,-0.014453722898579607,-0.039236153166716914,-0.024782430268137305,0.0,0.0,0.0,,0,0,False,
colon,sequenced_fragment,3 prime tag,5 prime tag,5 prime tag minus 3 prime tag,lymphoid,CD4 Memory,descriptive,12,3,10,3,4,2,0.3399365282207996,0.605405736575802,0.2654692083550024,0.0,8.47457627118644,8.47457627118644,,0,0,False,
colon,sequenced_fragment,3 prime tag,5 prime tag,5 prime tag minus 3 prime tag,lymphoid,CD4 Naive,descriptive,12,3,10,3,4,2,-0.32717739405558904,-0.19389268769032153,0.1332847063652675,0.0,0.0,0.0,,0,0,False,
colon,sequenced_fragment,3 prime tag,5 prime tag,5 prime tag minus 3 prime tag,lymphoid,CD4 Tfh,descriptive,12,3,10,3,4,2,-0.2180172788609793,-0.5123965026994669,-0.2943792238384876,0.0,0.0,0.0,,0,0,False,
colon,sequenced_fragment,3 prime tag,5 prime tag,5 prime tag minus 3 prime tag,lymphoid,CD4 Tfr,descriptive,12,3,10,3,4,2,-0.5632785060602736,-1.048875806844167,-0.4855973007838934,0.0,0.0,0.0,,0,0,False,
colon,sequenced_fragment,3 prime tag,5 prime tag,5 prime tag minus 3 prime tag,lymphoid,CD4 Th17,descriptive,12,3,10,3,4,2,0.7020211935671598,-0.400239090492396,-1.1022602840595557,3.6725067385444743,0.0,-3.6725067385444743,,0,0,False,
colon,sequenced_fragment,3 prime tag,5 prime tag,5 prime tag minus 3 prime tag,lymphoid,CD4 Tr1,descriptive,12,3,10,3,4,2,-0.6548295301159494,-1.048875806844167,-0.3940462767282177,0.0,0.0,0.0,,0,0,False,
colon,sequenced_fragment,3 prime tag,5 prime tag,5 prime tag minus 3 prime tag,lymphoid,CD4 pTreg,descriptive,12,3,10,3,4,2,-0.17544847688048001,-0.6826717106214639,-0.5072232337409839,0.0,0.0,0.0,,0,0,False,
colon,sequenced_fragment,3 prime tag,5 prime tag,5 prime tag minus 3 prime tag,lymphoid,CD4 tTreg,descriptive,12,3,10,3,4,2,-0.47172748200459785,-0.31646761439876075,0.1552598676058371,0.0,1.694915254237288,1.694915254237288,,0,0,False,
colon,sequenced_fragment,3 prime tag,5 prime tag,5 prime tag minus 3 prime tag,lymphoid,CD8 Circulating Effector Memory,descriptive,12,3,10,3,4,2,0.37004862598423943,-0.5123965026994669,-0.8824451286837063,2.106186924089513,0.0,-2.106186924089513,,0,0,False,
colon,sequenced_fragment,3 prime tag,5 prime tag,5 prime tag minus 3 prime tag,lymphoid,CD8 Effector Memory,descriptive,12,3,10,3,4,2,0.0012401511361942823,0.5024443098750074,0.5012041587388132,0.0,5.084745762711865,5.084745762711865,,0,0,False,
colon,sequenced_fragment,3 prime tag,5 prime tag,5 prime tag minus 3 prime tag,lymphoid,CD8 IEL,descriptive,12,3,10,3,4,2,0.8586637213461469,0.4828308098673628,-0.37583291147878406,2.007226013649137,1.694915254237288,-0.31231075941184905,,0,0,False,
colon,sequenced_fragment,3 prime tag,5 prime tag,5 prime tag minus 3 prime tag,lymphoid,CD8 Memory Exhausted,descriptive,12,3,10,3,4,2,-0.33760765596842285,-1.048875806844167,-0.7112681508757441,0.0,0.0,0.0,,0,0,False,
colon,sequenced_fragment,3 prime tag,5 prime tag,5 prime tag minus 3 prime tag,lymphoid,CD8 Naive,descriptive,12,3,10,3,4,2,-0.5207097040797745,-0.6826717106214639,-0.16196200654168946,0.0,0.0,0.0,,0,0,False,
colon,sequenced_fragment,3 prime tag,5 prime tag,5 prime tag minus 3 prime tag,lymphoid,CD8 TRM,descriptive,12,3,10,3,4,2,0.23332442132272238,-0.034034994269692774,-0.26735941559241516,0.8333333333333334,1.694915254237288,0.8615819209039547,,0,0,False,
colon,sequenced_fragment,3 prime tag,5 prime tag,5 prime tag minus 3 prime tag,lymphoid,GC B Dark Zone (GC B DZ),descriptive,12,3,10,3,4,2,0.5385388799691184,0.910369453749046,0.37183057377992756,3.1746031746031744,5.084745762711865,1.9101425881086906,,0,0,False,
colon,sequenced_fragment,3 prime tag,5 prime tag,5 prime tag minus 3 prime tag,lymphoid,GC B Light Zone (GC B LZ),descriptive,12,3,10,3,4,2,0.22139935101933292,1.5199951644772318,1.298595813457899,1.3888888888888888,10.16949152542373,8.78060263653484,,0,0,False,
colon,sequenced_fragment,3 prime tag,5 prime tag,5 prime tag minus 3 prime tag,lymphoid,Gamma Delta T Cells,descriptive,12,3,10,3,4,2,-0.2789245712395452,-0.24957738257804354,0.029347188661501683,0.0,0.0,0.0,,0,0,False,
colon,sequenced_fragment,3 prime tag,5 prime tag,5 prime tag minus 3 prime tag,lymphoid,ILC3,descriptive,12,3,10,3,4,2,-0.6548295301159494,0.0497364818239426,0.704566011939892,0.0,0.0,0.0,,0,0,False,
colon,sequenced_fragment,3 prime tag,5 prime tag,5 prime tag minus 3 prime tag,lymphoid,MAIT Cells,descriptive,12,3,10,3,4,2,-0.16643067816046064,-0.6826717106214639,-0.5162410324610033,0.0,0.0,0.0,,0,0,False,
colon,sequenced_fragment,3 prime tag,5 prime tag,5 prime tag minus 3 prime tag,lymphoid,Memory B,descriptive,12,3,10,3,4,2,0.44004206511481553,1.234852502320414,0.7948104372055984,0.8333333333333334,6.779661016949152,5.946327683615819,,0,0,False,
colon,sequenced_fragment,3 prime tag,5 prime tag,5 prime tag minus 3 prime tag,lymphoid,NK Cells,descriptive,12,3,10,3,4,2,-0.5632785060602736,0.11662671364465964,0.6799052197049332,0.0,1.694915254237288,1.694915254237288,,0,0,False,
colon,sequenced_fragment,3 prime tag,5 prime tag,5 prime tag minus 3 prime tag,lymphoid,NKT Cells,descriptive,12,3,10,3,4,2,-0.013972361726218815,0.22001168974593943,0.23398405147215826,1.0638297872340425,1.694915254237288,0.6310854670032455,,0,0,False,
colon,sequenced_fragment,3 prime tag,5 prime tag,5 prime tag minus 3 prime tag,lymphoid,Naive B,descriptive,12,3,10,3,4,2,0.32623601981901723,0.9047196009777881,0.578483581158771,0.0,6.779661016949152,6.779661016949152,,0,0,False,
colon,sequenced_fragment,3 prime tag,5 prime tag,5 prime tag minus 3 prime tag,lymphoid,Plasma Cells,descriptive,12,3,10,3,4,2,-0.16643067816046067,1.4995900929653772,1.666020771125838,0.0,13.559322033898304,13.559322033898304,,0,0,False,
colon,sequenced_fragment,3 prime tag,5 prime tag,5 prime tag minus 3 prime tag,lymphoid,Plasma IGA,descriptive,12,3,10,3,4,2,1.1560910500942192,-0.3164676143987606,-1.4725586644929798,12.738095238095237,0.0,-12.738095238095237,,0,0,False,
colon,sequenced_fragment,3 prime tag,5 prime tag,5 prime tag minus 3 prime tag,lymphoid,Plasma IGG,descriptive,12,3,10,3,4,2,-0.07487965410478488,-0.3164676143987606,-0.24158796029397572,0.0,0.0,0.0,,0,0,False,
colon,sequenced_fragment,3 prime tag,5 prime tag,5 prime tag minus 3 prime tag,myeloid,Classical Monocytes,descriptive,5,3,5,3,4,3,0.056854640461808346,-0.0686632680417576,-0.12551790850356595,0.0,0.0,0.0,,0,0,False,
colon,sequenced_fragment,3 prime tag,5 prime tag,5 prime tag minus 3 prime tag,myeloid,Cycling Macrophages,descriptive,5,3,5,3,4,3,-0.16286781727181365,0.29754082818094574,0.4604086454527594,0.0,0.0,0.0,,0,0,False,
colon,sequenced_fragment,3 prime tag,5 prime tag,5 prime tag minus 3 prime tag,myeloid,Eosinophils,descriptive,5,3,5,3,4,3,0.48090734770182647,-0.0686632680417576,-0.549570615743584,0.0,0.0,0.0,,0,0,False,
colon,sequenced_fragment,3 prime tag,5 prime tag,5 prime tag minus 3 prime tag,myeloid,Follicle Associated Resident Macrophages,descriptive,5,3,5,3,4,3,0.056854640461808215,-0.0686632680417576,-0.1255179085035658,0.0,0.0,0.0,,0,0,False,
colon,sequenced_fragment,3 prime tag,5 prime tag,5 prime tag minus 3 prime tag,myeloid,Homeostatic Macrophages,descriptive,5,3,5,3,4,3,-0.16286781727181365,-0.0686632680417576,0.09420454923005606,0.0,0.0,0.0,,0,0,False,
colon,sequenced_fragment,3 prime tag,5 prime tag,5 prime tag minus 3 prime tag,myeloid,M0 Macrophages,descriptive,5,3,5,3,4,3,0.056854640461808346,-0.0686632680417576,-0.12551790850356595,0.0,0.0,0.0,,0,0,False,
colon,sequenced_fragment,3 prime tag,5 prime tag,5 prime tag minus 3 prime tag,myeloid,Mast Cells,descriptive,5,3,5,3,4,3,0.15901976521500644,-0.0686632680417576,-0.22768303325676403,0.0,0.0,0.0,,0,0,False,
colon,sequenced_fragment,3 prime tag,5 prime tag,5 prime tag minus 3 prime tag,myeloid,Monocyte Derived Dendritic Cells (MO DC),descriptive,5,3,5,3,4,3,-0.16286781727181365,-0.0686632680417576,0.09420454923005606,0.0,0.0,0.0,,0,0,False,
colon,sequenced_fragment,3 prime tag,5 prime tag,5 prime tag minus 3 prime tag,myeloid,Neutrophils,descriptive,5,3,5,3,4,3,-0.16286781727181365,-0.0686632680417576,0.09420454923005606,0.0,0.0,0.0,,0,0,False,
colon,sequenced_fragment,3 prime tag,5 prime tag,5 prime tag minus 3 prime tag,myeloid,Nonclassical Monocytes,descriptive,5,3,5,3,4,3,-0.16286781727181365,-0.0686632680417576,0.09420454923005606,0.0,0.0,0.0,,0,0,False,
colon,sequenced_fragment,3 prime tag,5 prime tag,5 prime tag minus 3 prime tag,myeloid,Perivascular Resident Macrophages,descriptive,5,3,5,3,4,3,0.056854640461808346,-0.0686632680417576,-0.12551790850356595,0.0,0.0,0.0,,0,0,False,
colon,sequenced_fragment,3 prime tag,5 prime tag,5 prime tag minus 3 prime tag,myeloid,Tolerogenic cDC2,descriptive,5,3,5,3,4,3,-0.16286781727181365,-0.0686632680417576,0.09420454923005606,0.0,0.0,0.0,,0,0,False,
colon,sequenced_fragment,3 prime tag,5 prime tag,5 prime tag minus 3 prime tag,myeloid,cDC1,descriptive,5,3,5,3,4,3,-0.16286781727181365,0.6637449244036491,0.8266127416754627,0.0,100.0,100.0,,0,0,False,
colon,sequenced_fragment,3 prime tag,5 prime tag,5 prime tag minus 3 prime tag,myeloid,cDC2,descriptive,5,3,5,3,4,3,0.37874222294862847,-0.0686632680417576,-0.44740549099038607,0.0,0.0,0.0,,0,0,False,
colon,sequenced_fragment,3 prime tag,5 prime tag,5 prime tag minus 3 prime tag,myeloid,migDC,descriptive,5,3,5,3,4,3,0.056854640461808346,-0.0686632680417576,-0.12551790850356595,0.0,0.0,0.0,,0,0,False,
colon,sequenced_fragment,3 prime tag,5 prime tag,5 prime tag minus 3 prime tag,myeloid,pDC,descriptive,5,3,5,3,4,3,-0.16286781727181365,-0.0686632680417576,0.09420454923005606,0.0,0.0,0.0,,0,0,False,
colon,gene_annotation_version,v104,v98,v98 minus v104,epithelial,BEST4 Colonocytes,descriptive,2,27,1,24,1,8,1.4876530771783492,0.5015986936107213,-0.9860543835676279,7.5,0.0,-7.5,,0,0,False,
colon,gene_annotation_version,v104,v98,v98 minus v104,epithelial,BEST4 Enterocytes,descriptive,2,27,1,24,1,8,-0.8099068478889455,0.04079725965357533,0.8507041075425208,0.0,0.0,0.0,,0,0,False,
colon,gene_annotation_version,v104,v98,v98 minus v104,epithelial,Brunners Gland Cells,descriptive,2,27,1,24,1,8,-0.8099068478889455,-0.040581428395914276,0.7693254194930312,0.0,0.0,0.0,,0,0,False,
colon,gene_annotation_version,v104,v98,v98 minus v104,epithelial,Colonocyte Progenitors,descriptive,2,27,1,24,1,8,0.8380115851132188,0.25793837563738875,-0.5800732094758301,4.166666666666667,0.0,-4.166666666666667,,0,0,False,
colon,gene_annotation_version,v104,v98,v98 minus v104,epithelial,Crypt Top Colonocytes,descriptive,2,27,1,24,1,8,-0.8099068478889455,0.19369389210449595,1.0036007399934415,0.0,0.0,0.0,,0,0,False,
colon,gene_annotation_version,v104,v98,v98 minus v104,epithelial,EEC Enterochromaffin (EC),descriptive,2,27,1,24,1,8,-0.26060070355489073,-0.14087958399229245,0.11972111956259829,0.8333333333333334,0.0,-0.8333333333333334,,0,0,False,
colon,gene_annotation_version,v104,v98,v98 minus v104,epithelial,EEC L,descriptive,2,27,1,24,1,8,-0.005187891671895484,-0.14087958399229245,-0.13569169232039696,1.6666666666666667,0.0,-1.6666666666666667,,0,0,False,
colon,gene_annotation_version,v104,v98,v98 minus v104,epithelial,EEC N,descriptive,2,27,1,24,1,8,-0.8099068478889455,-0.14087958399229245,0.669027263896653,0.0,0.0,0.0,,0,0,False,
colon,gene_annotation_version,v104,v98,v98 minus v104,epithelial,EEC Progenitors,descriptive,2,27,1,24,1,8,-0.8099068478889455,0.021877792106686802,0.8317846399956323,0.0,0.0,0.0,,0,0,False,
colon,gene_annotation_version,v104,v98,v98 minus v104,epithelial,EEC S,descriptive,2,27,1,24,1,8,-0.8099068478889455,-0.14087958399229245,0.669027263896653,0.0,0.0,0.0,,0,0,False,
colon,gene_annotation_version,v104,v98,v98 minus v104,epithelial,Enterocyte Progenitors,descriptive,2,27,1,24,1,8,0.28870544077916405,-0.14087958399229245,-0.4295850247714565,1.6666666666666667,0.0,-1.6666666666666667,,0,0,False,
colon,gene_annotation_version,v104,v98,v98 minus v104,epithelial,Enteroendocrine Cells (EEC),descriptive,2,27,1,24,1,8,-0.8099068478889455,-0.10019023996754764,0.7097166079213979,0.0,0.0,0.0,,0,0,False,
colon,gene_annotation_version,v104,v98,v98 minus v104,epithelial,Epithelial,descriptive,2,27,1,24,1,8,-0.8099068478889455,-0.10019023996754763,0.7097166079213979,0.0,0.0,0.0,,0,0,False,
colon,gene_annotation_version,v104,v98,v98 minus v104,epithelial,Foveolar Cells,descriptive,2,27,1,24,1,8,-0.8099068478889455,-0.14087958399229245,0.669027263896653,0.0,0.0,0.0,,0,0,False,
colon,gene_annotation_version,v104,v98,v98 minus v104,epithelial,Goblet Cells,descriptive,2,27,1,24,1,8,1.8564525487437387,0.2838681779013682,-1.5725843708423706,12.5,0.0,-12.5,,0,0,False,
colon,gene_annotation_version,v104,v98,v98 minus v104,epithelial,Intestinal Stem Cells (ISC),descriptive,2,27,1,24,1,8,1.4455229053694791,-0.02811949370623974,-1.4736423990757188,7.5,0.0,-7.5,,0,0,False,
colon,gene_annotation_version,v104,v98,v98 minus v104,epithelial,Lower Crypt Colonocytes,descriptive,2,27,1,24,1,8,2.929177999190947,0.3532801579951713,-2.5758978411957756,36.666666666666664,0.0,-36.666666666666664,,0,0,False,
colon,gene_annotation_version,v104,v98,v98 minus v104,epithelial,Lower Villus Enterocytes,descriptive,2,27,1,24,1,8,-0.8099068478889455,-0.14087958399229245,0.669027263896653,0.0,0.0,0.0,,0,0,False,
colon,gene_annotation_version,v104,v98,v98 minus v104,epithelial,Mature Goblet Cells,descriptive,2,27,1,24,1,8,-0.8099068478889455,-0.14087958399229245,0.669027263896653,0.0,0.0,0.0,,0,0,False,
colon,gene_annotation_version,v104,v98,v98 minus v104,epithelial,Microfold Cells (M Cells),descriptive,2,27,1,24,1,8,-0.8099068478889455,-0.10019023996754764,0.7097166079213979,0.0,0.0,0.0,,0,0,False,
colon,gene_annotation_version,v104,v98,v98 minus v104,epithelial,Mid Crypt Colonocytes,descriptive,2,27,1,24,1,8,-0.26060070355489073,0.25014871077463646,0.5107494143295273,0.8333333333333334,0.0,-0.8333333333333334,,0,0,False,
colon,gene_annotation_version,v104,v98,v98 minus v104,epithelial,Mid Villus Enterocytes,descriptive,2,27,1,24,1,8,-0.8099068478889455,-0.02811949370623974,0.7817873541827057,0.0,0.0,0.0,,0,0,False,
colon,gene_annotation_version,v104,v98,v98 minus v104,epithelial,Paneth Cells,descriptive,2,27,1,24,1,8,-0.8099068478889455,-0.14087958399229245,0.669027263896653,0.0,0.0,0.0,,0,0,False,
colon,gene_annotation_version,v104,v98,v98 minus v104,epithelial,Secretory Progenitors,descriptive,2,27,1,24,1,8,1.4670315979113246,-0.10019023996754763,-1.5672218378788723,9.166666666666666,0.0,-9.166666666666666,,0,0,False,
colon,gene_annotation_version,v104,v98,v98 minus v104,epithelial,Transiently Amplifying Cells (TA),descriptive,2,27,1,24,1,8,-0.26060070355489073,0.04079725965357532,0.30139796320846607,0.8333333333333334,0.0,-0.8333333333333334,,0,0,False,
colon,gene_annotation_version,v104,v98,v98 minus v104,epithelial,Tuft Cells,descriptive,2,27,1,24,1,8,2.0789193137223823,-0.14087958399229245,-2.2197988977146745,14.166666666666668,0.0,-14.166666666666668,,0,0,False,
colon,gene_annotation_version,v104,v98,v98 minus v104,epithelial,Tuft Progenitors,descriptive,2,27,1,24,1,8,-0.26060070355489073,-0.018811551918057997,0.24178915163683273,0.8333333333333334,0.0,-0.8333333333333334,,0,0,False,
colon,gene_annotation_version,v104,v98,v98 minus v104,epithelial,Villus Tip Enterocytes,descriptive,2,27,1,24,1,8,-0.005187891671895484,-0.01881155191805803,-0.013623660246162548,1.6666666666666667,0.0,-1.6666666666666667,,0,0,False,
