annotation_group,annotation_column,annotation_level,level_order,hgca_celltype_v1,n_samples,mean_clr,row_z
Tissue,tissue_level_1,duodenum,0,Epithelial,6,-0.08126922628024093,0.6724910134174368
Tissue,tissue_level_1,duodenum,0,Enterocyte Progenitors,6,0.6383121259758108,2.060371711481903
Tissue,tissue_level_1,duodenum,0,Lower Villus Enterocytes,6,1.1290519558368841,2.1320344943666143
Tissue,tissue_level_1,duodenum,0,Mid Villus Enterocytes,6,1.0833124815532575,2.054739958817146
Tissue,tissue_level_1,duodenum,0,Villus Tip Enterocytes,6,0.10183282183111068,0.7238246452584911
Tissue,tissue_level_1,duodenum,0,BEST4 Enterocytes,6,0.24304913189564462,1.5935460024292039
Tissue,tissue_level_1,duodenum,0,Colonocyte Progenitors,6,-0.08126922628024093,-0.053370044206348013
Tissue,tissue_level_1,duodenum,0,Lower Crypt Colonocytes,6,-0.08126922628024093,-0.17806622647976994
Tissue,tissue_level_1,duodenum,0,Mid Crypt Colonocytes,6,-0.08126922628024093,0.023293955904485155
Tissue,tissue_level_1,duodenum,0,Crypt Top Colonocytes,6,-0.08126922628024093,0.11860670481090294
Tissue,tissue_level_1,duodenum,0,BEST4 Colonocytes,6,-0.08126922628024093,-0.6033118658147174
Tissue,tissue_level_1,duodenum,0,Microfold Cells (M Cells),6,-0.08126922628024093,0.7371448345384134
Tissue,tissue_level_1,duodenum,0,Enteroendocrine Cells (EEC),6,-0.08126922628024093,1.3901681029010917
Tissue,tissue_level_1,duodenum,0,EEC Progenitors,6,0.10183282183111066,1.905637006804302
Tissue,tissue_level_1,duodenum,0,EEC S,6,-0.08126922628024093,1.4626453716633836
Tissue,tissue_level_1,duodenum,0,EEC Enterochromaffin (EC),6,-0.08126922628024093,1.3901681029010917
Tissue,tissue_level_1,duodenum,0,EEC L,6,0.18697042579210912,2.175641571809117
Tissue,tissue_level_1,duodenum,0,EEC N,6,0.10183282183111068,2.1269798859355022
Tissue,tissue_level_1,duodenum,0,Brunners Gland Cells,6,0.24304913189564462,0.6106057659211412
Tissue,tissue_level_1,duodenum,0,Paneth Cells,6,0.10183282183111068,1.6763105216205065
Tissue,tissue_level_1,duodenum,0,Tuft Cells,6,0.18697042579210912,1.9251598991553411
Tissue,tissue_level_1,duodenum,0,Tuft Progenitors,6,0.28493486994246225,2.0559435007248195
Tissue,tissue_level_1,duodenum,0,Goblet Cells,6,-0.08126922628024093,-0.6789805296754249
Tissue,tissue_level_1,duodenum,0,Mature Goblet Cells,6,-0.08126922628024093,0.1740680964931949
Tissue,tissue_level_1,duodenum,0,Foveolar Cells,6,-0.08126922628024093,-0.35899502522307986
Tissue,tissue_level_1,duodenum,0,Intestinal Stem Cells (ISC),6,0.3700724739034607,2.0268131434956724
Tissue,tissue_level_1,duodenum,0,Transiently Amplifying Cells (TA),6,0.5014820339641725,1.7909006264782108
Tissue,tissue_level_1,duodenum,0,Secretory Progenitors,6,-0.08126922628024093,0.04074562241087499
Tissue,tissue_level_1,duodenum,0,Arteriolar Endothelial,6,0.18697042579210912,1.6369780965167118
Tissue,tissue_level_1,duodenum,0,Capillary Endothelial,6,-0.08126922628024093,1.4626453716633836
Tissue,tissue_level_1,duodenum,0,Post Arteriole Capillary Endothelial (PAC),6,0.10183282183111068,1.7313186437608075
Tissue,tissue_level_1,duodenum,0,Pre Venule Capillary Endothelial (PVC),6,-0.08126922628024093,1.0788488193054606
Tissue,tissue_level_1,duodenum,0,Venular Endothelial,6,0.24304913189564462,1.6643318708563113
Tissue,tissue_level_1,duodenum,0,Lymphatic Endothelial,6,0.10183282183111068,0.8571029115422798
Tissue,tissue_level_1,duodenum,0,Medullary Sinus Endothelial,6,-0.08126922628024093,0.7717866663356101
Tissue,tissue_level_1,duodenum,0,Crypt Top Fibroblasts (S2B),6,-0.08126922628024093,1.4626453716633836
Tissue,tissue_level_1,duodenum,0,Crypt Bottom Fibroblasts (S2A),6,-0.08126922628024093,0.4112976079893315
Tissue,tissue_level_1,duodenum,0,Lamina propria Fibroblasts (S1),6,-0.08126922628024093,0.11064041591990156
Tissue,tissue_level_1,duodenum,0,Submucosal Fibroblasts (S3),6,-0.08126922628024093,-0.34849392307172183
Tissue,tissue_level_1,duodenum,0,Mesenchymal Lymphoid Tissue Organizer Cells (mLTo Cells),6,-0.08126922628024093,1.4626453716633836
Tissue,tissue_level_1,duodenum,0,Fibroblastic Reticular Cells (FRC),6,-0.08126922628024093,0.679365763607039
Tissue,tissue_level_1,duodenum,0,Marginal Reticular Cells (MRC),6,-0.08126922628024093,0.6525844204104911
Tissue,tissue_level_1,duodenum,0,Follicular Dendritic Cells (fDC),6,-0.08126922628024093,1.4626453716633836
Tissue,tissue_level_1,duodenum,0,Muscularis Propria Fibroblasts,6,-0.08126922628024093,0.9726391047206393
Tissue,tissue_level_1,duodenum,0,Myofibroblasts,6,-0.08126922628024093,0.9931867390766062
Tissue,tissue_level_1,duodenum,0,Interstitial Cells of Cajal (ICC),6,-0.08126922628024093,0.9138736565703529
Tissue,tissue_level_1,duodenum,0,Angiogenic Pericytes,6,-0.08126922628024093,1.0919366356285136
Tissue,tissue_level_1,duodenum,0,Contractile Pericytes,6,0.18697042579210912,1.5697425993581042
Tissue,tissue_level_1,duodenum,0,Secretory Pericytes,6,-0.08126922628024093,1.3901681029010917
Tissue,tissue_level_1,duodenum,0,Glia,6,-0.08126922628024093,0.9879585421780264
Tissue,tissue_level_1,duodenum,0,Smooth Muscle Cells (SMC),6,-0.08126922628024093,1.4626453716633836
Tissue,tissue_level_1,duodenum,0,Adipocytes,6,-0.08126922628024093,0.9992881998288692
Tissue,tissue_level_1,duodenum,0,Plasma Cells,6,-0.08126922628024093,-0.6553783204280883
Tissue,tissue_level_1,duodenum,0,Plasma IGA,6,-0.08126922628024093,-0.7554825073085863
Tissue,tissue_level_1,duodenum,0,Plasma IGG,6,-0.08126922628024093,0.053309446028414385
Tissue,tissue_level_1,duodenum,0,GC B Dark Zone (GC B DZ),6,-0.08126922628024093,-0.6380973444637608
Tissue,tissue_level_1,duodenum,0,GC B Light Zone (GC B LZ),6,-0.08126922628024093,-0.7283851071346716
Tissue,tissue_level_1,duodenum,0,Memory B,6,-0.08126922628024093,-0.7532209719632625
Tissue,tissue_level_1,duodenum,0,Naive B,6,-0.08126922628024093,-0.8547205997677153
Tissue,tissue_level_1,duodenum,0,CD4 Tfh,6,-0.08126922628024093,-0.4837407455658169
Tissue,tissue_level_1,duodenum,0,CD4 Th17,6,-0.08126922628024093,-1.3495181126993054
Tissue,tissue_level_1,duodenum,0,CD4 Tr1,6,-0.08126922628024093,-0.35690591470720606
Tissue,tissue_level_1,duodenum,0,CD4 Tfr,6,-0.08126922628024093,0.29787305457812496
Tissue,tissue_level_1,duodenum,0,CD4 pTreg,6,-0.08126922628024093,-0.1905974157492351
Tissue,tissue_level_1,duodenum,0,CD4 tTreg,6,-0.08126922628024093,-0.5917032983848607
Tissue,tissue_level_1,duodenum,0,CD4 Naive,6,-0.08126922628024093,-0.6293150731645243
Tissue,tissue_level_1,duodenum,0,CD4 Memory,6,-0.08126922628024093,-0.6710746345471983
Tissue,tissue_level_1,duodenum,0,CD8 Effector Memory,6,-0.08126922628024093,-0.8329934733056791
Tissue,tissue_level_1,duodenum,0,CD8 Circulating Effector Memory,6,-0.08126922628024093,-0.609649707722011
Tissue,tissue_level_1,duodenum,0,CD8 Memory Exhausted,6,-0.08126922628024093,-0.21608219855273222
Tissue,tissue_level_1,duodenum,0,CD8 TRM,6,-0.08126922628024093,-0.8669717602697394
Tissue,tissue_level_1,duodenum,0,CD8 IEL,6,-0.08126922628024093,-0.9570626228049406
Tissue,tissue_level_1,duodenum,0,CD8 Naive,6,-0.08126922628024093,0.513637838820352
Tissue,tissue_level_1,duodenum,0,Gamma Delta T Cells,6,-0.08126922628024093,0.2296532093132404
Tissue,tissue_level_1,duodenum,0,MAIT Cells,6,-0.08126922628024093,0.2255612407484653
Tissue,tissue_level_1,duodenum,0,NKT Cells,6,-0.08126922628024093,-0.6304216864848181
Tissue,tissue_level_1,duodenum,0,NK Cells,6,-0.08126922628024093,-0.47281810373272853
Tissue,tissue_level_1,duodenum,0,ILC3,6,-0.08126922628024093,-0.15447664446495848
Tissue,tissue_level_1,duodenum,0,Classical Monocytes,6,-0.08126922628024093,0.13577021510974854
Tissue,tissue_level_1,duodenum,0,Nonclassical Monocytes,6,-0.08126922628024093,0.1524391706535028
Tissue,tissue_level_1,duodenum,0,Cycling Macrophages,6,-0.08126922628024093,0.2470923097686815
Tissue,tissue_level_1,duodenum,0,Homeostatic Macrophages,6,-0.08126922628024093,0.157088575701039
Tissue,tissue_level_1,duodenum,0,M0 Macrophages,6,-0.08126922628024093,0.29792737259347357
Tissue,tissue_level_1,duodenum,0,Perivascular Resident Macrophages,6,-0.08126922628024093,1.0194395298011303
Tissue,tissue_level_1,duodenum,0,Follicle Associated Resident Macrophages,6,-0.08126922628024093,0.35798076034725435
Tissue,tissue_level_1,duodenum,0,migDC,6,-0.08126922628024093,1.3901681029010917
Tissue,tissue_level_1,duodenum,0,cDC1,6,-0.08126922628024093,0.3209105028146573
Tissue,tissue_level_1,duodenum,0,cDC2,6,-0.08126922628024093,0.39854537883853297
Tissue,tissue_level_1,duodenum,0,Tolerogenic cDC2,6,-0.08126922628024093,1.4626453716633836
Tissue,tissue_level_1,duodenum,0,pDC,6,-0.08126922628024093,1.4626453716633836
Tissue,tissue_level_1,duodenum,0,Monocyte Derived Dendritic Cells (MO DC),6,-0.08126922628024093,-0.14637735835237406
Tissue,tissue_level_1,duodenum,0,Mast Cells,6,-0.08126922628024093,-0.2554344552677234
Tissue,tissue_level_1,duodenum,0,Neutrophils,6,-0.08126922628024093,0.8782733014232356
Tissue,tissue_level_1,duodenum,0,Eosinophils,6,-0.08126922628024093,0.6849950445738764
Tissue,tissue_level_1,jejunum,1,Epithelial,9,-0.13467529304827838,-0.46520120823951294
Tissue,tissue_level_1,jejunum,1,Enterocyte Progenitors,9,-0.13467529304827838,-0.619833474307101
Tissue,tissue_level_1,jejunum,1,Lower Villus Enterocytes,9,0.044151141666621645,-0.2475210745875123
Tissue,tissue_level_1,jejunum,1,Mid Villus Enterocytes,9,0.2315288031744248,0.07704009177206685
Tissue,tissue_level_1,jejunum,1,Villus Tip Enterocytes,9,-0.13467529304827838,-0.7363095471416085
Tissue,tissue_level_1,jejunum,1,BEST4 Enterocytes,9,0.044151141666621645,0.22846036613645562
Tissue,tissue_level_1,jejunum,1,Colonocyte Progenitors,9,-0.13467529304827838,-0.4613256510599387
Tissue,tissue_level_1,jejunum,1,Lower Crypt Colonocytes,9,-0.13467529304827838,-0.45943423458085636
Tissue,tissue_level_1,jejunum,1,Mid Crypt Colonocytes,9,-0.13467529304827838,-0.4613332017600353
Tissue,tissue_level_1,jejunum,1,Crypt Top Colonocytes,9,-0.13467529304827838,-0.49067305862690136
Tissue,tissue_level_1,jejunum,1,BEST4 Colonocytes,9,-0.13467529304827838,-0.7547860909077604
Tissue,tissue_level_1,jejunum,1,Microfold Cells (M Cells),9,-0.13467529304827838,-0.45770202808064564
Tissue,tissue_level_1,jejunum,1,Enteroendocrine Cells (EEC),9,-0.13467529304827838,-0.27961562932165
Tissue,tissue_level_1,jejunum,1,EEC Progenitors,9,-0.13467529304827838,-0.5790525846579568
Tissue,tissue_level_1,jejunum,1,EEC S,9,-0.13467529304827838,-0.22654411631399635
Tissue,tissue_level_1,jejunum,1,EEC Enterochromaffin (EC),9,-0.13467529304827838,-0.27961562932165
Tissue,tissue_level_1,jejunum,1,EEC L,9,-0.13467529304827838,-0.4554402390117408
Tissue,tissue_level_1,jejunum,1,EEC N,9,-0.13467529304827838,-0.4363259784527225
Tissue,tissue_level_1,jejunum,1,Brunners Gland Cells,9,-0.13467529304827838,-0.7132287870333647
Tissue,tissue_level_1,jejunum,1,Paneth Cells,9,-0.13467529304827838,-0.5736446012236333
Tissue,tissue_level_1,jejunum,1,Tuft Cells,9,-0.13467529304827838,-0.6496375416884621
Tissue,tissue_level_1,jejunum,1,Tuft Progenitors,9,-0.13467529304827838,-0.6309025515036497
Tissue,tissue_level_1,jejunum,1,Goblet Cells,9,-0.13467529304827838,-0.8211869068731831
Tissue,tissue_level_1,jejunum,1,Mature Goblet Cells,9,-0.13467529304827838,-0.4344748922826319
Tissue,tissue_level_1,jejunum,1,Foveolar Cells,9,-0.13467529304827838,-0.4752460964368779
Tissue,tissue_level_1,jejunum,1,Intestinal Stem Cells (ISC),9,-0.13467529304827838,-0.6550993368237595
Tissue,tissue_level_1,jejunum,1,Transiently Amplifying Cells (TA),9,0.15031908000300345,0.26553149773114804
Tissue,tissue_level_1,jejunum,1,Secretory Progenitors,9,-0.13467529304827838,-0.6403923471629543
Tissue,tissue_level_1,jejunum,1,Arteriolar Endothelial,9,0.08153694573564531,0.8115817755467404
Tissue,tissue_level_1,jejunum,1,Capillary Endothelial,9,-0.13467529304827838,-0.22654411631399635
Tissue,tissue_level_1,jejunum,1,Post Arteriole Capillary Endothelial (PAC),9,-0.01260726097404399,0.49012053613674184
Tissue,tissue_level_1,jejunum,1,Pre Venule Capillary Endothelial (PVC),9,-0.13467529304827838,-0.3235124160296126
Tissue,tissue_level_1,jejunum,1,Venular Endothelial,9,0.08153694573564531,0.5420461761762942
Tissue,tissue_level_1,jejunum,1,Lymphatic Endothelial,9,0.21371295316607156,1.669271860331927
Tissue,tissue_level_1,jejunum,1,Medullary Sinus Endothelial,9,-0.13467529304827838,-0.3754562934270648
Tissue,tissue_level_1,jejunum,1,Crypt Top Fibroblasts (S2B),9,-0.13467529304827838,-0.22654411631399635
Tissue,tissue_level_1,jejunum,1,Crypt Bottom Fibroblasts (S2A),9,-0.13467529304827838,-0.4872567223781533
Tissue,tissue_level_1,jejunum,1,Lamina propria Fibroblasts (S1),9,-0.13467529304827838,-0.5677800446793111
Tissue,tissue_level_1,jejunum,1,Submucosal Fibroblasts (S3),9,0.2468788407834045,1.8538680862524466
Tissue,tissue_level_1,jejunum,1,Mesenchymal Lymphoid Tissue Organizer Cells (mLTo Cells),9,-0.13467529304827838,-0.22654411631399635
Tissue,tissue_level_1,jejunum,1,Fibroblastic Reticular Cells (FRC),9,-0.13467529304827838,-0.5165083583823173
Tissue,tissue_level_1,jejunum,1,Marginal Reticular Cells (MRC),9,-0.13467529304827838,-0.5174272429149653
Tissue,tissue_level_1,jejunum,1,Follicular Dendritic Cells (fDC),9,-0.13467529304827838,-0.22654411631399635
Tissue,tissue_level_1,jejunum,1,Muscularis Propria Fibroblasts,9,-0.13467529304827838,-0.4193819227497741
Tissue,tissue_level_1,jejunum,1,Myofibroblasts,9,-0.13467529304827838,-0.429695314059389
Tissue,tissue_level_1,jejunum,1,Interstitial Cells of Cajal (ICC),9,-0.13467529304827838,-0.35359932742219724
Tissue,tissue_level_1,jejunum,1,Angiogenic Pericytes,9,-0.13467529304827838,-0.3917400830561825
Tissue,tissue_level_1,jejunum,1,Contractile Pericytes,9,0.10946077110019042,0.9762873923249716
Tissue,tissue_level_1,jejunum,1,Secretory Pericytes,9,-0.13467529304827838,-0.27961562932165
Tissue,tissue_level_1,jejunum,1,Glia,9,-0.13467529304827838,-0.418138775923696
Tissue,tissue_level_1,jejunum,1,Smooth Muscle Cells (SMC),9,-0.13467529304827838,-0.22654411631399635
Tissue,tissue_level_1,jejunum,1,Adipocytes,9,-0.13467529304827838,-0.3387051418478094
Tissue,tissue_level_1,jejunum,1,Plasma Cells,9,-0.13467529304827838,-0.9329129746981486
Tissue,tissue_level_1,jejunum,1,Plasma IGA,9,0.297749184519569,-0.08113100543509809
Tissue,tissue_level_1,jejunum,1,Plasma IGG,9,-0.13467529304827838,-0.5460752949883428
Tissue,tissue_level_1,jejunum,1,GC B Dark Zone (GC B DZ),9,-0.13467529304827838,-0.7475409778902127
Tissue,tissue_level_1,jejunum,1,GC B Light Zone (GC B LZ),9,-0.13467529304827838,-0.9165702064264959
Tissue,tissue_level_1,jejunum,1,Memory B,9,-0.13467529304827838,-0.9091215319195896
Tissue,tissue_level_1,jejunum,1,Naive B,9,0.04415114166662164,-0.37620290501321274
Tissue,tissue_level_1,jejunum,1,CD4 Tfh,9,-0.01260726097404399,-0.43825443637679545
Tissue,tissue_level_1,jejunum,1,CD4 Th17,9,0.8707035408217174,0.5927253516483791
Tissue,tissue_level_1,jejunum,1,CD4 Tr1,9,-0.13467529304827838,-0.4916823610636342
Tissue,tissue_level_1,jejunum,1,CD4 Tfr,9,-0.13467529304827838,-0.48832762999500656
Tissue,tissue_level_1,jejunum,1,CD4 pTreg,9,-0.01260726097404399,0.694120908182728
Tissue,tissue_level_1,jejunum,1,CD4 tTreg,9,-0.13467529304827838,-0.6704766646372085
Tissue,tissue_level_1,jejunum,1,CD4 Naive,9,-0.13467529304827838,-0.6709718503564088
Tissue,tissue_level_1,jejunum,1,CD4 Memory,9,0.8667947066971426,1.9449970107462942
Tissue,tissue_level_1,jejunum,1,CD8 Effector Memory,9,0.5698090740325829,1.0053050323415043
Tissue,tissue_level_1,jejunum,1,CD8 Circulating Effector Memory,9,0.2315288031744248,-0.19635130636046572
Tissue,tissue_level_1,jejunum,1,CD8 Memory Exhausted,9,0.22297757638152169,2.0930109863648263
Tissue,tissue_level_1,jejunum,1,CD8 TRM,9,1.8418292082975671,2.012334430552317
Tissue,tissue_level_1,jejunum,1,CD8 IEL,9,1.0734312399385004,1.0795655165419626
Tissue,tissue_level_1,jejunum,1,CD8 Naive,9,-0.13467529304827838,-0.5507629568081868
Tissue,tissue_level_1,jejunum,1,Gamma Delta T Cells,9,-0.13467529304827838,-0.5251563865601385
Tissue,tissue_level_1,jejunum,1,MAIT Cells,9,-0.13467529304827838,-0.5250831015322878
Tissue,tissue_level_1,jejunum,1,NKT Cells,9,0.2315288031744248,1.29692193023792
Tissue,tissue_level_1,jejunum,1,NK Cells,9,0.3105839497553295,1.8737442112881502
Tissue,tissue_level_1,jejunum,1,ILC3,9,-0.012607260974043997,0.7189336103217786
Tissue,tissue_level_1,jejunum,1,Classical Monocytes,9,0.04415114166662164,1.928099831406472
Tissue,tissue_level_1,jejunum,1,Nonclassical Monocytes,9,0.08153694573564531,2.0933059971626644
Tissue,tissue_level_1,jejunum,1,Cycling Macrophages,9,-0.012607260974043985,1.476268817414859
Tissue,tissue_level_1,jejunum,1,Homeostatic Macrophages,9,0.04415114166662165,1.9035201571255
Tissue,tissue_level_1,jejunum,1,M0 Macrophages,9,-0.13467529304827838,-0.48832654484578175
Tissue,tissue_level_1,jejunum,1,Perivascular Resident Macrophages,9,-0.13467529304827838,-0.4093198784664555
Tissue,tissue_level_1,jejunum,1,Follicle Associated Resident Macrophages,9,-0.13467529304827838,-0.4867469673483165
Tissue,tissue_level_1,jejunum,1,migDC,9,-0.13467529304827838,-0.27961562932165
Tissue,tissue_level_1,jejunum,1,cDC1,9,-0.012607260974043985,1.6034876230930222
Tissue,tissue_level_1,jejunum,1,cDC2,9,-0.13467529304827838,-0.5631829229492253
Tissue,tissue_level_1,jejunum,1,Tolerogenic cDC2,9,-0.13467529304827838,-0.22654411631399635
Tissue,tissue_level_1,jejunum,1,pDC,9,-0.13467529304827838,-0.22654411631399635
Tissue,tissue_level_1,jejunum,1,Monocyte Derived Dendritic Cells (MO DC),9,0.2315288031744248,2.148887995323743
Tissue,tissue_level_1,jejunum,1,Mast Cells,9,0.39445514415147226,2.1979243485916435
Tissue,tissue_level_1,jejunum,1,Neutrophils,9,-0.13467529304827838,-0.35940486600502675
Tissue,tissue_level_1,jejunum,1,Eosinophils,9,-0.13467529304827838,-0.4992491179724249
Tissue,tissue_level_1,ileum,2,Epithelial,71,-0.03482102487863486,1.6619620724655197
Tissue,tissue_level_1,ileum,2,Enterocyte Progenitors,71,0.16099644766290933,0.40535906213273354
Tissue,tissue_level_1,ileum,2,Lower Villus Enterocytes,71,0.22122876648755324,0.14087023526884546
Tissue,tissue_level_1,ileum,2,Mid Villus Enterocytes,71,0.2551761503637522,0.13194529432456478
Tissue,tissue_level_1,ileum,2,Villus Tip Enterocytes,71,0.2760071274777745,1.7991275338800206
Tissue,tissue_level_1,ileum,2,BEST4 Enterocytes,71,0.11360676060576555,0.7051512953131394
Tissue,tissue_level_1,ileum,2,Colonocyte Progenitors,71,-0.1121880874608961,-0.289551503345838
Tissue,tissue_level_1,ileum,2,Lower Crypt Colonocytes,71,-0.1121880874608961,-0.34096117287116917
Tissue,tissue_level_1,ileum,2,Mid Crypt Colonocytes,71,-0.1121880874608961,-0.2572756632229904
Tissue,tissue_level_1,ileum,2,Crypt Top Colonocytes,71,-0.09671467494444384,-0.057601727635359375
Tissue,tissue_level_1,ileum,2,BEST4 Colonocytes,71,-0.038360664713577186,-0.4816114391310326
Tissue,tissue_level_1,ileum,2,Microfold Cells (M Cells),71,-0.04309971029979146,1.5911063631979785
Tissue,tissue_level_1,ileum,2,Enteroendocrine Cells (EEC),71,-0.1121880874608961,0.42346498202626365
Tissue,tissue_level_1,ileum,2,EEC Progenitors,71,-0.09671467494444384,-0.18024870963586048
Tissue,tissue_level_1,ileum,2,EEC S,71,-0.09671467494444384,0.9741186723656104
Tissue,tissue_level_1,ileum,2,EEC Enterochromaffin (EC),71,-0.1121880874608961,0.42346498202626365
Tissue,tissue_level_1,ileum,2,EEC L,71,-0.1121880874608961,-0.2714935108834834
Tissue,tissue_level_1,ileum,2,EEC N,71,-0.0812412624279916,0.1427990300770267
Tissue,tissue_level_1,ileum,2,Brunners Gland Cells,71,-0.1121880874608961,-0.6344164630477293
Tissue,tissue_level_1,ileum,2,Paneth Cells,71,0.039006397868684047,1.07862855829199
Tissue,tissue_level_1,ileum,2,Tuft Cells,71,-0.05857312281624371,-0.04043411792600005
Tissue,tissue_level_1,ileum,2,Tuft Progenitors,71,-0.0193476123621826,0.10756317429179459
Tissue,tissue_level_1,ileum,2,Goblet Cells,71,0.2120728293415106,0.10211258453755118
Tissue,tissue_level_1,ileum,2,Mature Goblet Cells,71,0.08908881814808689,2.115236952246946
Tissue,tissue_level_1,ileum,2,Foveolar Cells,71,-0.1121880874608961,-0.42629731783664176
Tissue,tissue_level_1,ileum,2,Intestinal Stem Cells (ISC),71,-0.03116593761828155,-0.1051156611474465
Tissue,tissue_level_1,ileum,2,Transiently Amplifying Cells (TA),71,0.19280509378517566,0.4500807307747166
Tissue,tissue_level_1,ileum,2,Secretory Progenitors,71,0.026995131142751844,1.421543143273176
Tissue,tissue_level_1,ileum,2,Arteriolar Endothelial,71,-0.0011961671187496227,0.16389750167244269
Tissue,tissue_level_1,ileum,2,Capillary Endothelial,71,-0.09671467494444384,0.9741186723656104
Tissue,tissue_level_1,ileum,2,Post Arteriole Capillary Endothelial (PAC),71,-0.03590498320449581,0.2374373150522021
Tissue,tissue_level_1,ileum,2,Pre Venule Capillary Endothelial (PVC),71,-0.06576784991153935,1.4858911392019027
Tissue,tissue_level_1,ileum,2,Venular Endothelial,71,0.058371369215581864,0.3810775473960014
Tissue,tissue_level_1,ileum,2,Lymphatic Endothelial,71,-0.012866177278418716,0.024471018618306997
Tissue,tissue_level_1,ileum,2,Medullary Sinus Endothelial,71,-0.03482102487863485,1.7695641713347778
Tissue,tissue_level_1,ileum,2,Crypt Top Fibroblasts (S2B),71,-0.09671467494444384,0.9741186723656104
Tissue,tissue_level_1,ileum,2,Crypt Bottom Fibroblasts (S2A),71,-0.09671467494444384,0.15142872751236133
Tissue,tissue_level_1,ileum,2,Lamina propria Fibroblasts (S1),71,0.06103075582364288,1.9182856001549164
Tissue,tissue_level_1,ileum,2,Submucosal Fibroblasts (S3),71,0.08458500988043502,0.764634891229372
Tissue,tissue_level_1,ileum,2,Mesenchymal Lymphoid Tissue Organizer Cells (mLTo Cells),71,-0.09671467494444384,0.9741186723656104
Tissue,tissue_level_1,ileum,2,Fibroblastic Reticular Cells (FRC),71,-0.06576784991153935,1.0264741723775952
Tissue,tissue_level_1,ileum,2,Marginal Reticular Cells (MRC),71,-0.0502944373950871,1.331175195913232
Tissue,tissue_level_1,ileum,2,Follicular Dendritic Cells (fDC),71,-0.09671467494444384,0.9741186723656104
Tissue,tissue_level_1,ileum,2,Muscularis Propria Fibroblasts,71,-0.06930748974648168,1.2844199526227214
Tissue,tissue_level_1,ileum,2,Myofibroblasts,71,-0.0812412624279916,0.9939317717275771
Tissue,tissue_level_1,ileum,2,Interstitial Cells of Cajal (ICC),71,-0.0502944373950871,1.6489906661663751
Tissue,tissue_level_1,ileum,2,Angiogenic Pericytes,71,-0.0812412624279916,1.0927135008623319
Tissue,tissue_level_1,ileum,2,Contractile Pericytes,71,-0.024799949959928628,-0.05168421108171941
Tissue,tissue_level_1,ileum,2,Secretory Pericytes,71,-0.1121880874608961,0.42346498202626365
Tissue,tissue_level_1,ileum,2,Glia,71,-0.09671467494444384,0.581304293739509
Tissue,tissue_level_1,ileum,2,Smooth Muscle Cells (SMC),71,-0.09671467494444384,0.9741186723656104
Tissue,tissue_level_1,ileum,2,Adipocytes,71,-0.05857312281624371,1.5678984187526772
Tissue,tissue_level_1,ileum,2,Plasma Cells,71,0.06655247536978406,0.11280490937689648
Tissue,tissue_level_1,ileum,2,Plasma IGA,71,0.04266148512903736,-0.5349843494730869
Tissue,tissue_level_1,ileum,2,Plasma IGG,71,-0.06576784991153935,0.22728384673672758
Tissue,tissue_level_1,ileum,2,GC B Dark Zone (GC B DZ),71,0.1514956690623225,-0.16109842988231798
Tissue,tissue_level_1,ileum,2,GC B Light Zone (GC B LZ),71,0.1824599254180488,0.20090812867039928
Tissue,tissue_level_1,ileum,2,Memory B,71,0.2800103130392866,0.3014098198026448
Tissue,tissue_level_1,ileum,2,Naive B,71,0.12149737335951216,-0.08110298549048837
Tissue,tissue_level_1,ileum,2,CD4 Tfh,71,0.1024322170064557,-0.36204453995117764
Tissue,tissue_level_1,ileum,2,CD4 Th17,71,0.29593148779496437,-0.579941873780086
Tissue,tissue_level_1,ileum,2,CD4 Tr1,71,-0.06930748974648168,-0.3267190756487496
Tissue,tissue_level_1,ileum,2,CD4 Tfr,71,0.03318339395660882,1.9827514556075172
Tissue,tissue_level_1,ileum,2,CD4 pTreg,71,-0.015692525101829294,0.6543668799394486
Tissue,tissue_level_1,ileum,2,CD4 tTreg,71,-0.012152885266886957,-0.48975744889336537
Tissue,tissue_level_1,ileum,2,CD4 Naive,71,0.05707595621260408,-0.5214057139580884
Tissue,tissue_level_1,ileum,2,CD4 Memory,71,0.2360788690180331,0.20461035347935988
Tissue,tissue_level_1,ileum,2,CD8 Effector Memory,71,-0.02479994995992862,-0.6735542995154734
Tissue,tissue_level_1,ileum,2,CD8 Circulating Effector Memory,71,0.054595257810547276,-0.4301326750398337
Tissue,tissue_level_1,ileum,2,CD8 Memory Exhausted,71,-0.09671467494444384,-0.33330604424801286
Tissue,tissue_level_1,ileum,2,CD8 TRM,71,0.5475967202670725,0.07458046635269432
Tissue,tissue_level_1,ileum,2,CD8 IEL,71,0.16428086860893346,-0.5239682857876217
Tissue,tissue_level_1,ileum,2,CD8 Naive,71,-0.038360664713577186,1.3688198403184817
Tissue,tissue_level_1,ileum,2,Gamma Delta T Cells,71,-0.0812412624279916,0.2300484337754173
Tissue,tissue_level_1,ileum,2,MAIT Cells,71,-0.0812412624279916,0.22595428424988073
Tissue,tissue_level_1,ileum,2,NKT Cells,71,0.15469105046853723,0.8234766452430029
Tissue,tissue_level_1,ileum,2,NK Cells,71,0.0998160896086321,0.6115880056359198
Tissue,tissue_level_1,ileum,2,ILC3,71,0.0530701842082774,1.5543794626888399
Tissue,tissue_level_1,ileum,2,Classical Monocytes,71,-0.0812412624279916,0.13616983473607158
Tissue,tissue_level_1,ileum,2,Nonclassical Monocytes,71,-0.1121880874608961,-0.21615491417713836
Tissue,tissue_level_1,ileum,2,Cycling Macrophages,71,-0.0502944373950871,0.8015984713261453
Tissue,tissue_level_1,ileum,2,Homeostatic Macrophages,71,-0.06576784991153935,0.37293942743284886
Tissue,tissue_level_1,ileum,2,M0 Macrophages,71,0.03316947645839905,1.9827149590998856
Tissue,tissue_level_1,ileum,2,Perivascular Resident Macrophages,71,-0.07404653533269595,1.2126664096074153
Tissue,tissue_level_1,ileum,2,Follicle Associated Resident Macrophages,71,0.01879393976601754,1.9406872953072083
Tissue,tissue_level_1,ileum,2,migDC,71,-0.1121880874608961,0.42346498202626365
Tissue,tissue_level_1,ileum,2,cDC1,71,-0.09671467494444384,0.03239590844209009
Tissue,tissue_level_1,ileum,2,cDC2,71,-0.01652126453877202,1.5645167947883976
Tissue,tissue_level_1,ileum,2,Tolerogenic cDC2,71,-0.09671467494444384,0.9741186723656104
Tissue,tissue_level_1,ileum,2,pDC,71,-0.09671467494444384,0.9741186723656104
Tissue,tissue_level_1,ileum,2,Monocyte Derived Dendritic Cells (MO DC),71,-0.06576784991153935,-0.032630567250766206
Tissue,tissue_level_1,ileum,2,Mast Cells,71,-0.0895199478491482,-0.29798426279787305
Tissue,tissue_level_1,ileum,2,Neutrophils,71,-0.04663935013473379,1.6808158633422547
Tissue,tissue_level_1,ileum,2,Eosinophils,71,-0.08124126242799161,0.6856151244785135
Tissue,tissue_level_1,colon,3,Epithelial,42,-0.09774825286036025,0.3214436232003342
Tissue,tissue_level_1,colon,3,Enterocyte Progenitors,42,-0.07159081741588144,-0.40109855757818946
Tissue,tissue_level_1,colon,3,Lower Villus Enterocytes,42,-0.12390568830483903,-0.6161267207775853
Tissue,tissue_level_1,colon,3,Mid Villus Enterocytes,42,-0.051417058835233724,-0.5799130852863243
Tissue,tissue_level_1,colon,3,Villus Tip Enterocytes,42,-0.007113431675352616,0.05122129733616031
Tissue,tissue_level_1,colon,3,BEST4 Enterocytes,42,-0.007113431675352631,-0.12338096036073756
Tissue,tissue_level_1,colon,3,Colonocyte Progenitors,42,0.21094959207624958,2.1788165329187743
Tissue,tissue_level_1,colon,3,Lower Crypt Colonocytes,42,0.37182009092900165,2.2090191065173266
Tissue,tissue_level_1,colon,3,Mid Crypt Colonocytes,42,0.15362707948980833,2.1548332341230507
Tissue,tissue_level_1,colon,3,Crypt Top Colonocytes,42,0.09117726061452493,2.085951635814223
Tissue,tissue_level_1,colon,3,BEST4 Colonocytes,42,0.3985236770622076,0.757512149827529
Tissue,tissue_level_1,colon,3,Microfold Cells (M Cells),42,-0.09774825286036025,0.36846175413497684
Tissue,tissue_level_1,colon,3,Enteroendocrine Cells (EEC),42,-0.09774825286036025,0.8749380518684351
Tissue,tissue_level_1,colon,3,EEC Progenitors,42,-0.019275946526923843,0.6333013986689123
Tissue,tissue_level_1,colon,3,EEC S,42,-0.12390568830483903,0.11408952744979797
Tissue,tissue_level_1,colon,3,EEC Enterochromaffin (EC),42,-0.09774825286036025,0.8749380518684351
Tissue,tissue_level_1,colon,3,EEC L,42,-0.08558573800878902,-0.05388465222719191
Tissue,tissue_level_1,colon,3,EEC N,42,-0.12390568830483903,-0.3196035944868305
Tissue,tissue_level_1,colon,3,Brunners Gland Cells,42,-0.05942830256431023,-0.44950592605262524
Tissue,tissue_level_1,colon,3,Paneth Cells,42,-0.12390568830483903,-0.47119091849961786
Tissue,tissue_level_1,colon,3,Tuft Cells,42,0.013657462248081353,0.537776984167246
Tissue,tissue_level_1,colon,3,Tuft Progenitors,42,-0.01927594652692384,0.10802206467035985
Tissue,tissue_level_1,colon,3,Goblet Cells,42,0.2761159394188325,0.27264262390798
Tissue,tissue_level_1,colon,3,Mature Goblet Cells,42,-0.12390568830483903,-0.31175910632197745
Tissue,tissue_level_1,colon,3,Foveolar Cells,42,-0.12390568830483903,-0.4518034772039013
Tissue,tissue_level_1,colon,3,Intestinal Stem Cells (ISC),42,0.05598435798659602,0.35794624967146094
Tissue,tissue_level_1,colon,3,Transiently Amplifying Cells (TA),42,0.019044003769126187,-0.3046965015560893
Tissue,tissue_level_1,colon,3,Secretory Progenitors,42,0.010677387415843115,1.2134275582321035
Tissue,tissue_level_1,colon,3,Arteriolar Endothelial,42,-0.07159081741588144,-0.38719391008882686
Tissue,tissue_level_1,colon,3,Capillary Endothelial,42,-0.12390568830483903,0.11408952744979797
Tissue,tissue_level_1,colon,3,Post Arteriole Capillary Endothelial (PAC),42,-0.07159081741588144,-0.14960530853250315
Tissue,tissue_level_1,colon,3,Pre Venule Capillary Endothelial (PVC),42,-0.12390568830483903,-0.04071914691137702
Tissue,tissue_level_1,colon,3,Venular Endothelial,42,-0.033270867119831425,-0.25570889771987493
Tissue,tissue_level_1,colon,3,Lymphatic Endothelial,42,-0.07159081741588144,-0.40182745528766395
Tissue,tissue_level_1,colon,3,Medullary Sinus Endothelial,42,-0.12390568830483903,-0.1441089209459302
Tissue,tissue_level_1,colon,3,Crypt Top Fibroblasts (S2B),42,-0.12390568830483903,0.11408952744979797
Tissue,tissue_level_1,colon,3,Crypt Bottom Fibroblasts (S2A),42,0.006881488917554958,1.8944288636573672
Tissue,tissue_level_1,colon,3,Lamina propria Fibroblasts (S1),42,-0.056448227732072,0.4259430451271704
Tissue,tissue_level_1,colon,3,Submucosal Fibroblasts (S3),42,-0.09774825286036025,-0.45909272200860196
Tissue,tissue_level_1,colon,3,Mesenchymal Lymphoid Tissue Organizer Cells (mLTo Cells),42,-0.12390568830483903,0.11408952744979797
Tissue,tissue_level_1,colon,3,Fibroblastic Reticular Cells (FRC),42,-0.059428302564310226,1.1684299664750337
Tissue,tissue_level_1,colon,3,Marginal Reticular Cells (MRC),42,-0.07159081741588144,0.864617470942312
Tissue,tissue_level_1,colon,3,Follicular Dendritic Cells (fDC),42,-0.12390568830483903,0.11408952744979797
Tissue,tissue_level_1,colon,3,Muscularis Propria Fibroblasts,42,-0.09774825286036025,0.5431157771293513
Tissue,tissue_level_1,colon,3,Myofibroblasts,42,-0.08558573800878902,0.8781831928057559
Tissue,tissue_level_1,colon,3,Interstitial Cells of Cajal (ICC),42,-0.12390568830483903,-0.09800695961358746
Tissue,tissue_level_1,colon,3,Angiogenic Pericytes,42,-0.09774825286036025,0.6341319410850478
Tissue,tissue_level_1,colon,3,Contractile Pericytes,42,-0.05141705883523374,-0.2554789760178165
Tissue,tissue_level_1,colon,3,Secretory Pericytes,42,-0.09774825286036025,0.8749380518684351
Tissue,tissue_level_1,colon,3,Glia,42,-0.07159081741588144,1.2427757487470077
Tissue,tissue_level_1,colon,3,Smooth Muscle Cells (SMC),42,-0.12390568830483903,0.11408952744979797
Tissue,tissue_level_1,colon,3,Adipocytes,42,-0.12390568830483903,-0.06889198556730713
Tissue,tissue_level_1,colon,3,Plasma Cells,42,0.19767011938312523,0.794182367072883
Tissue,tissue_level_1,colon,3,Plasma IGA,42,0.4458150626441668,0.18230856489827393
Tissue,tissue_level_1,colon,3,Plasma IGG,42,0.09410914715873703,2.021608691884389
Tissue,tissue_level_1,colon,3,GC B Dark Zone (GC B DZ),42,0.35700280461898126,0.2600418819116937
Tissue,tissue_level_1,colon,3,GC B Light Zone (GC B LZ),42,0.30993620425677015,0.650091857081084
Tissue,tissue_level_1,colon,3,Memory B,42,0.3520382181299925,0.5116704028351833
Tissue,tissue_level_1,colon,3,Naive B,42,0.2959412836638626,0.5844547639347486
Tissue,tissue_level_1,colon,3,CD4 Tfh,42,0.03921776234977389,-0.4039220512765007
Tissue,tissue_level_1,colon,3,CD4 Th17,42,0.31009714105831865,-0.55104068204461
Tissue,tissue_level_1,colon,3,CD4 Tr1,42,-0.12390568830483903,-0.4645040057975846
Tissue,tissue_level_1,colon,3,CD4 Tfr,42,-0.09774825286036025,0.055282226186649776
Tissue,tissue_level_1,colon,3,CD4 pTreg,42,0.03921776234977389,1.361893052022673
Tissue,tissue_level_1,colon,3,CD4 tTreg,42,-0.019275946526923833,-0.5002638865966303
Tissue,tissue_level_1,colon,3,CD4 Naive,42,0.030779430509110067,-0.5419170262198391
Tissue,tissue_level_1,colon,3,CD4 Memory,42,0.27847615289280137,0.3216007043662617
Tissue,tissue_level_1,colon,3,CD8 Effector Memory,42,0.1743513718185716,-0.11125698896591535
Tissue,tissue_level_1,colon,3,CD8 Circulating Effector Memory,42,0.20723659230555067,-0.22844847760910475
Tissue,tissue_level_1,colon,3,CD8 Memory Exhausted,42,-0.033270867119831425,0.1482032534384981
Tissue,tissue_level_1,colon,3,CD8 TRM,42,0.20234121300438682,-0.44234383747011113
Tissue,tissue_level_1,colon,3,CD8 IEL,42,0.4179285704494406,-0.07659161784472485
Tissue,tissue_level_1,colon,3,CD8 Naive,42,-0.05942830256431023,0.9489347626973983
Tissue,tissue_level_1,colon,3,Gamma Delta T Cells,42,0.04058847310742812,1.9519174836768063
Tissue,tissue_level_1,colon,3,MAIT Cells,42,0.04179427626977942,1.9552696338352162
Tissue,tissue_level_1,colon,3,NKT Cells,42,0.14983118099152018,0.7935319603900824
Tissue,tissue_level_1,colon,3,NK Cells,42,-0.014498072825444045,-0.07296764440334019
Tissue,tissue_level_1,colon,3,ILC3,42,-0.045433381971402634,0.3013709819276324
Tissue,tissue_level_1,colon,3,Classical Monocytes,42,-0.09774825286036025,-0.09972460818563805
Tissue,tissue_level_1,colon,3,Nonclassical Monocytes,42,-0.12390568830483903,-0.35584435274501675
Tissue,tissue_level_1,colon,3,Cycling Macrophages,42,-0.09774825286036025,-0.04791282518237806
Tissue,tissue_level_1,colon,3,Homeostatic Macrophages,42,-0.12390568830483903,-0.436608166055534
Tissue,tissue_level_1,colon,3,M0 Macrophages,42,-0.09774825286036025,0.055320118618373174
Tissue,tissue_level_1,colon,3,Perivascular Resident Macrophages,42,-0.09774825286036025,0.5785801726104958
Tissue,tissue_level_1,colon,3,Follicle Associated Resident Macrophages,42,-0.09774825286036025,0.09733077205809341
Tissue,tissue_level_1,colon,3,migDC,42,-0.09774825286036025,0.8749380518684351
Tissue,tissue_level_1,colon,3,cDC1,42,-0.07159081741588144,0.5016991783902813
Tissue,tissue_level_1,colon,3,cDC2,42,-0.05942830256431023,0.7918534006786496
Tissue,tissue_level_1,colon,3,Tolerogenic cDC2,42,-0.12390568830483903,0.11408952744979797
Tissue,tissue_level_1,colon,3,pDC,42,-0.12390568830483903,0.11408952744979797
Tissue,tissue_level_1,colon,3,Monocyte Derived Dendritic Cells (MO DC),42,-0.12390568830483903,-0.4592373666427101
Tissue,tissue_level_1,colon,3,Mast Cells,42,-0.08558573800878902,-0.27769514382901245
Tissue,tissue_level_1,colon,3,Neutrophils,42,-0.12390568830483903,-0.10982077435714521
Tissue,tissue_level_1,colon,3,Eosinophils,42,-0.047265787712739024,1.4389987761155854
Tissue,tissue_level_1,mesentery,4,Epithelial,1,-0.155707341596102,-0.9132401574903262
Tissue,tissue_level_1,mesentery,4,Enterocyte Progenitors,1,-0.155707341596102,-0.6927586011569161
Tissue,tissue_level_1,mesentery,4,Lower Villus Enterocytes,1,-0.155707341596102,-0.6858785360613161
Tissue,tissue_level_1,mesentery,4,Mid Villus Enterocytes,1,-0.155707341596102,-0.8220577560351464
Tissue,tissue_level_1,mesentery,4,Villus Tip Enterocytes,1,-0.155707341596102,-0.8661554648453497
Tissue,tissue_level_1,mesentery,4,BEST4 Enterocytes,1,-0.155707341596102,-1.1432173691642027
Tissue,tissue_level_1,mesentery,4,Colonocyte Progenitors,1,-0.155707341596102,-0.6219842175476813
Tissue,tissue_level_1,mesentery,4,Lower Crypt Colonocytes,1,-0.155707341596102,-0.5702408519617892
Tissue,tissue_level_1,mesentery,4,Mid Crypt Colonocytes,1,-0.155707341596102,-0.6521860865430448
Tissue,tissue_level_1,mesentery,4,Crypt Top Colonocytes,1,-0.155707341596102,-0.730615865489802
Tissue,tissue_level_1,mesentery,4,BEST4 Colonocytes,1,-0.155707341596102,-0.8144387380449858
Tissue,tissue_level_1,mesentery,4,Microfold Cells (M Cells),1,-0.155707341596102,-0.928249266299257
Tissue,tissue_level_1,mesentery,4,Enteroendocrine Cells (EEC),1,-0.155707341596102,-0.9371995827142423
Tissue,tissue_level_1,mesentery,4,EEC Progenitors,1,-0.155707341596102,-0.8000095363488369
Tissue,tissue_level_1,mesentery,4,EEC S,1,-0.155707341596102,-0.891770325012741
Tissue,tissue_level_1,mesentery,4,EEC Enterochromaffin (EC),1,-0.155707341596102,-0.9371995827142423
Tissue,tissue_level_1,mesentery,4,EEC L,1,-0.155707341596102,-0.6274836928403311
Tissue,tissue_level_1,mesentery,4,EEC N,1,-0.155707341596102,-0.6642740698331268
Tissue,tissue_level_1,mesentery,4,Brunners Gland Cells,1,-0.155707341596102,-0.7869411306054254
Tissue,tissue_level_1,mesentery,4,Paneth Cells,1,-0.155707341596102,-0.7737272300933216
Tissue,tissue_level_1,mesentery,4,Tuft Cells,1,-0.155707341596102,-0.8180006244363838
Tissue,tissue_level_1,mesentery,4,Tuft Progenitors,1,-0.155707341596102,-0.7655748773792371
Tissue,tissue_level_1,mesentery,4,Goblet Cells,1,-0.155707341596102,-0.877189747187635
Tissue,tissue_level_1,mesentery,4,Mature Goblet Cells,1,-0.155707341596102,-0.6741275470823443
Tissue,tissue_level_1,mesentery,4,Foveolar Cells,1,-0.155707341596102,-0.5210273778805132
Tissue,tissue_level_1,mesentery,4,Intestinal Stem Cells (ISC),1,-0.155707341596102,-0.7668504275274168
Tissue,tissue_level_1,mesentery,4,Transiently Amplifying Cells (TA),1,-0.155707341596102,-1.0637751697934312
Tissue,tissue_level_1,mesentery,4,Secretory Progenitors,1,-0.155707341596102,-0.9086339105430996
Tissue,tissue_level_1,mesentery,4,Arteriolar Endothelial,1,-0.155707341596102,-1.0457083549687023
Tissue,tissue_level_1,mesentery,4,Capillary Endothelial,1,-0.155707341596102,-0.891770325012741
Tissue,tissue_level_1,mesentery,4,Post Arteriole Capillary Endothelial (PAC),1,-0.155707341596102,-1.061919141878498
Tissue,tissue_level_1,mesentery,4,Pre Venule Capillary Endothelial (PVC),1,-0.155707341596102,-0.875781687445142
Tissue,tissue_level_1,mesentery,4,Venular Endothelial,1,-0.155707341596102,-1.106472589789846
Tissue,tissue_level_1,mesentery,4,Lymphatic Endothelial,1,-0.155707341596102,-1.0124526682198254
Tissue,tissue_level_1,mesentery,4,Medullary Sinus Endothelial,1,-0.155707341596102,-0.8272564555823898
Tissue,tissue_level_1,mesentery,4,Crypt Top Fibroblasts (S2B),1,-0.155707341596102,-0.891770325012741
Tissue,tissue_level_1,mesentery,4,Crypt Bottom Fibroblasts (S2A),1,-0.155707341596102,-0.8411198589620377
Tissue,tissue_level_1,mesentery,4,Lamina propria Fibroblasts (S1),1,-0.155707341596102,-0.8349514153989197
Tissue,tissue_level_1,mesentery,4,Submucosal Fibroblasts (S3),1,-0.155707341596102,-0.8480844849918908
Tissue,tissue_level_1,mesentery,4,Mesenchymal Lymphoid Tissue Organizer Cells (mLTo Cells),1,-0.155707341596102,-0.891770325012741
Tissue,tissue_level_1,mesentery,4,Fibroblastic Reticular Cells (FRC),1,-0.155707341596102,-0.9874601455642729
Tissue,tissue_level_1,mesentery,4,Marginal Reticular Cells (MRC),1,-0.155707341596102,-0.9781940357862977
Tissue,tissue_level_1,mesentery,4,Follicular Dendritic Cells (fDC),1,-0.155707341596102,-0.891770325012741
Tissue,tissue_level_1,mesentery,4,Muscularis Propria Fibroblasts,1,-0.155707341596102,-0.9675790771388112
Tissue,tissue_level_1,mesentery,4,Myofibroblasts,1,-0.155707341596102,-0.9900459676539246
Tissue,tissue_level_1,mesentery,4,Interstitial Cells of Cajal (ICC),1,-0.155707341596102,-0.8527477378110377
Tissue,tissue_level_1,mesentery,4,Angiogenic Pericytes,1,-0.155707341596102,-0.9760325177000991
Tissue,tissue_level_1,mesentery,4,Contractile Pericytes,1,-0.155707341596102,-1.0539809380430447
Tissue,tissue_level_1,mesentery,4,Secretory Pericytes,1,-0.155707341596102,-0.9371995827142423
Tissue,tissue_level_1,mesentery,4,Glia,1,-0.155707341596102,-0.9718793684621261
Tissue,tissue_level_1,mesentery,4,Smooth Muscle Cells (SMC),1,-0.155707341596102,-0.891770325012741
Tissue,tissue_level_1,mesentery,4,Adipocytes,1,-0.155707341596102,-0.865625445509834
Tissue,tissue_level_1,mesentery,4,Plasma Cells,1,-0.155707341596102,-1.0422099642642246
Tissue,tissue_level_1,mesentery,4,Plasma IGA,1,-0.155707341596102,-0.8879231841452484
Tissue,tissue_level_1,mesentery,4,Plasma IGG,1,-0.155707341596102,-0.782121305016435
Tissue,tissue_level_1,mesentery,4,GC B Dark Zone (GC B DZ),1,-0.155707341596102,-0.7906413960781505
Tissue,tissue_level_1,mesentery,4,GC B Light Zone (GC B LZ),1,-0.155707341596102,-0.9906801041179579
Tissue,tissue_level_1,mesentery,4,Memory B,1,-0.155707341596102,-0.9705173310125258
Tissue,tissue_level_1,mesentery,4,Naive B,1,-0.155707341596102,-1.1387251512286625
Tissue,tissue_level_1,mesentery,4,CD4 Tfh,1,4.018679928299536,2.232341645505087
Tissue,tissue_level_1,mesentery,4,CD4 Th17,1,1.4537305708379984,1.7822346293501043
Tissue,tissue_level_1,mesentery,4,CD4 Tr1,1,0.9429049470720077,2.227717216855435
Tissue,tissue_level_1,mesentery,4,CD4 Tfr,1,-0.155707341596102,-0.7979443452287598
Tissue,tissue_level_1,mesentery,4,CD4 pTreg,1,-0.155707341596102,-1.1497421813442135
Tissue,tissue_level_1,mesentery,4,CD4 tTreg,1,1.7902028074592113,2.168697548677957
Tissue,tissue_level_1,mesentery,4,CD4 Naive,1,3.4552105710481222,2.1291421560631467
Tissue,tissue_level_1,mesentery,4,CD4 Memory,1,-0.155707341596102,-0.8764779159433664
Tissue,tissue_level_1,mesentery,4,CD8 Effector Memory,1,-0.155707341596102,-1.043167082351769
Tissue,tissue_level_1,mesentery,4,CD8 Circulating Effector Memory,1,2.0415172357401175,2.1951769490012194
Tissue,tissue_level_1,mesentery,4,CD8 Memory Exhausted,1,-0.155707341596102,-0.7810332293283939
Tissue,tissue_level_1,mesentery,4,CD8 TRM,1,-0.155707341596102,-0.9784221792438147
Tissue,tissue_level_1,mesentery,4,CD8 IEL,1,-0.155707341596102,-1.0883544727066565
Tissue,tissue_level_1,mesentery,4,CD8 Naive,1,-0.155707341596102,-0.9699387277039276
Tissue,tissue_level_1,mesentery,4,Gamma Delta T Cells,1,-0.155707341596102,-0.8224108564263418
Tissue,tissue_level_1,mesentery,4,MAIT Cells,1,-0.155707341596102,-0.8206972368620684
Tissue,tissue_level_1,mesentery,4,NKT Cells,1,-0.155707341596102,-1.0890813099006649
Tissue,tissue_level_1,mesentery,4,NK Cells,1,-0.155707341596102,-0.9185811774650239
Tissue,tissue_level_1,mesentery,4,ILC3,1,-0.155707341596102,-1.1013620558267994
Tissue,tissue_level_1,mesentery,4,Classical Monocytes,1,-0.155707341596102,-0.9279935167783145
Tissue,tissue_level_1,mesentery,4,Nonclassical Monocytes,1,-0.155707341596102,-0.7349624975726922
Tissue,tissue_level_1,mesentery,4,Cycling Macrophages,1,-0.155707341596102,-1.0854879945043105
Tissue,tissue_level_1,mesentery,4,Homeostatic Macrophages,1,-0.155707341596102,-0.8794342600828091
Tissue,tissue_level_1,mesentery,4,M0 Macrophages,1,-0.155707341596102,-0.797964223919271
Tissue,tissue_level_1,mesentery,4,Perivascular Resident Macrophages,1,-0.155707341596102,-0.971985115889029
Tissue,tissue_level_1,mesentery,4,Follicle Associated Resident Macrophages,1,-0.155707341596102,-0.8194124425227364
Tissue,tissue_level_1,mesentery,4,migDC,1,-0.155707341596102,-0.9371995827142423
Tissue,tissue_level_1,mesentery,4,cDC1,1,-0.155707341596102,-1.0695627112130406
Tissue,tissue_level_1,mesentery,4,cDC2,1,-0.155707341596102,-0.9419248441783253
Tissue,tissue_level_1,mesentery,4,Tolerogenic cDC2,1,-0.155707341596102,-0.891770325012741
Tissue,tissue_level_1,mesentery,4,pDC,1,-0.155707341596102,-0.891770325012741
Tissue,tissue_level_1,mesentery,4,Monocyte Derived Dendritic Cells (MO DC),1,-0.155707341596102,-0.6925931621261819
Tissue,tissue_level_1,mesentery,4,Mast Cells,1,-0.155707341596102,-0.639319361956734
Tissue,tissue_level_1,mesentery,4,Neutrophils,1,-0.155707341596102,-0.8468196650950731
Tissue,tissue_level_1,mesentery,4,Eosinophils,1,-0.155707341596102,-0.9656208660985565
Tissue,tissue_level_1,accessory,5,Epithelial,2,-0.17280449684061105,-1.2774553433534521
Tissue,tissue_level_1,accessory,5,Enterocyte Progenitors,2,-0.17280449684061105,-0.75204014057243
Tissue,tissue_level_1,accessory,5,Lower Villus Enterocytes,2,-0.17280449684061105,-0.723378398209046
Tissue,tissue_level_1,accessory,5,Mid Villus Enterocytes,2,-0.17280449684061105,-0.8617545035923075
Tissue,tissue_level_1,accessory,5,Villus Tip Enterocytes,2,-0.17280449684061105,-0.9717084644877138
Tissue,tissue_level_1,accessory,5,BEST4 Enterocytes,2,-0.17280449684061105,-1.2605593343538586
Tissue,tissue_level_1,accessory,5,Colonocyte Progenitors,2,-0.17280449684061105,-0.7525851167589687
Tissue,tissue_level_1,accessory,5,Lower Crypt Colonocytes,2,-0.17280449684061105,-0.6603166206237421
Tissue,tissue_level_1,accessory,5,Mid Crypt Colonocytes,2,-0.17280449684061105,-0.807332238501465
Tissue,tissue_level_1,accessory,5,Crypt Top Colonocytes,2,-0.17280449684061105,-0.925667688873063
Tissue,tissue_level_1,accessory,5,BEST4 Colonocytes,2,0.8001505776870457,1.8966359840709677
Tissue,tissue_level_1,accessory,5,Microfold Cells (M Cells),2,-0.17280449684061105,-1.3107616574914633
Tissue,tissue_level_1,accessory,5,Enteroendocrine Cells (EEC),2,-0.17280449684061105,-1.4717559247598941
Tissue,tissue_level_1,accessory,5,EEC Progenitors,2,-0.17280449684061105,-0.9796275748305605
Tissue,tissue_level_1,accessory,5,EEC S,2,-0.17280449684061105,-1.4325391301520547
Tissue,tissue_level_1,accessory,5,EEC Enterochromaffin (EC),2,-0.17280449684061105,-1.4717559247598941
Tissue,tissue_level_1,accessory,5,EEC L,2,-0.17280449684061105,-0.7673394768463696
Tissue,tissue_level_1,accessory,5,EEC N,2,-0.17280449684061105,-0.8495752732398483
Tissue,tissue_level_1,accessory,5,Brunners Gland Cells,2,0.6319144593764392,1.9734865408180031
Tissue,tissue_level_1,accessory,5,Paneth Cells,2,-0.17280449684061105,-0.9363763300959239
Tissue,tissue_level_1,accessory,5,Tuft Cells,2,-0.17280449684061105,-0.9548645992717408
Tissue,tissue_level_1,accessory,5,Tuft Progenitors,2,-0.17280449684061105,-0.8750513108040875
Tissue,tissue_level_1,accessory,5,Goblet Cells,2,0.9258077918274987,2.002601975290711
Tissue,tissue_level_1,accessory,5,Mature Goblet Cells,2,-0.17280449684061105,-0.8689435030531866
Tissue,tissue_level_1,accessory,5,Foveolar Cells,2,1.1096701818901573,2.233369294581014
Tissue,tissue_level_1,accessory,5,Intestinal Stem Cells (ISC),2,-0.17280449684061105,-0.8576939676685105
Tissue,tissue_level_1,accessory,5,Transiently Amplifying Cells (TA),2,-0.17280449684061105,-1.138041183634555
Tissue,tissue_level_1,accessory,5,Secretory Progenitors,2,-0.17280449684061105,-1.126690066210101
Tissue,tissue_level_1,accessory,5,Arteriolar Endothelial,2,-0.17280449684061105,-1.1795551086783658
Tissue,tissue_level_1,accessory,5,Capillary Endothelial,2,-0.17280449684061105,-1.4325391301520547
Tissue,tissue_level_1,accessory,5,Post Arteriole Capillary Endothelial (PAC),2,-0.17280449684061105,-1.2473520445387507
Tissue,tissue_level_1,accessory,5,Pre Venule Capillary Endothelial (PVC),2,-0.17280449684061105,-1.3247267081212324
Tissue,tissue_level_1,accessory,5,Venular Endothelial,2,-0.17280449684061105,-1.2252741069188864
Tissue,tissue_level_1,accessory,5,Lymphatic Endothelial,2,-0.17280449684061105,-1.1365656669850246
Tissue,tissue_level_1,accessory,5,Medullary Sinus Endothelial,2,-0.17280449684061105,-1.1945291677150025
Tissue,tissue_level_1,accessory,5,Crypt Top Fibroblasts (S2B),2,-0.17280449684061105,-1.4325391301520547
Tissue,tissue_level_1,accessory,5,Crypt Bottom Fibroblasts (S2A),2,-0.17280449684061105,-1.12877861781887
Tissue,tissue_level_1,accessory,5,Lamina propria Fibroblasts (S1),2,-0.17280449684061105,-1.0521376011237575
Tissue,tissue_level_1,accessory,5,Submucosal Fibroblasts (S3),2,-0.17280449684061105,-0.9628318474096041
Tissue,tissue_level_1,accessory,5,Mesenchymal Lymphoid Tissue Organizer Cells (mLTo Cells),2,-0.17280449684061105,-1.4325391301520547
Tissue,tissue_level_1,accessory,5,Fibroblastic Reticular Cells (FRC),2,-0.17280449684061105,-1.3703013985130776
Tissue,tissue_level_1,accessory,5,Marginal Reticular Cells (MRC),2,-0.17280449684061105,-1.3527558085647704
Tissue,tissue_level_1,accessory,5,Follicular Dendritic Cells (fDC),2,-0.17280449684061105,-1.4325391301520547
Tissue,tissue_level_1,accessory,5,Muscularis Propria Fibroblasts,2,-0.17280449684061105,-1.413213834584126
Tissue,tissue_level_1,accessory,5,Myofibroblasts,2,-0.17280449684061105,-1.4455604218966267
Tissue,tissue_level_1,accessory,5,Interstitial Cells of Cajal (ICC),2,-0.17280449684061105,-1.2585102978899045
Tissue,tissue_level_1,accessory,5,Angiogenic Pericytes,2,-0.17280449684061105,-1.451009476819611
Tissue,tissue_level_1,accessory,5,Contractile Pericytes,2,-0.17280449684061105,-1.1848858665404955
Tissue,tissue_level_1,accessory,5,Secretory Pericytes,2,-0.17280449684061105,-1.4717559247598941
Tissue,tissue_level_1,accessory,5,Glia,2,-0.17280449684061105,-1.4220204402787204
Tissue,tissue_level_1,accessory,5,Smooth Muscle Cells (SMC),2,-0.17280449684061105,-1.4325391301520547
Tissue,tissue_level_1,accessory,5,Adipocytes,2,-0.17280449684061105,-1.293964045656595
Tissue,tissue_level_1,accessory,5,Plasma Cells,2,0.3765016474934438,1.7235139829406823
Tissue,tissue_level_1,accessory,5,Plasma IGA,2,1.510843418152626,2.077212481463746
Tissue,tissue_level_1,accessory,5,Plasma IGG,2,-0.17280449684061105,-0.9740053846447526
Tissue,tissue_level_1,accessory,5,GC B Dark Zone (GC B DZ),2,1.2438021751874968,2.0773362664027486
Tissue,tissue_level_1,accessory,5,GC B Light Zone (GC B LZ),2,0.6319144593764392,1.784635431927642
Tissue,tissue_level_1,accessory,5,Memory B,2,0.8001505776870457,1.8197796122575498
Tissue,tissue_level_1,accessory,5,Naive B,2,0.6319144593764392,1.8662968775653306
Tissue,tissue_level_1,accessory,5,CD4 Tfh,2,-0.17280449684061105,-0.5443798723347961
Tissue,tissue_level_1,accessory,5,CD4 Th17,2,0.6319144593764392,0.10554068752551772
Tissue,tissue_level_1,accessory,5,CD4 Tr1,2,-0.17280449684061105,-0.5879058596382604
Tissue,tissue_level_1,accessory,5,CD4 Tfr,2,-0.17280449684061105,-1.0496347611485255
Tissue,tissue_level_1,accessory,5,CD4 pTreg,2,-0.17280449684061105,-1.3700412430514006
Tissue,tissue_level_1,accessory,5,CD4 tTreg,2,0.3765016474934438,0.08350374983410791
Tissue,tissue_level_1,accessory,5,CD4 Naive,2,1.026143139558574,0.23446750763571406
Tissue,tissue_level_1,accessory,5,CD4 Memory,2,-0.17280449684061105,-0.9236555181013509
Tissue,tissue_level_1,accessory,5,CD8 Effector Memory,2,0.8001505776870457,1.6556668117973325
Tissue,tissue_level_1,accessory,5,CD8 Circulating Effector Memory,2,-0.17280449684061105,-0.7305947822698046
Tissue,tissue_level_1,accessory,5,CD8 Memory Exhausted,2,-0.17280449684061105,-0.9107927676741852
Tissue,tissue_level_1,accessory,5,CD8 TRM,2,0.6319144593764392,0.20082288007865476
Tissue,tissue_level_1,accessory,5,CD8 IEL,2,1.3494567220211005,1.5664114826019817
Tissue,tissue_level_1,accessory,5,CD8 Naive,2,-0.17280449684061105,-1.3106907573241164
Tissue,tissue_level_1,accessory,5,Gamma Delta T Cells,2,-0.17280449684061105,-1.0640518837789827
Tissue,tissue_level_1,accessory,5,MAIT Cells,2,-0.17280449684061105,-1.0610048204392075
Tissue,tissue_level_1,accessory,5,NKT Cells,2,-0.17280449684061105,-1.1944275394855222
Tissue,tissue_level_1,accessory,5,NK Cells,2,-0.17280449684061105,-1.0209652913229774
Tissue,tissue_level_1,accessory,5,ILC3,2,-0.17280449684061105,-1.3188453546464929
Tissue,tissue_level_1,accessory,5,Classical Monocytes,2,-0.17280449684061105,-1.172321756288339
Tissue,tissue_level_1,accessory,5,Nonclassical Monocytes,2,-0.17280449684061105,-0.9387834033213196
Tissue,tissue_level_1,accessory,5,Cycling Macrophages,2,-0.17280449684061105,-1.3915587788229973
Tissue,tissue_level_1,accessory,5,Homeostatic Macrophages,2,-0.17280449684061105,-1.1175057341210448
Tissue,tissue_level_1,accessory,5,M0 Macrophages,2,-0.17280449684061105,-1.0496716815466798
Tissue,tissue_level_1,accessory,5,Perivascular Resident Macrophages,2,-0.17280449684061105,-1.4293811176635567
Tissue,tissue_level_1,accessory,5,Follicle Associated Resident Macrophages,2,-0.17280449684061105,-1.0898394178415045
Tissue,tissue_level_1,accessory,5,migDC,2,-0.17280449684061105,-1.4717559247598941
Tissue,tissue_level_1,accessory,5,cDC1,2,-0.17280449684061105,-1.3889305015270101
Tissue,tissue_level_1,accessory,5,cDC2,2,-0.17280449684061105,-1.2498078071780288
Tissue,tissue_level_1,accessory,5,Tolerogenic cDC2,2,-0.17280449684061105,-1.4325391301520547
Tissue,tissue_level_1,accessory,5,pDC,2,-0.17280449684061105,-1.4325391301520547
Tissue,tissue_level_1,accessory,5,Monocyte Derived Dendritic Cells (MO DC),2,-0.17280449684061105,-0.818049540951711
Tissue,tissue_level_1,accessory,5,Mast Cells,2,-0.17280449684061105,-0.7274911247403009
Tissue,tissue_level_1,accessory,5,Neutrophils,2,-0.17280449684061105,-1.2430438593082445
Tissue,tissue_level_1,accessory,5,Eosinophils,2,-0.17280449684061105,-1.3447389610969942
Collection method,sample_collection_method,biopsy,0,Epithelial,87,-0.06759644717475981,-1.000000000000008
Collection method,sample_collection_method,biopsy,0,Enterocyte Progenitors,87,0.06108160281773934,-1.0000000000000002
Collection method,sample_collection_method,biopsy,0,Lower Villus Enterocytes,87,0.11669038434802052,-1.0000000000000002
Collection method,sample_collection_method,biopsy,0,Mid Villus Enterocytes,87,0.18325657894060401,-1.0
Collection method,sample_collection_method,biopsy,0,Villus Tip Enterocytes,87,0.22164452969704754,1.0
Collection method,sample_collection_method,biopsy,0,BEST4 Enterocytes,87,0.05287255187777987,-0.9999999999999999
Collection method,sample_collection_method,biopsy,0,Colonocyte Progenitors,87,-0.039069832723974435,-1.0
Collection method,sample_collection_method,biopsy,0,Lower Crypt Colonocytes,87,-0.031780568994236036,-1.0
Collection method,sample_collection_method,biopsy,0,Mid Crypt Colonocytes,87,-0.08698034319280841,-1.0
Collection method,sample_collection_method,biopsy,0,Crypt Top Colonocytes,87,-0.03549060798576536,0.9999999999999994
Collection method,sample_collection_method,biopsy,0,BEST4 Colonocytes,87,0.07340683247694321,-1.0
Collection method,sample_collection_method,biopsy,0,Microfold Cells (M Cells),87,-0.03646943336898729,1.0
Collection method,sample_collection_method,biopsy,0,Enteroendocrine Cells (EEC),87,-0.09285190208667038,1.0
Collection method,sample_collection_method,biopsy,0,EEC Progenitors,87,-0.05496871971880452,1.0000000000000002
Collection method,sample_collection_method,biopsy,0,EEC S,87,-0.09285190208667038,1.0
Collection method,sample_collection_method,biopsy,0,EEC Enterochromaffin (EC),87,-0.10547962954262566,1.0000000000000013
Collection method,sample_collection_method,biopsy,0,EEC L,87,-0.10547962954262566,-1.0
Collection method,sample_collection_method,biopsy,0,EEC N,87,-0.08022417463071509,1.0
Collection method,sample_collection_method,biopsy,0,Brunners Gland Cells,87,-0.10547962954262566,-1.0
Collection method,sample_collection_method,biopsy,0,Paneth Cells,87,0.01790897342749147,1.0
Collection method,sample_collection_method,biopsy,0,Tuft Cells,87,-0.06172488828089784,-1.0
Collection method,sample_collection_method,biopsy,0,Tuft Progenitors,87,-0.004457809894983395,1.0
Collection method,sample_collection_method,biopsy,0,Goblet Cells,87,0.18440255057584667,-1.0
Collection method,sample_collection_method,biopsy,0,Mature Goblet Cells,87,0.05878083365550987,1.0
Collection method,sample_collection_method,biopsy,0,Foveolar Cells,87,-0.10547962954262566,-1.0000000000000007
Collection method,sample_collection_method,biopsy,0,Intestinal Stem Cells (ISC),87,-0.04811833544172064,-1.0
Collection method,sample_collection_method,biopsy,0,Transiently Amplifying Cells (TA),87,0.10167217236364505,-1.0000000000000002
Collection method,sample_collection_method,biopsy,0,Secretory Progenitors,87,-0.023020338510938373,-1.0
Collection method,sample_collection_method,biopsy,0,Arteriolar Endothelial,87,-0.09285190208667038,-1.0
Collection method,sample_collection_method,biopsy,0,Capillary Endothelial,87,-0.09285190208667038,1.0
Collection method,sample_collection_method,biopsy,0,Post Arteriole Capillary Endothelial (PAC),87,-0.049097160824942566,-0.9999999999999997
Collection method,sample_collection_method,biopsy,0,Pre Venule Capillary Endothelial (PVC),87,-0.09285190208667038,-1.0000000000000069
Collection method,sample_collection_method,biopsy,0,Venular Endothelial,87,-0.08022417463071509,-1.0
Collection method,sample_collection_method,biopsy,0,Lymphatic Endothelial,87,-0.10547962954262566,-1.0
Collection method,sample_collection_method,biopsy,0,Medullary Sinus Endothelial,87,-0.09285190208667038,-1.0
Collection method,sample_collection_method,biopsy,0,Crypt Top Fibroblasts (S2B),87,-0.09285190208667038,1.0
Collection method,sample_collection_method,biopsy,0,Crypt Bottom Fibroblasts (S2A),87,-0.029713264806893964,1.0
Collection method,sample_collection_method,biopsy,0,Lamina propria Fibroblasts (S1),87,-0.00622702923144611,-1.0
Collection method,sample_collection_method,biopsy,0,Submucosal Fibroblasts (S3),87,-0.08022417463071509,-1.0
Collection method,sample_collection_method,biopsy,0,Mesenchymal Lymphoid Tissue Organizer Cells (mLTo Cells),87,-0.09285190208667038,1.0
Collection method,sample_collection_method,biopsy,0,Fibroblastic Reticular Cells (FRC),87,-0.036469433368987274,1.0000000000000002
Collection method,sample_collection_method,biopsy,0,Marginal Reticular Cells (MRC),87,-0.04234099226284924,1.0
Collection method,sample_collection_method,biopsy,0,Follicular Dendritic Cells (fDC),87,-0.09285190208667038,1.0
Collection method,sample_collection_method,biopsy,0,Muscularis Propria Fibroblasts,87,-0.08311284622015079,1.0
Collection method,sample_collection_method,biopsy,0,Myofibroblasts,87,-0.09285190208667038,-1.0
Collection method,sample_collection_method,biopsy,0,Interstitial Cells of Cajal (ICC),87,-0.05496871971880452,0.9999999999999999
Collection method,sample_collection_method,biopsy,0,Angiogenic Pericytes,87,-0.06759644717475981,1.0000000000000002
Collection method,sample_collection_method,biopsy,0,Contractile Pericytes,87,-0.10547962954262566,-1.0
Collection method,sample_collection_method,biopsy,0,Secretory Pericytes,87,-0.10547962954262566,1.0000000000000013
Collection method,sample_collection_method,biopsy,0,Glia,87,-0.06759644717475981,1.0000000000000002
Collection method,sample_collection_method,biopsy,0,Smooth Muscle Cells (SMC),87,-0.10547962954262566,1.0000000000000013
Collection method,sample_collection_method,biopsy,0,Adipocytes,87,-0.10547962954262566,-1.0000000000000002
Collection method,sample_collection_method,biopsy,0,Plasma Cells,87,0.18300487155168102,1.0
Collection method,sample_collection_method,biopsy,0,Plasma IGA,87,0.08130286937708142,-0.9999999999999997
Collection method,sample_collection_method,biopsy,0,Plasma IGG,87,-0.04234099226284924,-1.0
Collection method,sample_collection_method,biopsy,0,GC B Dark Zone (GC B DZ),87,0.28694082934056336,1.0
Collection method,sample_collection_method,biopsy,0,GC B Light Zone (GC B LZ),87,0.2715434635408792,1.0
Collection method,sample_collection_method,biopsy,0,Memory B,87,0.362718429652791,1.0
Collection method,sample_collection_method,biopsy,0,Naive B,87,0.23317630845894557,1.0
Collection method,sample_collection_method,biopsy,0,CD4 Tfh,87,0.10079728790891672,0.9999999999999994
Collection method,sample_collection_method,biopsy,0,CD4 Th17,87,0.30980721692326824,-1.0
Collection method,sample_collection_method,biopsy,0,CD4 Tr1,87,-0.07048511876419551,0.9999999999999997
Collection method,sample_collection_method,biopsy,0,CD4 Tfr,87,-0.0053424195632147484,1.0
Collection method,sample_collection_method,biopsy,0,CD4 pTreg,87,-0.00147492259055713,1.0
Collection method,sample_collection_method,biopsy,0,CD4 tTreg,87,0.0014137489988785726,1.0
Collection method,sample_collection_method,biopsy,0,CD4 Naive,87,0.09470324174859579,0.9999999999999998
Collection method,sample_collection_method,biopsy,0,CD4 Memory,87,0.2694388834015455,1.0000000000000915
Collection method,sample_collection_method,biopsy,0,CD8 Effector Memory,87,0.034639040440846,-1.0
Collection method,sample_collection_method,biopsy,0,CD8 Circulating Effector Memory,87,0.14673796597620797,1.0000000000000002
Collection method,sample_collection_method,biopsy,0,CD8 Memory Exhausted,87,-0.08698034319280841,-1.0
Collection method,sample_collection_method,biopsy,0,CD8 TRM,87,0.4609155134126624,-1.0000000000000007
Collection method,sample_collection_method,biopsy,0,CD8 IEL,87,0.249793674221802,-1.0000000000000002
Collection method,sample_collection_method,biopsy,0,CD8 Naive,87,-0.014102650046512417,1.0000000000000002
Collection method,sample_collection_method,biopsy,0,Gamma Delta T Cells,87,-0.013440927611782788,1.0000000000000002
Collection method,sample_collection_method,biopsy,0,MAIT Cells,87,-0.012858815740302844,1.0
Collection method,sample_collection_method,biopsy,0,NKT Cells,87,0.13170218363622485,-0.9999999999999989
Collection method,sample_collection_method,biopsy,0,NK Cells,87,0.09509728821294758,1.0
Collection method,sample_collection_method,biopsy,0,ILC3,87,0.020797645016927175,1.0
Collection method,sample_collection_method,biopsy,0,Classical Monocytes,87,-0.09285190208667038,-1.0000000000000002
Collection method,sample_collection_method,biopsy,0,Nonclassical Monocytes,87,-0.10547962954262566,-1.0
Collection method,sample_collection_method,biopsy,0,Cycling Macrophages,87,-0.05496871971880452,1.0000000000000002
Collection method,sample_collection_method,biopsy,0,Homeostatic Macrophages,87,-0.09285190208667038,-1.0000000000000002
Collection method,sample_collection_method,biopsy,0,M0 Macrophages,87,0.013145508828293368,1.0
Collection method,sample_collection_method,biopsy,0,Perivascular Resident Macrophages,87,-0.09285190208667038,-1.0
Collection method,sample_collection_method,biopsy,0,Follicle Associated Resident Macrophages,87,0.014041476454833854,1.0
Collection method,sample_collection_method,biopsy,0,migDC,87,-0.10547962954262566,1.0000000000000013
Collection method,sample_collection_method,biopsy,0,cDC1,87,-0.06759644717475981,1.0000000000000002
Collection method,sample_collection_method,biopsy,0,cDC2,87,-0.04003443254489348,1.0
Collection method,sample_collection_method,biopsy,0,Tolerogenic cDC2,87,-0.09285190208667038,1.0
Collection method,sample_collection_method,biopsy,0,pDC,87,-0.09285190208667038,1.0
Collection method,sample_collection_method,biopsy,0,Monocyte Derived Dendritic Cells (MO DC),87,-0.06759644717475981,-1.000000000000008
Collection method,sample_collection_method,biopsy,0,Mast Cells,87,-0.08698034319280841,-1.0
Collection method,sample_collection_method,biopsy,0,Neutrophils,87,-0.10547962954262566,-1.0
Collection method,sample_collection_method,biopsy,0,Eosinophils,87,-0.0432256019310806,1.0
Collection method,sample_collection_method,surgical resection,1,Epithelial,44,-0.06585995028880401,0.999999999999992
Collection method,sample_collection_method,surgical resection,1,Enterocyte Progenitors,44,0.11877983614998304,0.9999999999999999
Collection method,sample_collection_method,surgical resection,1,Lower Villus Enterocytes,44,0.15957944882451885,0.9999999999999997
Collection method,sample_collection_method,surgical resection,1,Mid Villus Enterocytes,44,0.1840224004437747,1.0
Collection method,sample_collection_method,surgical resection,1,Villus Tip Enterocytes,44,-0.024721118291161918,-1.0
Collection method,sample_collection_method,surgical resection,1,BEST4 Enterocytes,44,0.1027668770539508,1.0000000000000002
Collection method,sample_collection_method,surgical resection,1,Colonocyte Progenitors,44,0.04755897213798546,1.0
Collection method,sample_collection_method,surgical resection,1,Lower Crypt Colonocytes,44,0.18670431321362965,1.0
Collection method,sample_collection_method,surgical resection,1,Mid Crypt Colonocytes,44,0.08757417400521327,1.0
Collection method,sample_collection_method,surgical resection,1,Crypt Top Colonocytes,44,-0.04887780479266261,-1.0000000000000004
Collection method,sample_collection_method,surgical resection,1,BEST4 Colonocytes,44,0.16756576443447088,1.0
Collection method,sample_collection_method,surgical resection,1,Microfold Cells (M Cells),44,-0.1407653336070842,-1.0000000000000002
Collection method,sample_collection_method,surgical resection,1,Enteroendocrine Cells (EEC),44,-0.1407653336070842,-1.0
Collection method,sample_collection_method,surgical resection,1,EEC Progenitors,44,-0.0908284113948974,-0.9999999999999998
Collection method,sample_collection_method,surgical resection,1,EEC S,44,-0.1407653336070842,-1.0
Collection method,sample_collection_method,surgical resection,1,EEC Enterochromaffin (EC),44,-0.11579687250099081,-0.9999999999999987
Collection method,sample_collection_method,surgical resection,1,EEC L,44,-0.06760906486007964,1.0
Collection method,sample_collection_method,surgical resection,1,EEC N,44,-0.11579687250099081,-1.0
Collection method,sample_collection_method,surgical resection,1,Brunners Gland Cells,44,0.0015846269063617816,1.0
Collection method,sample_collection_method,surgical resection,1,Paneth Cells,44,-0.11579687250099081,-1.0
Collection method,sample_collection_method,surgical resection,1,Tuft Cells,44,0.027123080839660273,1.0
Collection method,sample_collection_method,surgical resection,1,Tuft Progenitors,44,-0.04089148918271061,-1.0
Collection method,sample_collection_method,surgical resection,1,Goblet Cells,44,0.24107349285642046,1.0
Collection method,sample_collection_method,surgical resection,1,Mature Goblet Cells,44,-0.1407653336070842,-1.0
Collection method,sample_collection_method,surgical resection,1,Foveolar Cells,44,-0.08247103002841293,0.9999999999999994
Collection method,sample_collection_method,surgical resection,1,Intestinal Stem Cells (ISC),44,0.10981585269721988,1.0
Collection method,sample_collection_method,surgical resection,1,Transiently Amplifying Cells (TA),44,0.21599950931700895,0.9999999999999999
Collection method,sample_collection_method,surgical resection,1,Secretory Progenitors,44,0.04924692506043535,1.0
Collection method,sample_collection_method,surgical resection,1,Arteriolar Endothelial,44,0.14410709126677768,1.0
Collection method,sample_collection_method,surgical resection,1,Capillary Endothelial,44,-0.1407653336070842,-1.0
Collection method,sample_collection_method,surgical resection,1,Post Arteriole Capillary Endothelial (PAC),44,-0.029281815915301726,1.0000000000000004
Collection method,sample_collection_method,surgical resection,1,Pre Venule Capillary Endothelial (PVC),44,-0.0908284113948974,0.9999999999999931
Collection method,sample_collection_method,surgical resection,1,Venular Endothelial,44,0.2594842035423399,1.0
Collection method,sample_collection_method,surgical resection,1,Lymphatic Endothelial,44,0.16567072786767423,1.0
Collection method,sample_collection_method,surgical resection,1,Medullary Sinus Endothelial,44,-0.0408914891827106,1.0
Collection method,sample_collection_method,surgical resection,1,Crypt Top Fibroblasts (S2B),44,-0.1407653336070842,-1.0
Collection method,sample_collection_method,surgical resection,1,Crypt Bottom Fibroblasts (S2A),44,-0.1407653336070842,-1.0000000000000002
Collection method,sample_collection_method,surgical resection,1,Lamina propria Fibroblasts (S1),44,0.006888643442594483,1.0
Collection method,sample_collection_method,surgical resection,1,Submucosal Fibroblasts (S3),44,0.22983159428045094,1.0
Collection method,sample_collection_method,surgical resection,1,Mesenchymal Lymphoid Tissue Organizer Cells (mLTo Cells),44,-0.1407653336070842,-1.0
Collection method,sample_collection_method,surgical resection,1,Fibroblastic Reticular Cells (FRC),44,-0.1407653336070842,-1.0
Collection method,sample_collection_method,surgical resection,1,Marginal Reticular Cells (MRC),44,-0.11579687250099081,-0.9999999999999998
Collection method,sample_collection_method,surgical resection,1,Follicular Dendritic Cells (fDC),44,-0.1407653336070842,-1.0
Collection method,sample_collection_method,surgical resection,1,Muscularis Propria Fibroblasts,44,-0.0908284113948974,-1.0
Collection method,sample_collection_method,surgical resection,1,Myofibroblasts,44,-0.07921873812748853,1.0
Collection method,sample_collection_method,surgical resection,1,Interstitial Cells of Cajal (ICC),44,-0.1407653336070842,-1.0
Collection method,sample_collection_method,surgical resection,1,Angiogenic Pericytes,44,-0.1407653336070842,-0.9999999999999998
Collection method,sample_collection_method,surgical resection,1,Contractile Pericytes,44,0.155956091167062,1.0
Collection method,sample_collection_method,surgical resection,1,Secretory Pericytes,44,-0.11579687250099081,-0.9999999999999987
Collection method,sample_collection_method,surgical resection,1,Glia,44,-0.1407653336070842,-0.9999999999999998
Collection method,sample_collection_method,surgical resection,1,Smooth Muscle Cells (SMC),44,-0.11579687250099081,-0.9999999999999987
Collection method,sample_collection_method,surgical resection,1,Adipocytes,44,-0.05425027702139513,0.9999999999999999
Collection method,sample_collection_method,surgical resection,1,Plasma Cells,44,-0.0908284113948974,-1.0
Collection method,sample_collection_method,surgical resection,1,Plasma IGA,44,0.44858989175259995,1.0
Collection method,sample_collection_method,surgical resection,1,Plasma IGG,44,0.017402814395960683,1.0
Collection method,sample_collection_method,surgical resection,1,GC B Dark Zone (GC B DZ),44,0.032242321783091825,-1.0
Collection method,sample_collection_method,surgical resection,1,GC B Light Zone (GC B LZ),44,0.039911875851139714,-0.9999999999999999
Collection method,sample_collection_method,surgical resection,1,Memory B,44,0.06488033695723311,-1.0
Collection method,sample_collection_method,surgical resection,1,Naive B,44,0.040622160930778445,-1.0
Collection method,sample_collection_method,surgical resection,1,CD4 Tfh,44,0.07323771832371762,-1.0000000000000004
Collection method,sample_collection_method,surgical resection,1,CD4 Th17,44,0.38973326556528193,1.0
Collection method,sample_collection_method,surgical resection,1,CD4 Tr1,44,-0.1157968725009908,-1.0000000000000002
Collection method,sample_collection_method,surgical resection,1,CD4 Tfr,44,-0.07921873812748853,-0.9999999999999998
Collection method,sample_collection_method,surgical resection,1,CD4 pTreg,44,-0.010025046361047103,-1.0000000000000002
Collection method,sample_collection_method,surgical resection,1,CD4 tTreg,44,-0.021634719628455975,-1.0
Collection method,sample_collection_method,surgical resection,1,CD4 Naive,44,0.020767063531795436,-1.0
Collection method,sample_collection_method,surgical resection,1,CD4 Memory,44,0.26883263484452413,-0.9999999999999084
Collection method,sample_collection_method,surgical resection,1,CD8 Effector Memory,44,0.1962187448468469,1.0
Collection method,sample_collection_method,surgical resection,1,CD8 Circulating Effector Memory,44,0.07059202850907188,-0.9999999999999998
Collection method,sample_collection_method,surgical resection,1,CD8 Memory Exhausted,44,0.00729631845820056,1.0000000000000002
Collection method,sample_collection_method,surgical resection,1,CD8 TRM,44,0.5562503980090502,0.9999999999999994
Collection method,sample_collection_method,surgical resection,1,CD8 IEL,44,0.4363946335687537,0.9999999999999997
Collection method,sample_collection_method,surgical resection,1,CD8 Naive,44,-0.1407653336070842,-1.0
Collection method,sample_collection_method,surgical resection,1,Gamma Delta T Cells,44,-0.11579687250099081,-1.0
Collection method,sample_collection_method,surgical resection,1,MAIT Cells,44,-0.1157968725009908,-1.0
Collection method,sample_collection_method,surgical resection,1,NKT Cells,44,0.15710708509476096,1.000000000000001
Collection method,sample_collection_method,surgical resection,1,NK Cells,44,0.0002473428149314785,-1.0
Collection method,sample_collection_method,surgical resection,1,ILC3,44,-0.023909343686569214,-1.0
Collection method,sample_collection_method,surgical resection,1,Classical Monocytes,44,-0.05425027702139513,0.9999999999999998
Collection method,sample_collection_method,surgical resection,1,Nonclassical Monocytes,44,-0.09654010294673618,1.0
Collection method,sample_collection_method,surgical resection,1,Cycling Macrophages,44,-0.0908284113948974,-0.9999999999999998
Collection method,sample_collection_method,surgical resection,1,Homeostatic Macrophages,44,-0.05425027702139513,0.9999999999999998
Collection method,sample_collection_method,surgical resection,1,M0 Macrophages,44,-0.11579687250099081,-1.0
Collection method,sample_collection_method,surgical resection,1,Perivascular Resident Macrophages,44,-0.07921873812748853,1.0
Collection method,sample_collection_method,surgical resection,1,Follicle Associated Resident Macrophages,44,-0.1407653336070842,-1.0000000000000002
Collection method,sample_collection_method,surgical resection,1,migDC,44,-0.11579687250099081,-0.9999999999999987
Collection method,sample_collection_method,surgical resection,1,cDC1,44,-0.1157968725009908,-0.9999999999999997
Collection method,sample_collection_method,surgical resection,1,cDC2,44,-0.05425027702139513,-1.0
Collection method,sample_collection_method,surgical resection,1,Tolerogenic cDC2,44,-0.1407653336070842,-1.0
Collection method,sample_collection_method,surgical resection,1,pDC,44,-0.1407653336070842,-1.0
Collection method,sample_collection_method,surgical resection,1,Monocyte Derived Dendritic Cells (MO DC),44,-0.06585995028880401,0.999999999999992
Collection method,sample_collection_method,surgical resection,1,Mast Cells,44,0.004044026557276163,1.0
Collection method,sample_collection_method,surgical resection,1,Neutrophils,44,-0.03499350746714049,1.0000000000000002
Collection method,sample_collection_method,surgical resection,1,Eosinophils,44,-0.1407653336070842,-0.9999999999999999
Radial layer,radial_tissue_term,EPI,0,Epithelial,28,-0.1260057906117646,-1.126359771803592
Radial layer,radial_tissue_term,EPI,0,Enterocyte Progenitors,28,0.08841874749918324,0.27587966513022194
Radial layer,radial_tissue_term,EPI,0,Lower Villus Enterocytes,28,0.1966186327672814,0.6518529771631237
Radial layer,radial_tissue_term,EPI,0,Mid Villus Enterocytes,28,0.43287934447362775,1.3258354718416956
Radial layer,radial_tissue_term,EPI,0,Villus Tip Enterocytes,28,0.5290443720642474,1.8384290995337849
Radial layer,radial_tissue_term,EPI,0,BEST4 Enterocytes,28,0.24208169261774162,0.9208918553372732
Radial layer,radial_tissue_term,EPI,0,Colonocyte Progenitors,28,0.19804739471777064,1.6547967449794903
Radial layer,radial_tissue_term,EPI,0,Lower Crypt Colonocytes,28,0.37006520802643833,1.7039642326232818
Radial layer,radial_tissue_term,EPI,0,Mid Crypt Colonocytes,28,-0.029289712000971357,-0.1653913846512356
Radial layer,radial_tissue_term,EPI,0,Crypt Top Colonocytes,28,0.012987791463614956,0.879641256016218
Radial layer,radial_tissue_term,EPI,0,BEST4 Colonocytes,28,0.25253017071827577,0.8157871112117344
Radial layer,radial_tissue_term,EPI,0,Microfold Cells (M Cells),28,-0.08676963744504637,-0.2482119118608622
Radial layer,radial_tissue_term,EPI,0,Enteroendocrine Cells (EEC),28,-0.08676963744504637,0.2830906281585341
Radial layer,radial_tissue_term,EPI,0,EEC Progenitors,28,0.07017497522182643,1.7263772383057436
Radial layer,radial_tissue_term,EPI,0,EEC S,28,-0.08676963744504637,0.2830906281585341
Radial layer,radial_tissue_term,EPI,0,EEC Enterochromaffin (EC),28,-0.08676963744504637,0.2830906281585341
Radial layer,radial_tissue_term,EPI,0,EEC L,28,-0.011045939723614544,1.2274942665509667
Radial layer,radial_tissue_term,EPI,0,EEC N,28,-0.04753348427832817,0.7502259786230799
Radial layer,radial_tissue_term,EPI,0,Brunners Gland Cells,28,-0.1260057906117646,-1.260719511283815
Radial layer,radial_tissue_term,EPI,0,Paneth Cells,28,-0.08676963744504637,-0.6929686529988789
Radial layer,radial_tissue_term,EPI,0,Tuft Cells,28,0.19529878610576604,1.822751867394965
Radial layer,radial_tissue_term,EPI,0,Tuft Progenitors,28,0.07017497522182645,1.1386308759746069
Radial layer,radial_tissue_term,EPI,0,Goblet Cells,28,0.46955653872538544,1.7591569039653907
Radial layer,radial_tissue_term,EPI,0,Mature Goblet Cells,28,0.09686120385862006,1.0414834696905328
Radial layer,radial_tissue_term,EPI,0,Foveolar Cells,28,-0.1260057906117646,-0.9471385505901363
Radial layer,radial_tissue_term,EPI,0,Intestinal Stem Cells (ISC),28,0.24054535743618127,1.8738313367408732
Radial layer,radial_tissue_term,EPI,0,Transiently Amplifying Cells (TA),28,0.27570788365566173,0.9292460355522645
Radial layer,radial_tissue_term,EPI,0,Secretory Progenitors,28,0.17258490158005188,1.7750093310921904
Radial layer,radial_tissue_term,EPI,0,Arteriolar Endothelial,28,-0.1260057906117646,-0.6931424699023502
Radial layer,radial_tissue_term,EPI,0,Capillary Endothelial,28,-0.1260057906117646,-0.48093155497922646
Radial layer,radial_tissue_term,EPI,0,Post Arteriole Capillary Endothelial (PAC),28,-0.1260057906117646,-1.8222001024600207
Radial layer,radial_tissue_term,EPI,0,Pre Venule Capillary Endothelial (PVC),28,-0.1260057906117646,-1.1181903225924499
Radial layer,radial_tissue_term,EPI,0,Venular Endothelial,28,-0.1260057906117646,-0.7590046007692614
Radial layer,radial_tissue_term,EPI,0,Lymphatic Endothelial,28,-0.1260057906117646,-0.637094252062176
Radial layer,radial_tissue_term,EPI,0,Medullary Sinus Endothelial,28,-0.1260057906117646,-1.0591317374824896
Radial layer,radial_tissue_term,EPI,0,Crypt Top Fibroblasts (S2B),28,-0.1260057906117646,-0.48093155497922635
Radial layer,radial_tissue_term,EPI,0,Crypt Bottom Fibroblasts (S2A),28,-0.1260057906117646,-0.608847491150018
Radial layer,radial_tissue_term,EPI,0,Lamina propria Fibroblasts (S1),28,-0.1260057906117646,-1.463117457791907
Radial layer,radial_tissue_term,EPI,0,Submucosal Fibroblasts (S3),28,-0.1260057906117646,-0.6722186808090913
Radial layer,radial_tissue_term,EPI,0,Mesenchymal Lymphoid Tissue Organizer Cells (mLTo Cells),28,-0.1260057906117646,-0.4993434507376002
Radial layer,radial_tissue_term,EPI,0,Fibroblastic Reticular Cells (FRC),28,-0.1260057906117646,-0.7478022727508911
Radial layer,radial_tissue_term,EPI,0,Marginal Reticular Cells (MRC),28,-0.1260057906117646,-0.889596246058511
Radial layer,radial_tissue_term,EPI,0,Follicular Dendritic Cells (fDC),28,-0.1260057906117646,-0.4993434507376002
Radial layer,radial_tissue_term,EPI,0,Muscularis Propria Fibroblasts,28,-0.1260057906117646,-1.2029440434217615
Radial layer,radial_tissue_term,EPI,0,Myofibroblasts,28,-0.1260057906117646,-1.1956143075875414
Radial layer,radial_tissue_term,EPI,0,Interstitial Cells of Cajal (ICC),28,-0.1260057906117646,-0.6254614394126276
Radial layer,radial_tissue_term,EPI,0,Angiogenic Pericytes,28,-0.1260057906117646,-0.714327592812858
Radial layer,radial_tissue_term,EPI,0,Contractile Pericytes,28,-0.1260057906117646,-0.698353841135486
Radial layer,radial_tissue_term,EPI,0,Secretory Pericytes,28,-0.1260057906117646,-0.48093155497922646
Radial layer,radial_tissue_term,EPI,0,Glia,28,-0.1260057906117646,-0.6367948725928494
Radial layer,radial_tissue_term,EPI,0,Smooth Muscle Cells (SMC),28,-0.1260057906117646,-0.6887092510003363
Radial layer,radial_tissue_term,EPI,0,Adipocytes,28,-0.1260057906117646,-0.923950458635788
Radial layer,radial_tissue_term,EPI,0,Plasma Cells,28,-0.1260057906117646,-1.1261034758639703
Radial layer,radial_tissue_term,EPI,0,Plasma IGA,28,-0.029289712000971354,-0.8324188848491488
Radial layer,radial_tissue_term,EPI,0,Plasma IGG,28,-0.08676963744504637,-1.001986928816366
Radial layer,radial_tissue_term,EPI,0,GC B Dark Zone (GC B DZ),28,0.14078792852751992,-0.13439226835037635
Radial layer,radial_tissue_term,EPI,0,GC B Light Zone (GC B LZ),28,0.12971096680238278,-0.12546709904743794
Radial layer,radial_tissue_term,EPI,0,Memory B,28,0.11535472740351152,-0.5693269172674889
Radial layer,radial_tissue_term,EPI,0,Naive B,28,0.12937640430225425,-0.015433331625899284
Radial layer,radial_tissue_term,EPI,0,CD4 Tfh,28,-0.06852586516768956,-1.2075634749379192
Radial layer,radial_tissue_term,EPI,0,CD4 Th17,28,0.22437097927669467,-0.27066051793343787
Radial layer,radial_tissue_term,EPI,0,CD4 Tr1,28,-0.05650899957407481,0.5812112488872118
Radial layer,radial_tissue_term,EPI,0,CD4 Tfr,28,-0.1260057906117646,-0.8674114577998815
Radial layer,radial_tissue_term,EPI,0,CD4 pTreg,28,-0.08676963744504637,-1.1203691175253105
Radial layer,radial_tissue_term,EPI,0,CD4 tTreg,28,-0.1260057906117646,-1.621490458859656
Radial layer,radial_tissue_term,EPI,0,CD4 Naive,28,-0.05650899957407481,-1.410305431899676
Radial layer,radial_tissue_term,EPI,0,CD4 Memory,28,0.061199459926079794,-0.7100092629584499
Radial layer,radial_tissue_term,EPI,0,CD8 Effector Memory,28,0.06742636660982186,-0.17549422544820714
Radial layer,radial_tissue_term,EPI,0,CD8 Circulating Effector Memory,28,0.08841874749918324,-0.06663596117065021
Radial layer,radial_tissue_term,EPI,0,CD8 Memory Exhausted,28,-0.1260057906117646,-0.9016249006983935
Radial layer,radial_tissue_term,EPI,0,CD8 TRM,28,0.8310223101034844,1.4069775343801654
Radial layer,radial_tissue_term,EPI,0,CD8 IEL,28,0.7080761003877889,1.5948440518799294
Radial layer,radial_tissue_term,EPI,0,CD8 Naive,28,-0.05650899957407481,0.04567800033518
Radial layer,radial_tissue_term,EPI,0,Gamma Delta T Cells,28,-0.056508999574074806,-0.06419443126582061
Radial layer,radial_tissue_term,EPI,0,MAIT Cells,28,-0.1260057906117646,-0.9492296596446429
Radial layer,radial_tissue_term,EPI,0,NKT Cells,28,0.366266810069173,1.4002362411955909
Radial layer,radial_tissue_term,EPI,0,NK Cells,28,0.10666251977654007,0.5963860148368818
Radial layer,radial_tissue_term,EPI,0,ILC3,28,-0.1260057906117646,-1.0155174581641027
Radial layer,radial_tissue_term,EPI,0,Classical Monocytes,28,-0.1260057906117646,-0.8242320816439933
Radial layer,radial_tissue_term,EPI,0,Nonclassical Monocytes,28,-0.1260057906117646,-0.5735682022639471
Radial layer,radial_tissue_term,EPI,0,Cycling Macrophages,28,-0.08676963744504637,-0.4401783614243275
Radial layer,radial_tissue_term,EPI,0,Homeostatic Macrophages,28,-0.06852586516768956,0.17314767146358212
Radial layer,radial_tissue_term,EPI,0,M0 Macrophages,28,-0.1260057906117646,-0.7606729807742859
Radial layer,radial_tissue_term,EPI,0,Perivascular Resident Macrophages,28,-0.1260057906117646,-1.149101550733087
Radial layer,radial_tissue_term,EPI,0,Follicle Associated Resident Macrophages,28,-0.029289712000971364,0.03987889424672732
Radial layer,radial_tissue_term,EPI,0,migDC,28,-0.1260057906117646,-0.48093155497922646
Radial layer,radial_tissue_term,EPI,0,cDC1,28,-0.08676963744504637,-0.08194580914523407
Radial layer,radial_tissue_term,EPI,0,cDC2,28,-0.1260057906117646,-1.2863691736502367
Radial layer,radial_tissue_term,EPI,0,Tolerogenic cDC2,28,-0.1260057906117646,-0.4993434507376002
Radial layer,radial_tissue_term,EPI,0,pDC,28,-0.1260057906117646,-0.4993434507376002
Radial layer,radial_tissue_term,EPI,0,Monocyte Derived Dendritic Cells (MO DC),28,-0.1260057906117646,-0.6702190323486984
Radial layer,radial_tissue_term,EPI,0,Mast Cells,28,-0.04753348427832817,0.1826034321836531
Radial layer,radial_tissue_term,EPI,0,Neutrophils,28,-0.1260057906117646,-0.8756332898520109
Radial layer,radial_tissue_term,EPI,0,Eosinophils,28,-0.1260057906117646,-0.5647375623694695
Radial layer,radial_tissue_term,LP,1,Epithelial,33,-0.0861775465205217,-0.5568365541149168
Radial layer,radial_tissue_term,LP,1,Enterocyte Progenitors,33,0.0060807091680668696,-0.9800841727444052
Radial layer,radial_tissue_term,LP,1,Lower Villus Enterocytes,33,-0.019594983570939296,-1.2109656774214421
Radial layer,radial_tissue_term,LP,1,Mid Villus Enterocytes,33,-0.0528862650457305,-1.1885959174466665
Radial layer,radial_tissue_term,LP,1,Villus Tip Enterocytes,33,-0.0528862650457305,-0.7573956829530983
Radial layer,radial_tissue_term,LP,1,BEST4 Enterocytes,33,-0.052886265045730504,-1.1072616637678052
Radial layer,radial_tissue_term,LP,1,Colonocyte Progenitors,33,-0.1194688279953129,-1.0240324871417916
Radial layer,radial_tissue_term,LP,1,Lower Crypt Colonocytes,33,-0.1194688279953129,-0.9347688361928126
Radial layer,radial_tissue_term,LP,1,Mid Crypt Colonocytes,33,-0.1194688279953129,-0.8523691839373623
Radial layer,radial_tissue_term,LP,1,Crypt Top Colonocytes,33,-0.1194688279953129,-1.738787803910527
Radial layer,radial_tissue_term,LP,1,BEST4 Colonocytes,33,-0.0861775465205217,-1.6057229900261667
Radial layer,radial_tissue_term,LP,1,Microfold Cells (M Cells),33,-0.0861775465205217,-0.2378277576592964
Radial layer,radial_tissue_term,LP,1,Enteroendocrine Cells (EEC),33,-0.1194688279953129,-0.3948838585847374
Radial layer,radial_tissue_term,LP,1,EEC Progenitors,33,-0.1194688279953129,-0.8072225161246559
Radial layer,radial_tissue_term,LP,1,EEC S,33,-0.1194688279953129,-0.3948838585847374
Radial layer,radial_tissue_term,LP,1,EEC Enterochromaffin (EC),33,-0.1194688279953129,-0.3948838585847374
Radial layer,radial_tissue_term,LP,1,EEC L,33,-0.1194688279953129,-0.5653627502965127
Radial layer,radial_tissue_term,LP,1,EEC N,33,-0.1194688279953129,-0.6357241047726944
Radial layer,radial_tissue_term,LP,1,Brunners Gland Cells,33,-0.1194688279953129,-1.134127991386663
Radial layer,radial_tissue_term,LP,1,Paneth Cells,33,0.0136962979038519,0.45947796740025904
Radial layer,radial_tissue_term,LP,1,Tuft Cells,33,-0.1194688279953129,-0.7036207461217905
Radial layer,radial_tissue_term,LP,1,Tuft Progenitors,33,-0.0861775465205217,-1.205199800689008
Radial layer,radial_tissue_term,LP,1,Goblet Cells,33,0.1089058368048238,-0.3918159161017825
Radial layer,radial_tissue_term,LP,1,Mature Goblet Cells,33,-0.1194688279953129,-0.9035775420654297
Radial layer,radial_tissue_term,LP,1,Foveolar Cells,33,-0.1194688279953129,-0.7963234579783794
Radial layer,radial_tissue_term,LP,1,Intestinal Stem Cells (ISC),33,-0.1194688279953129,-1.0581028032246103
Radial layer,radial_tissue_term,LP,1,Transiently Amplifying Cells (TA),33,-0.021927136332640155,-1.0761665567718
Radial layer,radial_tissue_term,LP,1,Secretory Progenitors,33,-0.1194688279953129,-1.3139283336618437
Radial layer,radial_tissue_term,LP,1,Arteriolar Endothelial,33,-0.08617754652052169,-0.4935895480433366
Radial layer,radial_tissue_term,LP,1,Capillary Endothelial,33,-0.1194688279953129,-0.3490520241686718
Radial layer,radial_tissue_term,LP,1,Post Arteriole Capillary Endothelial (PAC),33,-0.004115419214394124,0.7127436274835575
Radial layer,radial_tissue_term,LP,1,Pre Venule Capillary Endothelial (PVC),33,-0.1194688279953129,-0.951356359961189
Radial layer,radial_tissue_term,LP,1,Venular Endothelial,33,-0.0528862650457305,-0.4563709436781349
Radial layer,radial_tissue_term,LP,1,Lymphatic Endothelial,33,-0.1194688279953129,-0.6074123288140721
Radial layer,radial_tissue_term,LP,1,Medullary Sinus Endothelial,33,-0.08617754652052169,-0.403530949824035
Radial layer,radial_tissue_term,LP,1,Crypt Top Fibroblasts (S2B),33,-0.1194688279953129,-0.34905202416867176
Radial layer,radial_tissue_term,LP,1,Crypt Bottom Fibroblasts (S2A),33,-0.0861775465205217,-0.3439170979886714
Radial layer,radial_tissue_term,LP,1,Lamina propria Fibroblasts (S1),33,0.060134990973487415,0.6685422321988066
Radial layer,radial_tissue_term,LP,1,Submucosal Fibroblasts (S3),33,-0.1194688279953129,-0.6475568344006429
Radial layer,radial_tissue_term,LP,1,Mesenchymal Lymphoid Tissue Organizer Cells (mLTo Cells),33,-0.0861775465205217,0.31595402641190584
Radial layer,radial_tissue_term,LP,1,Fibroblastic Reticular Cells (FRC),33,-0.08617754652052169,-0.17110314684988312
Radial layer,radial_tissue_term,LP,1,Marginal Reticular Cells (MRC),33,-0.019594983570939306,0.8001977284366212
Radial layer,radial_tissue_term,LP,1,Follicular Dendritic Cells (fDC),33,-0.0861775465205217,0.31595402641190584
Radial layer,radial_tissue_term,LP,1,Muscularis Propria Fibroblasts,33,-0.1194688279953129,-1.0408769313805466
Radial layer,radial_tissue_term,LP,1,Myofibroblasts,33,-0.0861775465205217,-0.22403453665032863
Radial layer,radial_tissue_term,LP,1,Interstitial Cells of Cajal (ICC),33,-0.1194688279953129,-0.5284572177066883
Radial layer,radial_tissue_term,LP,1,Angiogenic Pericytes,33,-0.0528862650457305,0.6914333779045193
Radial layer,radial_tissue_term,LP,1,Contractile Pericytes,33,-0.1194688279953129,-0.6639105168799856
Radial layer,radial_tissue_term,LP,1,Secretory Pericytes,33,-0.1194688279953129,-0.3490520241686718
Radial layer,radial_tissue_term,LP,1,Glia,33,-0.019594983570939296,1.1601238015556505
Radial layer,radial_tissue_term,LP,1,Smooth Muscle Cells (SMC),33,-0.1194688279953129,-0.5263125313174309
Radial layer,radial_tissue_term,LP,1,Adipocytes,33,-0.1194688279953129,-0.8085572312228922
Radial layer,radial_tissue_term,LP,1,Plasma Cells,33,0.29998074725110596,1.4790766328310427
Radial layer,radial_tissue_term,LP,1,Plasma IGA,33,0.24998876254902921,0.1527825565350764
Radial layer,radial_tissue_term,LP,1,Plasma IGG,33,-0.0861775465205217,-0.9923606645621498
Radial layer,radial_tissue_term,LP,1,GC B Dark Zone (GC B DZ),33,0.2730969625844616,0.8426918031352534
Radial layer,radial_tissue_term,LP,1,GC B Light Zone (GC B LZ),33,0.1369136823055308,-0.08139150649992757
Radial layer,radial_tissue_term,LP,1,Memory B,33,0.4268142056844427,1.2588766631508388
Radial layer,radial_tissue_term,LP,1,Naive B,33,0.28352641148088864,1.2362103044997004
Radial layer,radial_tissue_term,LP,1,CD4 Tfh,33,0.26784347031864686,1.6954440202912382
Radial layer,radial_tissue_term,LP,1,CD4 Th17,33,0.6880366736735641,1.766117421974737
Radial layer,radial_tissue_term,LP,1,CD4 Tr1,33,-0.08617754652052169,-0.23153673902949212
Radial layer,radial_tissue_term,LP,1,CD4 Tfr,33,0.12671755392306983,1.3811899131247483
Radial layer,radial_tissue_term,LP,1,CD4 pTreg,33,0.08814283647419445,1.571098454877149
Radial layer,radial_tissue_term,LP,1,CD4 tTreg,33,0.09575842520997947,1.458344804729697
Radial layer,radial_tissue_term,LP,1,CD4 Naive,33,0.11761135172695837,0.6948819441693695
Radial layer,radial_tissue_term,LP,1,CD4 Memory,33,0.5764683277199685,1.671525086986083
Radial layer,radial_tissue_term,LP,1,CD8 Effector Memory,33,0.1369136823055308,1.1071500842190458
Radial layer,radial_tissue_term,LP,1,CD8 Circulating Effector Memory,33,0.4146354961441482,1.9370892944981963
Radial layer,radial_tissue_term,LP,1,CD8 Memory Exhausted,33,0.026843709498696227,1.2085755705155146
Radial layer,radial_tissue_term,LP,1,CD8 TRM,33,0.6049261915535907,0.6247251397699429
Radial layer,radial_tissue_term,LP,1,CD8 IEL,33,0.2509216421207484,-0.1711594332754337
Radial layer,radial_tissue_term,LP,1,CD8 Naive,33,-0.0041154192143941296,0.9716058981377819
Radial layer,radial_tissue_term,LP,1,Gamma Delta T Cells,33,-0.008451808415626656,0.7549186356549925
Radial layer,radial_tissue_term,LP,1,MAIT Cells,33,0.09142203600874695,1.7662635480824962
Radial layer,radial_tissue_term,LP,1,NKT Cells,33,-0.0528862650457305,-1.1580794959520448
Radial layer,radial_tissue_term,LP,1,NK Cells,33,0.1275150481145054,0.776462108112656
Radial layer,radial_tissue_term,LP,1,ILC3,33,0.013696297903851908,0.23512664131724006
Radial layer,radial_tissue_term,LP,1,Classical Monocytes,33,-0.03740670068918533,0.7511538919389139
Radial layer,radial_tissue_term,LP,1,Nonclassical Monocytes,33,-0.06050185378151553,0.6987882472578313
Radial layer,radial_tissue_term,LP,1,Cycling Macrophages,33,0.013696297903851897,1.4853415799585088
Radial layer,radial_tissue_term,LP,1,Homeostatic Macrophages,33,-0.0861775465205217,-0.3825885222321088
Radial layer,radial_tissue_term,LP,1,M0 Macrophages,33,0.15997889168959153,1.7738341347072777
Radial layer,radial_tissue_term,LP,1,Perivascular Resident Macrophages,33,-0.1194688279953129,-0.9940860255740295
Radial layer,radial_tissue_term,LP,1,Follicle Associated Resident Macrophages,33,-0.0195949835709393,0.16695358424103673
Radial layer,radial_tissue_term,LP,1,migDC,33,-0.1194688279953129,-0.3490520241686718
Radial layer,radial_tissue_term,LP,1,cDC1,33,-0.1194688279953129,-0.6573859280029442
Radial layer,radial_tissue_term,LP,1,cDC2,33,0.01977722806937163,1.1579846722358718
Radial layer,radial_tissue_term,LP,1,Tolerogenic cDC2,33,-0.0861775465205217,0.31595402641190584
Radial layer,radial_tissue_term,LP,1,pDC,33,-0.0861775465205217,0.31595402641190584
Radial layer,radial_tissue_term,LP,1,Monocyte Derived Dendritic Cells (MO DC),33,0.013696297903851885,0.48588056938958135
Radial layer,radial_tissue_term,LP,1,Mast Cells,33,0.007027755940918522,1.1049437073348252
Radial layer,radial_tissue_term,LP,1,Neutrophils,33,-0.1194688279953129,-0.780303482921687
Radial layer,radial_tissue_term,LP,1,Eosinophils,33,-0.0861775465205217,-0.29743058216772794
Radial layer,radial_tissue_term,EPI_LP,2,Epithelial,36,-0.08187266411591063,-0.4952789701745159
Radial layer,radial_tissue_term,EPI_LP,2,Enterocyte Progenitors,36,0.14452922231808948,1.1317748106414645
Radial layer,radial_tissue_term,EPI_LP,2,Lower Villus Enterocytes,36,0.19434704330172947,0.6322817803825819
Radial layer,radial_tissue_term,EPI_LP,2,Mid Villus Enterocytes,36,0.17145701557331458,-0.027344944322817474
Radial layer,radial_tissue_term,EPI_LP,2,Villus Tip Enterocytes,36,0.1828665201624537,0.29422951661180474
Radial layer,radial_tissue_term,EPI_LP,2,BEST4 Enterocytes,36,-0.08187266411591063,-1.3065676078644248
Radial layer,radial_tissue_term,EPI_LP,2,Colonocyte Progenitors,36,-0.11238967213446921,-0.9643068784886959
Radial layer,radial_tissue_term,EPI_LP,2,Lower Crypt Colonocytes,36,-0.11238967213446921,-0.8966100948290527
Radial layer,radial_tissue_term,EPI_LP,2,Mid Crypt Colonocytes,36,-0.11238967213446921,-0.7984407010457021
Radial layer,radial_tissue_term,EPI_LP,2,Crypt Top Colonocytes,36,-0.051355656097352015,-0.39231293998944433
Radial layer,radial_tissue_term,EPI_LP,2,BEST4 Colonocytes,36,0.0332144116171875,-0.7521586396361033
Radial layer,radial_tissue_term,EPI_LP,2,Microfold Cells (M Cells),36,-0.006649047418627019,1.1569515978191613
Radial layer,radial_tissue_term,EPI_LP,2,Enteroendocrine Cells (EEC),36,-0.11238967213446921,-0.24810692066778325
Radial layer,radial_tissue_term,EPI_LP,2,EEC Progenitors,36,-0.11238967213446921,-0.7126465413427542
Radial layer,radial_tissue_term,EPI_LP,2,EEC S,36,-0.11238967213446921,-0.24810692066778325
Radial layer,radial_tissue_term,EPI_LP,2,EEC Enterochromaffin (EC),36,-0.11238967213446921,-0.24810692066778325
Radial layer,radial_tissue_term,EPI_LP,2,EEC L,36,-0.11238967213446921,-0.4483033870865442
Radial layer,radial_tissue_term,EPI_LP,2,EEC N,36,-0.08187266411591061,0.08862645465496424
Radial layer,radial_tissue_term,EPI_LP,2,Brunners Gland Cells,36,-0.03716605543718561,0.45970597726135687
Radial layer,radial_tissue_term,EPI_LP,2,Paneth Cells,36,0.03321441161718751,0.6833706142699063
Radial layer,radial_tissue_term,EPI_LP,2,Tuft Cells,36,-0.051355656097352015,-0.1569340973247228
Radial layer,radial_tissue_term,EPI_LP,2,Tuft Progenitors,36,-0.020838648078793424,-0.22572525918148673
Radial layer,radial_tissue_term,EPI_LP,2,Goblet Cells,36,0.23184500766142435,0.3414110362538751
Radial layer,radial_tissue_term,EPI_LP,2,Mature Goblet Cells,36,0.11123211822850358,1.170694864911967
Radial layer,radial_tissue_term,EPI_LP,2,Foveolar Cells,36,-0.11238967213446921,-0.6329993563414441
Radial layer,radial_tissue_term,EPI_LP,2,Intestinal Stem Cells (ISC),36,-0.0583366124384883,-0.5602456712119906
Radial layer,radial_tissue_term,EPI_LP,2,Transiently Amplifying Cells (TA),36,0.11401221429953089,-0.16023104098193494
Radial layer,radial_tissue_term,EPI_LP,2,Secretory Progenitors,36,-0.018853676857067164,-0.24976137216565006
Radial layer,radial_tissue_term,EPI_LP,2,Arteriolar Endothelial,36,-0.11238967213446921,-0.6249211287782453
Radial layer,radial_tissue_term,EPI_LP,2,Capillary Endothelial,36,-0.08187266411591063,0.40942935986341583
Radial layer,radial_tissue_term,EPI_LP,2,Post Arteriole Capillary Endothelial (PAC),36,-0.051355656097352015,-0.2697075777646929
Radial layer,radial_tissue_term,EPI_LP,2,Pre Venule Capillary Endothelial (PVC),36,-0.08187266411591061,0.00815914712604967
Radial layer,radial_tissue_term,EPI_LP,2,Venular Endothelial,36,-0.051355656097352015,-0.4500359219443593
Radial layer,radial_tissue_term,EPI_LP,2,Lymphatic Endothelial,36,-0.11238967213446921,-0.5752685070956939
Radial layer,radial_tissue_term,EPI_LP,2,Medullary Sinus Endothelial,36,-0.11238967213446921,-0.8350008925947426
Radial layer,radial_tissue_term,EPI_LP,2,Crypt Top Fibroblasts (S2B),36,-0.08187266411591061,0.40942935986341605
Radial layer,radial_tissue_term,EPI_LP,2,Crypt Bottom Fibroblasts (S2A),36,-0.05135565609735202,-0.11228807866014744
Radial layer,radial_tissue_term,EPI_LP,2,Lamina propria Fibroblasts (S1),36,-0.03716605543718561,-0.4457365231665393
Radial layer,radial_tissue_term,EPI_LP,2,Submucosal Fibroblasts (S3),36,-0.051355656097352015,-0.39058785931239925
Radial layer,radial_tissue_term,EPI_LP,2,Mesenchymal Lymphoid Tissue Organizer Cells (mLTo Cells),36,-0.11238967213446921,-0.2206169515809744
Radial layer,radial_tissue_term,EPI_LP,2,Fibroblastic Reticular Cells (FRC),36,0.0238679605999316,1.4223175327138515
Radial layer,radial_tissue_term,EPI_LP,2,Marginal Reticular Cells (MRC),36,-0.020838648078793418,0.7804484487336766
Radial layer,radial_tissue_term,EPI_LP,2,Follicular Dendritic Cells (fDC),36,-0.11238967213446921,-0.2206169515809744
Radial layer,radial_tissue_term,EPI_LP,2,Muscularis Propria Fibroblasts,36,-0.0583366124384883,0.4747385324498818
Radial layer,radial_tissue_term,EPI_LP,2,Myofibroblasts,36,-0.11238967213446921,-0.8634594367647699
Radial layer,radial_tissue_term,EPI_LP,2,Interstitial Cells of Cajal (ICC),36,0.009678359939765185,1.388002028920167
Radial layer,radial_tissue_term,EPI_LP,2,Angiogenic Pericytes,36,-0.08187266411591061,0.1341547552786341
Radial layer,radial_tissue_term,EPI_LP,2,Contractile Pericytes,36,-0.08187266411591063,-0.4658159369902077
Radial layer,radial_tissue_term,EPI_LP,2,Secretory Pericytes,36,-0.08187266411591063,0.40942935986341583
Radial layer,radial_tissue_term,EPI_LP,2,Glia,36,-0.11238967213446921,-0.40686467807902016
Radial layer,radial_tissue_term,EPI_LP,2,Smooth Muscle Cells (SMC),36,-0.11238967213446921,-0.3504461913399419
Radial layer,radial_tissue_term,EPI_LP,2,Adipocytes,36,-0.11238967213446921,-0.6835929794638571
Radial layer,radial_tissue_term,EPI_LP,2,Plasma Cells,36,0.20028576153422126,0.8693780375907653
Radial layer,radial_tissue_term,EPI_LP,2,Plasma IGA,36,0.0942484276543047,-0.3966174739082803
Radial layer,radial_tissue_term,EPI_LP,2,Plasma IGG,36,0.08092695320258564,1.7244384042542602
Radial layer,radial_tissue_term,EPI_LP,2,GC B Dark Zone (GC B DZ),36,0.34730194013945126,1.3906853858162773
Radial layer,radial_tissue_term,EPI_LP,2,GC B Light Zone (GC B LZ),36,0.45639238110845537,1.8735951856569617
Radial layer,radial_tissue_term,EPI_LP,2,Memory B,36,0.39163869207324753,1.0524035762440536
Radial layer,radial_tissue_term,EPI_LP,2,Naive B,36,0.25394114774678517,0.995988407961115
Radial layer,radial_tissue_term,EPI_LP,2,CD4 Tfh,36,0.10145707197333485,0.25946008673126103
Radial layer,radial_tissue_term,EPI_LP,2,CD4 Th17,36,0.2532432526406209,-0.14383118772142373
Radial layer,radial_tissue_term,EPI_LP,2,CD4 Tr1,36,-0.11238967213446921,-0.9495986107554718
Radial layer,radial_tissue_term,EPI_LP,2,CD4 Tfr,36,-0.051355656097352015,-0.20321324090077278
Radial layer,radial_tissue_term,EPI_LP,2,CD4 pTreg,36,0.02386796059993159,0.5820681115315682
Radial layer,radial_tissue_term,EPI_LP,2,CD4 tTreg,36,-0.020838648078793418,-0.16094159193008858
Radial layer,radial_tissue_term,EPI_LP,2,CD4 Naive,36,0.10000904237791966,0.4820627122164499
Radial layer,radial_tissue_term,EPI_LP,2,CD4 Memory,36,0.3391847949278632,0.574818261984126
Radial layer,radial_tissue_term,EPI_LP,2,CD8 Effector Memory,36,0.07792102029591251,0.01822325662203328
Radial layer,radial_tissue_term,EPI_LP,2,CD8 Circulating Effector Memory,36,-0.022976454777019206,-0.7508601191524655
Radial layer,radial_tissue_term,EPI_LP,2,CD8 Memory Exhausted,36,-0.020838648078793418,0.5502853349838743
Radial layer,radial_tissue_term,EPI_LP,2,CD8 TRM,36,0.43369178203459197,0.032284509895329695
Radial layer,radial_tissue_term,EPI_LP,2,CD8 IEL,36,0.09047616262210856,-0.7909658703516919
Radial layer,radial_tissue_term,EPI_LP,2,CD8 Naive,36,-0.051355656097352015,0.1367506939609945
Radial layer,radial_tissue_term,EPI_LP,2,Gamma Delta T Cells,36,-0.01526446209373366,0.6388000379253663
Radial layer,radial_tissue_term,EPI_LP,2,MAIT Cells,36,-0.08187266411591061,-0.3980435161873802
Radial layer,radial_tissue_term,EPI_LP,2,NKT Cells,36,0.10843802831447112,-0.17343092007201322
Radial layer,radial_tissue_term,EPI_LP,2,NK Cells,36,0.13732057799905933,0.8611396822413776
Radial layer,radial_tissue_term,EPI_LP,2,ILC3,36,0.18301935563895322,1.7509442308221486
Radial layer,radial_tissue_term,EPI_LP,2,Classical Monocytes,36,-0.051355656097352015,0.5031266411470414
Radial layer,radial_tissue_term,EPI_LP,2,Nonclassical Monocytes,36,-0.11238967213446921,-0.30908705807050185
Radial layer,radial_tissue_term,EPI_LP,2,Cycling Macrophages,36,-0.11238967213446921,-0.9312093514020133
Radial layer,radial_tissue_term,EPI_LP,2,Homeostatic Macrophages,36,-0.08187266411591061,-0.24705588293130515
Radial layer,radial_tissue_term,EPI_LP,2,M0 Macrophages,36,-0.05135565609735202,-0.09909455085312041
Radial layer,radial_tissue_term,EPI_LP,2,Perivascular Resident Macrophages,36,-0.08187266411591061,-0.10254213436924649
Radial layer,radial_tissue_term,EPI_LP,2,Follicle Associated Resident Macrophages,36,-0.020838648078793418,0.15065211866280345
Radial layer,radial_tissue_term,EPI_LP,2,migDC,36,-0.08187266411591063,0.40942935986341583
Radial layer,radial_tissue_term,EPI_LP,2,cDC1,36,-0.020838648078793418,1.0783072649790664
Radial layer,radial_tissue_term,EPI_LP,2,cDC2,36,-0.006649047418627013,0.714893503553043
Radial layer,radial_tissue_term,EPI_LP,2,Tolerogenic cDC2,36,-0.11238967213446921,-0.2206169515809744
Radial layer,radial_tissue_term,EPI_LP,2,pDC,36,-0.11238967213446921,-0.2206169515809744
Radial layer,radial_tissue_term,EPI_LP,2,Monocyte Derived Dendritic Cells (MO DC),36,-0.11238967213446921,-0.5575393343135272
Radial layer,radial_tissue_term,EPI_LP,2,Mast Cells,36,-0.06768306345574421,-0.158018744438395
Radial layer,radial_tissue_term,EPI_LP,2,Neutrophils,36,-0.11238967213446921,-0.6770667656509655
Radial layer,radial_tissue_term,EPI_LP,2,Eosinophils,36,-0.08187266411591061,-0.2685383941751065
Radial layer,radial_tissue_term,EPI_LP_MUSC,3,Epithelial,22,-0.015377281720566544,0.4555704837074328
Radial layer,radial_tissue_term,EPI_LP_MUSC,3,Enterocyte Progenitors,22,0.13093525577344256,0.9244158458250561
Radial layer,radial_tissue_term,EPI_LP_MUSC,3,Lower Villus Enterocytes,22,0.25172645887723605,1.1266421612570727
Radial layer,radial_tissue_term,EPI_LP_MUSC,3,Mid Villus Enterocytes,22,0.3505492843279344,0.8996766753860145
Radial layer,radial_tissue_term,EPI_LP_MUSC,3,Villus Tip Enterocytes,22,-0.05619280868447373,-0.7721452207407125
Radial layer,radial_tissue_term,EPI_LP_MUSC,3,BEST4 Enterocytes,22,0.1834889894320602,0.5180175970576756
Radial layer,radial_tissue_term,EPI_LP_MUSC,3,Colonocyte Progenitors,22,0.06164979649645199,0.5040338951814975
Radial layer,radial_tissue_term,EPI_LP_MUSC,3,Lower Crypt Colonocytes,22,0.14983444100431062,0.5168553393691256
Radial layer,radial_tissue_term,EPI_LP_MUSC,3,Mid Crypt Colonocytes,22,0.24155404465528119,1.8978762116930723
Radial layer,radial_tissue_term,EPI_LP_MUSC,3,Crypt Top Colonocytes,22,0.018587009271716238,0.9903277183574817
Radial layer,radial_tissue_term,EPI_LP_MUSC,3,BEST4 Colonocytes,22,0.24260506362895642,0.7448299234966689
Radial layer,radial_tissue_term,EPI_LP_MUSC,3,Microfold Cells (M Cells),22,-0.16518804835712694,-1.6235224214865973
Radial layer,radial_tissue_term,EPI_LP_MUSC,3,Enteroendocrine Cells (EEC),22,-0.16518804835712694,-1.3428114505981963
Radial layer,radial_tissue_term,EPI_LP_MUSC,3,EEC Progenitors,22,-0.11525112614494014,-0.7508749414025344
Radial layer,radial_tissue_term,EPI_LP_MUSC,3,EEC S,22,-0.16518804835712694,-1.3428114505981963
Radial layer,radial_tissue_term,EPI_LP_MUSC,3,EEC Enterochromaffin (EC),22,-0.16518804835712694,-1.3428114505981963
Radial layer,radial_tissue_term,EPI_LP_MUSC,3,EEC L,22,-0.16518804835712694,-1.3213657155105523
Radial layer,radial_tissue_term,EPI_LP_MUSC,3,EEC N,22,-0.16518804835712694,-1.516578410863747
Radial layer,radial_tissue_term,EPI_LP_MUSC,3,Brunners Gland Cells,22,-0.0035813182894263314,1.1100910521555063
Radial layer,radial_tissue_term,EPI_LP_MUSC,3,Paneth Cells,22,-0.16518804835712694,-1.5925077088873303
Radial layer,radial_tissue_term,EPI_LP_MUSC,3,Tuft Cells,22,-0.16518804835712694,-1.0705701432612742
Radial layer,radial_tissue_term,EPI_LP_MUSC,3,Tuft Progenitors,22,-0.06531420393275335,-0.8924441007487408
Radial layer,radial_tissue_term,EPI_LP_MUSC,3,Goblet Cells,22,0.0809983335612558,-0.5582602918736431
Radial layer,radial_tissue_term,EPI_LP_MUSC,3,Mature Goblet Cells,22,-0.16518804835712694,-1.3146470188807782
Radial layer,radial_tissue_term,EPI_LP_MUSC,3,Foveolar Cells,22,-0.04859944119978436,0.8387131423544634
Radial layer,radial_tissue_term,EPI_LP_MUSC,3,Intestinal Stem Cells (ISC),22,0.007842064814251225,-0.021290454926532018
Radial layer,radial_tissue_term,EPI_LP_MUSC,3,Transiently Amplifying Cells (TA),22,0.33947255339403254,1.3588812029587745
Radial layer,radial_tissue_term,EPI_LP_MUSC,3,Secretory Progenitors,22,0.007842064814251202,0.03258900924182257
Radial layer,radial_tissue_term,EPI_LP_MUSC,3,Arteriolar Endothelial,22,0.40455680139059685,1.965154873576117
Radial layer,radial_tissue_term,EPI_LP_MUSC,3,Capillary Endothelial,22,-0.16518804835712694,-1.271411487440807
Radial layer,radial_tissue_term,EPI_LP_MUSC,3,Post Arteriole Capillary Endothelial (PAC),22,0.00784206481425122,0.9614224100388865
Radial layer,radial_tissue_term,EPI_LP_MUSC,3,Pre Venule Capillary Endothelial (PVC),22,-0.06531420393275335,0.43075809552382927
Radial layer,radial_tissue_term,EPI_LP_MUSC,3,Venular Endothelial,22,0.5354371815173476,1.97863495669586
Radial layer,radial_tissue_term,EPI_LP_MUSC,3,Lymphatic Endothelial,22,0.44768407459238996,1.9678186939518487
Radial layer,radial_tissue_term,EPI_LP_MUSC,3,Medullary Sinus Endothelial,22,0.034559640491620275,1.583887695182975
Radial layer,radial_tissue_term,EPI_LP_MUSC,3,Crypt Top Fibroblasts (S2B),22,-0.16518804835712694,-1.271411487440807
Radial layer,radial_tissue_term,EPI_LP_MUSC,3,Crypt Bottom Fibroblasts (S2A),22,-0.16518804835712694,-0.8694808980772004
Radial layer,radial_tissue_term,EPI_LP_MUSC,3,Lamina propria Fibroblasts (S1),22,0.13011990574223042,1.4700002493482582
Radial layer,radial_tissue_term,EPI_LP_MUSC,3,Submucosal Fibroblasts (S3),22,0.5760058074179434,1.9762441028064037
Radial layer,radial_tissue_term,EPI_LP_MUSC,3,Mesenchymal Lymphoid Tissue Organizer Cells (mLTo Cells),22,-0.16518804835712694,-1.30141737133606
Radial layer,radial_tissue_term,EPI_LP_MUSC,3,Fibroblastic Reticular Cells (FRC),22,-0.16518804835712694,-1.3151477409772137
Radial layer,radial_tissue_term,EPI_LP_MUSC,3,Marginal Reticular Cells (MRC),22,-0.16518804835712694,-1.5118069489603938
Radial layer,radial_tissue_term,EPI_LP_MUSC,3,Follicular Dendritic Cells (fDC),22,-0.16518804835712694,-1.30141737133606
Radial layer,radial_tissue_term,EPI_LP_MUSC,3,Muscularis Propria Fibroblasts,22,-0.06531420393275335,0.301747164925019
Radial layer,radial_tissue_term,EPI_LP_MUSC,3,Myofibroblasts,22,-0.04209485739793559,0.8513291902038931
Radial layer,radial_tissue_term,EPI_LP_MUSC,3,Interstitial Cells of Cajal (ICC),22,-0.16518804835712694,-1.2069003492367
Radial layer,radial_tissue_term,EPI_LP_MUSC,3,Angiogenic Pericytes,22,-0.16518804835712694,-1.4676269100147403
Radial layer,radial_tissue_term,EPI_LP_MUSC,3,Contractile Pericytes,22,0.37831787897897867,1.95893283780634
Radial layer,radial_tissue_term,EPI_LP_MUSC,3,Secretory Pericytes,22,-0.16518804835712694,-1.271411487440807
Radial layer,radial_tissue_term,EPI_LP_MUSC,3,Glia,22,-0.16518804835712694,-1.298450700566497
Radial layer,radial_tissue_term,EPI_LP_MUSC,3,Smooth Muscle Cells (SMC),22,-0.11525112614494014,-0.42153283694113863
Radial layer,radial_tissue_term,EPI_LP_MUSC,3,Adipocytes,22,0.007842064814251214,1.4387884655599212
Radial layer,radial_tissue_term,EPI_LP_MUSC,3,Plasma Cells,22,-0.06531420393275335,-0.7549356094460944
Radial layer,radial_tissue_term,EPI_LP_MUSC,3,Plasma IGA,22,0.7367476352964757,1.8699057390862894
Radial layer,radial_tissue_term,EPI_LP_MUSC,3,Plasma IGG,22,-0.015377281720566537,0.15871601978326358
Radial layer,radial_tissue_term,EPI_LP_MUSC,3,GC B Dark Zone (GC B DZ),22,0.0520448376933971,-0.7897478238229283
Radial layer,radial_tissue_term,EPI_LP_MUSC,3,GC B Light Zone (GC B LZ),22,0.046355603922760495,-0.6355437512942705
Radial layer,radial_tissue_term,EPI_LP_MUSC,3,Memory B,22,0.14622944834713406,-0.3880986056903573
Radial layer,radial_tissue_term,EPI_LP_MUSC,3,Naive B,22,0.007842064814251225,-1.0022492609602902
Radial layer,radial_tissue_term,EPI_LP_MUSC,3,CD4 Tfh,22,0.07449374975940702,0.02675538322391382
Radial layer,radial_tissue_term,EPI_LP_MUSC,3,CD4 Th17,22,0.2825791153821381,-0.014965414811872567
Radial layer,radial_tissue_term,EPI_LP_MUSC,3,CD4 Tr1,22,-0.11525112614494014,-1.0279860354488457
Radial layer,radial_tissue_term,EPI_LP_MUSC,3,CD4 Tfr,22,-0.16518804835712694,-1.2160348849087288
Radial layer,radial_tissue_term,EPI_LP_MUSC,3,CD4 pTreg,22,-0.07673758703643088,-0.9660008340376384
Radial layer,radial_tissue_term,EPI_LP_MUSC,3,CD4 tTreg,22,0.023136257387942723,0.44977670663583674
Radial layer,radial_tissue_term,EPI_LP_MUSC,3,CD4 Naive,22,0.1578767459206323,1.1817072860411855
Radial layer,radial_tissue_term,EPI_LP_MUSC,3,CD4 Memory,22,0.1155331911931349,-0.45888280168560036
Radial layer,radial_tissue_term,EPI_LP_MUSC,3,CD8 Effector Memory,22,0.1207081139569184,0.8080166406666273
Radial layer,radial_tissue_term,EPI_LP_MUSC,3,CD8 Circulating Effector Memory,22,0.034559640491620275,-0.397455434441403
Radial layer,radial_tissue_term,EPI_LP_MUSC,3,CD8 Memory Exhausted,22,-0.16518804835712694,-1.442564967219617
Radial layer,radial_tissue_term,EPI_LP_MUSC,3,CD8 TRM,22,0.2704626249607356,-0.5324593689919813
Radial layer,radial_tissue_term,EPI_LP_MUSC,3,CD8 IEL,22,0.44496956392413445,0.5784544007249729
Radial layer,radial_tissue_term,EPI_LP_MUSC,3,CD8 Naive,22,-0.16518804835712694,-1.8749573615557702
Radial layer,radial_tissue_term,EPI_LP_MUSC,3,Gamma Delta T Cells,22,-0.16518804835712694,-1.9165796167673095
Radial layer,radial_tissue_term,EPI_LP_MUSC,3,MAIT Cells,22,-0.11525112614494014,-0.8149128209723883
Radial layer,radial_tissue_term,EPI_LP_MUSC,3,NKT Cells,22,0.28074602241000296,0.8782570648249087
Radial layer,radial_tissue_term,EPI_LP_MUSC,3,NK Cells,22,-0.16518804835712694,-1.7512328192390956
Radial layer,radial_tissue_term,EPI_LP_MUSC,3,ILC3,22,-0.11525112614494014,-0.919239315151
Radial layer,radial_tissue_term,EPI_LP_MUSC,3,Classical Monocytes,22,-0.16518804835712694,-1.5209342635658762
Radial layer,radial_tissue_term,EPI_LP_MUSC,3,Nonclassical Monocytes,22,-0.16518804835712694,-1.3346491503958229
Radial layer,radial_tissue_term,EPI_LP_MUSC,3,Cycling Macrophages,22,-0.11525112614494017,-0.9860516891494032
Radial layer,radial_tissue_term,EPI_LP_MUSC,3,Homeostatic Macrophages,22,-0.11525112614494014,-1.2979257161584274
Radial layer,radial_tissue_term,EPI_LP_MUSC,3,M0 Macrophages,22,-0.16518804835712694,-1.1079213377740784
Radial layer,radial_tissue_term,EPI_LP_MUSC,3,Perivascular Resident Macrophages,22,-0.04209485739793557,0.8407365655186589
Radial layer,radial_tissue_term,EPI_LP_MUSC,3,Follicle Associated Resident Macrophages,22,-0.16518804835712694,-1.7414230873234509
Radial layer,radial_tissue_term,EPI_LP_MUSC,3,migDC,22,-0.16518804835712694,-1.271411487440807
Radial layer,radial_tissue_term,EPI_LP_MUSC,3,cDC1,22,-0.16518804835712694,-1.4619524373372148
Radial layer,radial_tissue_term,EPI_LP_MUSC,3,cDC2,22,-0.11525112614494014,-1.1060449789084896
Radial layer,radial_tissue_term,EPI_LP_MUSC,3,Tolerogenic cDC2,22,-0.16518804835712694,-1.30141737133606
Radial layer,radial_tissue_term,EPI_LP_MUSC,3,pDC,22,-0.16518804835712694,-1.30141737133606
Radial layer,radial_tissue_term,EPI_LP_MUSC,3,Monocyte Derived Dendritic Cells (MO DC),22,-0.16518804835712694,-0.9944703950586866
Radial layer,radial_tissue_term,EPI_LP_MUSC,3,Mast Cells,22,-0.16518804835712694,-1.8063092569188666
Radial layer,radial_tissue_term,EPI_LP_MUSC,3,Neutrophils,22,0.04635560392276048,1.6379467055215304
Radial layer,radial_tissue_term,EPI_LP_MUSC,3,Eosinophils,22,-0.16518804835712694,-0.8277090097525085
Radial layer,radial_tissue_term,WM,4,Epithelial,12,0.07325071345169923,1.7229048123855923
Radial layer,radial_tissue_term,WM,4,Enterocyte Progenitors,12,-0.01830031060397656,-1.3519861488523373
Radial layer,radial_tissue_term,WM,4,Lower Villus Enterocytes,12,-0.01830031060397656,-1.1998112413813367
Radial layer,radial_tissue_term,WM,4,Mid Villus Enterocytes,12,-0.01830031060397656,-1.0095712854582264
Radial layer,radial_tissue_term,WM,4,Villus Tip Enterocytes,12,-0.01830031060397656,-0.6031177124517789
Radial layer,radial_tissue_term,WM,4,BEST4 Enterocytes,12,0.2499393414683735,0.9749198192372807
Radial layer,radial_tissue_term,WM,4,Colonocyte Progenitors,12,-0.01830031060397656,-0.17049127453050048
Radial layer,radial_tissue_term,WM,4,Lower Crypt Colonocytes,12,-0.01830031060397656,-0.38944064097054243
Radial layer,radial_tissue_term,WM,4,Mid Crypt Colonocytes,12,-0.01830031060397656,-0.08167494205877239
Radial layer,radial_tissue_term,WM,4,Crypt Top Colonocytes,12,-0.01830031060397656,0.2611317695262717
Radial layer,radial_tissue_term,WM,4,BEST4 Colonocytes,12,0.24993934146837352,0.7972645949538666
Radial layer,radial_tissue_term,WM,4,Microfold Cells (M Cells),12,-0.01830031060397656,0.9526104931875945
Radial layer,radial_tissue_term,WM,4,Enteroendocrine Cells (EEC),12,-0.01830031060397656,1.702711601692181
Radial layer,radial_tissue_term,WM,4,EEC Progenitors,12,-0.01830031060397656,0.5443667605642015
Radial layer,radial_tissue_term,WM,4,EEC S,12,-0.01830031060397656,1.702711601692181
Radial layer,radial_tissue_term,WM,4,EEC Enterochromaffin (EC),12,-0.01830031060397656,1.702711601692181
Radial layer,radial_tissue_term,WM,4,EEC L,12,-0.01830031060397656,1.1075375863426418
Radial layer,radial_tissue_term,WM,4,EEC N,12,-0.01830031060397656,1.3134500823583979
Radial layer,radial_tissue_term,WM,4,Brunners Gland Cells,12,-0.01830031060397656,0.8250504732536148
Radial layer,radial_tissue_term,WM,4,Paneth Cells,12,0.07325071345169924,1.1426277802160434
Radial layer,radial_tissue_term,WM,4,Tuft Cells,12,-0.01830031060397656,0.10837311931282263
Radial layer,radial_tissue_term,WM,4,Tuft Progenitors,12,0.07325071345169924,1.1847382846446286
Radial layer,radial_tissue_term,WM,4,Goblet Cells,12,-0.01830031060397656,-1.1504917322438395
Radial layer,radial_tissue_term,WM,4,Mature Goblet Cells,12,-0.01830031060397656,0.006046226343708212
Radial layer,radial_tissue_term,WM,4,Foveolar Cells,12,-0.01830031060397656,1.5377482225554975
Radial layer,radial_tissue_term,WM,4,Intestinal Stem Cells (ISC),12,-0.01830031060397656,-0.23419240737774036
Radial layer,radial_tissue_term,WM,4,Transiently Amplifying Cells (TA),12,-0.01830031060397656,-1.0517296407573042
Radial layer,radial_tissue_term,WM,4,Secretory Progenitors,12,-0.01830031060397656,-0.24390863450651912
Radial layer,radial_tissue_term,WM,4,Arteriolar Endothelial,12,-0.01830031060397656,-0.15350172685218483
Radial layer,radial_tissue_term,WM,4,Capillary Endothelial,12,-0.01830031060397656,1.691965706725289
Radial layer,radial_tissue_term,WM,4,Post Arteriole Capillary Endothelial (PAC),12,-0.01830031060397656,0.41774164270226927
Radial layer,radial_tissue_term,WM,4,Pre Venule Capillary Endothelial (PVC),12,-0.01830031060397656,1.6306294399037597
Radial layer,radial_tissue_term,WM,4,Venular Endothelial,12,-0.01830031060397656,-0.3132234903041046
Radial layer,radial_tissue_term,WM,4,Lymphatic Endothelial,12,-0.01830031060397656,-0.14804360597990668
Radial layer,radial_tissue_term,WM,4,Medullary Sinus Endothelial,12,-0.01830031060397656,0.7137758847182919
Radial layer,radial_tissue_term,WM,4,Crypt Top Fibroblasts (S2B),12,-0.01830031060397656,1.6919657067252887
Radial layer,radial_tissue_term,WM,4,Crypt Bottom Fibroblasts (S2A),12,0.2563527615630508,1.9345335658760372
Radial layer,radial_tissue_term,WM,4,Lamina propria Fibroblasts (S1),12,-0.01830031060397656,-0.22968850058861864
Radial layer,radial_tissue_term,WM,4,Submucosal Fibroblasts (S3),12,-0.01830031060397656,-0.2658807282842702
Radial layer,radial_tissue_term,WM,4,Mesenchymal Lymphoid Tissue Organizer Cells (mLTo Cells),12,-0.01830031060397656,1.7054237472427278
Radial layer,radial_tissue_term,WM,4,Fibroblastic Reticular Cells (FRC),12,-0.01830031060397656,0.8117356278641368
Radial layer,radial_tissue_term,WM,4,Marginal Reticular Cells (MRC),12,-0.01830031060397656,0.8207570178486077
Radial layer,radial_tissue_term,WM,4,Follicular Dendritic Cells (fDC),12,-0.01830031060397656,1.7054237472427278
Radial layer,radial_tissue_term,WM,4,Muscularis Propria Fibroblasts,12,-0.01830031060397656,1.467335277427407
Radial layer,radial_tissue_term,WM,4,Myofibroblasts,12,-0.01830031060397656,1.4317790907987467
Radial layer,radial_tissue_term,WM,4,Interstitial Cells of Cajal (ICC),12,-0.01830031060397656,0.9728169774358489
Radial layer,radial_tissue_term,WM,4,Angiogenic Pericytes,12,-0.01830031060397656,1.3563663696444446
Radial layer,radial_tissue_term,WM,4,Contractile Pericytes,12,-0.01830031060397656,-0.13085254280066067
Radial layer,radial_tissue_term,WM,4,Secretory Pericytes,12,-0.01830031060397656,1.691965706725289
Radial layer,radial_tissue_term,WM,4,Glia,12,-0.01830031060397656,1.1819864496827155
Radial layer,radial_tissue_term,WM,4,Smooth Muscle Cells (SMC),12,-0.01830031060397656,1.9870008105988477
Radial layer,radial_tissue_term,WM,4,Adipocytes,12,-0.01830031060397656,0.9773122037626165
Radial layer,radial_tissue_term,WM,4,Plasma Cells,12,-0.01830031060397656,-0.46741558511174347
Radial layer,radial_tissue_term,WM,4,Plasma IGA,12,-0.01830031060397656,-0.7936519368639372
Radial layer,radial_tissue_term,WM,4,Plasma IGG,12,-0.01830031060397656,0.11119316934099213
Radial layer,radial_tissue_term,WM,4,GC B Dark Zone (GC B DZ),12,-0.01830031060397656,-1.3092370967782254
Radial layer,radial_tissue_term,WM,4,GC B Light Zone (GC B LZ),12,-0.01830031060397656,-1.031192828815326
Radial layer,radial_tissue_term,WM,4,Memory B,12,-0.01830031060397656,-1.3538547164370458
Radial layer,radial_tissue_term,WM,4,Naive B,12,-0.01830031060397656,-1.2145161198746266
Radial layer,radial_tissue_term,WM,4,CD4 Tfh,12,-0.01830031060397656,-0.7740960153084946
Radial layer,radial_tissue_term,WM,4,CD4 Th17,12,-0.01830031060397656,-1.3366603015080025
Radial layer,radial_tissue_term,WM,4,CD4 Tr1,12,-0.01830031060397656,1.6279101363465975
Radial layer,radial_tissue_term,WM,4,CD4 Tfr,12,0.07325071345169923,0.905469670484635
Radial layer,radial_tissue_term,WM,4,CD4 pTreg,12,-0.01830031060397656,-0.06679661484576827
Radial layer,radial_tissue_term,WM,4,CD4 tTreg,12,-0.01830031060397656,-0.12568946057578922
Radial layer,radial_tissue_term,WM,4,CD4 Naive,12,-0.01830031060397656,-0.9483465105273289
Radial layer,radial_tissue_term,WM,4,CD4 Memory,12,-0.01830031060397656,-1.077451284326159
Radial layer,radial_tissue_term,WM,4,CD8 Effector Memory,12,-0.01830031060397656,-1.7578957560594997
Radial layer,radial_tissue_term,WM,4,CD8 Circulating Effector Memory,12,-0.01830031060397656,-0.7221377797336771
Radial layer,radial_tissue_term,WM,4,CD8 Memory Exhausted,12,-0.01830031060397656,0.5853289624186222
Radial layer,radial_tissue_term,WM,4,CD8 TRM,12,-0.01830031060397656,-1.531527815053457
Radial layer,radial_tissue_term,WM,4,CD8 IEL,12,-0.01830031060397656,-1.2111731489777773
Radial layer,radial_tissue_term,WM,4,CD8 Naive,12,-0.01830031060397656,0.7209227691218145
Radial layer,radial_tissue_term,WM,4,Gamma Delta T Cells,12,-0.01830031060397656,0.5870553744527719
Radial layer,radial_tissue_term,WM,4,MAIT Cells,12,-0.01830031060397656,0.3959224487219153
Radial layer,radial_tissue_term,WM,4,NKT Cells,12,-0.01830031060397656,-0.9469828899964412
Radial layer,radial_tissue_term,WM,4,NK Cells,12,-0.01830031060397656,-0.4827549859518199
Radial layer,radial_tissue_term,WM,4,ILC3,12,-0.01830031060397656,-0.051314098824286176
Radial layer,radial_tissue_term,WM,4,Classical Monocytes,12,-0.01830031060397656,1.0908858121239149
Radial layer,radial_tissue_term,WM,4,Nonclassical Monocytes,12,-0.01830031060397656,1.5185161634724413
Radial layer,radial_tissue_term,WM,4,Cycling Macrophages,12,-0.01830031060397656,0.8720978220172353
Radial layer,radial_tissue_term,WM,4,Homeostatic Macrophages,12,-0.01830031060397656,1.7544224498582595
Radial layer,radial_tissue_term,WM,4,M0 Macrophages,12,-0.01830031060397656,0.19385473469420653
Radial layer,radial_tissue_term,WM,4,Perivascular Resident Macrophages,12,-0.01830031060397656,1.4049931451577031
Radial layer,radial_tissue_term,WM,4,Follicle Associated Resident Macrophages,12,0.07325071345169924,1.3839384901728833
Radial layer,radial_tissue_term,WM,4,migDC,12,-0.01830031060397656,1.691965706725289
Radial layer,radial_tissue_term,WM,4,cDC1,12,-0.01830031060397656,1.1229769095063278
Radial layer,radial_tissue_term,WM,4,cDC2,12,-0.01830031060397656,0.5195359767698117
Radial layer,radial_tissue_term,WM,4,Tolerogenic cDC2,12,-0.01830031060397656,1.7054237472427278
Radial layer,radial_tissue_term,WM,4,pDC,12,-0.01830031060397656,1.7054237472427278
Radial layer,radial_tissue_term,WM,4,Monocyte Derived Dendritic Cells (MO DC),12,0.16480173750737503,1.7363481923313309
Radial layer,radial_tissue_term,WM,4,Mast Cells,12,-0.01830031060397656,0.6767808618387836
Radial layer,radial_tissue_term,WM,4,Neutrophils,12,-0.01830031060397656,0.6950568329031326
Radial layer,radial_tissue_term,WM,4,Eosinophils,12,0.2499393414683735,1.9584155484648123
