segment,covariate,lineage,celltype,analysis_type,n_categories_tested,categories_tested,n_samples,n_donors,n_datasets,omega_squared,kruskal_p_value,highest_median_pct_category,highest_median_within_lineage_pct,lowest_median_pct_category,lowest_median_within_lineage_pct,n_datasets_with_multiple_categories,n_datasets_with_two_categories_each_n_ge_5,within_study_contrast_supported,spearman_age_rho,spearman_age_p_value,kruskal_fdr_within_segment_covariate,spearman_age_fdr_within_segment_covariate
duodenum,radial_tissue_term,epithelial,BEST4 Colonocytes,descriptive,3,EPI | EPI_LP | EPI_LP_MUSC,9,7,3,0.47966411141478515,,EPI_LP,0.05916015614092891,EPI,0.0,0,0,False,,,,
duodenum,radial_tissue_term,epithelial,BEST4 Enterocytes,descriptive,3,EPI | EPI_LP | EPI_LP_MUSC,9,7,3,0.6909365319795299,,EPI,3.7037037037037033,EPI_LP_MUSC,0.4325259515570934,0,0,False,,,,
duodenum,radial_tissue_term,epithelial,Brunners Gland Cells,descriptive,3,EPI | EPI_LP | EPI_LP_MUSC,9,7,3,0.46751786814941076,,EPI_LP_MUSC,2.4815874427325975,EPI,0.0,0,0,False,,,,
duodenum,radial_tissue_term,epithelial,Colonocyte Progenitors,descriptive,3,EPI | EPI_LP | EPI_LP_MUSC,9,7,3,0.706634305133718,,EPI,0.0,EPI,0.0,0,0,False,,,,
duodenum,radial_tissue_term,epithelial,Crypt Top Colonocytes,descriptive,3,EPI | EPI_LP | EPI_LP_MUSC,9,7,3,0.5757066948093379,,EPI_LP,0.028026905829596414,EPI,0.0,0,0,False,,,,
duodenum,radial_tissue_term,epithelial,EEC Enterochromaffin (EC),descriptive,3,EPI | EPI_LP | EPI_LP_MUSC,9,7,3,0.0,,EPI,0.5291005291005291,EPI_LP_MUSC,0.0,0,0,False,,,,
duodenum,radial_tissue_term,epithelial,EEC L,descriptive,3,EPI | EPI_LP | EPI_LP_MUSC,9,7,3,0.6961915597858483,,EPI,0.8992805755395683,EPI_LP_MUSC,0.0,0,0,False,,,,
duodenum,radial_tissue_term,epithelial,EEC N,descriptive,3,EPI | EPI_LP | EPI_LP_MUSC,9,7,3,0.5991608789139088,,EPI,0.0,EPI,0.0,0,0,False,,,,
duodenum,radial_tissue_term,epithelial,EEC Progenitors,descriptive,3,EPI | EPI_LP | EPI_LP_MUSC,9,7,3,0.6075005164267087,,EPI,0.33670033670033667,EPI_LP_MUSC,0.0,0,0,False,,,,
duodenum,radial_tissue_term,epithelial,EEC S,descriptive,3,EPI | EPI_LP | EPI_LP_MUSC,9,7,3,0.5991608789139088,,EPI,0.0,EPI,0.0,0,0,False,,,,
duodenum,radial_tissue_term,epithelial,Enterocyte Progenitors,descriptive,3,EPI | EPI_LP | EPI_LP_MUSC,9,7,3,0.0,,EPI_LP_MUSC,10.512072065106029,EPI_LP,5.87880928580603,0,0,False,,,,
duodenum,radial_tissue_term,epithelial,Enteroendocrine Cells (EEC),descriptive,3,EPI | EPI_LP | EPI_LP_MUSC,9,7,3,0.5991608789139088,,EPI,0.0,EPI,0.0,0,0,False,,,,
duodenum,radial_tissue_term,epithelial,Epithelial,descriptive,3,EPI | EPI_LP | EPI_LP_MUSC,9,7,3,0.5757066948093379,,EPI_LP,0.028026905829596414,EPI,0.0,0,0,False,,,,
duodenum,radial_tissue_term,epithelial,Foveolar Cells,descriptive,3,EPI | EPI_LP | EPI_LP_MUSC,9,7,3,0.706634305133718,,EPI,0.0,EPI,0.0,0,0,False,,,,
duodenum,radial_tissue_term,epithelial,Goblet Cells,descriptive,3,EPI | EPI_LP | EPI_LP_MUSC,9,7,3,0.8264929728326618,,EPI,2.751322751322751,EPI_LP_MUSC,0.0,0,0,False,,,,
duodenum,radial_tissue_term,epithelial,Intestinal Stem Cells (ISC),descriptive,3,EPI | EPI_LP | EPI_LP_MUSC,9,7,3,0.8692541899278204,,EPI,9.352517985611511,EPI_LP_MUSC,0.17301038062283738,0,0,False,,,,
duodenum,radial_tissue_term,epithelial,Lower Crypt Colonocytes,descriptive,3,EPI | EPI_LP | EPI_LP_MUSC,9,7,3,0.35373768891911933,,EPI_LP,0.09029340645226142,EPI,0.0,0,0,False,,,,
duodenum,radial_tissue_term,epithelial,Lower Villus Enterocytes,descriptive,3,EPI | EPI_LP | EPI_LP_MUSC,9,7,3,0.0,,EPI,55.93525179856115,EPI_LP,29.857729422736487,0,0,False,,,,
duodenum,radial_tissue_term,epithelial,Mature Goblet Cells,descriptive,3,EPI | EPI_LP | EPI_LP_MUSC,9,7,3,0.753755380614737,,EPI_LP,1.1209366221959134,EPI_LP_MUSC,0.0,0,0,False,,,,
duodenum,radial_tissue_term,epithelial,Microfold Cells (M Cells),descriptive,3,EPI | EPI_LP | EPI_LP_MUSC,9,7,3,0.19639352905648066,,EPI_LP,0.031133250311332503,EPI,0.0,0,0,False,,,,
duodenum,radial_tissue_term,epithelial,Mid Crypt Colonocytes,descriptive,3,EPI | EPI_LP | EPI_LP_MUSC,9,7,3,0.706634305133718,,EPI,0.0,EPI,0.0,0,0,False,,,,
duodenum,radial_tissue_term,epithelial,Mid Villus Enterocytes,descriptive,3,EPI | EPI_LP | EPI_LP_MUSC,9,7,3,0.0,,EPI_LP_MUSC,52.37430167597765,EPI,10.251798561151078,0,0,False,,,,
duodenum,radial_tissue_term,epithelial,Paneth Cells,descriptive,3,EPI | EPI_LP | EPI_LP_MUSC,9,7,3,0.31420979823083905,,EPI,0.21164021164021166,EPI_LP_MUSC,0.0,0,0,False,,,,
duodenum,radial_tissue_term,epithelial,Secretory Progenitors,descriptive,3,EPI | EPI_LP | EPI_LP_MUSC,9,7,3,0.7548424233338278,,EPI_LP,2.0301531811759714,EPI_LP_MUSC,0.043252595155709346,0,0,False,,,,
duodenum,radial_tissue_term,epithelial,Transiently Amplifying Cells (TA),descriptive,3,EPI | EPI_LP | EPI_LP_MUSC,9,7,3,0.1247485786708152,,EPI_LP,5.299633102323686,EPI_LP_MUSC,2.501401480736889,0,0,False,,,,
duodenum,radial_tissue_term,epithelial,Tuft Cells,descriptive,3,EPI | EPI_LP | EPI_LP_MUSC,9,7,3,0.45302232644040724,,EPI,1.2589928057553956,EPI_LP_MUSC,0.0,0,0,False,,,,
duodenum,radial_tissue_term,epithelial,Tuft Progenitors,descriptive,3,EPI | EPI_LP | EPI_LP_MUSC,9,7,3,0.0,,EPI_LP,0.3425355589186291,EPI,0.0,0,0,False,,,,
duodenum,radial_tissue_term,epithelial,Villus Tip Enterocytes,descriptive,3,EPI | EPI_LP | EPI_LP_MUSC,9,7,3,0.850672927335993,,EPI_LP,22.536215090272467,EPI_LP_MUSC,0.6055363321799309,0,0,False,,,,
duodenum,radial_tissue_term,lymphoid,CD4 Memory,descriptive,2,EPI_LP | EPI_LP_MUSC,4,4,3,0.0,,EPI_LP,16.491830258685212,EPI_LP_MUSC,13.367174280879865,0,0,False,,,,
duodenum,radial_tissue_term,lymphoid,CD4 Naive,descriptive,2,EPI_LP | EPI_LP_MUSC,4,4,3,0.43242770343584086,,EPI_LP,0.03815337657382679,EPI_LP_MUSC,0.0,0,0,False,,,,
duodenum,radial_tissue_term,lymphoid,CD4 Tfh,descriptive,2,EPI_LP | EPI_LP_MUSC,4,4,3,0.0,,EPI_LP,0.4238557168058502,EPI_LP_MUSC,0.1692047377326565,0,0,False,,,,
duodenum,radial_tissue_term,lymphoid,CD4 Tfr,descriptive,2,EPI_LP | EPI_LP_MUSC,4,4,3,0.0,,EPI_LP,0.13353681800839376,EPI_LP_MUSC,0.0,0,0,False,,,,
duodenum,radial_tissue_term,lymphoid,CD4 Th17,descriptive,2,EPI_LP | EPI_LP_MUSC,4,4,3,0.0,,EPI_LP,10.005243477985083,EPI_LP_MUSC,4.991539763113368,0,0,False,,,,
duodenum,radial_tissue_term,lymphoid,CD4 Tr1,descriptive,2,EPI_LP | EPI_LP_MUSC,4,4,3,0.28874224781850133,,EPI_LP,0.043964692268994035,EPI_LP_MUSC,0.0,0,0,False,,,,
duodenum,radial_tissue_term,lymphoid,CD4 pTreg,descriptive,2,EPI_LP | EPI_LP_MUSC,4,4,3,0.0761883621798463,,EPI_LP,0.47363172477001153,EPI_LP_MUSC,0.0,0,0,False,,,,
duodenum,radial_tissue_term,lymphoid,CD4 tTreg,descriptive,2,EPI_LP | EPI_LP_MUSC,4,4,3,0.0,,EPI_LP,0.29777295569403534,EPI_LP_MUSC,0.0,0,0,False,,,,
duodenum,radial_tissue_term,lymphoid,CD8 Circulating Effector Memory,descriptive,2,EPI_LP | EPI_LP_MUSC,4,4,3,0.9380793138314192,,EPI_LP,2.2471275293229307,EPI_LP_MUSC,0.25380710659898476,0,0,False,,,,
duodenum,radial_tissue_term,lymphoid,CD8 Effector Memory,descriptive,2,EPI_LP | EPI_LP_MUSC,4,4,3,0.0,,EPI_LP_MUSC,1.015228426395939,EPI_LP,0.3807741166277885,0,0,False,,,,
duodenum,radial_tissue_term,lymphoid,CD8 IEL,descriptive,2,EPI_LP | EPI_LP_MUSC,4,4,3,0.0,,EPI_LP,1.692897033931057,EPI_LP_MUSC,0.4230118443316413,0,0,False,,,,
duodenum,radial_tissue_term,lymphoid,CD8 Memory Exhausted,descriptive,2,EPI_LP | EPI_LP_MUSC,4,4,3,0.6068393106231819,,EPI_LP,0.0,EPI_LP,0.0,0,0,False,,,,
duodenum,radial_tissue_term,lymphoid,CD8 Naive,descriptive,2,EPI_LP | EPI_LP_MUSC,4,4,3,0.6068393106231819,,EPI_LP,0.0,EPI_LP,0.0,0,0,False,,,,
duodenum,radial_tissue_term,lymphoid,CD8 TRM,descriptive,2,EPI_LP | EPI_LP_MUSC,4,4,3,0.0,,EPI_LP,42.065113703329295,EPI_LP_MUSC,27.834179357022,0,0,False,,,,
duodenum,radial_tissue_term,lymphoid,GC B Dark Zone (GC B DZ),descriptive,2,EPI_LP | EPI_LP_MUSC,4,4,3,0.573750441544315,,EPI_LP_MUSC,0.08460236886632826,EPI_LP,0.07630675314765357,0,0,False,,,,
duodenum,radial_tissue_term,lymphoid,GC B Light Zone (GC B LZ),descriptive,2,EPI_LP | EPI_LP_MUSC,4,4,3,0.5700848677292344,,EPI_LP,0.019076688286913394,EPI_LP_MUSC,0.0,0,0,False,,,,
duodenum,radial_tissue_term,lymphoid,Gamma Delta T Cells,descriptive,2,EPI_LP | EPI_LP_MUSC,4,4,3,0.2762968398307175,,EPI_LP,0.024888003982080638,EPI_LP_MUSC,0.0,0,0,False,,,,
duodenum,radial_tissue_term,lymphoid,ILC3,descriptive,2,EPI_LP | EPI_LP_MUSC,4,4,3,0.29109026988620806,,EPI_LP,0.1128173885200687,EPI_LP_MUSC,0.08460236886632826,0,0,False,,,,
duodenum,radial_tissue_term,lymphoid,MAIT Cells,descriptive,2,EPI_LP | EPI_LP_MUSC,4,4,3,0.5700848677292344,,EPI_LP,0.019076688286913394,EPI_LP_MUSC,0.0,0,0,False,,,,
duodenum,radial_tissue_term,lymphoid,Memory B,descriptive,2,EPI_LP | EPI_LP_MUSC,4,4,3,0.689283365840253,,EPI_LP,1.4739566646770192,EPI_LP_MUSC,0.08460236886632826,0,0,False,,,,
duodenum,radial_tissue_term,lymphoid,NK Cells,descriptive,2,EPI_LP | EPI_LP_MUSC,4,4,3,0.0,,EPI_LP,0.7731708646459114,EPI_LP_MUSC,0.4230118443316413,0,0,False,,,,
duodenum,radial_tissue_term,lymphoid,NKT Cells,descriptive,2,EPI_LP | EPI_LP_MUSC,4,4,3,0.7734529924258814,,EPI_LP_MUSC,25.5922165820643,EPI_LP,4.044751688747451,0,0,False,,,,
duodenum,radial_tissue_term,lymphoid,Naive B,descriptive,2,EPI_LP | EPI_LP_MUSC,4,4,3,0.0,,EPI_LP,0.7439908431896223,EPI_LP_MUSC,0.0,0,0,False,,,,
duodenum,radial_tissue_term,lymphoid,Plasma Cells,descriptive,2,EPI_LP | EPI_LP_MUSC,4,4,3,0.43867920969908225,,EPI_LP,1.0824430087498282,EPI_LP_MUSC,0.08460236886632826,0,0,False,,,,
duodenum,radial_tissue_term,lymphoid,Plasma IGA,descriptive,2,EPI_LP | EPI_LP_MUSC,4,4,3,0.9905554620944381,,EPI_LP_MUSC,25.5922165820643,EPI_LP,17.22115987404258,0,0,False,,,,
duodenum,radial_tissue_term,lymphoid,Plasma IGG,descriptive,2,EPI_LP | EPI_LP_MUSC,4,4,3,0.0,,EPI_LP,0.11446012972148034,EPI_LP_MUSC,0.0,0,0,False,,,,
duodenum,radial_tissue_term,myeloid,Classical Monocytes,descriptive,2,EPI_LP | EPI_LP_MUSC,4,4,3,0.0,,EPI_LP,0.16666666666666669,EPI_LP_MUSC,0.0,0,0,False,,,,
duodenum,radial_tissue_term,myeloid,Cycling Macrophages,descriptive,2,EPI_LP | EPI_LP_MUSC,4,4,3,0.06937718993077283,,EPI_LP,0.7764227642276422,EPI_LP_MUSC,0.0,0,0,False,,,,
duodenum,radial_tissue_term,myeloid,Eosinophils,descriptive,2,EPI_LP | EPI_LP_MUSC,4,4,3,0.3801018555647984,,EPI_LP,0.0,EPI_LP,0.0,0,0,False,,,,
duodenum,radial_tissue_term,myeloid,Follicle Associated Resident Macrophages,descriptive,2,EPI_LP | EPI_LP_MUSC,4,4,3,0.3801018555647984,,EPI_LP,0.0,EPI_LP,0.0,0,0,False,,,,
duodenum,radial_tissue_term,myeloid,Homeostatic Macrophages,descriptive,2,EPI_LP | EPI_LP_MUSC,4,4,3,0.9913262116138091,,EPI_LP,54.78861788617887,EPI_LP_MUSC,11.52482269503546,0,0,False,,,,
duodenum,radial_tissue_term,myeloid,M0 Macrophages,descriptive,2,EPI_LP | EPI_LP_MUSC,4,4,3,0.0,,EPI_LP_MUSC,54.787234042553195,EPI_LP,3.191056910569106,0,0,False,,,,
duodenum,radial_tissue_term,myeloid,Mast Cells,descriptive,2,EPI_LP | EPI_LP_MUSC,4,4,3,0.6978368416131908,,EPI_LP,39.577235772357724,EPI_LP_MUSC,7.446808510638298,0,0,False,,,,
duodenum,radial_tissue_term,myeloid,Monocyte Derived Dendritic Cells (MO DC),descriptive,2,EPI_LP | EPI_LP_MUSC,4,4,3,0.3801018555647984,,EPI_LP,0.0,EPI_LP,0.0,0,0,False,,,,
duodenum,radial_tissue_term,myeloid,Neutrophils,descriptive,2,EPI_LP | EPI_LP_MUSC,4,4,3,0.3801018555647984,,EPI_LP,0.0,EPI_LP,0.0,0,0,False,,,,
duodenum,radial_tissue_term,myeloid,Nonclassical Monocytes,descriptive,2,EPI_LP | EPI_LP_MUSC,4,4,3,0.3801018555647984,,EPI_LP,0.0,EPI_LP,0.0,0,0,False,,,,
duodenum,radial_tissue_term,myeloid,Perivascular Resident Macrophages,descriptive,2,EPI_LP | EPI_LP_MUSC,4,4,3,0.2011410072810221,,EPI_LP_MUSC,8.333333333333332,EPI_LP,0.0,0,0,False,,,,
duodenum,radial_tissue_term,myeloid,Tolerogenic cDC2,descriptive,2,EPI_LP | EPI_LP_MUSC,4,4,3,0.7760674997249913,,EPI_LP_MUSC,1.0638297872340425,EPI_LP,0.0,0,0,False,,,,
duodenum,radial_tissue_term,myeloid,cDC1,descriptive,2,EPI_LP | EPI_LP_MUSC,4,4,3,0.3801018555647984,,EPI_LP,0.0,EPI_LP,0.0,0,0,False,,,,
duodenum,radial_tissue_term,myeloid,cDC2,descriptive,2,EPI_LP | EPI_LP_MUSC,4,4,3,0.0,,EPI_LP_MUSC,16.843971631205672,EPI_LP,1.5,0,0,False,,,,
duodenum,radial_tissue_term,myeloid,migDC,descriptive,2,EPI_LP | EPI_LP_MUSC,4,4,3,0.3801018555647984,,EPI_LP,0.0,EPI_LP,0.0,0,0,False,,,,
duodenum,radial_tissue_term,myeloid,pDC,descriptive,2,EPI_LP | EPI_LP_MUSC,4,4,3,0.3801018555647984,,EPI_LP,0.0,EPI_LP,0.0,0,0,False,,,,
duodenum,radial_tissue_term,stroma,Adipocytes,descriptive,2,EPI_LP | EPI_LP_MUSC,5,3,2,0.0,,EPI_LP,0.0,EPI_LP,0.0,0,0,False,,,,
duodenum,radial_tissue_term,stroma,Angiogenic Pericytes,descriptive,2,EPI_LP | EPI_LP_MUSC,5,3,2,0.0,,EPI_LP,0.0,EPI_LP,0.0,0,0,False,,,,
duodenum,radial_tissue_term,stroma,Arteriolar Endothelial,descriptive,2,EPI_LP | EPI_LP_MUSC,5,3,2,0.38012043788151195,,EPI_LP_MUSC,16.666666666666664,EPI_LP,0.0,0,0,False,,,,
duodenum,radial_tissue_term,stroma,Capillary Endothelial,descriptive,2,EPI_LP | EPI_LP_MUSC,5,3,2,0.0,,EPI_LP,0.0,EPI_LP,0.0,0,0,False,,,,
duodenum,radial_tissue_term,stroma,Contractile Pericytes,descriptive,2,EPI_LP | EPI_LP_MUSC,5,3,2,0.8274858460223359,,EPI_LP_MUSC,15.789473684210526,EPI_LP,0.0,0,0,False,,,,
duodenum,radial_tissue_term,stroma,Crypt Bottom Fibroblasts (S2A),descriptive,2,EPI_LP | EPI_LP_MUSC,5,3,2,0.21712930569281558,,EPI_LP,0.7462686567164178,EPI_LP_MUSC,0.0,0,0,False,,,,
duodenum,radial_tissue_term,stroma,Crypt Top Fibroblasts (S2B),descriptive,2,EPI_LP | EPI_LP_MUSC,5,3,2,0.0,,EPI_LP,0.0,EPI_LP,0.0,0,0,False,,,,
duodenum,radial_tissue_term,stroma,Fibroblastic Reticular Cells (FRC),descriptive,2,EPI_LP | EPI_LP_MUSC,5,3,2,0.0,,EPI_LP,0.0,EPI_LP,0.0,0,0,False,,,,
duodenum,radial_tissue_term,stroma,Follicular Dendritic Cells (fDC),descriptive,2,EPI_LP | EPI_LP_MUSC,5,3,2,0.0,,EPI_LP,0.0,EPI_LP,0.0,0,0,False,,,,
duodenum,radial_tissue_term,stroma,Glia,descriptive,2,EPI_LP | EPI_LP_MUSC,5,3,2,0.0,,EPI_LP,0.0,EPI_LP,0.0,0,0,False,,,,
duodenum,radial_tissue_term,stroma,Interstitial Cells of Cajal (ICC),descriptive,2,EPI_LP | EPI_LP_MUSC,5,3,2,0.0,,EPI_LP,0.0,EPI_LP,0.0,0,0,False,,,,
duodenum,radial_tissue_term,stroma,Lamina propria Fibroblasts (S1),descriptive,2,EPI_LP | EPI_LP_MUSC,5,3,2,0.9842287486241758,,EPI_LP,88.05970149253731,EPI_LP_MUSC,0.0,0,0,False,,,,
duodenum,radial_tissue_term,stroma,Lymphatic Endothelial,descriptive,2,EPI_LP | EPI_LP_MUSC,5,3,2,0.0,,EPI_LP,0.7462686567164178,EPI_LP_MUSC,0.0,0,0,False,,,,
duodenum,radial_tissue_term,stroma,Marginal Reticular Cells (MRC),descriptive,2,EPI_LP | EPI_LP_MUSC,5,3,2,0.0,,EPI_LP,0.0,EPI_LP,0.0,0,0,False,,,,
duodenum,radial_tissue_term,stroma,Medullary Sinus Endothelial,descriptive,2,EPI_LP | EPI_LP_MUSC,5,3,2,0.09195123891174736,,EPI_LP,10.44776119402985,EPI_LP_MUSC,0.0,0,0,False,,,,
duodenum,radial_tissue_term,stroma,Mesenchymal Lymphoid Tissue Organizer Cells (mLTo Cells),descriptive,2,EPI_LP | EPI_LP_MUSC,5,3,2,0.0,,EPI_LP,0.0,EPI_LP,0.0,0,0,False,,,,
duodenum,radial_tissue_term,stroma,Muscularis Propria Fibroblasts,descriptive,2,EPI_LP | EPI_LP_MUSC,5,3,2,0.0,,EPI_LP,0.0,EPI_LP,0.0,0,0,False,,,,
duodenum,radial_tissue_term,stroma,Myofibroblasts,descriptive,2,EPI_LP | EPI_LP_MUSC,5,3,2,0.0,,EPI_LP,0.0,EPI_LP,0.0,0,0,False,,,,
duodenum,radial_tissue_term,stroma,Post Arteriole Capillary Endothelial (PAC),descriptive,2,EPI_LP | EPI_LP_MUSC,5,3,2,0.07726825281587221,,EPI_LP,0.0,EPI_LP,0.0,0,0,False,,,,
duodenum,radial_tissue_term,stroma,Pre Venule Capillary Endothelial (PVC),descriptive,2,EPI_LP | EPI_LP_MUSC,5,3,2,0.0,,EPI_LP,0.0,EPI_LP,0.0,0,0,False,,,,
duodenum,radial_tissue_term,stroma,Secretory Pericytes,descriptive,2,EPI_LP | EPI_LP_MUSC,5,3,2,0.0,,EPI_LP,0.0,EPI_LP,0.0,0,0,False,,,,
duodenum,radial_tissue_term,stroma,Smooth Muscle Cells (SMC),descriptive,2,EPI_LP | EPI_LP_MUSC,5,3,2,0.0,,EPI_LP,0.0,EPI_LP,0.0,0,0,False,,,,
duodenum,radial_tissue_term,stroma,Submucosal Fibroblasts (S3),descriptive,2,EPI_LP | EPI_LP_MUSC,5,3,2,0.025668993782197384,,EPI_LP_MUSC,33.33333333333333,EPI_LP,0.0,0,0,False,,,,
duodenum,radial_tissue_term,stroma,Venular Endothelial,descriptive,2,EPI_LP | EPI_LP_MUSC,5,3,2,0.07249857151888991,,EPI_LP_MUSC,16.666666666666664,EPI_LP,0.0,0,0,False,,,,
duodenum,sex_ontology_term,epithelial,BEST4 Colonocytes,descriptive,2,female | male,9,7,3,0.0,,female,0.028026905829596414,male,0.0,2,0,False,,,,
duodenum,sex_ontology_term,epithelial,BEST4 Enterocytes,descriptive,2,female | male,9,7,3,0.0,,male,3.0575539568345325,female,1.6535874439461882,2,0,False,,,,
duodenum,sex_ontology_term,epithelial,Brunners Gland Cells,descriptive,2,female | male,9,7,3,0.0,,male,0.3597122302158274,female,0.2522421524663677,2,0,False,,,,
duodenum,sex_ontology_term,epithelial,Colonocyte Progenitors,descriptive,2,female | male,9,7,3,0.0,,female,0.0,female,0.0,2,0,False,,,,
duodenum,sex_ontology_term,epithelial,Crypt Top Colonocytes,descriptive,2,female | male,9,7,3,0.015370011012169603,,female,0.028026905829596414,male,0.0,2,0,False,,,,
duodenum,sex_ontology_term,epithelial,EEC Enterochromaffin (EC),descriptive,2,female | male,9,7,3,0.13155346277720864,,female,0.2802690582959641,male,0.0,2,0,False,,,,
duodenum,sex_ontology_term,epithelial,EEC L,descriptive,2,female | male,9,7,3,0.0,,female,0.028026905829596414,male,0.0,2,0,False,,,,
duodenum,sex_ontology_term,epithelial,EEC N,descriptive,2,female | male,9,7,3,0.0,,female,0.0,female,0.0,2,0,False,,,,
duodenum,sex_ontology_term,epithelial,EEC Progenitors,descriptive,2,female | male,9,7,3,0.0032268201393081527,,male,0.08650519031141869,female,0.0,2,0,False,,,,
duodenum,sex_ontology_term,epithelial,EEC S,descriptive,2,female | male,9,7,3,0.0,,female,0.0,female,0.0,2,0,False,,,,
duodenum,sex_ontology_term,epithelial,Enterocyte Progenitors,descriptive,2,female | male,9,7,3,0.13683993545502673,,male,9.090909090909092,female,3.4192825112107625,2,0,False,,,,
duodenum,sex_ontology_term,epithelial,Enteroendocrine Cells (EEC),descriptive,2,female | male,9,7,3,0.0,,female,0.0,female,0.0,2,0,False,,,,
duodenum,sex_ontology_term,epithelial,Epithelial,descriptive,2,female | male,9,7,3,0.015370011012169603,,female,0.028026905829596414,male,0.0,2,0,False,,,,
duodenum,sex_ontology_term,epithelial,Foveolar Cells,descriptive,2,female | male,9,7,3,0.0,,female,0.0,female,0.0,2,0,False,,,,
duodenum,sex_ontology_term,epithelial,Goblet Cells,descriptive,2,female | male,9,7,3,0.0,,male,1.3075965130759652,female,0.952914798206278,2,0,False,,,,
duodenum,sex_ontology_term,epithelial,Intestinal Stem Cells (ISC),descriptive,2,female | male,9,7,3,0.0,,male,2.3661270236612704,female,1.8778026905829595,2,0,False,,,,
duodenum,sex_ontology_term,epithelial,Lower Crypt Colonocytes,descriptive,2,female | male,9,7,3,0.0,,female,0.028026905829596414,male,0.0,2,0,False,,,,
duodenum,sex_ontology_term,epithelial,Lower Villus Enterocytes,descriptive,2,female | male,9,7,3,0.1200144188371938,,female,41.28363228699551,male,32.402234636871505,2,0,False,,,,
duodenum,sex_ontology_term,epithelial,Mature Goblet Cells,descriptive,2,female | male,9,7,3,0.15767790192996156,,female,0.5605381165919282,male,0.0,2,0,False,,,,
duodenum,sex_ontology_term,epithelial,Microfold Cells (M Cells),descriptive,2,female | male,9,7,3,0.0,,female,0.0,female,0.0,2,0,False,,,,
duodenum,sex_ontology_term,epithelial,Mid Crypt Colonocytes,descriptive,2,female | male,9,7,3,0.0,,female,0.0,female,0.0,2,0,False,,,,
duodenum,sex_ontology_term,epithelial,Mid Villus Enterocytes,descriptive,2,female | male,9,7,3,0.04252165652667123,,female,36.99551569506727,male,21.54420921544209,2,0,False,,,,
duodenum,sex_ontology_term,epithelial,Paneth Cells,descriptive,2,female | male,9,7,3,0.0,,male,0.062266500622665005,female,0.028026905829596414,2,0,False,,,,
duodenum,sex_ontology_term,epithelial,Secretory Progenitors,descriptive,2,female | male,9,7,3,0.012015634416366681,,female,1.0650224215246635,male,0.34602076124567477,2,0,False,,,,
duodenum,sex_ontology_term,epithelial,Transiently Amplifying Cells (TA),descriptive,2,female | male,9,7,3,0.0,,male,3.373702422145329,female,3.0269058295964126,2,0,False,,,,
duodenum,sex_ontology_term,epithelial,Tuft Cells,descriptive,2,female | male,9,7,3,0.0,,female,0.2802690582959641,male,0.21164021164021166,2,0,False,,,,
duodenum,sex_ontology_term,epithelial,Tuft Progenitors,descriptive,2,female | male,9,7,3,0.2849501897853407,,female,0.2802690582959641,male,0.0,2,0,False,,,,
duodenum,sex_ontology_term,epithelial,Villus Tip Enterocytes,descriptive,2,female | male,9,7,3,0.0,,female,7.903587443946189,male,1.675977653631285,2,0,False,,,,
duodenum,age_range,epithelial,BEST4 Colonocytes,descriptive,3,40-49 | 50-59 | 60-69,8,6,3,0.42286315119911105,,40-49,0.031133250311332503,60-69,0.0,2,0,False,0.7200822998230957,0.04396480666491267,,0.08206763910783699
duodenum,age_range,epithelial,BEST4 Enterocytes,descriptive,3,40-49 | 50-59 | 60-69,8,6,3,0.7157350168349247,,50-59,4.193269983628728,60-69,0.4325259515570934,2,0,False,-0.7715167498104596,0.024943223294391546,,0.04988644658878309
duodenum,age_range,epithelial,Brunners Gland Cells,descriptive,3,40-49 | 50-59 | 60-69,8,6,3,0.5545623732758554,,60-69,2.4815874427325975,40-49,0.0,2,0,False,0.7972339748041415,0.01780043133881968,,0.04988644658878309
duodenum,age_range,epithelial,Colonocyte Progenitors,descriptive,3,40-49 | 50-59 | 60-69,8,6,3,0.5243808832672626,,40-49,0.0,40-49,0.0,2,0,False,0.7715167498104596,0.024943223294391546,,0.04988644658878309
duodenum,age_range,epithelial,Crypt Top Colonocytes,descriptive,3,40-49 | 50-59 | 60-69,8,6,3,0.5087814506775218,,50-59,0.028026905829596414,40-49,0.0,2,0,False,0.8229511997978236,0.012097434852593814,,0.04988644658878309
duodenum,age_range,epithelial,EEC Enterochromaffin (EC),descriptive,3,40-49 | 50-59 | 60-69,8,6,3,0.29109418390639213,,50-59,0.5448193228462286,60-69,0.0,2,0,False,-0.07715167498104596,0.855913629530575,,0.8876141343280037
duodenum,age_range,epithelial,EEC L,descriptive,3,40-49 | 50-59 | 60-69,8,6,3,0.0,,40-49,0.6734006734006733,60-69,0.0,2,0,False,0.07715167498104596,0.855913629530575,,0.8876141343280037
duodenum,age_range,epithelial,EEC N,descriptive,3,40-49 | 50-59 | 60-69,8,6,3,0.5243808832672626,,40-49,0.0,40-49,0.0,2,0,False,0.7715167498104596,0.024943223294391546,,0.04988644658878309
duodenum,age_range,epithelial,EEC Progenitors,descriptive,3,40-49 | 50-59 | 60-69,8,6,3,0.0,,40-49,0.19948341866150082,60-69,0.0,2,0,False,0.3857583749052298,0.3452553199103344,,0.5087973135520718
duodenum,age_range,epithelial,EEC S,descriptive,3,40-49 | 50-59 | 60-69,8,6,3,0.5243808832672626,,40-49,0.0,40-49,0.0,2,0,False,0.7715167498104596,0.024943223294391546,,0.04988644658878309
duodenum,age_range,epithelial,Enterocyte Progenitors,descriptive,3,40-49 | 50-59 | 60-69,8,6,3,0.0,,60-69,10.512072065106029,50-59,5.271134363062615,2,0,False,0.051434449987363975,0.9037303587505289,,0.9037303587505289
duodenum,age_range,epithelial,Enteroendocrine Cells (EEC),descriptive,3,40-49 | 50-59 | 60-69,8,6,3,0.5243808832672626,,40-49,0.0,40-49,0.0,2,0,False,0.7715167498104596,0.024943223294391546,,0.04988644658878309
duodenum,age_range,epithelial,Epithelial,descriptive,3,40-49 | 50-59 | 60-69,8,6,3,0.5087814506775218,,50-59,0.028026905829596414,40-49,0.0,2,0,False,0.8229511997978236,0.012097434852593814,,0.04988644658878309
duodenum,age_range,epithelial,Foveolar Cells,descriptive,3,40-49 | 50-59 | 60-69,8,6,3,0.5243808832672626,,40-49,0.0,40-49,0.0,2,0,False,0.7715167498104596,0.024943223294391546,,0.04988644658878309
duodenum,age_range,epithelial,Goblet Cells,descriptive,3,40-49 | 50-59 | 60-69,8,6,3,0.8607212094192132,,40-49,4.862552465292192,60-69,0.0,2,0,False,-0.8229511997978236,0.012097434852593814,,0.04988644658878309
duodenum,age_range,epithelial,Intestinal Stem Cells (ISC),descriptive,3,40-49 | 50-59 | 60-69,8,6,3,0.7400360730607104,,40-49,15.492827821594943,60-69,0.17301038062283738,2,0,False,-0.8229511997978236,0.012097434852593814,,0.04988644658878309
duodenum,age_range,epithelial,Lower Crypt Colonocytes,descriptive,3,40-49 | 50-59 | 60-69,8,6,3,0.2965309380347552,,40-49,0.062266500622665005,60-69,0.0,2,0,False,0.5914961748546856,0.12247512700120354,,0.21433147225210622
duodenum,age_range,epithelial,Lower Villus Enterocytes,descriptive,3,40-49 | 50-59 | 60-69,8,6,3,0.0,,50-59,52.050828054191285,40-49,21.318204879848714,2,0,False,-0.1285861249684099,0.761545449732007,,0.8529309036998478
duodenum,age_range,epithelial,Mature Goblet Cells,descriptive,3,40-49 | 50-59 | 60-69,8,6,3,0.0,,40-49,0.7287486739541534,60-69,0.0,2,0,False,-0.4629100498862757,0.24806639218090282,,0.4085799400626635
duodenum,age_range,epithelial,Microfold Cells (M Cells),descriptive,3,40-49 | 50-59 | 60-69,8,6,3,0.38297848401232587,,40-49,0.3678335870116692,50-59,0.0,2,0,False,0.33432392491786583,0.41828663444286246,,0.5323648074727341
duodenum,age_range,epithelial,Mid Crypt Colonocytes,descriptive,3,40-49 | 50-59 | 60-69,8,6,3,0.5243808832672626,,40-49,0.0,40-49,0.0,2,0,False,0.7715167498104596,0.024943223294391546,,0.04988644658878309
duodenum,age_range,epithelial,Mid Villus Enterocytes,descriptive,3,40-49 | 50-59 | 60-69,8,6,3,0.0,,60-69,52.37430167597765,50-59,14.64101834056991,2,0,False,0.4114755998989118,0.3111446791773791,,0.484002834275923
duodenum,age_range,epithelial,Paneth Cells,descriptive,3,40-49 | 50-59 | 60-69,8,6,3,0.0,,40-49,0.19948341866150082,60-69,0.0,2,0,False,0.33432392491786583,0.41828663444286246,,0.5323648074727341
duodenum,age_range,epithelial,Secretory Progenitors,descriptive,3,40-49 | 50-59 | 60-69,8,6,3,0.18318213529050667,,50-59,1.382482738984981,60-69,0.043252595155709346,2,0,False,-0.3086066999241838,0.4570516478374692,,0.5564107017151799
duodenum,age_range,epithelial,Transiently Amplifying Cells (TA),descriptive,3,40-49 | 50-59 | 60-69,8,6,3,0.0,,40-49,5.808080808080808,60-69,2.501401480736889,2,0,False,-0.33432392491786583,0.41828663444286246,,0.5323648074727341
duodenum,age_range,epithelial,Tuft Cells,descriptive,3,40-49 | 50-59 | 60-69,8,6,3,0.7671654391779171,,40-49,2.5679166090124994,60-69,0.0,2,0,False,-0.8486684247915055,0.00771059138396476,,0.04988644658878309
duodenum,age_range,epithelial,Tuft Progenitors,descriptive,3,40-49 | 50-59 | 60-69,8,6,3,0.0,,40-49,0.7356671740233384,60-69,0.0,2,0,False,-0.1285861249684099,0.761545449732007,,0.8529309036998478
duodenum,age_range,epithelial,Villus Tip Enterocytes,descriptive,3,40-49 | 50-59 | 60-69,8,6,3,0.3710799175594543,,40-49,18.167981181679814,60-69,0.6055363321799309,2,0,False,-0.7972339748041415,0.01780043133881968,,0.04988644658878309
duodenum,assay,epithelial,BEST4 Colonocytes,descriptive,2,10x 3' v2 | 10x 3' v3,9,7,3,0.18432494943964978,,10x 3' v2,0.0,10x 3' v2,0.0,0,0,False,,,,
duodenum,assay,epithelial,BEST4 Enterocytes,descriptive,2,10x 3' v2 | 10x 3' v3,9,7,3,0.05031148046561134,,10x 3' v3,3.7037037037037033,10x 3' v2,0.818174788811351,0,0,False,,,,
duodenum,assay,epithelial,Brunners Gland Cells,descriptive,2,10x 3' v2 | 10x 3' v3,9,7,3,0.1647859593193608,,10x 3' v2,1.0902309792820102,10x 3' v3,0.0,0,0,False,,,,
duodenum,assay,epithelial,Colonocyte Progenitors,descriptive,2,10x 3' v2 | 10x 3' v3,9,7,3,0.0,,10x 3' v2,0.0,10x 3' v2,0.0,0,0,False,,,,
duodenum,assay,epithelial,Crypt Top Colonocytes,descriptive,2,10x 3' v2 | 10x 3' v3,9,7,3,0.012942167909342732,,10x 3' v2,0.0,10x 3' v2,0.0,0,0,False,,,,
duodenum,assay,epithelial,EEC Enterochromaffin (EC),descriptive,2,10x 3' v2 | 10x 3' v3,9,7,3,0.0,,10x 3' v3,0.5291005291005291,10x 3' v2,0.0,0,0,False,,,,
duodenum,assay,epithelial,EEC L,descriptive,2,10x 3' v2 | 10x 3' v3,9,7,3,0.39881444942850164,,10x 3' v3,0.8992805755395683,10x 3' v2,0.0,0,0,False,,,,
duodenum,assay,epithelial,EEC N,descriptive,2,10x 3' v2 | 10x 3' v3,9,7,3,0.0,,10x 3' v2,0.0,10x 3' v2,0.0,0,0,False,,,,
duodenum,assay,epithelial,EEC Progenitors,descriptive,2,10x 3' v2 | 10x 3' v3,9,7,3,0.04334354314309523,,10x 3' v3,0.33670033670033667,10x 3' v2,0.0,0,0,False,,,,
duodenum,assay,epithelial,EEC S,descriptive,2,10x 3' v2 | 10x 3' v3,9,7,3,0.0,,10x 3' v2,0.0,10x 3' v2,0.0,0,0,False,,,,
duodenum,assay,epithelial,Enterocyte Progenitors,descriptive,2,10x 3' v2 | 10x 3' v3,9,7,3,0.0,,10x 3' v3,9.090909090909092,10x 3' v2,6.491908209534785,0,0,False,,,,
duodenum,assay,epithelial,Enteroendocrine Cells (EEC),descriptive,2,10x 3' v2 | 10x 3' v3,9,7,3,0.0,,10x 3' v2,0.0,10x 3' v2,0.0,0,0,False,,,,
duodenum,assay,epithelial,Epithelial,descriptive,2,10x 3' v2 | 10x 3' v3,9,7,3,0.012942167909342732,,10x 3' v2,0.0,10x 3' v2,0.0,0,0,False,,,,
duodenum,assay,epithelial,Foveolar Cells,descriptive,2,10x 3' v2 | 10x 3' v3,9,7,3,0.0,,10x 3' v2,0.0,10x 3' v2,0.0,0,0,False,,,,
duodenum,assay,epithelial,Goblet Cells,descriptive,2,10x 3' v2 | 10x 3' v3,9,7,3,0.3194015600801688,,10x 3' v3,2.751322751322751,10x 3' v2,0.0,0,0,False,,,,
duodenum,assay,epithelial,Intestinal Stem Cells (ISC),descriptive,2,10x 3' v2 | 10x 3' v3,9,7,3,0.5189981261885925,,10x 3' v3,9.352517985611511,10x 3' v2,0.47577854671280273,0,0,False,,,,
duodenum,assay,epithelial,Lower Crypt Colonocytes,descriptive,2,10x 3' v2 | 10x 3' v3,9,7,3,0.2654692755590678,,10x 3' v2,0.0,10x 3' v2,0.0,0,0,False,,,,
duodenum,assay,epithelial,Lower Villus Enterocytes,descriptive,2,10x 3' v2 | 10x 3' v3,9,7,3,0.0,,10x 3' v3,55.93525179856115,10x 3' v2,32.48474960543127,0,0,False,,,,
duodenum,assay,epithelial,Mature Goblet Cells,descriptive,2,10x 3' v2 | 10x 3' v3,9,7,3,0.11189443385975364,,10x 3' v3,0.10582010582010583,10x 3' v2,0.0,0,0,False,,,,
duodenum,assay,epithelial,Microfold Cells (M Cells),descriptive,2,10x 3' v2 | 10x 3' v3,9,7,3,0.0,,10x 3' v2,0.0,10x 3' v2,0.0,0,0,False,,,,
duodenum,assay,epithelial,Mid Crypt Colonocytes,descriptive,2,10x 3' v2 | 10x 3' v3,9,7,3,0.0,,10x 3' v2,0.0,10x 3' v2,0.0,0,0,False,,,,
duodenum,assay,epithelial,Mid Villus Enterocytes,descriptive,2,10x 3' v2 | 10x 3' v3,9,7,3,0.06938934052705757,,10x 3' v2,42.56055363321799,10x 3' v3,10.251798561151078,0,0,False,,,,
duodenum,assay,epithelial,Paneth Cells,descriptive,2,10x 3' v2 | 10x 3' v3,9,7,3,0.0,,10x 3' v3,0.21164021164021166,10x 3' v2,0.0,0,0,False,,,,
duodenum,assay,epithelial,Secretory Progenitors,descriptive,2,10x 3' v2 | 10x 3' v3,9,7,3,0.0,,10x 3' v3,0.3597122302158274,10x 3' v2,0.21626297577854672,0,0,False,,,,
duodenum,assay,epithelial,Transiently Amplifying Cells (TA),descriptive,2,10x 3' v2 | 10x 3' v3,9,7,3,0.0,,10x 3' v3,4.136690647482014,10x 3' v2,3.070934256055364,0,0,False,,,,
duodenum,assay,epithelial,Tuft Cells,descriptive,2,10x 3' v2 | 10x 3' v3,9,7,3,0.025941453500872295,,10x 3' v3,1.2589928057553956,10x 3' v2,0.0,0,0,False,,,,
duodenum,assay,epithelial,Tuft Progenitors,descriptive,2,10x 3' v2 | 10x 3' v3,9,7,3,0.0,,10x 3' v2,0.0,10x 3' v2,0.0,0,0,False,,,,
duodenum,assay,epithelial,Villus Tip Enterocytes,descriptive,2,10x 3' v2 | 10x 3' v3,9,7,3,0.0,,10x 3' v3,2.158273381294964,10x 3' v2,1.270514778372736,0,0,False,,,,
duodenum,sample_collection_method,epithelial,BEST4 Colonocytes,descriptive,2,biopsy | surgical resection,9,7,3,0.0,,biopsy,0.05916015614092891,surgical resection,0.0,0,0,False,,,,
duodenum,sample_collection_method,epithelial,BEST4 Enterocytes,descriptive,2,biopsy | surgical resection,9,7,3,0.20442391485011419,,biopsy,3.6149822135601357,surgical resection,1.1173184357541899,0,0,False,,,,
duodenum,sample_collection_method,epithelial,Brunners Gland Cells,descriptive,2,biopsy | surgical resection,9,7,3,0.0,,surgical resection,0.3597122302158274,biopsy,0.2522421524663677,0,0,False,,,,
duodenum,sample_collection_method,epithelial,Colonocyte Progenitors,descriptive,2,biopsy | surgical resection,9,7,3,0.4094075128009262,,biopsy,0.0,biopsy,0.0,0,0,False,,,,
duodenum,sample_collection_method,epithelial,Crypt Top Colonocytes,descriptive,2,biopsy | surgical resection,9,7,3,0.19142182052459789,,biopsy,0.028026905829596414,surgical resection,0.0,0,0,False,,,,
duodenum,sample_collection_method,epithelial,EEC Enterochromaffin (EC),descriptive,2,biopsy | surgical resection,9,7,3,0.0,,biopsy,0.2802690582959641,surgical resection,0.0,0,0,False,,,,
duodenum,sample_collection_method,epithelial,EEC L,descriptive,2,biopsy | surgical resection,9,7,3,0.4996871692195214,,biopsy,0.028026905829596414,surgical resection,0.0,0,0,False,,,,
duodenum,sample_collection_method,epithelial,EEC N,descriptive,2,biopsy | surgical resection,9,7,3,0.49832772957743193,,biopsy,0.0,biopsy,0.0,0,0,False,,,,
duodenum,sample_collection_method,epithelial,EEC Progenitors,descriptive,2,biopsy | surgical resection,9,7,3,0.6504439139197937,,surgical resection,0.08650519031141869,biopsy,0.031133250311332503,0,0,False,,,,
duodenum,sample_collection_method,epithelial,EEC S,descriptive,2,biopsy | surgical resection,9,7,3,0.49832772957743193,,biopsy,0.0,biopsy,0.0,0,0,False,,,,
duodenum,sample_collection_method,epithelial,Enterocyte Progenitors,descriptive,2,biopsy | surgical resection,9,7,3,0.0,,surgical resection,9.090909090909092,biopsy,5.87880928580603,0,0,False,,,,
duodenum,sample_collection_method,epithelial,Enteroendocrine Cells (EEC),descriptive,2,biopsy | surgical resection,9,7,3,0.49832772957743193,,biopsy,0.0,biopsy,0.0,0,0,False,,,,
duodenum,sample_collection_method,epithelial,Epithelial,descriptive,2,biopsy | surgical resection,9,7,3,0.19142182052459789,,biopsy,0.028026905829596414,surgical resection,0.0,0,0,False,,,,
duodenum,sample_collection_method,epithelial,Foveolar Cells,descriptive,2,biopsy | surgical resection,9,7,3,0.4094075128009262,,biopsy,0.0,biopsy,0.0,0,0,False,,,,
duodenum,sample_collection_method,epithelial,Goblet Cells,descriptive,2,biopsy | surgical resection,9,7,3,0.017611238234756382,,biopsy,1.6067130547442607,surgical resection,0.0,0,0,False,,,,
duodenum,sample_collection_method,epithelial,Intestinal Stem Cells (ISC),descriptive,2,biopsy | surgical resection,9,7,3,0.0,,biopsy,3.0608662024135946,surgical resection,0.6055363321799307,0,0,False,,,,
duodenum,sample_collection_method,epithelial,Lower Crypt Colonocytes,descriptive,2,biopsy | surgical resection,9,7,3,0.0,,biopsy,0.09029340645226142,surgical resection,0.0,0,0,False,,,,
duodenum,sample_collection_method,epithelial,Lower Villus Enterocytes,descriptive,2,biopsy | surgical resection,9,7,3,0.0,,surgical resection,35.034602076124564,biopsy,29.857729422736487,0,0,False,,,,
duodenum,sample_collection_method,epithelial,Mature Goblet Cells,descriptive,2,biopsy | surgical resection,9,7,3,0.7586332809329528,,biopsy,1.1209366221959134,surgical resection,0.0,0,0,False,,,,
duodenum,sample_collection_method,epithelial,Microfold Cells (M Cells),descriptive,2,biopsy | surgical resection,9,7,3,0.22097726443151855,,biopsy,0.031133250311332503,surgical resection,0.0,0,0,False,,,,
duodenum,sample_collection_method,epithelial,Mid Crypt Colonocytes,descriptive,2,biopsy | surgical resection,9,7,3,0.4094075128009262,,biopsy,0.0,biopsy,0.0,0,0,False,,,,
duodenum,sample_collection_method,epithelial,Mid Villus Enterocytes,descriptive,2,biopsy | surgical resection,9,7,3,0.0,,surgical resection,35.121107266435985,biopsy,22.76762030278831,0,0,False,,,,
duodenum,sample_collection_method,epithelial,Paneth Cells,descriptive,2,biopsy | surgical resection,9,7,3,0.3982654748512026,,biopsy,0.05916015614092891,surgical resection,0.0,0,0,False,,,,
duodenum,sample_collection_method,epithelial,Secretory Progenitors,descriptive,2,biopsy | surgical resection,9,7,3,0.7813384373854934,,biopsy,2.0301531811759714,surgical resection,0.33670033670033667,0,0,False,,,,
duodenum,sample_collection_method,epithelial,Transiently Amplifying Cells (TA),descriptive,2,biopsy | surgical resection,9,7,3,0.22767886724818495,,biopsy,5.299633102323686,surgical resection,2.768166089965398,0,0,False,,,,
duodenum,sample_collection_method,epithelial,Tuft Cells,descriptive,2,biopsy | surgical resection,9,7,3,0.11073671884584728,,biopsy,0.9963338154566117,surgical resection,0.0,0,0,False,,,,
duodenum,sample_collection_method,epithelial,Tuft Progenitors,descriptive,2,biopsy | surgical resection,9,7,3,0.0,,biopsy,0.3425355589186291,surgical resection,0.0,0,0,False,,,,
duodenum,sample_collection_method,epithelial,Villus Tip Enterocytes,descriptive,2,biopsy | surgical resection,9,7,3,0.7854005667888669,,biopsy,22.536215090272467,surgical resection,1.164021164021164,0,0,False,,,,
duodenum,sample_collection_method,lymphoid,CD4 Memory,descriptive,2,biopsy | surgical resection,4,4,3,0.0,,biopsy,16.491830258685212,surgical resection,13.367174280879865,0,0,False,,,,
duodenum,sample_collection_method,lymphoid,CD4 Naive,descriptive,2,biopsy | surgical resection,4,4,3,0.43242770343584086,,biopsy,0.03815337657382679,surgical resection,0.0,0,0,False,,,,
duodenum,sample_collection_method,lymphoid,CD4 Tfh,descriptive,2,biopsy | surgical resection,4,4,3,0.0,,biopsy,0.4238557168058502,surgical resection,0.1692047377326565,0,0,False,,,,
duodenum,sample_collection_method,lymphoid,CD4 Tfr,descriptive,2,biopsy | surgical resection,4,4,3,0.0,,biopsy,0.13353681800839376,surgical resection,0.0,0,0,False,,,,
duodenum,sample_collection_method,lymphoid,CD4 Th17,descriptive,2,biopsy | surgical resection,4,4,3,0.0,,biopsy,10.005243477985083,surgical resection,4.991539763113368,0,0,False,,,,
duodenum,sample_collection_method,lymphoid,CD4 Tr1,descriptive,2,biopsy | surgical resection,4,4,3,0.28874224781850133,,biopsy,0.043964692268994035,surgical resection,0.0,0,0,False,,,,
duodenum,sample_collection_method,lymphoid,CD4 pTreg,descriptive,2,biopsy | surgical resection,4,4,3,0.0761883621798463,,biopsy,0.47363172477001153,surgical resection,0.0,0,0,False,,,,
duodenum,sample_collection_method,lymphoid,CD4 tTreg,descriptive,2,biopsy | surgical resection,4,4,3,0.0,,biopsy,0.29777295569403534,surgical resection,0.0,0,0,False,,,,
duodenum,sample_collection_method,lymphoid,CD8 Circulating Effector Memory,descriptive,2,biopsy | surgical resection,4,4,3,0.9380793138314192,,biopsy,2.2471275293229307,surgical resection,0.25380710659898476,0,0,False,,,,
duodenum,sample_collection_method,lymphoid,CD8 Effector Memory,descriptive,2,biopsy | surgical resection,4,4,3,0.0,,surgical resection,1.015228426395939,biopsy,0.3807741166277885,0,0,False,,,,
duodenum,sample_collection_method,lymphoid,CD8 IEL,descriptive,2,biopsy | surgical resection,4,4,3,0.0,,biopsy,1.692897033931057,surgical resection,0.4230118443316413,0,0,False,,,,
duodenum,sample_collection_method,lymphoid,CD8 Memory Exhausted,descriptive,2,biopsy | surgical resection,4,4,3,0.6068393106231819,,biopsy,0.0,biopsy,0.0,0,0,False,,,,
duodenum,sample_collection_method,lymphoid,CD8 Naive,descriptive,2,biopsy | surgical resection,4,4,3,0.6068393106231819,,biopsy,0.0,biopsy,0.0,0,0,False,,,,
duodenum,sample_collection_method,lymphoid,CD8 TRM,descriptive,2,biopsy | surgical resection,4,4,3,0.0,,biopsy,42.065113703329295,surgical resection,27.834179357022,0,0,False,,,,
duodenum,sample_collection_method,lymphoid,GC B Dark Zone (GC B DZ),descriptive,2,biopsy | surgical resection,4,4,3,0.573750441544315,,surgical resection,0.08460236886632826,biopsy,0.07630675314765357,0,0,False,,,,
duodenum,sample_collection_method,lymphoid,GC B Light Zone (GC B LZ),descriptive,2,biopsy | surgical resection,4,4,3,0.5700848677292344,,biopsy,0.019076688286913394,surgical resection,0.0,0,0,False,,,,
duodenum,sample_collection_method,lymphoid,Gamma Delta T Cells,descriptive,2,biopsy | surgical resection,4,4,3,0.2762968398307175,,biopsy,0.024888003982080638,surgical resection,0.0,0,0,False,,,,
duodenum,sample_collection_method,lymphoid,ILC3,descriptive,2,biopsy | surgical resection,4,4,3,0.29109026988620806,,biopsy,0.1128173885200687,surgical resection,0.08460236886632826,0,0,False,,,,
duodenum,sample_collection_method,lymphoid,MAIT Cells,descriptive,2,biopsy | surgical resection,4,4,3,0.5700848677292344,,biopsy,0.019076688286913394,surgical resection,0.0,0,0,False,,,,
duodenum,sample_collection_method,lymphoid,Memory B,descriptive,2,biopsy | surgical resection,4,4,3,0.689283365840253,,biopsy,1.4739566646770192,surgical resection,0.08460236886632826,0,0,False,,,,
duodenum,sample_collection_method,lymphoid,NK Cells,descriptive,2,biopsy | surgical resection,4,4,3,0.0,,biopsy,0.7731708646459114,surgical resection,0.4230118443316413,0,0,False,,,,
duodenum,sample_collection_method,lymphoid,NKT Cells,descriptive,2,biopsy | surgical resection,4,4,3,0.7734529924258814,,surgical resection,25.5922165820643,biopsy,4.044751688747451,0,0,False,,,,
duodenum,sample_collection_method,lymphoid,Naive B,descriptive,2,biopsy | surgical resection,4,4,3,0.0,,biopsy,0.7439908431896223,surgical resection,0.0,0,0,False,,,,
duodenum,sample_collection_method,lymphoid,Plasma Cells,descriptive,2,biopsy | surgical resection,4,4,3,0.43867920969908225,,biopsy,1.0824430087498282,surgical resection,0.08460236886632826,0,0,False,,,,
duodenum,sample_collection_method,lymphoid,Plasma IGA,descriptive,2,biopsy | surgical resection,4,4,3,0.9905554620944381,,surgical resection,25.5922165820643,biopsy,17.22115987404258,0,0,False,,,,
duodenum,sample_collection_method,lymphoid,Plasma IGG,descriptive,2,biopsy | surgical resection,4,4,3,0.0,,biopsy,0.11446012972148034,surgical resection,0.0,0,0,False,,,,
duodenum,sample_collection_method,myeloid,Classical Monocytes,descriptive,2,biopsy | surgical resection,4,4,3,0.0,,biopsy,0.16666666666666669,surgical resection,0.0,0,0,False,,,,
duodenum,sample_collection_method,myeloid,Cycling Macrophages,descriptive,2,biopsy | surgical resection,4,4,3,0.06937718993077283,,biopsy,0.7764227642276422,surgical resection,0.0,0,0,False,,,,
duodenum,sample_collection_method,myeloid,Eosinophils,descriptive,2,biopsy | surgical resection,4,4,3,0.3801018555647984,,biopsy,0.0,biopsy,0.0,0,0,False,,,,
duodenum,sample_collection_method,myeloid,Follicle Associated Resident Macrophages,descriptive,2,biopsy | surgical resection,4,4,3,0.3801018555647984,,biopsy,0.0,biopsy,0.0,0,0,False,,,,
duodenum,sample_collection_method,myeloid,Homeostatic Macrophages,descriptive,2,biopsy | surgical resection,4,4,3,0.9913262116138091,,biopsy,54.78861788617887,surgical resection,11.52482269503546,0,0,False,,,,
duodenum,sample_collection_method,myeloid,M0 Macrophages,descriptive,2,biopsy | surgical resection,4,4,3,0.0,,surgical resection,54.787234042553195,biopsy,3.191056910569106,0,0,False,,,,
duodenum,sample_collection_method,myeloid,Mast Cells,descriptive,2,biopsy | surgical resection,4,4,3,0.6978368416131908,,biopsy,39.577235772357724,surgical resection,7.446808510638298,0,0,False,,,,
duodenum,sample_collection_method,myeloid,Monocyte Derived Dendritic Cells (MO DC),descriptive,2,biopsy | surgical resection,4,4,3,0.3801018555647984,,biopsy,0.0,biopsy,0.0,0,0,False,,,,
duodenum,sample_collection_method,myeloid,Neutrophils,descriptive,2,biopsy | surgical resection,4,4,3,0.3801018555647984,,biopsy,0.0,biopsy,0.0,0,0,False,,,,
duodenum,sample_collection_method,myeloid,Nonclassical Monocytes,descriptive,2,biopsy | surgical resection,4,4,3,0.3801018555647984,,biopsy,0.0,biopsy,0.0,0,0,False,,,,
duodenum,sample_collection_method,myeloid,Perivascular Resident Macrophages,descriptive,2,biopsy | surgical resection,4,4,3,0.2011410072810221,,surgical resection,8.333333333333332,biopsy,0.0,0,0,False,,,,
duodenum,sample_collection_method,myeloid,Tolerogenic cDC2,descriptive,2,biopsy | surgical resection,4,4,3,0.7760674997249913,,surgical resection,1.0638297872340425,biopsy,0.0,0,0,False,,,,
duodenum,sample_collection_method,myeloid,cDC1,descriptive,2,biopsy | surgical resection,4,4,3,0.3801018555647984,,biopsy,0.0,biopsy,0.0,0,0,False,,,,
duodenum,sample_collection_method,myeloid,cDC2,descriptive,2,biopsy | surgical resection,4,4,3,0.0,,surgical resection,16.843971631205672,biopsy,1.5,0,0,False,,,,
duodenum,sample_collection_method,myeloid,migDC,descriptive,2,biopsy | surgical resection,4,4,3,0.3801018555647984,,biopsy,0.0,biopsy,0.0,0,0,False,,,,
duodenum,sample_collection_method,myeloid,pDC,descriptive,2,biopsy | surgical resection,4,4,3,0.3801018555647984,,biopsy,0.0,biopsy,0.0,0,0,False,,,,
duodenum,sample_collection_method,stroma,Adipocytes,descriptive,2,biopsy | surgical resection,5,3,2,0.0,,biopsy,0.0,biopsy,0.0,0,0,False,,,,
duodenum,sample_collection_method,stroma,Angiogenic Pericytes,descriptive,2,biopsy | surgical resection,5,3,2,0.0,,biopsy,0.0,biopsy,0.0,0,0,False,,,,
duodenum,sample_collection_method,stroma,Arteriolar Endothelial,descriptive,2,biopsy | surgical resection,5,3,2,0.38012043788151195,,surgical resection,16.666666666666664,biopsy,0.0,0,0,False,,,,
duodenum,sample_collection_method,stroma,Capillary Endothelial,descriptive,2,biopsy | surgical resection,5,3,2,0.0,,biopsy,0.0,biopsy,0.0,0,0,False,,,,
duodenum,sample_collection_method,stroma,Contractile Pericytes,descriptive,2,biopsy | surgical resection,5,3,2,0.8274858460223359,,surgical resection,15.789473684210526,biopsy,0.0,0,0,False,,,,
duodenum,sample_collection_method,stroma,Crypt Bottom Fibroblasts (S2A),descriptive,2,biopsy | surgical resection,5,3,2,0.21712930569281558,,biopsy,0.7462686567164178,surgical resection,0.0,0,0,False,,,,
duodenum,sample_collection_method,stroma,Crypt Top Fibroblasts (S2B),descriptive,2,biopsy | surgical resection,5,3,2,0.0,,biopsy,0.0,biopsy,0.0,0,0,False,,,,
duodenum,sample_collection_method,stroma,Fibroblastic Reticular Cells (FRC),descriptive,2,biopsy | surgical resection,5,3,2,0.0,,biopsy,0.0,biopsy,0.0,0,0,False,,,,
duodenum,sample_collection_method,stroma,Follicular Dendritic Cells (fDC),descriptive,2,biopsy | surgical resection,5,3,2,0.0,,biopsy,0.0,biopsy,0.0,0,0,False,,,,
duodenum,sample_collection_method,stroma,Glia,descriptive,2,biopsy | surgical resection,5,3,2,0.0,,biopsy,0.0,biopsy,0.0,0,0,False,,,,
duodenum,sample_collection_method,stroma,Interstitial Cells of Cajal (ICC),descriptive,2,biopsy | surgical resection,5,3,2,0.0,,biopsy,0.0,biopsy,0.0,0,0,False,,,,
duodenum,sample_collection_method,stroma,Lamina propria Fibroblasts (S1),descriptive,2,biopsy | surgical resection,5,3,2,0.9842287486241758,,biopsy,88.05970149253731,surgical resection,0.0,0,0,False,,,,
duodenum,sample_collection_method,stroma,Lymphatic Endothelial,descriptive,2,biopsy | surgical resection,5,3,2,0.0,,biopsy,0.7462686567164178,surgical resection,0.0,0,0,False,,,,
duodenum,sample_collection_method,stroma,Marginal Reticular Cells (MRC),descriptive,2,biopsy | surgical resection,5,3,2,0.0,,biopsy,0.0,biopsy,0.0,0,0,False,,,,
duodenum,sample_collection_method,stroma,Medullary Sinus Endothelial,descriptive,2,biopsy | surgical resection,5,3,2,0.09195123891174736,,biopsy,10.44776119402985,surgical resection,0.0,0,0,False,,,,
duodenum,sample_collection_method,stroma,Mesenchymal Lymphoid Tissue Organizer Cells (mLTo Cells),descriptive,2,biopsy | surgical resection,5,3,2,0.0,,biopsy,0.0,biopsy,0.0,0,0,False,,,,
duodenum,sample_collection_method,stroma,Muscularis Propria Fibroblasts,descriptive,2,biopsy | surgical resection,5,3,2,0.0,,biopsy,0.0,biopsy,0.0,0,0,False,,,,
duodenum,sample_collection_method,stroma,Myofibroblasts,descriptive,2,biopsy | surgical resection,5,3,2,0.0,,biopsy,0.0,biopsy,0.0,0,0,False,,,,
duodenum,sample_collection_method,stroma,Post Arteriole Capillary Endothelial (PAC),descriptive,2,biopsy | surgical resection,5,3,2,0.07726825281587221,,biopsy,0.0,biopsy,0.0,0,0,False,,,,
duodenum,sample_collection_method,stroma,Pre Venule Capillary Endothelial (PVC),descriptive,2,biopsy | surgical resection,5,3,2,0.0,,biopsy,0.0,biopsy,0.0,0,0,False,,,,
duodenum,sample_collection_method,stroma,Secretory Pericytes,descriptive,2,biopsy | surgical resection,5,3,2,0.0,,biopsy,0.0,biopsy,0.0,0,0,False,,,,
duodenum,sample_collection_method,stroma,Smooth Muscle Cells (SMC),descriptive,2,biopsy | surgical resection,5,3,2,0.0,,biopsy,0.0,biopsy,0.0,0,0,False,,,,
duodenum,sample_collection_method,stroma,Submucosal Fibroblasts (S3),descriptive,2,biopsy | surgical resection,5,3,2,0.025668993782197384,,surgical resection,33.33333333333333,biopsy,0.0,0,0,False,,,,
duodenum,sample_collection_method,stroma,Venular Endothelial,descriptive,2,biopsy | surgical resection,5,3,2,0.07249857151888991,,surgical resection,16.666666666666664,biopsy,0.0,0,0,False,,,,
duodenum,gene_annotation_version,epithelial,BEST4 Colonocytes,descriptive,2,v104 | v98,9,7,3,0.18432494943964978,,v104,0.0,v104,0.0,0,0,False,,,,
duodenum,gene_annotation_version,epithelial,BEST4 Enterocytes,descriptive,2,v104 | v98,9,7,3,0.05031148046561134,,v104,3.7037037037037033,v98,0.818174788811351,0,0,False,,,,
duodenum,gene_annotation_version,epithelial,Brunners Gland Cells,descriptive,2,v104 | v98,9,7,3,0.1647859593193608,,v98,1.0902309792820102,v104,0.0,0,0,False,,,,
duodenum,gene_annotation_version,epithelial,Colonocyte Progenitors,descriptive,2,v104 | v98,9,7,3,0.0,,v104,0.0,v104,0.0,0,0,False,,,,
duodenum,gene_annotation_version,epithelial,Crypt Top Colonocytes,descriptive,2,v104 | v98,9,7,3,0.012942167909342732,,v104,0.0,v104,0.0,0,0,False,,,,
duodenum,gene_annotation_version,epithelial,EEC Enterochromaffin (EC),descriptive,2,v104 | v98,9,7,3,0.0,,v104,0.5291005291005291,v98,0.0,0,0,False,,,,
duodenum,gene_annotation_version,epithelial,EEC L,descriptive,2,v104 | v98,9,7,3,0.39881444942850164,,v104,0.8992805755395683,v98,0.0,0,0,False,,,,
duodenum,gene_annotation_version,epithelial,EEC N,descriptive,2,v104 | v98,9,7,3,0.0,,v104,0.0,v104,0.0,0,0,False,,,,
duodenum,gene_annotation_version,epithelial,EEC Progenitors,descriptive,2,v104 | v98,9,7,3,0.04334354314309523,,v104,0.33670033670033667,v98,0.0,0,0,False,,,,
duodenum,gene_annotation_version,epithelial,EEC S,descriptive,2,v104 | v98,9,7,3,0.0,,v104,0.0,v104,0.0,0,0,False,,,,
duodenum,gene_annotation_version,epithelial,Enterocyte Progenitors,descriptive,2,v104 | v98,9,7,3,0.0,,v104,9.090909090909092,v98,6.491908209534785,0,0,False,,,,
duodenum,gene_annotation_version,epithelial,Enteroendocrine Cells (EEC),descriptive,2,v104 | v98,9,7,3,0.0,,v104,0.0,v104,0.0,0,0,False,,,,
duodenum,gene_annotation_version,epithelial,Epithelial,descriptive,2,v104 | v98,9,7,3,0.012942167909342732,,v104,0.0,v104,0.0,0,0,False,,,,
duodenum,gene_annotation_version,epithelial,Foveolar Cells,descriptive,2,v104 | v98,9,7,3,0.0,,v104,0.0,v104,0.0,0,0,False,,,,
duodenum,gene_annotation_version,epithelial,Goblet Cells,descriptive,2,v104 | v98,9,7,3,0.3194015600801688,,v104,2.751322751322751,v98,0.0,0,0,False,,,,
duodenum,gene_annotation_version,epithelial,Intestinal Stem Cells (ISC),descriptive,2,v104 | v98,9,7,3,0.5189981261885925,,v104,9.352517985611511,v98,0.47577854671280273,0,0,False,,,,
duodenum,gene_annotation_version,epithelial,Lower Crypt Colonocytes,descriptive,2,v104 | v98,9,7,3,0.2654692755590678,,v104,0.0,v104,0.0,0,0,False,,,,
duodenum,gene_annotation_version,epithelial,Lower Villus Enterocytes,descriptive,2,v104 | v98,9,7,3,0.0,,v104,55.93525179856115,v98,32.48474960543127,0,0,False,,,,
duodenum,gene_annotation_version,epithelial,Mature Goblet Cells,descriptive,2,v104 | v98,9,7,3,0.11189443385975364,,v104,0.10582010582010583,v98,0.0,0,0,False,,,,
duodenum,gene_annotation_version,epithelial,Microfold Cells (M Cells),descriptive,2,v104 | v98,9,7,3,0.0,,v104,0.0,v104,0.0,0,0,False,,,,
duodenum,gene_annotation_version,epithelial,Mid Crypt Colonocytes,descriptive,2,v104 | v98,9,7,3,0.0,,v104,0.0,v104,0.0,0,0,False,,,,
duodenum,gene_annotation_version,epithelial,Mid Villus Enterocytes,descriptive,2,v104 | v98,9,7,3,0.06938934052705757,,v98,42.56055363321799,v104,10.251798561151078,0,0,False,,,,
duodenum,gene_annotation_version,epithelial,Paneth Cells,descriptive,2,v104 | v98,9,7,3,0.0,,v104,0.21164021164021166,v98,0.0,0,0,False,,,,
duodenum,gene_annotation_version,epithelial,Secretory Progenitors,descriptive,2,v104 | v98,9,7,3,0.0,,v104,0.3597122302158274,v98,0.21626297577854672,0,0,False,,,,
duodenum,gene_annotation_version,epithelial,Transiently Amplifying Cells (TA),descriptive,2,v104 | v98,9,7,3,0.0,,v104,4.136690647482014,v98,3.070934256055364,0,0,False,,,,
duodenum,gene_annotation_version,epithelial,Tuft Cells,descriptive,2,v104 | v98,9,7,3,0.025941453500872295,,v104,1.2589928057553956,v98,0.0,0,0,False,,,,
duodenum,gene_annotation_version,epithelial,Tuft Progenitors,descriptive,2,v104 | v98,9,7,3,0.0,,v104,0.0,v104,0.0,0,0,False,,,,
duodenum,gene_annotation_version,epithelial,Villus Tip Enterocytes,descriptive,2,v104 | v98,9,7,3,0.0,,v104,2.158273381294964,v98,1.270514778372736,0,0,False,,,,
jejunum,radial_tissue_term,epithelial,BEST4 Colonocytes,descriptive,2,EPI | EPI_LP_MUSC,7,6,2,0.9106390180118776,,EPI,0.0,EPI,0.0,2,1,True,,,,
jejunum,radial_tissue_term,epithelial,BEST4 Enterocytes,descriptive,2,EPI | EPI_LP_MUSC,7,6,2,0.0,,EPI_LP_MUSC,7.983460559796438,EPI,5.722070844686648,2,1,True,,,,
jejunum,radial_tissue_term,epithelial,Brunners Gland Cells,descriptive,2,EPI | EPI_LP_MUSC,7,6,2,0.6645935336419455,,EPI,0.0,EPI,0.0,2,1,True,,,,
jejunum,radial_tissue_term,epithelial,Colonocyte Progenitors,descriptive,2,EPI | EPI_LP_MUSC,7,6,2,0.5699705311906906,,EPI,0.0,EPI,0.0,2,1,True,,,,
jejunum,radial_tissue_term,epithelial,Crypt Top Colonocytes,descriptive,2,EPI | EPI_LP_MUSC,7,6,2,0.6645935336419455,,EPI,0.0,EPI,0.0,2,1,True,,,,
jejunum,radial_tissue_term,epithelial,EEC Enterochromaffin (EC),descriptive,2,EPI | EPI_LP_MUSC,7,6,2,0.0,,EPI,0.29069767441860467,EPI_LP_MUSC,0.0,2,1,True,,,,
jejunum,radial_tissue_term,epithelial,EEC L,descriptive,2,EPI | EPI_LP_MUSC,7,6,2,0.0,,EPI,0.4087193460490463,EPI_LP_MUSC,0.0,2,1,True,,,,
jejunum,radial_tissue_term,epithelial,EEC N,descriptive,2,EPI | EPI_LP_MUSC,7,6,2,0.3121193183346803,,EPI,0.0,EPI,0.0,2,1,True,,,,
jejunum,radial_tissue_term,epithelial,EEC Progenitors,descriptive,2,EPI | EPI_LP_MUSC,7,6,2,0.012159149583308614,,EPI,0.436046511627907,EPI_LP_MUSC,0.0,2,1,True,,,,
jejunum,radial_tissue_term,epithelial,EEC S,descriptive,2,EPI | EPI_LP_MUSC,7,6,2,0.37041012702805737,,EPI,0.0,EPI,0.0,2,1,True,,,,
jejunum,radial_tissue_term,epithelial,Enterocyte Progenitors,descriptive,2,EPI | EPI_LP_MUSC,7,6,2,0.09815408091965346,,EPI,7.08092485549133,EPI_LP_MUSC,1.806949089557785,2,1,True,,,,
jejunum,radial_tissue_term,epithelial,Enteroendocrine Cells (EEC),descriptive,2,EPI | EPI_LP_MUSC,7,6,2,0.6645935336419455,,EPI,0.0,EPI,0.0,2,1,True,,,,
jejunum,radial_tissue_term,epithelial,Epithelial,descriptive,2,EPI | EPI_LP_MUSC,7,6,2,0.6645935336419455,,EPI,0.0,EPI,0.0,2,1,True,,,,
jejunum,radial_tissue_term,epithelial,Foveolar Cells,descriptive,2,EPI | EPI_LP_MUSC,7,6,2,0.6645935336419455,,EPI,0.0,EPI,0.0,2,1,True,,,,
jejunum,radial_tissue_term,epithelial,Goblet Cells,descriptive,2,EPI | EPI_LP_MUSC,7,6,2,0.8346769517516838,,EPI,6.976744186046512,EPI_LP_MUSC,0.0,2,1,True,,,,
jejunum,radial_tissue_term,epithelial,Intestinal Stem Cells (ISC),descriptive,2,EPI | EPI_LP_MUSC,7,6,2,0.8628332658085051,,EPI,8.310626702997276,EPI_LP_MUSC,0.23702520305781175,2,1,True,,,,
jejunum,radial_tissue_term,epithelial,Lower Crypt Colonocytes,descriptive,2,EPI | EPI_LP_MUSC,7,6,2,0.6699859968124231,,EPI,0.0,EPI,0.0,2,1,True,,,,
jejunum,radial_tissue_term,epithelial,Lower Villus Enterocytes,descriptive,2,EPI | EPI_LP_MUSC,7,6,2,0.0,,EPI,24.13294797687861,EPI_LP_MUSC,12.068906761177754,2,1,True,,,,
jejunum,radial_tissue_term,epithelial,Mature Goblet Cells,descriptive,2,EPI | EPI_LP_MUSC,7,6,2,0.0,,EPI,0.4335260115606936,EPI_LP_MUSC,0.0,2,1,True,,,,
jejunum,radial_tissue_term,epithelial,Microfold Cells (M Cells),descriptive,2,EPI | EPI_LP_MUSC,7,6,2,0.1237307134801945,,EPI,0.0,EPI,0.0,2,1,True,,,,
jejunum,radial_tissue_term,epithelial,Mid Crypt Colonocytes,descriptive,2,EPI | EPI_LP_MUSC,7,6,2,0.6645935336419455,,EPI,0.0,EPI,0.0,2,1,True,,,,
jejunum,radial_tissue_term,epithelial,Mid Villus Enterocytes,descriptive,2,EPI | EPI_LP_MUSC,7,6,2,0.0,,EPI_LP_MUSC,33.39183478735006,EPI,13.005780346820808,2,1,True,,,,
jejunum,radial_tissue_term,epithelial,Paneth Cells,descriptive,2,EPI | EPI_LP_MUSC,7,6,2,0.0,,EPI,0.29069767441860467,EPI_LP_MUSC,0.0,2,1,True,,,,
jejunum,radial_tissue_term,epithelial,Secretory Progenitors,descriptive,2,EPI | EPI_LP_MUSC,7,6,2,0.6037943000784541,,EPI,1.308139534883721,EPI_LP_MUSC,0.1254180602006689,2,1,True,,,,
jejunum,radial_tissue_term,epithelial,Transiently Amplifying Cells (TA),descriptive,2,EPI | EPI_LP_MUSC,7,6,2,0.0,,EPI,7.369942196531793,EPI_LP_MUSC,6.1850570604304425,2,1,True,,,,
jejunum,radial_tissue_term,epithelial,Tuft Cells,descriptive,2,EPI | EPI_LP_MUSC,7,6,2,0.6757681694071609,,EPI,1.744186046511628,EPI_LP_MUSC,0.0,2,1,True,,,,
jejunum,radial_tissue_term,epithelial,Tuft Progenitors,descriptive,2,EPI | EPI_LP_MUSC,7,6,2,0.009265662594954557,,EPI_LP_MUSC,0.04180602006688963,EPI,0.0,2,1,True,,,,
jejunum,radial_tissue_term,epithelial,Villus Tip Enterocytes,descriptive,2,EPI | EPI_LP_MUSC,7,6,2,0.0,,EPI,9.536784741144414,EPI_LP_MUSC,3.015458653527024,2,1,True,,,,
jejunum,radial_tissue_term,lymphoid,CD4 Memory,inferential,2,EPI | LP,38,20,2,0.0,0.9069067528564798,LP,14.636143754223461,EPI,5.814148007146519,2,1,True,,,0.9290264297554184,
jejunum,radial_tissue_term,lymphoid,CD4 Naive,inferential,2,EPI | LP,38,20,2,0.1906089728263425,0.003460905077263978,EPI,0.0,EPI,0.0,2,1,True,,,0.011181385634237467,
jejunum,radial_tissue_term,lymphoid,CD4 Tfh,inferential,2,EPI | LP,38,20,2,0.0,0.8837821855856499,LP,0.09794321640827926,EPI,0.013338882393812168,2,1,True,,,0.9279712948649325,
jejunum,radial_tissue_term,lymphoid,CD4 Tfr,inferential,2,EPI | LP,38,20,2,0.0731325531623817,0.05739476141840325,EPI,0.0,EPI,0.0,2,1,True,,,0.08928073998418283,
jejunum,radial_tissue_term,lymphoid,CD4 Th17,inferential,2,EPI | LP,38,20,2,0.013357062507740406,0.09563173329079099,LP,8.628123447974978,EPI,6.416132611142711,2,1,True,,,0.12956557413591036,
jejunum,radial_tissue_term,lymphoid,CD4 Tr1,inferential,2,EPI | LP,38,20,2,0.0,0.48289969778019226,LP,0.023064646372111003,EPI,0.0,2,1,True,,,0.5481564136964344,
jejunum,radial_tissue_term,lymphoid,CD4 pTreg,inferential,2,EPI | LP,38,20,2,0.026021839661608683,0.1438060663199985,LP,0.14905418011704663,EPI,0.013371677534937985,2,1,True,,,0.18874546204499806,
jejunum,radial_tissue_term,lymphoid,CD4 tTreg,inferential,2,EPI | LP,38,20,2,0.0,0.29258414027383073,LP,0.10862262038073908,EPI,0.0,2,1,True,,,0.3511009683285969,
jejunum,radial_tissue_term,lymphoid,CD8 Circulating Effector Memory,inferential,2,EPI | LP,38,20,2,0.0021178373639101794,0.3495159750677831,LP,1.2833992634261673,EPI,0.46262795416455443,2,1,True,,,0.4077686375790803,
jejunum,radial_tissue_term,lymphoid,CD8 Effector Memory,inferential,2,EPI | LP,38,20,2,0.04048847869797057,0.03282849814162209,LP,1.0869565217391304,EPI,0.9800445092648665,2,1,True,,,0.05744987174783865,
jejunum,radial_tissue_term,lymphoid,CD8 IEL,inferential,2,EPI | LP,38,20,2,0.11414095962077542,0.019344679488019368,EPI,5.149050590890984,LP,2.391197795448625,2,1,True,,,0.038689358976038736,
jejunum,radial_tissue_term,lymphoid,CD8 Memory Exhausted,inferential,2,EPI | LP,38,20,2,0.0,0.24223820394064843,LP,0.00858663918942126,EPI,0.0,2,1,True,,,0.2992354283972716,
jejunum,radial_tissue_term,lymphoid,CD8 Naive,inferential,2,EPI | LP,38,20,2,0.2930464436183101,0.00016236708451911825,EPI,0.0,EPI,0.0,2,1,True,,,0.0009443506626356119,
jejunum,radial_tissue_term,lymphoid,CD8 TRM,inferential,2,EPI | LP,38,20,2,0.07693490710553007,0.002863745566120696,EPI,55.59344019434381,LP,30.831217117999408,2,1,True,,,0.010023109481422435,
jejunum,radial_tissue_term,lymphoid,GC B Dark Zone (GC B DZ),inferential,2,EPI | LP,38,20,2,0.18838579607562705,0.0054804062933619824,EPI,0.0,EPI,0.0,2,1,True,,,0.014386066520075205,
jejunum,radial_tissue_term,lymphoid,GC B Light Zone (GC B LZ),inferential,2,EPI | LP,38,20,2,0.19419692550471399,0.009269839539678111,EPI,0.0,EPI,0.0,2,1,True,,,0.019466663033324037,
jejunum,radial_tissue_term,lymphoid,Gamma Delta T Cells,inferential,2,EPI | LP,38,20,2,0.1985650973125329,0.007804573862012112,EPI,0.017004089110944472,LP,0.007355104442483083,2,1,True,,,0.01821067234469493,
jejunum,radial_tissue_term,lymphoid,ILC3,inferential,2,EPI | LP,38,20,2,0.0934956458496253,0.05014055913958689,LP,0.3711170895149122,EPI,0.08976177144838682,2,1,True,,,0.08099628784087114,
jejunum,radial_tissue_term,lymphoid,MAIT Cells,inferential,2,EPI | LP,38,20,2,0.0,0.6823241072334477,LP,0.04481275698864019,EPI,0.018207942724598886,2,1,True,,,0.7541476974685475,
jejunum,radial_tissue_term,lymphoid,Memory B,inferential,2,EPI | LP,38,20,2,0.6904586723867511,2.6694135624427724e-07,LP,0.8265006527752068,EPI,0.0,2,1,True,,,1.1211536962259645e-05,
jejunum,radial_tissue_term,lymphoid,NK Cells,inferential,2,EPI | LP,38,20,2,0.1001600862360637,0.04681189158076367,EPI,1.230479365194391,LP,1.194140269891407,2,1,True,,,0.07864397785568296,
jejunum,radial_tissue_term,lymphoid,NKT Cells,inferential,2,EPI | LP,38,20,2,0.14337800618531843,0.00850904440486133,EPI,6.217162527481516,LP,1.240496021153782,2,1,True,,,0.018809466579167152,
jejunum,radial_tissue_term,lymphoid,Naive B,inferential,2,EPI | LP,38,20,2,0.23233964472398475,0.005006959790552174,LP,0.20877598117771337,EPI,0.0,2,1,True,,,0.014019487413546087,
jejunum,radial_tissue_term,lymphoid,Plasma Cells,inferential,2,EPI | LP,38,20,2,0.36899484107742914,0.00011382618821591874,LP,0.4999991347150588,EPI,0.0,2,1,True,,,0.0009443506626356119,
jejunum,radial_tissue_term,lymphoid,Plasma IGA,inferential,2,EPI | LP,38,20,2,0.4008006237368076,0.00045109534761430257,LP,2.6644574980689724,EPI,0.0,2,1,True,,,0.001894600459980071,
jejunum,radial_tissue_term,lymphoid,Plasma IGG,inferential,2,EPI | LP,38,20,2,0.0,1.0,LP,0.00945179584120983,EPI,0.0,2,1,True,,,1.0,
jejunum,radial_tissue_term,myeloid,Classical Monocytes,inferential,2,EPI | LP,31,16,2,0.344966396915974,0.0008978353466750949,LP,1.7934360857333185,EPI,0.0,2,1,True,,,0.003428098596395817,
jejunum,radial_tissue_term,myeloid,Cycling Macrophages,inferential,2,EPI | LP,31,16,2,0.0,0.1789149183091161,LP,0.05405405405405406,EPI,0.0,2,1,True,,,0.22770989602978414,
jejunum,radial_tissue_term,myeloid,Eosinophils,inferential,2,EPI | LP,31,16,2,0.41703899030118924,0.00020236085627905968,EPI,0.0,EPI,0.0,2,1,True,,,0.0009443506626356119,
jejunum,radial_tissue_term,myeloid,Follicle Associated Resident Macrophages,inferential,2,EPI | LP,31,16,2,0.4629544968399298,0.00012574411796596123,EPI,0.0,EPI,0.0,2,1,True,,,0.0009443506626356119,
jejunum,radial_tissue_term,myeloid,Homeostatic Macrophages,inferential,2,EPI | LP,31,16,2,0.092766188822567,0.06316540231977853,LP,1.7334292467372314,EPI,0.0,2,1,True,,,0.0947481034796678,
jejunum,radial_tissue_term,myeloid,M0 Macrophages,inferential,2,EPI | LP,31,16,2,0.2594977405073974,0.006376995190594148,LP,16.004350357962526,EPI,10.256410256410255,2,1,True,,,0.01575492929440907,
jejunum,radial_tissue_term,myeloid,Mast Cells,inferential,2,EPI | LP,31,16,2,0.09601497960905256,0.024237089692635643,EPI,85.71428571428571,LP,61.34578196760938,2,1,True,,,0.04627080759503168,
jejunum,radial_tissue_term,myeloid,Monocyte Derived Dendritic Cells (MO DC),inferential,2,EPI | LP,31,16,2,0.0019044489721370868,0.843309303268839,LP,0.2470958609918001,EPI,0.0,2,1,True,,,0.9081792496741343,
jejunum,radial_tissue_term,myeloid,Neutrophils,inferential,2,EPI | LP,31,16,2,0.41703899030118924,0.00020236085627905968,EPI,0.0,EPI,0.0,2,1,True,,,0.0009443506626356119,
jejunum,radial_tissue_term,myeloid,Nonclassical Monocytes,inferential,2,EPI | LP,31,16,2,0.0,0.06898881874898402,EPI,0.0,EPI,0.0,2,1,True,,,0.09991484094680445,
jejunum,radial_tissue_term,myeloid,Perivascular Resident Macrophages,inferential,2,EPI | LP,31,16,2,0.0,0.08195949479105441,EPI,0.0,EPI,0.0,2,1,True,,,0.11474329270747617,
jejunum,radial_tissue_term,myeloid,Tolerogenic cDC2,inferential,2,EPI | LP,31,16,2,0.26776089927717794,0.0044225386710155315,EPI,0.0,EPI,0.0,2,1,True,,,0.013267616013046594,
jejunum,radial_tissue_term,myeloid,cDC1,inferential,2,EPI | LP,31,16,2,0.4615090468940619,0.00012574411796596123,EPI,0.0,EPI,0.0,2,1,True,,,0.0009443506626356119,
jejunum,radial_tissue_term,myeloid,cDC2,inferential,2,EPI | LP,31,16,2,0.14896596225115558,0.03278122163244189,LP,1.1085071037634182,EPI,0.0,2,1,True,,,0.05744987174783865,
jejunum,radial_tissue_term,myeloid,migDC,inferential,2,EPI | LP,31,16,2,0.42717012649911484,0.00020236085627905968,EPI,0.0,EPI,0.0,2,1,True,,,0.0009443506626356119,
jejunum,radial_tissue_term,myeloid,pDC,inferential,2,EPI | LP,31,16,2,0.41703899030118924,0.00020236085627905968,EPI,0.0,EPI,0.0,2,1,True,,,0.0009443506626356119,
jejunum,sex_ontology_term,lymphoid,CD4 Memory,inferential,2,female | male,40,22,3,0.044696171428327755,0.08065195263249661,male,9.182530795072788,female,8.687795385043092,3,1,True,,,0.8365434793533133,
jejunum,sex_ontology_term,lymphoid,CD4 Naive,inferential,2,female | male,40,22,3,0.019844237668284304,0.2847018576748963,female,0.014710208884966165,male,0.0,3,1,True,,,0.8365434793533133,
jejunum,sex_ontology_term,lymphoid,CD4 Tfh,inferential,2,female | male,40,22,3,0.012485785108211373,0.22811203455220627,female,0.03678789152827412,male,0.03434655675768504,3,1,True,,,0.8365434793533133,
jejunum,sex_ontology_term,lymphoid,CD4 Tfr,inferential,2,female | male,40,22,3,0.0024218076334600676,0.40876952467029193,female,0.0,female,0.0,3,1,True,,,0.8365434793533133,
jejunum,sex_ontology_term,lymphoid,CD4 Th17,inferential,2,female | male,40,22,3,0.0,0.6549577876314975,female,7.878787878787878,male,5.690492713393477,3,1,True,,,0.8575662620798048,
jejunum,sex_ontology_term,lymphoid,CD4 Tr1,inferential,2,female | male,40,22,3,0.0,0.5974040290608118,female,0.014710208884966165,male,0.01457938474996355,3,1,True,,,0.8365434793533133,
jejunum,sex_ontology_term,lymphoid,CD4 pTreg,inferential,2,female | male,40,22,3,0.0,0.5603610888858519,male,0.05356903709655819,female,0.03678789152827412,3,1,True,,,0.8365434793533133,
jejunum,sex_ontology_term,lymphoid,CD4 tTreg,inferential,2,female | male,40,22,3,0.053147136828429725,0.16306885730159582,female,0.027225701061802342,male,0.02313743637204998,3,1,True,,,0.8365434793533133,
jejunum,sex_ontology_term,lymphoid,CD8 Circulating Effector Memory,inferential,2,female | male,40,22,3,0.0,0.44017779903716947,female,1.116253743533896,male,0.5095541401273885,3,1,True,,,0.8365434793533133,
jejunum,sex_ontology_term,lymphoid,CD8 Effector Memory,inferential,2,female | male,40,22,3,0.004057379277401644,0.3228761501176796,male,1.0351363172474122,female,0.945179584120983,3,1,True,,,0.8365434793533133,
jejunum,sex_ontology_term,lymphoid,CD8 IEL,inferential,2,female | male,40,22,3,0.010187644485240085,0.2726848508647764,male,5.298101181781968,female,4.1314971123944915,3,1,True,,,0.8365434793533133,
jejunum,sex_ontology_term,lymphoid,CD8 Memory Exhausted,inferential,2,female | male,40,22,3,0.0,0.45638716763886167,female,0.0,female,0.0,3,1,True,,,0.8365434793533133,
jejunum,sex_ontology_term,lymphoid,CD8 Naive,inferential,2,female | male,40,22,3,0.0,0.7146385517331707,female,0.0,female,0.0,3,1,True,,,0.8575662620798048,
jejunum,sex_ontology_term,lymphoid,CD8 TRM,inferential,2,female | male,40,22,3,0.0048002456882595855,0.17139339886266503,male,53.64289877598601,female,46.601941747572816,3,1,True,,,0.8365434793533133,
jejunum,sex_ontology_term,lymphoid,GC B Dark Zone (GC B DZ),inferential,2,female | male,40,22,3,0.0,0.7761179318592515,female,0.0,female,0.0,3,1,True,,,0.8578145562654885,
jejunum,sex_ontology_term,lymphoid,GC B Light Zone (GC B LZ),inferential,2,female | male,40,22,3,0.0,0.9244785495142505,female,0.0,female,0.0,3,1,True,,,0.9244785495142505,
jejunum,sex_ontology_term,lymphoid,Gamma Delta T Cells,inferential,2,female | male,40,22,3,0.0,0.45638716763886167,male,0.01457938474996355,female,0.013900472616068946,3,1,True,,,0.8365434793533133,
jejunum,sex_ontology_term,lymphoid,ILC3,inferential,2,female | male,40,22,3,0.0,0.5069737922290067,female,0.28355387523629494,male,0.13157894736842105,3,1,True,,,0.8365434793533133,
jejunum,sex_ontology_term,lymphoid,MAIT Cells,inferential,2,female | male,40,22,3,0.0,0.4729268177113972,male,0.030515715593530668,female,0.0,3,1,True,,,0.8365434793533133,
jejunum,sex_ontology_term,lymphoid,Memory B,inferential,2,female | male,40,22,3,0.0,0.7146385517331707,female,0.005255413075467732,male,0.0,3,1,True,,,0.8575662620798048,
jejunum,sex_ontology_term,lymphoid,NK Cells,inferential,2,female | male,40,22,3,0.03364148724427476,0.15505291051825024,female,1.6769638128861428,male,0.5723630417007358,3,1,True,,,0.8365434793533133,
jejunum,sex_ontology_term,lymphoid,NKT Cells,inferential,2,female | male,40,22,3,0.005732819980176746,0.24970404749427777,male,2.6243515410436373,female,2.0338448602060124,3,1,True,,,0.8365434793533133,
jejunum,sex_ontology_term,lymphoid,Naive B,inferential,2,female | male,40,22,3,0.0,0.7146385517331707,female,0.0,female,0.0,3,1,True,,,0.8575662620798048,
jejunum,sex_ontology_term,lymphoid,Plasma Cells,inferential,2,female | male,40,22,3,0.0,0.2726848508647764,female,0.038109756097560975,male,0.0,3,1,True,,,0.8365434793533133,
jejunum,sex_ontology_term,lymphoid,Plasma IGA,inferential,2,female | male,40,22,3,0.0,0.2847018576748963,female,0.07145409074669525,male,0.0,3,1,True,,,0.8365434793533133,
jejunum,sex_ontology_term,lymphoid,Plasma IGG,inferential,2,female | male,40,22,3,0.006034234264341668,0.12595633584308358,female,0.0,female,0.0,3,1,True,,,0.8365434793533133,
jejunum,sex_ontology_term,myeloid,Classical Monocytes,inferential,2,female | male,34,19,3,0.0,0.8228350665282683,female,1.0135135135135136,male,0.9501187648456058,3,1,True,,,0.8861300716458274,
jejunum,sex_ontology_term,myeloid,Cycling Macrophages,inferential,2,female | male,34,19,3,0.18859151512877995,0.008410468952901541,female,0.0,female,0.0,3,1,True,,,0.3532396960218648,
jejunum,sex_ontology_term,myeloid,Eosinophils,inferential,2,female | male,34,19,3,0.0,0.5933999732031591,female,0.0,female,0.0,3,1,True,,,0.8365434793533133,
jejunum,sex_ontology_term,myeloid,Follicle Associated Resident Macrophages,inferential,2,female | male,34,19,3,0.0,0.7434874628382921,female,0.0,female,0.0,3,1,True,,,0.8578145562654885,
jejunum,sex_ontology_term,myeloid,Homeostatic Macrophages,inferential,2,female | male,34,19,3,0.08508043019460988,0.0705405995476606,female,2.364864864864865,male,0.5181347150259068,3,1,True,,,0.8365434793533133,
jejunum,sex_ontology_term,myeloid,M0 Macrophages,inferential,2,female | male,34,19,3,0.0,0.41823631714361664,female,11.956521739130435,male,9.844559585492227,3,1,True,,,0.8365434793533133,
jejunum,sex_ontology_term,myeloid,Mast Cells,inferential,2,female | male,34,19,3,0.0,0.7696808450948833,male,81.37254901960785,female,72.2972972972973,3,1,True,,,0.8578145562654885,
jejunum,sex_ontology_term,myeloid,Monocyte Derived Dendritic Cells (MO DC),inferential,2,female | male,34,19,3,0.007588442984920004,0.07606688466801208,male,0.25380710659898476,female,0.0,3,1,True,,,0.8365434793533133,
jejunum,sex_ontology_term,myeloid,Neutrophils,inferential,2,female | male,34,19,3,0.0,0.5933999732031591,female,0.0,female,0.0,3,1,True,,,0.8365434793533133,
jejunum,sex_ontology_term,myeloid,Nonclassical Monocytes,inferential,2,female | male,34,19,3,0.0,0.6174487585703027,female,0.0,female,0.0,3,1,True,,,0.8365434793533133,
jejunum,sex_ontology_term,myeloid,Perivascular Resident Macrophages,inferential,2,female | male,34,19,3,0.0,0.4383168035683863,female,0.0,female,0.0,3,1,True,,,0.8365434793533133,
jejunum,sex_ontology_term,myeloid,Tolerogenic cDC2,inferential,2,female | male,34,19,3,0.0,0.3262399473678314,female,0.0,female,0.0,3,1,True,,,0.8365434793533133,
jejunum,sex_ontology_term,myeloid,cDC1,inferential,2,female | male,34,19,3,0.0,0.8768152185121209,female,0.0,female,0.0,3,1,True,,,0.8982009555490019,
jejunum,sex_ontology_term,myeloid,cDC2,inferential,2,female | male,34,19,3,0.0,0.8497370834618835,male,1.0362694300518136,female,0.481637567730283,3,1,True,,,0.8922239376349776,
jejunum,sex_ontology_term,myeloid,migDC,inferential,2,female | male,34,19,3,0.0,0.6174487585703027,female,0.0,female,0.0,3,1,True,,,0.8365434793533133,
jejunum,sex_ontology_term,myeloid,pDC,inferential,2,female | male,34,19,3,0.0,0.5933999732031591,female,0.0,female,0.0,3,1,True,,,0.8365434793533133,
jejunum,age_range,epithelial,BEST4 Colonocytes,descriptive,2,40-49 | 60-69,5,4,2,0.05509665945927009,,40-49,0.04180602006688963,60-69,0.0,4,0,False,0.28867513459481287,0.6376180914006018,,0.8206983525199915
jejunum,age_range,epithelial,BEST4 Enterocytes,descriptive,2,40-49 | 60-69,5,4,2,0.0,,60-69,8.333333333333332,40-49,3.7965699618884656,4,0,False,0.0,1.0,,1.0
jejunum,age_range,epithelial,Brunners Gland Cells,descriptive,2,40-49 | 60-69,5,4,2,0.6950490818116161,,40-49,0.0,40-49,0.0,4,0,False,0.8660254037844386,0.05766888562243733,,0.2691214662380409
jejunum,age_range,epithelial,Colonocyte Progenitors,descriptive,2,40-49 | 60-69,5,4,2,0.644739293719097,,40-49,0.0,40-49,0.0,4,0,False,0.8660254037844386,0.05766888562243733,,0.2691214662380409
jejunum,age_range,epithelial,Crypt Top Colonocytes,descriptive,2,40-49 | 60-69,5,4,2,0.6950490818116161,,40-49,0.0,40-49,0.0,4,0,False,0.8660254037844386,0.05766888562243733,,0.2691214662380409
jejunum,age_range,epithelial,EEC Enterochromaffin (EC),descriptive,2,40-49 | 60-69,5,4,2,0.0,,40-49,0.18715485727619197,60-69,0.0,4,0,False,-0.28867513459481287,0.6376180914006018,,0.8206983525199915
jejunum,age_range,epithelial,EEC L,descriptive,2,40-49 | 60-69,5,4,2,0.5150616634319907,,40-49,0.5833398148868321,60-69,0.0,4,0,False,-0.8660254037844386,0.05766888562243733,,0.2691214662380409
jejunum,age_range,epithelial,EEC N,descriptive,2,40-49 | 60-69,5,4,2,0.6950490818116161,,40-49,0.0,40-49,0.0,4,0,False,0.8660254037844386,0.05766888562243733,,0.2691214662380409
jejunum,age_range,epithelial,EEC Progenitors,descriptive,2,40-49 | 60-69,5,4,2,0.0,,40-49,0.2180232558139535,60-69,0.0,4,0,False,0.0,1.0,,1.0
jejunum,age_range,epithelial,EEC S,descriptive,2,40-49 | 60-69,5,4,2,0.0,,40-49,0.08361204013377926,60-69,0.0,4,0,False,0.0,1.0,,1.0
jejunum,age_range,epithelial,Enterocyte Progenitors,descriptive,2,40-49 | 60-69,5,4,2,0.0,,40-49,4.415153223924711,60-69,2.7777777777777777,4,0,False,-0.28867513459481287,0.6376180914006018,,0.8206983525199915
jejunum,age_range,epithelial,Enteroendocrine Cells (EEC),descriptive,2,40-49 | 60-69,5,4,2,0.6950490818116161,,40-49,0.0,40-49,0.0,4,0,False,0.8660254037844386,0.05766888562243733,,0.2691214662380409
jejunum,age_range,epithelial,Epithelial,descriptive,2,40-49 | 60-69,5,4,2,0.6950490818116161,,40-49,0.0,40-49,0.0,4,0,False,0.8660254037844386,0.05766888562243733,,0.2691214662380409
jejunum,age_range,epithelial,Foveolar Cells,descriptive,2,40-49 | 60-69,5,4,2,0.6950490818116161,,40-49,0.0,40-49,0.0,4,0,False,0.8660254037844386,0.05766888562243733,,0.2691214662380409
jejunum,age_range,epithelial,Goblet Cells,descriptive,2,40-49 | 60-69,5,4,2,0.6256331070442899,,40-49,3.697402193357704,60-69,0.0,4,0,False,-0.8660254037844386,0.05766888562243733,,0.2691214662380409
jejunum,age_range,epithelial,Intestinal Stem Cells (ISC),descriptive,2,40-49 | 60-69,5,4,2,0.16607774278741455,,40-49,18.294022711363457,60-69,0.2232142857142857,4,0,False,-0.5773502691896257,0.308068009250357,,0.6534775953795452
jejunum,age_range,epithelial,Lower Crypt Colonocytes,descriptive,2,40-49 | 60-69,5,4,2,0.0,,40-49,0.1144804386715408,60-69,0.0,4,0,False,0.28867513459481287,0.6376180914006018,,0.8206983525199915
jejunum,age_range,epithelial,Lower Villus Enterocytes,descriptive,2,40-49 | 60-69,5,4,2,0.26537960349669276,,40-49,48.917175468616314,60-69,11.160714285714286,4,0,False,-0.5773502691896257,0.308068009250357,,0.6534775953795452
jejunum,age_range,epithelial,Mature Goblet Cells,descriptive,2,40-49 | 60-69,5,4,2,0.6950490818116161,,40-49,0.0,40-49,0.0,4,0,False,0.8660254037844386,0.05766888562243733,,0.2691214662380409
jejunum,age_range,epithelial,Microfold Cells (M Cells),descriptive,2,40-49 | 60-69,5,4,2,0.021963611250371495,,40-49,0.14534883720930233,60-69,0.0,4,0,False,0.28867513459481287,0.6376180914006018,,0.8206983525199915
jejunum,age_range,epithelial,Mid Crypt Colonocytes,descriptive,2,40-49 | 60-69,5,4,2,0.6950490818116161,,40-49,0.0,40-49,0.0,4,0,False,0.8660254037844386,0.05766888562243733,,0.2691214662380409
jejunum,age_range,epithelial,Mid Villus Enterocytes,descriptive,2,40-49 | 60-69,5,4,2,0.4552234991599178,,60-69,45.80152671755725,40-49,6.7555611729019205,4,0,False,0.8660254037844386,0.05766888562243733,,0.2691214662380409
jejunum,age_range,epithelial,Paneth Cells,descriptive,2,40-49 | 60-69,5,4,2,0.0,,40-49,0.18715485727619197,60-69,0.0,4,0,False,-0.28867513459481287,0.6376180914006018,,0.8206983525199915
jejunum,age_range,epithelial,Secretory Progenitors,descriptive,2,40-49 | 60-69,5,4,2,0.4065239220740948,,40-49,0.7794878276425294,60-69,0.0,4,0,False,-0.8660254037844386,0.05766888562243733,,0.2691214662380409
jejunum,age_range,epithelial,Transiently Amplifying Cells (TA),descriptive,2,40-49 | 60-69,5,4,2,0.0,,60-69,11.450381679389313,40-49,4.311610406782298,4,0,False,-0.28867513459481287,0.6376180914006018,,0.8206983525199915
jejunum,age_range,epithelial,Tuft Cells,descriptive,2,40-49 | 60-69,5,4,2,0.0,,40-49,0.872093023255814,60-69,0.0,4,0,False,0.0,1.0,,1.0
jejunum,age_range,epithelial,Tuft Progenitors,descriptive,2,40-49 | 60-69,5,4,2,0.0,,40-49,0.5505269502994478,60-69,0.0,4,0,False,-0.28867513459481287,0.6376180914006018,,0.8206983525199915
jejunum,age_range,epithelial,Villus Tip Enterocytes,descriptive,2,40-49 | 60-69,5,4,2,0.0,,40-49,6.049476938632651,60-69,0.7633587786259541,4,0,False,-0.28867513459481287,0.6376180914006018,,0.8206983525199915
jejunum,age_range,lymphoid,CD4 Memory,inferential,4,20-29 | 50-59 | 60-69 | 70-79,34,18,3,0.0,0.2637285469491216,60-69,10.436686534484856,50-59,3.6448461874908875,4,0,False,0.30608936317956975,0.07831181163804343,0.8460580982149164,0.3081862780662667
jejunum,age_range,lymphoid,CD4 Naive,inferential,4,20-29 | 50-59 | 60-69 | 70-79,34,18,3,0.028087110590604526,0.3887099825517989,50-59,0.12612991381122557,60-69,0.0,4,0,False,-0.11704831593561336,0.5097375247194196,0.8460580982149164,0.8206983525199915
jejunum,age_range,lymphoid,CD4 Tfh,inferential,4,20-29 | 50-59 | 60-69 | 70-79,34,18,3,0.0,0.5350763464665069,50-59,0.055991041433370664,70-79,0.02313743637204998,4,0,False,-0.08033041956677027,0.6515473625035497,0.8460580982149164,0.8206983525199915
jejunum,age_range,lymphoid,CD4 Tfr,inferential,4,20-29 | 50-59 | 60-69 | 70-79,34,18,3,0.0,0.9486348285161207,20-29,0.0,20-29,0.0,4,0,False,0.039443679068713544,0.8247206957623308,0.9823910571608288,0.9215491834711346
jejunum,age_range,lymphoid,CD4 Th17,inferential,4,20-29 | 50-59 | 60-69 | 70-79,34,18,3,0.1894537933822016,0.026291972006448422,20-29,8.945404586826534,50-59,2.0400984875131902,4,0,False,-0.010422110323034068,0.9533509804826388,0.46909842535730784,1.0
jejunum,age_range,lymphoid,CD4 Tr1,inferential,4,20-29 | 50-59 | 60-69 | 70-79,34,18,3,0.0,0.4836137531468824,20-29,0.02186508826656905,60-69,0.0,4,0,False,-0.24403772171781313,0.16426180993451628,0.8460580982149164,0.49045728086955276
jejunum,age_range,lymphoid,CD4 pTreg,inferential,4,20-29 | 50-59 | 60-69 | 70-79,34,18,3,0.0,0.45513727274291804,70-79,0.10130314768002288,20-29,0.011399908800729594,4,0,False,0.1540868926220883,0.38425697788385993,0.8460580982149164,0.7280370441418578
jejunum,age_range,lymphoid,CD4 tTreg,inferential,4,20-29 | 50-59 | 60-69 | 70-79,34,18,3,0.1564958239446162,0.05885245180826021,50-59,0.11198208286674133,20-29,0.0,4,0,False,0.11448287339455883,0.5191215322038942,0.6179507439867322,0.8206983525199915
jejunum,age_range,lymphoid,CD8 Circulating Effector Memory,inferential,4,20-29 | 50-59 | 60-69 | 70-79,34,18,3,0.0,0.7412251902972327,50-59,1.0289634146341464,60-69,0.27899561578318055,4,0,False,-0.06108960050886122,0.7314423477035734,0.9156311174259932,0.8678129549025447
jejunum,age_range,lymphoid,CD8 Effector Memory,inferential,4,20-29 | 50-59 | 60-69 | 70-79,34,18,3,0.0,0.46699624176799137,20-29,1.9370491512268162,60-69,0.4166666666666667,4,0,False,-0.22527792313635178,0.20019637013089842,0.8460580982149164,0.5605498363665156
jejunum,age_range,lymphoid,CD8 IEL,inferential,4,20-29 | 50-59 | 60-69 | 70-79,34,18,3,0.08135632589421127,0.2986583788421858,70-79,9.968375767876296,50-59,0.4954268292682927,4,0,False,0.1689985273919678,0.3393453392109739,0.8460580982149164,0.6786906784219477
jejunum,age_range,lymphoid,CD8 Memory Exhausted,inferential,4,20-29 | 50-59 | 60-69 | 70-79,34,18,3,0.0,0.6540123332939167,60-69,0.012163970319912419,50-59,0.0,4,0,False,0.20379234185502,0.24766585427986662,0.8860812257530484,0.6191646356996665
jejunum,age_range,lymphoid,CD8 Naive,inferential,4,20-29 | 50-59 | 60-69 | 70-79,34,18,3,0.0,0.7184718654857831,20-29,0.006682705159048383,50-59,0.0,4,0,False,-0.13564777435825878,0.44432140782903573,0.9144187378909967,0.7974999627700641
jejunum,age_range,lymphoid,CD8 TRM,inferential,4,20-29 | 50-59 | 60-69 | 70-79,34,18,3,0.0,0.8527948644012763,70-79,59.98959760666148,50-59,26.98768197088466,4,0,False,0.10582450481849975,0.5514067245972876,0.9657901595426663,0.8206983525199915
jejunum,age_range,lymphoid,GC B Dark Zone (GC B DZ),inferential,4,20-29 | 50-59 | 60-69 | 70-79,34,18,3,0.0,0.5093317227153071,20-29,0.0,20-29,0.0,4,0,False,0.18872036692632457,0.28511445308114297,0.8460580982149164,0.6438068295380648
jejunum,age_range,lymphoid,GC B Light Zone (GC B LZ),inferential,4,20-29 | 50-59 | 60-69 | 70-79,34,18,3,0.0,0.8304944308565002,20-29,0.0,20-29,0.0,4,0,False,0.06205164146175668,0.7273725475552563,0.9657901595426663,0.8678129549025447
jejunum,age_range,lymphoid,Gamma Delta T Cells,inferential,4,20-29 | 50-59 | 60-69 | 70-79,34,18,3,0.2502251143018912,0.01009517522495369,20-29,0.0955710465536034,50-59,0.0,4,0,False,-0.5605491952204169,0.0005646798501693168,0.42399735944805506,0.039527589511852174
jejunum,age_range,lymphoid,ILC3,inferential,4,20-29 | 50-59 | 60-69 | 70-79,34,18,3,0.0,0.38479093126931785,50-59,0.5979599015124868,60-69,0.11768167107972932,4,0,False,0.01747707731093405,0.9218500767309503,0.8460580982149164,1.0
jejunum,age_range,lymphoid,MAIT Cells,inferential,4,20-29 | 50-59 | 60-69 | 70-79,34,18,3,0.09440107448065801,0.10129111629554594,20-29,0.10289283991755886,60-69,0.0,4,0,False,-0.21180934979581542,0.22914802147753735,0.8460580982149164,0.5940874630899117
jejunum,age_range,lymphoid,Memory B,inferential,4,20-29 | 50-59 | 60-69 | 70-79,34,18,3,0.0,0.9823910571608288,70-79,0.16068052930056712,60-69,0.0,4,0,False,0.041207420815688546,0.8170124772983327,0.9823910571608288,0.9215491834711346
jejunum,age_range,lymphoid,NK Cells,inferential,4,20-29 | 50-59 | 60-69 | 70-79,34,18,3,0.04105207811624016,0.20679970438486847,60-69,1.6769638128861428,70-79,0.6358979669751317,4,0,False,0.09876953783059979,0.5783883397535725,0.8460580982149164,0.8206983525199915
jejunum,age_range,lymphoid,NKT Cells,inferential,4,20-29 | 50-59 | 60-69 | 70-79,34,18,3,0.0,0.5901826483083377,60-69,7.119741100323624,50-59,1.1814024390243902,4,0,False,0.1489560075399792,0.4004752079856584,0.8852739724625065,0.7377174883946339
jejunum,age_range,lymphoid,Naive B,inferential,4,20-29 | 50-59 | 60-69 | 70-79,34,18,3,0.031712817803748405,0.4292230537784938,20-29,0.04725897920604915,50-59,0.0,4,0,False,-0.2751437125280994,0.11527702702967217,0.8460580982149164,0.3842567567655739
jejunum,age_range,lymphoid,Plasma Cells,inferential,4,20-29 | 50-59 | 60-69 | 70-79,34,18,3,0.0,0.800729091193108,70-79,0.0781657113079729,50-59,0.0,4,0,False,0.10197634100691796,0.5660508407714808,0.9608749094317295,0.8206983525199915
jejunum,age_range,lymphoid,Plasma IGA,inferential,4,20-29 | 50-59 | 60-69 | 70-79,34,18,3,0.0,0.886304233194814,70-79,0.24752475247524752,50-59,0.0,4,0,False,0.11640695530034974,0.5120755727725106,0.9657901595426663,0.8206983525199915
jejunum,age_range,lymphoid,Plasma IGG,inferential,4,20-29 | 50-59 | 60-69 | 70-79,34,18,3,0.0,0.693647960780237,20-29,0.0,20-29,0.0,4,0,False,0.046017625580165804,0.7960775350524996,0.9104129485240612,0.9215491834711346
jejunum,age_range,myeloid,Classical Monocytes,inferential,3,20-29 | 60-69 | 70-79,24,13,3,0.0,0.8968051481467616,70-79,1.5544041450777202,20-29,0.9662162162162162,4,0,False,-0.07894774678150832,0.7138504884121926,0.9657901595426663,0.8678129549025447
jejunum,age_range,myeloid,Cycling Macrophages,inferential,3,20-29 | 60-69 | 70-79,24,13,3,0.030841062725210068,0.4078251841302156,20-29,0.1439821116080109,60-69,0.0,4,0,False,-0.23870083438644274,0.26131107354458544,0.8460580982149164,0.6307508671765855
jejunum,age_range,myeloid,Eosinophils,inferential,3,20-29 | 60-69 | 70-79,24,13,3,0.044353478041034886,0.22253593903498384,20-29,0.0,20-29,0.0,4,0,False,0.36037324413206145,0.08365056118941525,0.8460580982149164,0.3081862780662667
jejunum,age_range,myeloid,Follicle Associated Resident Macrophages,inferential,3,20-29 | 60-69 | 70-79,24,13,3,0.011793393701520495,0.2991181399719184,20-29,0.0,20-29,0.0,4,0,False,0.3222925662727457,0.12455421128964629,0.8460580982149164,0.39630885410342004
jejunum,age_range,myeloid,Homeostatic Macrophages,inferential,3,20-29 | 60-69 | 70-79,24,13,3,0.012290148209023423,0.5258881840643825,60-69,10.101437024513947,70-79,0.2590673575129534,4,0,False,-0.18575940419178424,0.384819580474982,0.8460580982149164,0.7280370441418578
jejunum,age_range,myeloid,M0 Macrophages,inferential,3,20-29 | 60-69 | 70-79,24,13,3,0.0,0.4037672557468447,20-29,12.516479894528675,70-79,4.922279792746114,4,0,False,-0.2572767748056212,0.22487407814859423,0.8460580982149164,0.5940874630899117
jejunum,age_range,myeloid,Mast Cells,inferential,3,20-29 | 60-69 | 70-79,24,13,3,0.05706815206585259,0.28452997614321074,70-79,84.15371329879102,60-69,54.816017316017316,4,0,False,-0.2907134675601424,0.1681567820124181,0.8460580982149164,0.49045728086955276
jejunum,age_range,myeloid,Monocyte Derived Dendritic Cells (MO DC),inferential,3,20-29 | 60-69 | 70-79,24,13,3,0.0,0.3693539058996313,70-79,0.12690355329949238,20-29,0.0,4,0,False,0.21176572077863406,0.32052496066306885,0.8460580982149164,0.6599043307769065
jejunum,age_range,myeloid,Neutrophils,inferential,3,20-29 | 60-69 | 70-79,24,13,3,0.044353478041034886,0.22253593903498384,20-29,0.0,20-29,0.0,4,0,False,0.36037324413206145,0.08365056118941525,0.8460580982149164,0.3081862780662667
jejunum,age_range,myeloid,Nonclassical Monocytes,inferential,3,20-29 | 60-69 | 70-79,24,13,3,0.18125187135199572,0.033507030382664844,20-29,0.0,20-29,0.0,4,0,False,0.5238415198208316,0.008606590623921473,0.46909842535730784,0.2691214662380409
jejunum,age_range,myeloid,Perivascular Resident Macrophages,inferential,3,20-29 | 60-69 | 70-79,24,13,3,0.0,0.6332331072897035,60-69,0.04668534080298786,70-79,0.0,4,0,False,0.0956660931587689,0.6565586820159932,0.8860812257530484,0.8206983525199915
jejunum,age_range,myeloid,Tolerogenic cDC2,inferential,3,20-29 | 60-69 | 70-79,24,13,3,0.0,0.6361951010670669,20-29,0.045413260672116255,60-69,0.0,4,0,False,0.008359173188630291,0.9690771077224867,0.8860812257530484,1.0
jejunum,age_range,myeloid,cDC1,inferential,3,20-29 | 60-69 | 70-79,24,13,3,0.0,0.5438944917095891,20-29,0.0,20-29,0.0,4,0,False,0.22848406715589464,0.28288095467632834,0.8460580982149164,0.6438068295380648
jejunum,age_range,myeloid,cDC2,inferential,3,20-29 | 60-69 | 70-79,24,13,3,0.0,0.9727125502844244,60-69,1.8758390930336635,70-79,0.5181347150259068,4,0,False,0.04643985104794606,0.8293942651240211,0.9823910571608288,0.9215491834711346
jejunum,age_range,myeloid,migDC,inferential,3,20-29 | 60-69 | 70-79,24,13,3,0.030172866959129064,0.24965715890847529,20-29,0.0,20-29,0.0,4,0,False,0.34365489775480085,0.10013436852258213,0.8460580982149164,0.3504702898290375
jejunum,age_range,myeloid,pDC,inferential,3,20-29 | 60-69 | 70-79,24,13,3,0.044353478041034886,0.22253593903498384,20-29,0.0,20-29,0.0,4,0,False,0.36037324413206145,0.08365056118941525,0.8460580982149164,0.3081862780662667
jejunum,assay,epithelial,BEST4 Colonocytes,descriptive,2,10x 3' v2 | 10x 3' v3,7,6,2,0.9106390180118776,,10x 3' v2,0.0,10x 3' v2,0.0,0,0,False,,,,
jejunum,assay,epithelial,BEST4 Enterocytes,descriptive,2,10x 3' v2 | 10x 3' v3,7,6,2,0.0,,10x 3' v2,7.983460559796438,10x 3' v3,5.722070844686648,0,0,False,,,,
jejunum,assay,epithelial,Brunners Gland Cells,descriptive,2,10x 3' v2 | 10x 3' v3,7,6,2,0.6645935336419455,,10x 3' v2,0.0,10x 3' v2,0.0,0,0,False,,,,
jejunum,assay,epithelial,Colonocyte Progenitors,descriptive,2,10x 3' v2 | 10x 3' v3,7,6,2,0.5699705311906906,,10x 3' v2,0.0,10x 3' v2,0.0,0,0,False,,,,
jejunum,assay,epithelial,Crypt Top Colonocytes,descriptive,2,10x 3' v2 | 10x 3' v3,7,6,2,0.6645935336419455,,10x 3' v2,0.0,10x 3' v2,0.0,0,0,False,,,,
jejunum,assay,epithelial,EEC Enterochromaffin (EC),descriptive,2,10x 3' v2 | 10x 3' v3,7,6,2,0.0,,10x 3' v3,0.29069767441860467,10x 3' v2,0.0,0,0,False,,,,
jejunum,assay,epithelial,EEC L,descriptive,2,10x 3' v2 | 10x 3' v3,7,6,2,0.0,,10x 3' v3,0.4087193460490463,10x 3' v2,0.0,0,0,False,,,,
jejunum,assay,epithelial,EEC N,descriptive,2,10x 3' v2 | 10x 3' v3,7,6,2,0.3121193183346803,,10x 3' v2,0.0,10x 3' v2,0.0,0,0,False,,,,
jejunum,assay,epithelial,EEC Progenitors,descriptive,2,10x 3' v2 | 10x 3' v3,7,6,2,0.012159149583308614,,10x 3' v3,0.436046511627907,10x 3' v2,0.0,0,0,False,,,,
jejunum,assay,epithelial,EEC S,descriptive,2,10x 3' v2 | 10x 3' v3,7,6,2,0.37041012702805737,,10x 3' v2,0.0,10x 3' v2,0.0,0,0,False,,,,
jejunum,assay,epithelial,Enterocyte Progenitors,descriptive,2,10x 3' v2 | 10x 3' v3,7,6,2,0.09815408091965346,,10x 3' v3,7.08092485549133,10x 3' v2,1.806949089557785,0,0,False,,,,
jejunum,assay,epithelial,Enteroendocrine Cells (EEC),descriptive,2,10x 3' v2 | 10x 3' v3,7,6,2,0.6645935336419455,,10x 3' v2,0.0,10x 3' v2,0.0,0,0,False,,,,
jejunum,assay,epithelial,Epithelial,descriptive,2,10x 3' v2 | 10x 3' v3,7,6,2,0.6645935336419455,,10x 3' v2,0.0,10x 3' v2,0.0,0,0,False,,,,
jejunum,assay,epithelial,Foveolar Cells,descriptive,2,10x 3' v2 | 10x 3' v3,7,6,2,0.6645935336419455,,10x 3' v2,0.0,10x 3' v2,0.0,0,0,False,,,,
jejunum,assay,epithelial,Goblet Cells,descriptive,2,10x 3' v2 | 10x 3' v3,7,6,2,0.8346769517516838,,10x 3' v3,6.976744186046512,10x 3' v2,0.0,0,0,False,,,,
jejunum,assay,epithelial,Intestinal Stem Cells (ISC),descriptive,2,10x 3' v2 | 10x 3' v3,7,6,2,0.8628332658085051,,10x 3' v3,8.310626702997276,10x 3' v2,0.23702520305781175,0,0,False,,,,
jejunum,assay,epithelial,Lower Crypt Colonocytes,descriptive,2,10x 3' v2 | 10x 3' v3,7,6,2,0.6699859968124231,,10x 3' v2,0.0,10x 3' v2,0.0,0,0,False,,,,
jejunum,assay,epithelial,Lower Villus Enterocytes,descriptive,2,10x 3' v2 | 10x 3' v3,7,6,2,0.0,,10x 3' v3,24.13294797687861,10x 3' v2,12.068906761177754,0,0,False,,,,
jejunum,assay,epithelial,Mature Goblet Cells,descriptive,2,10x 3' v2 | 10x 3' v3,7,6,2,0.0,,10x 3' v3,0.4335260115606936,10x 3' v2,0.0,0,0,False,,,,
jejunum,assay,epithelial,Microfold Cells (M Cells),descriptive,2,10x 3' v2 | 10x 3' v3,7,6,2,0.1237307134801945,,10x 3' v2,0.0,10x 3' v2,0.0,0,0,False,,,,
jejunum,assay,epithelial,Mid Crypt Colonocytes,descriptive,2,10x 3' v2 | 10x 3' v3,7,6,2,0.6645935336419455,,10x 3' v2,0.0,10x 3' v2,0.0,0,0,False,,,,
jejunum,assay,epithelial,Mid Villus Enterocytes,descriptive,2,10x 3' v2 | 10x 3' v3,7,6,2,0.0,,10x 3' v2,33.39183478735006,10x 3' v3,13.005780346820808,0,0,False,,,,
jejunum,assay,epithelial,Paneth Cells,descriptive,2,10x 3' v2 | 10x 3' v3,7,6,2,0.0,,10x 3' v3,0.29069767441860467,10x 3' v2,0.0,0,0,False,,,,
jejunum,assay,epithelial,Secretory Progenitors,descriptive,2,10x 3' v2 | 10x 3' v3,7,6,2,0.6037943000784541,,10x 3' v3,1.308139534883721,10x 3' v2,0.1254180602006689,0,0,False,,,,
jejunum,assay,epithelial,Transiently Amplifying Cells (TA),descriptive,2,10x 3' v2 | 10x 3' v3,7,6,2,0.0,,10x 3' v3,7.369942196531793,10x 3' v2,6.1850570604304425,0,0,False,,,,
jejunum,assay,epithelial,Tuft Cells,descriptive,2,10x 3' v2 | 10x 3' v3,7,6,2,0.6757681694071609,,10x 3' v3,1.744186046511628,10x 3' v2,0.0,0,0,False,,,,
jejunum,assay,epithelial,Tuft Progenitors,descriptive,2,10x 3' v2 | 10x 3' v3,7,6,2,0.009265662594954557,,10x 3' v2,0.04180602006688963,10x 3' v3,0.0,0,0,False,,,,
jejunum,assay,epithelial,Villus Tip Enterocytes,descriptive,2,10x 3' v2 | 10x 3' v3,7,6,2,0.0,,10x 3' v3,9.536784741144414,10x 3' v2,3.015458653527024,0,0,False,,,,
jejunum,assay,lymphoid,CD4 Memory,inferential,2,10x 3' v3 | 10x 5' v2,38,20,2,0.0029235657645932237,0.08567343955231757,10x 5' v2,14.046320582932408,10x 3' v3,6.886835830309748,0,0,False,,,0.6468018844270584,
jejunum,assay,lymphoid,CD4 Naive,inferential,2,10x 3' v3 | 10x 5' v2,38,20,2,0.010816358177448668,0.4963087445368165,10x 5' v2,0.016806900283692913,10x 3' v3,0.0,0,0,False,,,0.9586070712967225,
jejunum,assay,lymphoid,CD4 Tfh,inferential,2,10x 3' v3 | 10x 5' v2,38,20,2,0.0,0.8020922938560485,10x 5' v2,0.0543761046069421,10x 3' v3,0.03666879956530665,0,0,False,,,0.9586070712967225,
jejunum,assay,lymphoid,CD4 Tfr,inferential,2,10x 3' v3 | 10x 5' v2,38,20,2,0.04874710767411155,0.2670084831623273,10x 3' v3,0.0,10x 3' v3,0.0,0,0,False,,,0.9586070712967225,
jejunum,assay,lymphoid,CD4 Th17,inferential,2,10x 3' v3 | 10x 5' v2,38,20,2,0.0,0.9144579851509332,10x 5' v2,7.742802995578607,10x 3' v3,6.496044860105867,0,0,False,,,0.9586070712967225,
jejunum,assay,lymphoid,CD4 Tr1,inferential,2,10x 3' v3 | 10x 5' v2,38,20,2,0.0,0.519249062248659,10x 3' v3,0.018301035925383957,10x 5' v2,0.014305340750517556,0,0,False,,,0.9586070712967225,
jejunum,assay,lymphoid,CD4 pTreg,inferential,2,10x 3' v3 | 10x 5' v2,38,20,2,0.0,0.43085678249973014,10x 5' v2,0.10137005183602345,10x 3' v3,0.03848367152070588,0,0,False,,,0.9586070712967225,
jejunum,assay,lymphoid,CD4 tTreg,inferential,2,10x 3' v3 | 10x 5' v2,38,20,2,0.1200235743796555,0.02895120074359194,10x 5' v2,0.09116515328704636,10x 3' v3,0.024707250874694317,0,0,False,,,0.6468018844270584,
jejunum,assay,lymphoid,CD8 Circulating Effector Memory,inferential,2,10x 3' v3 | 10x 5' v2,38,20,2,0.0,0.9144579851509332,10x 5' v2,1.2070352060624971,10x 3' v3,0.910832212892249,0,0,False,,,0.9586070712967225,
jejunum,assay,lymphoid,CD8 Effector Memory,inferential,2,10x 3' v3 | 10x 5' v2,38,20,2,0.0,0.4739204201721333,10x 3' v3,1.1067401331459992,10x 5' v2,0.8757034979264909,0,0,False,,,0.9586070712967225,
jejunum,assay,lymphoid,CD8 IEL,inferential,2,10x 3' v3 | 10x 5' v2,38,20,2,0.024565766575878615,0.3518797721063345,10x 3' v3,4.565748556197246,10x 5' v2,1.403816652357271,0,0,False,,,0.9586070712967225,
jejunum,assay,lymphoid,CD8 Memory Exhausted,inferential,2,10x 3' v3 | 10x 5' v2,38,20,2,0.015271573556541459,0.044950043775533674,10x 5' v2,0.019982457776025156,10x 3' v3,0.0,0,0,False,,,0.6468018844270584,
jejunum,assay,lymphoid,CD8 Naive,inferential,2,10x 3' v3 | 10x 5' v2,38,20,2,0.0,0.9144579851509332,10x 3' v3,0.0,10x 3' v3,0.0,0,0,False,,,0.9586070712967225,
jejunum,assay,lymphoid,CD8 TRM,inferential,2,10x 3' v3 | 10x 5' v2,38,20,2,0.013223446945768288,0.43085678249973014,10x 3' v3,54.876243349525794,10x 5' v2,36.79481185922874,0,0,False,,,0.9586070712967225,
jejunum,assay,lymphoid,GC B Dark Zone (GC B DZ),inferential,2,10x 3' v3 | 10x 5' v2,38,20,2,0.0,0.4963087445368165,10x 3' v3,0.0,10x 3' v3,0.0,0,0,False,,,0.9586070712967225,
jejunum,assay,lymphoid,GC B Light Zone (GC B LZ),inferential,2,10x 3' v3 | 10x 5' v2,38,20,2,0.0,0.5912081034113366,10x 3' v3,0.0,10x 3' v3,0.0,0,0,False,,,0.9586070712967225,
jejunum,assay,lymphoid,Gamma Delta T Cells,inferential,2,10x 3' v3 | 10x 5' v2,38,20,2,0.03580946596618639,0.09240026920386549,10x 3' v3,0.026770745267743278,10x 5' v2,0.0,0,0,False,,,0.6468018844270584,
jejunum,assay,lymphoid,ILC3,inferential,2,10x 3' v3 | 10x 5' v2,38,20,2,0.0,0.6161737890172074,10x 5' v2,0.35055467878346425,10x 3' v3,0.1337902508359494,0,0,False,,,0.9586070712967225,
jejunum,assay,lymphoid,MAIT Cells,inferential,2,10x 3' v3 | 10x 5' v2,38,20,2,0.0,1.0,10x 3' v3,0.029837242546728884,10x 5' v2,0.017587055926837847,0,0,False,,,1.0,
jejunum,assay,lymphoid,Memory B,inferential,2,10x 3' v3 | 10x 5' v2,38,20,2,0.0,0.5912081034113366,10x 3' v3,0.0512050833593855,10x 5' v2,0.03677552221241542,0,0,False,,,0.9586070712967225,
jejunum,assay,lymphoid,NK Cells,inferential,2,10x 3' v3 | 10x 5' v2,38,20,2,0.0,0.7472620257953794,10x 3' v3,1.230479365194391,10x 5' v2,1.1989812835487763,0,0,False,,,0.9586070712967225,
jejunum,assay,lymphoid,NKT Cells,inferential,2,10x 3' v3 | 10x 5' v2,38,20,2,0.014358059491524225,0.31607280595066933,10x 3' v3,3.014483029947818,10x 5' v2,0.9200308993711892,0,0,False,,,0.9586070712967225,
jejunum,assay,lymphoid,Naive B,inferential,2,10x 3' v3 | 10x 5' v2,38,20,2,0.0,0.4963087445368165,10x 3' v3,0.0,10x 3' v3,0.0,0,0,False,,,0.9586070712967225,
jejunum,assay,lymphoid,Plasma Cells,inferential,2,10x 3' v3 | 10x 5' v2,38,20,2,0.0,0.667436491709883,10x 5' v2,0.10297146219476316,10x 3' v3,0.02480314794690976,0,0,False,,,0.9586070712967225,
jejunum,assay,lymphoid,Plasma IGA,inferential,2,10x 3' v3 | 10x 5' v2,38,20,2,0.0,0.43085678249973014,10x 5' v2,1.0055898793762872,10x 3' v3,0.0,0,0,False,,,0.9586070712967225,
jejunum,assay,lymphoid,Plasma IGG,inferential,2,10x 3' v3 | 10x 5' v2,38,20,2,0.0,0.6936820551941592,10x 3' v3,0.0,10x 3' v3,0.0,0,0,False,,,0.9586070712967225,
jejunum,assay,myeloid,Classical Monocytes,inferential,2,10x 3' v3 | 10x 5' v2,31,16,2,0.0,0.5367656280499791,10x 5' v2,1.6857314870559903,10x 3' v3,0.9345188418822623,0,0,False,,,0.9586070712967225,
jejunum,assay,myeloid,Cycling Macrophages,inferential,2,10x 3' v3 | 10x 5' v2,31,16,2,0.0,0.9357830934087052,10x 3' v3,0.0,10x 3' v3,0.0,0,0,False,,,0.9586070712967225,
jejunum,assay,myeloid,Eosinophils,inferential,2,10x 3' v3 | 10x 5' v2,31,16,2,0.0,0.8508773512781511,10x 3' v3,0.0,10x 3' v3,0.0,0,0,False,,,0.9586070712967225,
jejunum,assay,myeloid,Follicle Associated Resident Macrophages,inferential,2,10x 3' v3 | 10x 5' v2,31,16,2,0.0,0.8931771536905377,10x 3' v3,0.0,10x 3' v3,0.0,0,0,False,,,0.9586070712967225,
jejunum,assay,myeloid,Homeostatic Macrophages,inferential,2,10x 3' v3 | 10x 5' v2,31,16,2,0.0,0.8931771536905377,10x 3' v3,1.5788175916472422,10x 5' v2,1.520912547528517,0,0,False,,,0.9586070712967225,
jejunum,assay,myeloid,M0 Macrophages,inferential,2,10x 3' v3 | 10x 5' v2,31,16,2,0.0,0.8508773512781511,10x 3' v3,11.383666274970622,10x 5' v2,10.256410256410255,0,0,False,,,0.9586070712967225,
jejunum,assay,myeloid,Mast Cells,inferential,2,10x 3' v3 | 10x 5' v2,31,16,2,0.0,0.7676675818927494,10x 5' v2,84.22636965683323,10x 3' v3,80.74032856385799,0,0,False,,,0.9586070712967225,
jejunum,assay,myeloid,Monocyte Derived Dendritic Cells (MO DC),inferential,2,10x 3' v3 | 10x 5' v2,31,16,2,0.02685075186256415,0.08086205322841976,10x 3' v3,0.17560010911074742,10x 5' v2,0.0,0,0,False,,,0.6468018844270584,
jejunum,assay,myeloid,Neutrophils,inferential,2,10x 3' v3 | 10x 5' v2,31,16,2,0.0,0.8508773512781511,10x 3' v3,0.0,10x 3' v3,0.0,0,0,False,,,0.9586070712967225,
jejunum,assay,myeloid,Nonclassical Monocytes,inferential,2,10x 3' v3 | 10x 5' v2,31,16,2,0.0,0.09064750617968684,10x 3' v3,0.0,10x 3' v3,0.0,0,0,False,,,0.6468018844270584,
jejunum,assay,myeloid,Perivascular Resident Macrophages,inferential,2,10x 3' v3 | 10x 5' v2,31,16,2,0.0,0.6870547288387572,10x 3' v3,0.0,10x 3' v3,0.0,0,0,False,,,0.9586070712967225,
jejunum,assay,myeloid,Tolerogenic cDC2,inferential,2,10x 3' v3 | 10x 5' v2,31,16,2,0.0,0.8931771536905377,10x 3' v3,0.0,10x 3' v3,0.0,0,0,False,,,0.9586070712967225,
jejunum,assay,myeloid,cDC1,inferential,2,10x 3' v3 | 10x 5' v2,31,16,2,0.0,0.43606605191548986,10x 3' v3,0.0,10x 3' v3,0.0,0,0,False,,,0.9586070712967225,
jejunum,assay,myeloid,cDC2,inferential,2,10x 3' v3 | 10x 5' v2,31,16,2,0.0,0.3472198511924638,10x 5' v2,1.394169835234474,10x 3' v3,0.6651847161579446,0,0,False,,,0.9586070712967225,
jejunum,assay,myeloid,migDC,inferential,2,10x 3' v3 | 10x 5' v2,31,16,2,0.0,0.8931771536905377,10x 3' v3,0.0,10x 3' v3,0.0,0,0,False,,,0.9586070712967225,
jejunum,assay,myeloid,pDC,inferential,2,10x 3' v3 | 10x 5' v2,31,16,2,0.0,0.8508773512781511,10x 3' v3,0.0,10x 3' v3,0.0,0,0,False,,,0.9586070712967225,
jejunum,sequenced_fragment,lymphoid,CD4 Memory,inferential,2,3 prime tag | 5 prime tag,40,22,3,0.015092965129117612,0.06786818721248422,5 prime tag,14.046320582932408,3 prime tag,7.046956141703944,0,0,False,,,0.6877097210715855,
jejunum,sequenced_fragment,lymphoid,CD4 Naive,inferential,2,3 prime tag | 5 prime tag,40,22,3,0.006658480688323848,0.6120220935292642,5 prime tag,0.016806900283692913,3 prime tag,0.0,0,0,False,,,1.0,
jejunum,sequenced_fragment,lymphoid,CD4 Tfh,inferential,2,3 prime tag | 5 prime tag,40,22,3,0.0,0.9730265793334448,5 prime tag,0.0543761046069421,3 prime tag,0.03544813218001211,0,0,False,,,1.0,
jejunum,sequenced_fragment,lymphoid,CD4 Tfr,inferential,2,3 prime tag | 5 prime tag,40,22,3,0.002095767570183188,0.43675175355665863,3 prime tag,0.0,3 prime tag,0.0,0,0,False,,,1.0,
jejunum,sequenced_fragment,lymphoid,CD4 Th17,inferential,2,3 prime tag | 5 prime tag,40,22,3,0.0,0.865747043227488,5 prime tag,7.742802995578607,3 prime tag,5.885877204063752,0,0,False,,,1.0,
jejunum,sequenced_fragment,lymphoid,CD4 Tr1,inferential,2,3 prime tag | 5 prime tag,40,22,3,0.0,0.4170770595205606,3 prime tag,0.015876331564403035,5 prime tag,0.014305340750517556,0,0,False,,,1.0,
jejunum,sequenced_fragment,lymphoid,CD4 pTreg,inferential,2,3 prime tag | 5 prime tag,40,22,3,0.0,0.45695061966956074,5 prime tag,0.10137005183602345,3 prime tag,0.037448823812917545,0,0,False,,,1.0,
jejunum,sequenced_fragment,lymphoid,CD4 tTreg,inferential,2,3 prime tag | 5 prime tag,40,22,3,0.10541435540449705,0.04248307982571567,5 prime tag,0.09116515328704636,3 prime tag,0.018858410561006764,0,0,False,,,0.6877097210715855,
jejunum,sequenced_fragment,lymphoid,CD8 Circulating Effector Memory,inferential,2,3 prime tag | 5 prime tag,40,22,3,0.0,0.709938472323349,5 prime tag,1.2070352060624971,3 prime tag,0.7768380919322241,0,0,False,,,1.0,
jejunum,sequenced_fragment,lymphoid,CD8 Effector Memory,inferential,2,3 prime tag | 5 prime tag,40,22,3,0.0,0.588506355271708,3 prime tag,1.1067401331459992,5 prime tag,0.8757034979264909,0,0,False,,,1.0,
jejunum,sequenced_fragment,lymphoid,CD8 IEL,inferential,2,3 prime tag | 5 prime tag,40,22,3,0.022691514489810716,0.36127383289624004,3 prime tag,5.149050590890984,5 prime tag,1.403816652357271,0,0,False,,,1.0,
jejunum,sequenced_fragment,lymphoid,CD8 Memory Exhausted,inferential,2,3 prime tag | 5 prime tag,40,22,3,0.0014102269362499106,0.09090738325062643,5 prime tag,0.019982457776025156,3 prime tag,0.0,0,0,False,,,0.6877097210715855,
jejunum,sequenced_fragment,lymphoid,CD8 Naive,inferential,2,3 prime tag | 5 prime tag,40,22,3,0.0,0.7608890597809439,3 prime tag,0.0,3 prime tag,0.0,0,0,False,,,1.0,
jejunum,sequenced_fragment,lymphoid,CD8 TRM,inferential,2,3 prime tag | 5 prime tag,40,22,3,0.0,0.5427717015170045,3 prime tag,54.12193516176123,5 prime tag,36.79481185922874,0,0,False,,,1.0,
jejunum,sequenced_fragment,lymphoid,GC B Dark Zone (GC B DZ),inferential,2,3 prime tag | 5 prime tag,40,22,3,0.0,0.709938472323349,3 prime tag,0.0,3 prime tag,0.0,0,0,False,,,1.0,
jejunum,sequenced_fragment,lymphoid,GC B Light Zone (GC B LZ),inferential,2,3 prime tag | 5 prime tag,40,22,3,0.0,0.8128986285539189,3 prime tag,0.0,3 prime tag,0.0,0,0,False,,,1.0,
jejunum,sequenced_fragment,lymphoid,Gamma Delta T Cells,inferential,2,3 prime tag | 5 prime tag,40,22,3,0.046971121999745756,0.06292888498507705,3 prime tag,0.024726612922867094,5 prime tag,0.0,0,0,False,,,0.6877097210715855,
jejunum,sequenced_fragment,lymphoid,ILC3,inferential,2,3 prime tag | 5 prime tag,40,22,3,0.0,0.6602529576861771,5 prime tag,0.35055467878346425,3 prime tag,0.1337902508359494,0,0,False,,,1.0,
jejunum,sequenced_fragment,lymphoid,MAIT Cells,inferential,2,3 prime tag | 5 prime tag,40,22,3,0.0,0.865747043227488,3 prime tag,0.029837242546728884,5 prime tag,0.017587055926837847,0,0,False,,,1.0,
jejunum,sequenced_fragment,lymphoid,Memory B,inferential,2,3 prime tag | 5 prime tag,40,22,3,0.0,0.5654168321552897,5 prime tag,0.03677552221241542,3 prime tag,0.002627706537733866,0,0,False,,,1.0,
jejunum,sequenced_fragment,lymphoid,NK Cells,inferential,2,3 prime tag | 5 prime tag,40,22,3,0.0,0.9192029042409221,3 prime tag,1.230479365194391,5 prime tag,1.1989812835487763,0,0,False,,,1.0,
jejunum,sequenced_fragment,lymphoid,NKT Cells,inferential,2,3 prime tag | 5 prime tag,40,22,3,0.006873221375629415,0.34376459713412766,3 prime tag,3.014483029947818,5 prime tag,0.9200308993711892,0,0,False,,,1.0,
jejunum,sequenced_fragment,lymphoid,Naive B,inferential,2,3 prime tag | 5 prime tag,40,22,3,0.0,0.39793483059570667,3 prime tag,0.0,3 prime tag,0.0,0,0,False,,,1.0,
jejunum,sequenced_fragment,lymphoid,Plasma Cells,inferential,2,3 prime tag | 5 prime tag,40,22,3,0.0,0.709938472323349,5 prime tag,0.10297146219476316,3 prime tag,0.02480314794690976,0,0,False,,,1.0,
jejunum,sequenced_fragment,lymphoid,Plasma IGA,inferential,2,3 prime tag | 5 prime tag,40,22,3,0.0009260851928380286,0.4170770595205606,5 prime tag,1.0055898793762872,3 prime tag,0.0,0,0,False,,,1.0,
jejunum,sequenced_fragment,lymphoid,Plasma IGG,inferential,2,3 prime tag | 5 prime tag,40,22,3,0.0,0.865747043227488,3 prime tag,0.0,3 prime tag,0.0,0,0,False,,,1.0,
jejunum,sequenced_fragment,myeloid,Classical Monocytes,inferential,2,3 prime tag | 5 prime tag,34,19,3,0.0,0.4959838950452875,5 prime tag,1.6857314870559903,3 prime tag,0.9501187648456058,0,0,False,,,1.0,
jejunum,sequenced_fragment,myeloid,Cycling Macrophages,inferential,2,3 prime tag | 5 prime tag,34,19,3,0.0,0.8457682074562973,3 prime tag,0.0,3 prime tag,0.0,0,0,False,,,1.0,
jejunum,sequenced_fragment,myeloid,Eosinophils,inferential,2,3 prime tag | 5 prime tag,34,19,3,0.0,0.9612140269258913,3 prime tag,0.0,3 prime tag,0.0,0,0,False,,,1.0,
jejunum,sequenced_fragment,myeloid,Follicle Associated Resident Macrophages,inferential,2,3 prime tag | 5 prime tag,34,19,3,0.0,1.0,3 prime tag,0.0,3 prime tag,0.0,0,0,False,,,1.0,
jejunum,sequenced_fragment,myeloid,Homeostatic Macrophages,inferential,2,3 prime tag | 5 prime tag,34,19,3,0.0,0.9612140269258913,3 prime tag,1.9607843137254901,5 prime tag,1.520912547528517,0,0,False,,,1.0,
jejunum,sequenced_fragment,myeloid,M0 Macrophages,inferential,2,3 prime tag | 5 prime tag,34,19,3,0.0,0.6616244162007665,3 prime tag,10.81081081081081,5 prime tag,10.256410256410255,0,0,False,,,1.0,
jejunum,sequenced_fragment,myeloid,Mast Cells,inferential,2,3 prime tag | 5 prime tag,34,19,3,0.0,1.0,5 prime tag,84.22636965683323,3 prime tag,78.04878048780488,0,0,False,,,1.0,
jejunum,sequenced_fragment,myeloid,Monocyte Derived Dendritic Cells (MO DC),inferential,2,3 prime tag | 5 prime tag,34,19,3,0.021312305992628938,0.09824424586736852,3 prime tag,0.0,3 prime tag,0.0,0,0,False,,,0.6877097210715855,
jejunum,sequenced_fragment,myeloid,Neutrophils,inferential,2,3 prime tag | 5 prime tag,34,19,3,0.0,0.9612140269258913,3 prime tag,0.0,3 prime tag,0.0,0,0,False,,,1.0,
jejunum,sequenced_fragment,myeloid,Nonclassical Monocytes,inferential,2,3 prime tag | 5 prime tag,34,19,3,0.0,0.09824424586736935,3 prime tag,0.0,3 prime tag,0.0,0,0,False,,,0.6877097210715855,
jejunum,sequenced_fragment,myeloid,Perivascular Resident Macrophages,inferential,2,3 prime tag | 5 prime tag,34,19,3,0.0,0.8457682074562973,3 prime tag,0.0,3 prime tag,0.0,0,0,False,,,1.0,
jejunum,sequenced_fragment,myeloid,Tolerogenic cDC2,inferential,2,3 prime tag | 5 prime tag,34,19,3,0.0,0.9225196521353256,3 prime tag,0.0,3 prime tag,0.0,0,0,False,,,1.0,
jejunum,sequenced_fragment,myeloid,cDC1,inferential,2,3 prime tag | 5 prime tag,34,19,3,0.0,0.6616244162007665,3 prime tag,0.0,3 prime tag,0.0,0,0,False,,,1.0,
jejunum,sequenced_fragment,myeloid,cDC2,inferential,2,3 prime tag | 5 prime tag,34,19,3,0.0,0.35550026251771283,5 prime tag,1.394169835234474,3 prime tag,0.8553100498930863,0,0,False,,,1.0,
jejunum,sequenced_fragment,myeloid,migDC,inferential,2,3 prime tag | 5 prime tag,34,19,3,0.0,1.0,3 prime tag,0.0,3 prime tag,0.0,0,0,False,,,1.0,
jejunum,sequenced_fragment,myeloid,pDC,inferential,2,3 prime tag | 5 prime tag,34,19,3,0.0,0.9612140269258913,3 prime tag,0.0,3 prime tag,0.0,0,0,False,,,1.0,
jejunum,gene_annotation_version,epithelial,BEST4 Colonocytes,descriptive,2,v104 | v98,7,6,2,0.9106390180118776,,v104,0.0,v104,0.0,0,0,False,,,,
jejunum,gene_annotation_version,epithelial,BEST4 Enterocytes,descriptive,2,v104 | v98,7,6,2,0.0,,v98,7.983460559796438,v104,5.722070844686648,0,0,False,,,,
jejunum,gene_annotation_version,epithelial,Brunners Gland Cells,descriptive,2,v104 | v98,7,6,2,0.6645935336419455,,v104,0.0,v104,0.0,0,0,False,,,,
jejunum,gene_annotation_version,epithelial,Colonocyte Progenitors,descriptive,2,v104 | v98,7,6,2,0.5699705311906906,,v104,0.0,v104,0.0,0,0,False,,,,
jejunum,gene_annotation_version,epithelial,Crypt Top Colonocytes,descriptive,2,v104 | v98,7,6,2,0.6645935336419455,,v104,0.0,v104,0.0,0,0,False,,,,
jejunum,gene_annotation_version,epithelial,EEC Enterochromaffin (EC),descriptive,2,v104 | v98,7,6,2,0.0,,v104,0.29069767441860467,v98,0.0,0,0,False,,,,
jejunum,gene_annotation_version,epithelial,EEC L,descriptive,2,v104 | v98,7,6,2,0.0,,v104,0.4087193460490463,v98,0.0,0,0,False,,,,
jejunum,gene_annotation_version,epithelial,EEC N,descriptive,2,v104 | v98,7,6,2,0.3121193183346803,,v104,0.0,v104,0.0,0,0,False,,,,
jejunum,gene_annotation_version,epithelial,EEC Progenitors,descriptive,2,v104 | v98,7,6,2,0.012159149583308614,,v104,0.436046511627907,v98,0.0,0,0,False,,,,
jejunum,gene_annotation_version,epithelial,EEC S,descriptive,2,v104 | v98,7,6,2,0.37041012702805737,,v104,0.0,v104,0.0,0,0,False,,,,
jejunum,gene_annotation_version,epithelial,Enterocyte Progenitors,descriptive,2,v104 | v98,7,6,2,0.09815408091965346,,v104,7.08092485549133,v98,1.806949089557785,0,0,False,,,,
jejunum,gene_annotation_version,epithelial,Enteroendocrine Cells (EEC),descriptive,2,v104 | v98,7,6,2,0.6645935336419455,,v104,0.0,v104,0.0,0,0,False,,,,
jejunum,gene_annotation_version,epithelial,Epithelial,descriptive,2,v104 | v98,7,6,2,0.6645935336419455,,v104,0.0,v104,0.0,0,0,False,,,,
jejunum,gene_annotation_version,epithelial,Foveolar Cells,descriptive,2,v104 | v98,7,6,2,0.6645935336419455,,v104,0.0,v104,0.0,0,0,False,,,,
jejunum,gene_annotation_version,epithelial,Goblet Cells,descriptive,2,v104 | v98,7,6,2,0.8346769517516838,,v104,6.976744186046512,v98,0.0,0,0,False,,,,
jejunum,gene_annotation_version,epithelial,Intestinal Stem Cells (ISC),descriptive,2,v104 | v98,7,6,2,0.8628332658085051,,v104,8.310626702997276,v98,0.23702520305781175,0,0,False,,,,
jejunum,gene_annotation_version,epithelial,Lower Crypt Colonocytes,descriptive,2,v104 | v98,7,6,2,0.6699859968124231,,v104,0.0,v104,0.0,0,0,False,,,,
jejunum,gene_annotation_version,epithelial,Lower Villus Enterocytes,descriptive,2,v104 | v98,7,6,2,0.0,,v104,24.13294797687861,v98,12.068906761177754,0,0,False,,,,
jejunum,gene_annotation_version,epithelial,Mature Goblet Cells,descriptive,2,v104 | v98,7,6,2,0.0,,v104,0.4335260115606936,v98,0.0,0,0,False,,,,
jejunum,gene_annotation_version,epithelial,Microfold Cells (M Cells),descriptive,2,v104 | v98,7,6,2,0.1237307134801945,,v104,0.0,v104,0.0,0,0,False,,,,
jejunum,gene_annotation_version,epithelial,Mid Crypt Colonocytes,descriptive,2,v104 | v98,7,6,2,0.6645935336419455,,v104,0.0,v104,0.0,0,0,False,,,,
jejunum,gene_annotation_version,epithelial,Mid Villus Enterocytes,descriptive,2,v104 | v98,7,6,2,0.0,,v98,33.39183478735006,v104,13.005780346820808,0,0,False,,,,
jejunum,gene_annotation_version,epithelial,Paneth Cells,descriptive,2,v104 | v98,7,6,2,0.0,,v104,0.29069767441860467,v98,0.0,0,0,False,,,,
jejunum,gene_annotation_version,epithelial,Secretory Progenitors,descriptive,2,v104 | v98,7,6,2,0.6037943000784541,,v104,1.308139534883721,v98,0.1254180602006689,0,0,False,,,,
jejunum,gene_annotation_version,epithelial,Transiently Amplifying Cells (TA),descriptive,2,v104 | v98,7,6,2,0.0,,v104,7.369942196531793,v98,6.1850570604304425,0,0,False,,,,
jejunum,gene_annotation_version,epithelial,Tuft Cells,descriptive,2,v104 | v98,7,6,2,0.6757681694071609,,v104,1.744186046511628,v98,0.0,0,0,False,,,,
jejunum,gene_annotation_version,epithelial,Tuft Progenitors,descriptive,2,v104 | v98,7,6,2,0.009265662594954557,,v98,0.04180602006688963,v104,0.0,0,0,False,,,,
jejunum,gene_annotation_version,epithelial,Villus Tip Enterocytes,descriptive,2,v104 | v98,7,6,2,0.0,,v104,9.536784741144414,v98,3.015458653527024,0,0,False,,,,
ileum,sampled_site_condition,epithelial,BEST4 Colonocytes,inferential,2,adjacent | healthy,225,152,11,0.07363341311674969,8.408869097979735e-08,adjacent,0.0,adjacent,0.0,2,2,True,,,6.080259193923808e-07,
ileum,sampled_site_condition,epithelial,BEST4 Enterocytes,inferential,2,adjacent | healthy,225,152,11,0.018090962831310998,0.030852665339285244,healthy,0.8998663084689579,adjacent,0.7633587786259541,2,2,True,,,0.05577212580563101,
ileum,sampled_site_condition,epithelial,Brunners Gland Cells,inferential,2,adjacent | healthy,225,152,11,0.17117017803448664,1.2471839486641865e-10,adjacent,0.0,adjacent,0.0,2,2,True,,,3.907843039147785e-09,
ileum,sampled_site_condition,epithelial,Colonocyte Progenitors,inferential,2,adjacent | healthy,225,152,11,0.06918615001679185,5.624407922886245e-09,adjacent,0.0,adjacent,0.0,2,2,True,,,5.874381608347856e-08,
ileum,sampled_site_condition,epithelial,Crypt Top Colonocytes,inferential,2,adjacent | healthy,225,152,11,0.01563001900930465,1.7428449236595406e-06,adjacent,0.0,adjacent,0.0,2,2,True,,,7.968631961575695e-06,
ileum,sampled_site_condition,epithelial,EEC Enterochromaffin (EC),inferential,2,adjacent | healthy,225,152,11,0.041307739017989606,0.005012263794418594,adjacent,0.2881844380403458,healthy,0.2061141917084294,2,2,True,,,0.010024527588837187,
ileum,sampled_site_condition,epithelial,EEC L,inferential,2,adjacent | healthy,225,152,11,0.04099393175418212,0.0016353404897179555,healthy,0.04528473294927013,adjacent,0.0,2,2,True,,,0.0037121943576553756,
ileum,sampled_site_condition,epithelial,EEC N,inferential,2,adjacent | healthy,225,152,11,0.0,0.6269852088169086,healthy,0.19782278794635944,adjacent,0.0,2,2,True,,,0.7100796340818001,
ileum,sampled_site_condition,epithelial,EEC Progenitors,inferential,2,adjacent | healthy,225,152,11,0.05695728508523893,0.0016586400321438911,adjacent,0.12315270935960591,healthy,0.10155035139100285,2,2,True,,,0.0037121943576553756,
ileum,sampled_site_condition,epithelial,EEC S,inferential,2,adjacent | healthy,225,152,11,0.0969636089192527,4.558337095238256e-08,adjacent,0.0,adjacent,0.0,2,2,True,,,3.570697391269968e-07,
ileum,sampled_site_condition,epithelial,Enterocyte Progenitors,inferential,2,adjacent | healthy,225,152,11,0.014828298837536814,0.007543974417864751,healthy,8.169662466272298,adjacent,6.166868198307134,2,2,True,,,0.014472114189373194,
ileum,sampled_site_condition,epithelial,Enteroendocrine Cells (EEC),inferential,2,adjacent | healthy,225,152,11,0.0,0.9620641483292286,adjacent,0.0,adjacent,0.0,2,2,True,,,0.9724089241177148,
ileum,sampled_site_condition,epithelial,Epithelial,inferential,2,adjacent | healthy,225,152,11,0.08770292985767884,4.1399838735639314e-07,adjacent,0.0,adjacent,0.0,2,2,True,,,2.16199157841672e-06,
ileum,sampled_site_condition,epithelial,Foveolar Cells,inferential,2,adjacent | healthy,225,152,11,0.18209293099760937,3.1310149931610325e-11,adjacent,0.0,adjacent,0.0,2,2,True,,,1.4715770467856852e-09,
ileum,sampled_site_condition,epithelial,Goblet Cells,inferential,2,adjacent | healthy,225,152,11,0.09932142308734797,3.131769231076846e-08,healthy,8.473105841526895,adjacent,4.216867469879518,2,2,True,,,2.676239161102032e-07,
ileum,sampled_site_condition,epithelial,Intestinal Stem Cells (ISC),inferential,2,adjacent | healthy,225,152,11,0.10569108422065794,2.763204737021558e-07,healthy,4.392412209305512,adjacent,2.083333333333333,2,2,True,,,1.5278896781178024e-06,
ileum,sampled_site_condition,epithelial,Lower Crypt Colonocytes,inferential,2,adjacent | healthy,225,152,11,0.0,0.0029024333282359964,adjacent,0.0,adjacent,0.0,2,2,True,,,0.00606286073009297,
ileum,sampled_site_condition,epithelial,Lower Villus Enterocytes,inferential,2,adjacent | healthy,225,152,11,0.12795174509943685,4.2301455484116214e-10,healthy,8.50245905001249,adjacent,3.597122302158273,2,2,True,,,7.952673631013849e-09,
ileum,sampled_site_condition,epithelial,Mature Goblet Cells,inferential,2,adjacent | healthy,225,152,11,0.07527603176307004,2.5962595906312383e-05,healthy,6.056581159886944,adjacent,1.2110726643598615,2,2,True,,,8.716014339976301e-05,
ileum,sampled_site_condition,epithelial,Microfold Cells (M Cells),inferential,2,adjacent | healthy,225,152,11,0.021348760488919996,0.011638099703394656,adjacent,0.0,adjacent,0.0,2,2,True,,,0.021879627442381953,
ileum,sampled_site_condition,epithelial,Mid Crypt Colonocytes,inferential,2,adjacent | healthy,225,152,11,0.016629242340201314,6.936098773542815e-07,adjacent,0.0,adjacent,0.0,2,2,True,,,3.4315436037527615e-06,
ileum,sampled_site_condition,epithelial,Mid Villus Enterocytes,inferential,2,adjacent | healthy,225,152,11,0.07114467052547117,9.776681959243027e-05,healthy,14.382896015549075,adjacent,9.785202863961814,2,2,True,,,0.0002871900325527639,
ileum,sampled_site_condition,epithelial,Paneth Cells,inferential,2,adjacent | healthy,225,152,11,0.12619371655147907,8.931811327020867e-10,adjacent,0.1620745542949757,healthy,0.03499901577708717,2,2,True,,,1.3993171078999358e-08,
ileum,sampled_site_condition,epithelial,Secretory Progenitors,inferential,2,adjacent | healthy,225,152,11,0.04912205064344516,0.00019899391584094845,adjacent,3.501945525291829,healthy,1.514784003426401,2,2,True,,,0.0005195952246958098,
ileum,sampled_site_condition,epithelial,Transiently Amplifying Cells (TA),inferential,2,adjacent | healthy,225,152,11,0.03511347564742738,0.007091729861520756,adjacent,11.428571428571429,healthy,8.120188803773573,2,2,True,,,0.013887970978811483,
ileum,sampled_site_condition,epithelial,Tuft Cells,inferential,2,adjacent | healthy,225,152,11,0.13641924708223582,3.7286608174418e-09,healthy,0.9178674786493068,adjacent,0.17513134851138354,2,2,True,,,4.381176460494115e-08,
ileum,sampled_site_condition,epithelial,Tuft Progenitors,inferential,2,adjacent | healthy,225,152,11,0.05174736371779929,0.0002643810726330841,adjacent,0.0,adjacent,0.0,2,2,True,,,0.0006716708331759435,
ileum,sampled_site_condition,epithelial,Villus Tip Enterocytes,inferential,2,adjacent | healthy,225,152,11,0.008657337929069775,0.25193620967662067,adjacent,20.263157894736842,healthy,10.13121050440837,2,2,True,,,0.3335493480225682,
ileum,sampled_site_condition,lymphoid,CD4 Memory,inferential,2,adjacent | healthy,234,164,13,0.009553521386223406,0.07443098933273681,adjacent,4.788732394366197,healthy,4.076322636600174,2,2,True,,,0.11105576186154381,
ileum,sampled_site_condition,lymphoid,CD4 Naive,inferential,2,adjacent | healthy,234,164,13,0.07149919666429008,1.5739180746978524e-05,healthy,1.2750455373406193,adjacent,0.0,2,2,True,,,5.690319193138389e-05,
ileum,sampled_site_condition,lymphoid,CD4 Tfh,inferential,2,adjacent | healthy,234,164,13,0.04726532962400801,6.114890762366755e-05,healthy,3.296703296703297,adjacent,0.6970509383378015,2,2,True,,,0.00018541926827821776,
ileum,sampled_site_condition,lymphoid,CD4 Tfr,inferential,2,adjacent | healthy,234,164,13,0.0,0.8654871820023352,healthy,0.2894356005788712,adjacent,0.0,2,2,True,,,0.9039532789802167,
ileum,sampled_site_condition,lymphoid,CD4 Th17,inferential,2,adjacent | healthy,234,164,13,0.09056048869363706,2.0756048984385588e-06,adjacent,10.758377425044092,healthy,5.660377358490567,2,2,True,,,8.868493656964752e-06,
ileum,sampled_site_condition,lymphoid,CD4 Tr1,inferential,2,adjacent | healthy,234,164,13,0.04836488987172123,0.0007068692533994056,healthy,0.09871668311944717,adjacent,0.072992700729927,2,2,True,,,0.0017485713110406349,
ileum,sampled_site_condition,lymphoid,CD4 pTreg,inferential,2,adjacent | healthy,234,164,13,0.18183146542974787,3.622249843514363e-10,adjacent,0.8445945945945946,healthy,0.37453183520599254,2,2,True,,,7.952673631013849e-09,
ileum,sampled_site_condition,lymphoid,CD4 tTreg,inferential,2,adjacent | healthy,234,164,13,0.0053697957784135065,0.34826718495822906,healthy,1.0101010101010102,adjacent,0.6896551724137931,2,2,True,,,0.43075151823780966,
ileum,sampled_site_condition,lymphoid,CD8 Circulating Effector Memory,inferential,2,adjacent | healthy,234,164,13,0.0,0.49742827572973836,healthy,1.8066847335140017,adjacent,1.3371150729335495,2,2,True,,,0.5918766825138658,
ileum,sampled_site_condition,lymphoid,CD8 Effector Memory,inferential,2,adjacent | healthy,234,164,13,0.0410317689410377,0.00016059543973942264,adjacent,0.4149377593360996,healthy,0.3144654088050315,2,2,True,,,0.0004313134667287351,
ileum,sampled_site_condition,lymphoid,CD8 IEL,inferential,2,adjacent | healthy,234,164,13,0.0,0.2016931481504766,healthy,1.977401129943503,adjacent,0.8246114811290833,2,2,True,,,0.274770375741229,
ileum,sampled_site_condition,lymphoid,CD8 Memory Exhausted,inferential,2,adjacent | healthy,234,164,13,0.028310624978225615,0.004232013782192809,adjacent,0.0,adjacent,0.0,2,2,True,,,0.008648028163611394,
ileum,sampled_site_condition,lymphoid,CD8 Naive,inferential,2,adjacent | healthy,234,164,13,0.0,0.5924539899878168,healthy,0.10649627263045794,adjacent,0.0,2,2,True,,,0.6791545738884729,
ileum,sampled_site_condition,lymphoid,CD8 TRM,inferential,2,adjacent | healthy,234,164,13,0.012678526797723343,0.0704320591337058,adjacent,13.904163393558521,healthy,11.30820399113082,2,2,True,,,0.10678408965432816,
ileum,sampled_site_condition,lymphoid,GC B Dark Zone (GC B DZ),inferential,2,adjacent | healthy,234,164,13,0.06656429809221501,2.5839142778028e-06,healthy,1.2750455373406193,adjacent,0.0,2,2,True,,,1.0560345309281009e-05,
ileum,sampled_site_condition,lymphoid,GC B Light Zone (GC B LZ),inferential,2,adjacent | healthy,234,164,13,0.07355654930995856,1.7802262892881872e-06,healthy,1.0273972602739725,adjacent,0.0,2,2,True,,,7.968631961575695e-06,
ileum,sampled_site_condition,lymphoid,Gamma Delta T Cells,inferential,2,adjacent | healthy,234,164,13,0.04595186646845217,5.273123000621245e-05,adjacent,0.0,adjacent,0.0,2,2,True,,,0.00016522452068613231,
ileum,sampled_site_condition,lymphoid,ILC3,inferential,2,adjacent | healthy,234,164,13,0.08520446546241907,1.3672504084443922e-05,adjacent,0.42771599657827203,healthy,0.37267080745341613,2,2,True,,,5.140861535750915e-05,
ileum,sampled_site_condition,lymphoid,MAIT Cells,inferential,2,adjacent | healthy,234,164,13,0.084807952715386,2.326917248986209e-05,adjacent,0.06933210076265311,healthy,0.0,2,2,True,,,8.101119311285318e-05,
ileum,sampled_site_condition,lymphoid,Memory B,inferential,2,adjacent | healthy,234,164,13,0.11021018833156784,1.4642076537119735e-07,healthy,12.315698178664354,adjacent,2.4618991793669402,2,2,True,,,9.175701296595033e-07,
ileum,sampled_site_condition,lymphoid,NK Cells,inferential,2,adjacent | healthy,234,164,13,0.12631631497542634,2.6803500201569363e-09,adjacent,1.3513513513513513,healthy,0.588865096359743,2,2,True,,,3.599327169925029e-08,
ileum,sampled_site_condition,lymphoid,NKT Cells,inferential,2,adjacent | healthy,234,164,13,0.0,0.9328872895800101,adjacent,1.6483516483516485,healthy,1.483924154987634,2,2,True,,,0.9636418156101203,
ileum,sampled_site_condition,lymphoid,Naive B,inferential,2,adjacent | healthy,234,164,13,0.249637700291811,7.622192475170172e-15,healthy,5.8886509635974305,adjacent,0.08403361344537816,2,2,True,,,7.164860926659961e-13,
ileum,sampled_site_condition,lymphoid,Plasma Cells,inferential,2,adjacent | healthy,234,164,13,0.08848069345107261,2.0465948375114804e-07,adjacent,1.2476007677543186,healthy,0.24732069249793898,2,2,True,,,1.2023744670379947e-06,
ileum,sampled_site_condition,lymphoid,Plasma IGA,inferential,2,adjacent | healthy,234,164,13,0.12492848799829784,7.65735811865923e-09,healthy,1.694915254237288,adjacent,0.0,2,2,True,,,7.197916631539676e-08,
ileum,sampled_site_condition,lymphoid,Plasma IGG,inferential,2,adjacent | healthy,234,164,13,0.009192529393446626,0.16365061640208267,healthy,0.10649627263045794,adjacent,0.0,2,2,True,,,0.22622291090876132,
ileum,sampled_site_condition,myeloid,Classical Monocytes,inferential,2,adjacent | healthy,203,133,10,0.0,0.6570951229917918,healthy,2.909437156157427,adjacent,1.8867924528301887,2,2,True,,,0.7266699007203344,
ileum,sampled_site_condition,myeloid,Cycling Macrophages,inferential,2,adjacent | healthy,203,133,10,0.05895319549224379,0.001519624705851318,healthy,2.000800320128051,adjacent,1.702127659574468,2,2,True,,,0.0036609583581072814,
ileum,sampled_site_condition,myeloid,Eosinophils,inferential,2,adjacent | healthy,203,133,10,0.0,0.5081611225170953,adjacent,0.0,adjacent,0.0,2,2,True,,,0.597089318957587,
ileum,sampled_site_condition,myeloid,Follicle Associated Resident Macrophages,inferential,2,adjacent | healthy,203,133,10,0.028727451925688603,0.0020618958110131995,healthy,1.6639333059997266,adjacent,0.0,2,2,True,,,0.004507400145005599,
ileum,sampled_site_condition,myeloid,Homeostatic Macrophages,inferential,2,adjacent | healthy,203,133,10,0.01265650389805192,0.0476702268700901,healthy,16.666666666666664,adjacent,10.0,2,2,True,,,0.0829815060331198,
ileum,sampled_site_condition,myeloid,M0 Macrophages,inferential,2,adjacent | healthy,203,133,10,0.03879935577973593,0.0015578546204711836,adjacent,33.65384615384615,healthy,25.0,2,2,True,,,0.0036609583581072814,
ileum,sampled_site_condition,myeloid,Mast Cells,inferential,2,adjacent | healthy,203,133,10,0.009636618913022218,0.034690938323687394,healthy,3.4310850439882694,adjacent,0.44943820224719105,2,2,True,,,0.06152732457408708,
ileum,sampled_site_condition,myeloid,Monocyte Derived Dendritic Cells (MO DC),inferential,2,adjacent | healthy,203,133,10,0.01455164416228741,0.15551172526348142,adjacent,0.0,adjacent,0.0,2,2,True,,,0.21818062947413813,
ileum,sampled_site_condition,myeloid,Neutrophils,inferential,2,adjacent | healthy,203,133,10,0.01742908666124487,0.08085516341132025,adjacent,0.0,adjacent,0.0,2,2,True,,,0.11875602126037661,
ileum,sampled_site_condition,myeloid,Nonclassical Monocytes,inferential,2,adjacent | healthy,203,133,10,0.0,0.9513392060973199,adjacent,0.0,adjacent,0.0,2,2,True,,,0.9720204931863922,
ileum,sampled_site_condition,myeloid,Perivascular Resident Macrophages,inferential,2,adjacent | healthy,203,133,10,0.04099379055494181,0.1009018799946672,adjacent,0.0,adjacent,0.0,2,2,True,,,0.14591964183844178,
ileum,sampled_site_condition,myeloid,Tolerogenic cDC2,inferential,2,adjacent | healthy,203,133,10,0.0,0.7439224033442473,adjacent,0.0,adjacent,0.0,2,2,True,,,0.794644385390446,
ileum,sampled_site_condition,myeloid,cDC1,inferential,2,adjacent | healthy,203,133,10,0.03606931784245155,0.02960282274179548,healthy,1.9049346879535558,adjacent,1.7605633802816902,2,2,True,,,0.054562065445662264,
ileum,sampled_site_condition,myeloid,cDC2,inferential,2,adjacent | healthy,203,133,10,0.09245347027600415,1.3572349957878382e-05,adjacent,20.0,healthy,10.574534161490682,2,2,True,,,5.140861535750915e-05,
ileum,sampled_site_condition,myeloid,migDC,inferential,2,adjacent | healthy,203,133,10,0.013129846541571842,0.0645008454070242,adjacent,0.0,adjacent,0.0,2,2,True,,,0.10453585290103921,
ileum,sampled_site_condition,myeloid,pDC,inferential,2,adjacent | healthy,203,133,10,0.0,0.9980906070529096,adjacent,0.0,adjacent,0.0,2,2,True,,,0.9980906070529096,
ileum,sampled_site_condition,stroma,Adipocytes,inferential,2,adjacent | healthy,117,82,9,0.07751298434619046,0.00270118470612356,adjacent,0.0,adjacent,0.0,2,2,True,,,0.005770712781263969,
ileum,sampled_site_condition,stroma,Angiogenic Pericytes,inferential,2,adjacent | healthy,117,82,9,0.003926568379791336,0.22002738649776737,healthy,1.3921113689095126,adjacent,0.9375,2,2,True,,,0.2954653475827162,
ileum,sampled_site_condition,stroma,Arteriolar Endothelial,inferential,2,adjacent | healthy,117,82,9,0.0,0.6665289203636522,healthy,0.5988023952095809,adjacent,0.5440928332494598,2,2,True,,,0.7285316106300385,
ileum,sampled_site_condition,stroma,Capillary Endothelial,inferential,2,adjacent | healthy,117,82,9,0.23425057249068124,1.0367363376602608e-07,adjacent,1.9041085251249124,healthy,0.0,2,2,True,,,6.96094398143318e-07,
ileum,sampled_site_condition,stroma,Contractile Pericytes,inferential,2,adjacent | healthy,117,82,9,0.032078620715605896,0.10791166496520938,healthy,0.8225616921269095,adjacent,0.2852336722006875,2,2,True,,,0.15369237131408608,
ileum,sampled_site_condition,stroma,Crypt Bottom Fibroblasts (S2A),inferential,2,adjacent | healthy,117,82,9,0.021734721506138418,0.06828684882745607,adjacent,2.1884317233154444,healthy,1.4084507042253522,2,2,True,,,0.10522891458657166,
ileum,sampled_site_condition,stroma,Crypt Top Fibroblasts (S2B),inferential,2,adjacent | healthy,117,82,9,0.0,0.5544337513772959,healthy,5.154639175257731,adjacent,3.1191411086349,2,2,True,,,0.6434169460427879,
ileum,sampled_site_condition,stroma,Fibroblastic Reticular Cells (FRC),inferential,2,adjacent | healthy,117,82,9,0.0,0.7319569224600788,adjacent,0.0,adjacent,0.0,2,2,True,,,0.7908500081752576,
ileum,sampled_site_condition,stroma,Follicular Dendritic Cells (fDC),inferential,2,adjacent | healthy,117,82,9,0.0,0.30415183275455265,adjacent,0.0,adjacent,0.0,2,2,True,,,0.3863550307963236,
ileum,sampled_site_condition,stroma,Glia,inferential,2,adjacent | healthy,117,82,9,0.13468340921314642,0.00011518576243409252,adjacent,2.5559366323697534,healthy,0.0,2,2,True,,,0.00032810489905468775,
ileum,sampled_site_condition,stroma,Interstitial Cells of Cajal (ICC),inferential,2,adjacent | healthy,117,82,9,0.020927253449721513,0.06745448508831467,adjacent,0.0,adjacent,0.0,2,2,True,,,0.10522891458657166,
ileum,sampled_site_condition,stroma,Lamina propria Fibroblasts (S1),inferential,2,adjacent | healthy,117,82,9,0.012669711372944448,0.053845658057665335,adjacent,41.45145145145145,healthy,33.33333333333333,2,2,True,,,0.09202712468037348,
ileum,sampled_site_condition,stroma,Lymphatic Endothelial,inferential,2,adjacent | healthy,117,82,9,0.002447814840393941,0.4933141969316428,adjacent,0.09174311926605505,healthy,0.0,2,2,True,,,0.5918766825138658,
ileum,sampled_site_condition,stroma,Marginal Reticular Cells (MRC),inferential,2,adjacent | healthy,117,82,9,0.0,0.4968068363042618,adjacent,0.0,adjacent,0.0,2,2,True,,,0.5918766825138658,
ileum,sampled_site_condition,stroma,Medullary Sinus Endothelial,inferential,2,adjacent | healthy,117,82,9,0.0,0.2813499163959149,adjacent,1.8117724217084765,healthy,1.4925373134328357,2,2,True,,,0.3622861937152877,
ileum,sampled_site_condition,stroma,Mesenchymal Lymphoid Tissue Organizer Cells (mLTo Cells),inferential,2,adjacent | healthy,117,82,9,0.027420237991296892,0.05523450427596295,adjacent,0.0,adjacent,0.0,2,2,True,,,0.09271506074893782,
ileum,sampled_site_condition,stroma,Muscularis Propria Fibroblasts,inferential,2,adjacent | healthy,117,82,9,0.016615128985053754,0.06745448508831467,adjacent,0.0,adjacent,0.0,2,2,True,,,0.10522891458657166,
ileum,sampled_site_condition,stroma,Myofibroblasts,inferential,2,adjacent | healthy,117,82,9,0.0,0.7866186247990153,healthy,3.056768558951965,adjacent,1.7095655348667398,2,2,True,,,0.8308106823719937,
ileum,sampled_site_condition,stroma,Post Arteriole Capillary Endothelial (PAC),inferential,2,adjacent | healthy,117,82,9,0.12839818429543015,0.0001541214798132257,adjacent,14.279695349214066,healthy,7.142857142857142,2,2,True,,,0.0004261005618365651,
ileum,sampled_site_condition,stroma,Pre Venule Capillary Endothelial (PVC),inferential,2,adjacent | healthy,117,82,9,0.0,0.30938110957046877,adjacent,0.0,adjacent,0.0,2,2,True,,,0.38775765732832085,
ileum,sampled_site_condition,stroma,Secretory Pericytes,inferential,2,adjacent | healthy,117,82,9,0.009905323210114097,0.2813499163959149,adjacent,0.0,adjacent,0.0,2,2,True,,,0.3622861937152877,
ileum,sampled_site_condition,stroma,Smooth Muscle Cells (SMC),inferential,2,adjacent | healthy,117,82,9,0.0,0.6426017729465872,adjacent,0.0,adjacent,0.0,2,2,True,,,0.719101984011657,
ileum,sampled_site_condition,stroma,Submucosal Fibroblasts (S3),inferential,2,adjacent | healthy,117,82,9,0.1821414231569868,2.7510590692627775e-05,healthy,0.8620689655172413,adjacent,0.0,2,2,True,,,8.917225948644865e-05,
ileum,sampled_site_condition,stroma,Venular Endothelial,inferential,2,adjacent | healthy,117,82,9,0.01899979528046894,0.06185889339478469,adjacent,6.792181069958849,healthy,5.246913580246913,2,2,True,,,0.10201291191420632,
ileum,radial_tissue_term,epithelial,BEST4 Colonocytes,inferential,5,EPI | EPI_LP | EPI_LP_MUSC | LP | WM,225,152,11,0.1168823686308013,2.5953573431460227e-07,EPI,0.0,EPI,0.0,4,2,True,,,6.436588446614876e-07,
ileum,radial_tissue_term,epithelial,BEST4 Enterocytes,inferential,5,EPI | EPI_LP | EPI_LP_MUSC | LP | WM,225,152,11,0.28963630829063347,8.53189319427243e-11,EPI_LP_MUSC,6.128640776699029,LP,0.49261083743842365,4,2,True,,,4.455544223675602e-10,
ileum,radial_tissue_term,epithelial,Brunners Gland Cells,inferential,5,EPI | EPI_LP | EPI_LP_MUSC | LP | WM,225,152,11,0.25339641079654524,2.115312566527217e-10,EPI,0.0,EPI,0.0,4,2,True,,,1.0465230592292548e-09,
ileum,radial_tissue_term,epithelial,Colonocyte Progenitors,inferential,5,EPI | EPI_LP | EPI_LP_MUSC | LP | WM,225,152,11,0.07427090843824202,2.9362316133983177e-07,EPI,0.0,EPI,0.0,4,2,True,,,6.900144291486046e-07,
ileum,radial_tissue_term,epithelial,Crypt Top Colonocytes,inferential,5,EPI | EPI_LP | EPI_LP_MUSC | LP | WM,225,152,11,0.009113293049955049,4.998324277296635e-05,EPI,0.0,EPI,0.0,4,2,True,,,7.341288782279432e-05,
ileum,radial_tissue_term,epithelial,EEC Enterochromaffin (EC),inferential,5,EPI | EPI_LP | EPI_LP_MUSC | LP | WM,225,152,11,0.22905302350794,4.7575935500503444e-11,LP,0.8503401360544218,EPI_LP_MUSC,0.0,4,2,True,,,2.63066937473372e-10,
ileum,radial_tissue_term,epithelial,EEC L,inferential,5,EPI | EPI_LP | EPI_LP_MUSC | LP | WM,225,152,11,0.1569876620453419,2.8116690712566632e-08,LP,0.17331022530329288,EPI,0.0,4,2,True,,,9.113685955107804e-08,
ileum,radial_tissue_term,epithelial,EEC N,inferential,5,EPI | EPI_LP | EPI_LP_MUSC | LP | WM,225,152,11,0.04207059785356884,0.009483886375254328,WM,0.30337504740235116,EPI_LP_MUSC,0.0,4,2,True,,,0.010871772186267156,
ileum,radial_tissue_term,epithelial,EEC Progenitors,inferential,5,EPI | EPI_LP | EPI_LP_MUSC | LP | WM,225,152,11,0.11727794578785325,3.89241289909087e-05,EPI_LP,0.16,EPI,0.0,4,2,True,,,5.998144467451505e-05,
ileum,radial_tissue_term,epithelial,EEC S,inferential,5,EPI | EPI_LP | EPI_LP_MUSC | LP | WM,225,152,11,0.10635360656921374,7.887378490186942e-06,WM,0.04526935264825713,EPI,0.0,4,2,True,,,1.4257953424568701e-05,
ileum,radial_tissue_term,epithelial,Enterocyte Progenitors,inferential,5,EPI | EPI_LP | EPI_LP_MUSC | LP | WM,225,152,11,0.0832996949888573,6.61425709191094e-06,LP,11.52073732718894,WM,1.4529252227818674,4,2,True,,,1.2190983659600557e-05,
ileum,radial_tissue_term,epithelial,Enteroendocrine Cells (EEC),inferential,5,EPI | EPI_LP | EPI_LP_MUSC | LP | WM,225,152,11,0.11906278022637351,2.199122268167865e-05,WM,0.11325028312570783,EPI,0.0,4,2,True,,,3.564094710478954e-05,
ileum,radial_tissue_term,epithelial,Epithelial,inferential,5,EPI | EPI_LP | EPI_LP_MUSC | LP | WM,225,152,11,0.15393259132046175,2.6704994618934057e-07,WM,0.039824771007566706,EPI,0.0,4,2,True,,,6.436588446614876e-07,
ileum,radial_tissue_term,epithelial,Foveolar Cells,inferential,5,EPI | EPI_LP | EPI_LP_MUSC | LP | WM,225,152,11,0.261590491120129,4.105241857961984e-11,EPI,0.0,EPI,0.0,4,2,True,,,2.4118295915526655e-10,
ileum,radial_tissue_term,epithelial,Goblet Cells,inferential,5,EPI | EPI_LP | EPI_LP_MUSC | LP | WM,225,152,11,0.09404686021557825,8.960343278978948e-07,EPI_LP,10.335195530726256,EPI_LP_MUSC,1.0526315789473684,4,2,True,,,2.0054101624381457e-06,
ileum,radial_tissue_term,epithelial,Intestinal Stem Cells (ISC),inferential,5,EPI | EPI_LP | EPI_LP_MUSC | LP | WM,225,152,11,0.15965471556261382,2.1658837999608327e-08,EPI_LP_MUSC,8.974358974358974,EPI,1.0526315789473684,4,2,True,,,7.271181328439939e-08,
ileum,radial_tissue_term,epithelial,Lower Crypt Colonocytes,inferential,5,EPI | EPI_LP | EPI_LP_MUSC | LP | WM,225,152,11,0.0,0.014488918471249803,WM,0.06956521739130435,EPI,0.0,4,2,True,,,0.01640913658189737,
ileum,radial_tissue_term,epithelial,Lower Villus Enterocytes,inferential,5,EPI | EPI_LP | EPI_LP_MUSC | LP | WM,225,152,11,0.1412225499401114,4.846678441445325e-10,EPI_LP,10.734463276836157,WM,1.1520737327188941,4,2,True,,,1.9808164065037414e-09,
ileum,radial_tissue_term,epithelial,Mature Goblet Cells,inferential,5,EPI | EPI_LP | EPI_LP_MUSC | LP | WM,225,152,11,0.1948397915662175,4.36240108766257e-10,EPI,8.928571428571429,EPI_LP_MUSC,0.06067961165048543,4,2,True,,,1.9526938201918173e-09,
ileum,radial_tissue_term,epithelial,Microfold Cells (M Cells),inferential,5,EPI | EPI_LP | EPI_LP_MUSC | LP | WM,225,152,11,0.1462838251388815,5.465962714772209e-06,EPI,0.0,EPI,0.0,4,2,True,,,1.0485724391603829e-05,
ileum,radial_tissue_term,epithelial,Mid Crypt Colonocytes,inferential,5,EPI | EPI_LP | EPI_LP_MUSC | LP | WM,225,152,11,0.026921833214819734,1.5418835576531605e-05,EPI,0.0,EPI,0.0,4,2,True,,,2.5447288072612174e-05,
ileum,radial_tissue_term,epithelial,Mid Villus Enterocytes,inferential,5,EPI | EPI_LP | EPI_LP_MUSC | LP | WM,225,152,11,0.14526049588782436,1.5979493883884393e-06,EPI,13.541666666666666,LP,3.3333333333333335,4,2,True,,,3.413800966102575e-06,
ileum,radial_tissue_term,epithelial,Paneth Cells,inferential,5,EPI | EPI_LP | EPI_LP_MUSC | LP | WM,225,152,11,0.23636040406974299,3.3079250738697436e-10,LP,0.4878048780487805,EPI,0.0,4,2,True,,,1.5547247847187794e-09,
ileum,radial_tissue_term,epithelial,Secretory Progenitors,inferential,5,EPI | EPI_LP | EPI_LP_MUSC | LP | WM,225,152,11,0.057085894291941226,0.0020968753305634865,LP,4.057971014492753,WM,0.3171007927519819,4,2,True,,,0.002663598392877942,
ileum,radial_tissue_term,epithelial,Transiently Amplifying Cells (TA),inferential,5,EPI | EPI_LP | EPI_LP_MUSC | LP | WM,225,152,11,0.14249273725518827,3.948732009325692e-08,LP,17.985611510791365,WM,1.041458041257761,4,2,True,,,1.1599400277394222e-07,
ileum,radial_tissue_term,epithelial,Tuft Cells,inferential,5,EPI | EPI_LP | EPI_LP_MUSC | LP | WM,225,152,11,0.11752144221027709,1.0108080637868109e-06,EPI_LP,1.033464566929134,EPI_LP_MUSC,0.0,4,2,True,,,2.209673441766517e-06,
ileum,radial_tissue_term,epithelial,Tuft Progenitors,inferential,5,EPI | EPI_LP | EPI_LP_MUSC | LP | WM,225,152,11,0.16104400439933278,3.2625243286588396e-07,WM,0.045300113250283124,EPI,0.0,4,2,True,,,7.479933826681241e-07,
ileum,radial_tissue_term,epithelial,Villus Tip Enterocytes,inferential,5,EPI | EPI_LP | EPI_LP_MUSC | LP | WM,225,152,11,0.24503341210241014,2.020189233142396e-11,WM,58.94251952733828,LP,1.2658227848101267,4,2,True,,,1.2659852527692348e-10,
ileum,radial_tissue_term,lymphoid,CD4 Memory,inferential,5,EPI | EPI_LP | EPI_LP_MUSC | LP | WM,234,164,13,0.07241790384864202,0.0002459425485172001,LP,9.807787087235091,EPI,1.7719810402737233,4,2,True,,,0.00033026570800881157,
ileum,radial_tissue_term,lymphoid,CD4 Naive,inferential,5,EPI | EPI_LP | EPI_LP_MUSC | LP | WM,234,164,13,0.1241827971122137,6.103472607510302e-06,EPI_LP,1.6999260901699924,EPI,0.0,4,2,True,,,1.1474528502119368e-05,
ileum,radial_tissue_term,lymphoid,CD4 Tfh,inferential,5,EPI | EPI_LP | EPI_LP_MUSC | LP | WM,234,164,13,0.11309643034133922,4.260390401153712e-08,EPI_LP,4.112149532710281,EPI,0.0,4,2,True,,,1.2135657506316636e-07,
ileum,radial_tissue_term,lymphoid,CD4 Tfr,inferential,5,EPI | EPI_LP | EPI_LP_MUSC | LP | WM,234,164,13,0.048452009803973295,0.004031127229799433,EPI_LP,0.3067484662576687,EPI,0.0,4,2,True,,,0.004858025123091624,
ileum,radial_tissue_term,lymphoid,CD4 Th17,inferential,5,EPI | EPI_LP | EPI_LP_MUSC | LP | WM,234,164,13,0.11596048251220492,1.086041979314011e-05,EPI,10.989858741405396,EPI_LP_MUSC,0.8333333333333334,4,2,True,,,1.92618766142485e-05,
ileum,radial_tissue_term,lymphoid,CD4 Tr1,inferential,5,EPI | EPI_LP | EPI_LP_MUSC | LP | WM,234,164,13,0.10081470579875307,6.478532650902434e-05,LP,0.17436791630340018,EPI,0.0,4,2,True,,,9.089284614698937e-05,
ileum,radial_tissue_term,lymphoid,CD4 pTreg,inferential,5,EPI | EPI_LP | EPI_LP_MUSC | LP | WM,234,164,13,0.1727648951280867,1.9901914396989338e-08,LP,1.2974976830398517,EPI,0.0,4,2,True,,,6.928814641914806e-08,
ileum,radial_tissue_term,lymphoid,CD4 tTreg,inferential,5,EPI | EPI_LP | EPI_LP_MUSC | LP | WM,234,164,13,0.12416412999059764,1.0735282164795095e-07,EPI_LP,1.3325257419745609,EPI,0.0,4,2,True,,,2.8031014541409413e-07,
ileum,radial_tissue_term,lymphoid,CD8 Circulating Effector Memory,inferential,5,EPI | EPI_LP | EPI_LP_MUSC | LP | WM,234,164,13,0.1641375607876247,4.580277653928696e-10,LP,3.316749585406302,EPI,0.0,4,2,True,,,1.9570277248604425e-09,
ileum,radial_tissue_term,lymphoid,CD8 Effector Memory,inferential,5,EPI | EPI_LP | EPI_LP_MUSC | LP | WM,234,164,13,0.2366253335434196,1.4853746039942195e-12,WM,2.1681997371879107,EPI_LP_MUSC,0.09861932938856016,4,2,True,,,1.2693201161405148e-11,
ileum,radial_tissue_term,lymphoid,CD8 IEL,inferential,5,EPI | EPI_LP | EPI_LP_MUSC | LP | WM,234,164,13,0.22090823582067898,3.4620596080781276e-12,EPI,3.7774614646581366,LP,0.29838022165387895,4,2,True,,,2.685197402942786e-11,
ileum,radial_tissue_term,lymphoid,CD8 Memory Exhausted,inferential,5,EPI | EPI_LP | EPI_LP_MUSC | LP | WM,234,164,13,0.16473805835223285,1.4621356709623759e-08,EPI,0.0,EPI,0.0,4,2,True,,,5.286182810402435e-08,
ileum,radial_tissue_term,lymphoid,CD8 Naive,inferential,5,EPI | EPI_LP | EPI_LP_MUSC | LP | WM,234,164,13,0.03823890987291552,0.006657773851875468,EPI_LP,0.3194888178913738,EPI,0.0,4,2,True,,,0.007726305457732025,
ileum,radial_tissue_term,lymphoid,CD8 TRM,inferential,5,EPI | EPI_LP | EPI_LP_MUSC | LP | WM,234,164,13,0.17245422963140944,6.667879385651674e-08,EPI,29.554367201426025,EPI_LP,8.547008547008547,4,2,True,,,1.7908018921464496e-07,
ileum,radial_tissue_term,lymphoid,GC B Dark Zone (GC B DZ),inferential,5,EPI | EPI_LP | EPI_LP_MUSC | LP | WM,234,164,13,0.05150212015733253,6.421432916405165e-05,EPI_LP,1.4925373134328357,EPI,0.0,4,2,True,,,9.089284614698937e-05,
ileum,radial_tissue_term,lymphoid,GC B Light Zone (GC B LZ),inferential,5,EPI | EPI_LP | EPI_LP_MUSC | LP | WM,234,164,13,0.030361681727911802,0.003203131704191423,EPI_LP,1.0447761194029852,EPI,0.0,4,2,True,,,0.0040145917359199175,
ileum,radial_tissue_term,lymphoid,Gamma Delta T Cells,inferential,5,EPI | EPI_LP | EPI_LP_MUSC | LP | WM,234,164,13,0.031003255483553687,0.0034415277233562276,WM,0.04927322000492732,EPI,0.0,4,2,True,,,0.0042566263946774395,
ileum,radial_tissue_term,lymphoid,ILC3,inferential,5,EPI | EPI_LP | EPI_LP_MUSC | LP | WM,234,164,13,0.08298845601569799,4.304439131543311e-06,LP,0.6165228113440198,EPI,0.0,4,2,True,,,8.608878263086622e-06,
ileum,radial_tissue_term,lymphoid,MAIT Cells,inferential,5,EPI | EPI_LP | EPI_LP_MUSC | LP | WM,234,164,13,0.06912247685807499,0.0015315384550869098,LP,0.39100684261974583,EPI,0.0,4,2,True,,,0.0019721180106598564,
ileum,radial_tissue_term,lymphoid,Memory B,inferential,5,EPI | EPI_LP | EPI_LP_MUSC | LP | WM,234,164,13,0.18200010569685254,1.9582349645039765e-09,EPI_LP,12.93759512937595,EPI,0.0,4,2,True,,,7.669753610973908e-09,
ileum,radial_tissue_term,lymphoid,NK Cells,inferential,5,EPI | EPI_LP | EPI_LP_MUSC | LP | WM,234,164,13,0.08450272918461295,1.3373460702105207e-05,LP,1.5640273704789833,EPI_LP_MUSC,0.2958579881656805,4,2,True,,,2.2856460109052535e-05,
ileum,radial_tissue_term,lymphoid,NKT Cells,inferential,5,EPI | EPI_LP | EPI_LP_MUSC | LP | WM,234,164,13,0.42419262103633504,5.031853595233408e-18,EPI,21.939359267734552,LP,0.29940119760479045,4,2,True,,,1.5766474598398014e-16,
ileum,radial_tissue_term,lymphoid,Naive B,inferential,5,EPI | EPI_LP | EPI_LP_MUSC | LP | WM,234,164,13,0.24645696874145276,5.506653543656296e-13,EPI_LP,6.866952789699571,EPI,0.0,4,2,True,,,5.176254331036918e-12,
ileum,radial_tissue_term,lymphoid,Plasma Cells,inferential,5,EPI | EPI_LP | EPI_LP_MUSC | LP | WM,234,164,13,0.4665673698722184,6.07814101957467e-20,LP,19.800884955752213,EPI,0.0,4,2,True,,,5.71345255840019e-18,
ileum,radial_tissue_term,lymphoid,Plasma IGA,inferential,5,EPI | EPI_LP | EPI_LP_MUSC | LP | WM,234,164,13,0.2716253336873082,3.158880012480645e-14,EPI_LP_MUSC,3.7037037037037033,EPI,0.0,4,2,True,,,3.7116840146647577e-13,
ileum,radial_tissue_term,lymphoid,Plasma IGG,inferential,5,EPI | EPI_LP | EPI_LP_MUSC | LP | WM,234,164,13,0.25016871323942164,3.713570876410236e-12,EPI_LP_MUSC,0.2638522427440633,EPI,0.0,4,2,True,,,2.685197402942786e-11,
ileum,radial_tissue_term,myeloid,Classical Monocytes,inferential,5,EPI | EPI_LP | EPI_LP_MUSC | LP | WM,203,133,10,0.02661692559583291,0.05773123893392085,EPI_LP_MUSC,9.123237887026022,EPI,0.0,4,2,True,,,0.06237628114699494,
ileum,radial_tissue_term,myeloid,Cycling Macrophages,inferential,5,EPI | EPI_LP | EPI_LP_MUSC | LP | WM,203,133,10,0.12272779556722861,3.1234991640313774e-05,EPI_LP,2.353266888150609,EPI,0.0,4,2,True,,,4.893482023649158e-05,
ileum,radial_tissue_term,myeloid,Eosinophils,inferential,5,EPI | EPI_LP | EPI_LP_MUSC | LP | WM,203,133,10,0.416449451175425,7.759703020220462e-18,EPI,0.0,EPI,0.0,4,2,True,,,1.8235302097518087e-16,
ileum,radial_tissue_term,myeloid,Follicle Associated Resident Macrophages,inferential,5,EPI | EPI_LP | EPI_LP_MUSC | LP | WM,203,133,10,0.06204411319066077,0.00010855121355432032,EPI_LP,2.020408163265306,EPI,0.0,4,2,True,,,0.00015005608932508983,
ileum,radial_tissue_term,myeloid,Homeostatic Macrophages,inferential,5,EPI | EPI_LP | EPI_LP_MUSC | LP | WM,203,133,10,0.18096572558084184,8.795426810360885e-09,WM,18.91891891891892,EPI,6.896551724137931,4,2,True,,,3.307080480695693e-08,
ileum,radial_tissue_term,myeloid,M0 Macrophages,inferential,5,EPI | EPI_LP | EPI_LP_MUSC | LP | WM,203,133,10,0.3586486975877591,5.082845768143272e-16,LP,34.21052631578947,EPI_LP_MUSC,6.8478111705777405,4,2,True,,,7.963125036757793e-15,
ileum,radial_tissue_term,myeloid,Mast Cells,inferential,5,EPI | EPI_LP | EPI_LP_MUSC | LP | WM,203,133,10,0.21422918704671035,3.255557174337914e-08,WM,26.82926829268293,EPI,0.0,4,2,True,,,1.0200745812925464e-07,
ileum,radial_tissue_term,myeloid,Monocyte Derived Dendritic Cells (MO DC),inferential,5,EPI | EPI_LP | EPI_LP_MUSC | LP | WM,203,133,10,0.3470769105207145,8.284833968404401e-14,WM,4.3478260869565215,EPI,0.0,4,2,True,,,8.653048811444596e-13,
ileum,radial_tissue_term,myeloid,Neutrophils,inferential,5,EPI | EPI_LP | EPI_LP_MUSC | LP | WM,203,133,10,0.38769774522693085,4.842269652417236e-19,EPI,0.0,EPI,0.0,4,2,True,,,2.2758667366361008e-17,
ileum,radial_tissue_term,myeloid,Nonclassical Monocytes,inferential,5,EPI | EPI_LP | EPI_LP_MUSC | LP | WM,203,133,10,0.32976955827276555,1.737763767403316e-14,EPI,0.0,EPI,0.0,4,2,True,,,2.3335684876558816e-13,
ileum,radial_tissue_term,myeloid,Perivascular Resident Macrophages,inferential,5,EPI | EPI_LP | EPI_LP_MUSC | LP | WM,203,133,10,0.4427458113314291,1.6202229372878248e-16,EPI_LP_MUSC,22.88504642971502,EPI,0.0,4,2,True,,,3.0460191221011104e-15,
ileum,radial_tissue_term,myeloid,Tolerogenic cDC2,inferential,5,EPI | EPI_LP | EPI_LP_MUSC | LP | WM,203,133,10,0.09060856386610971,0.0001320940767484131,LP,0.6211180124223602,EPI,0.0,4,2,True,,,0.00017995424948334538,
ileum,radial_tissue_term,myeloid,cDC1,inferential,5,EPI | EPI_LP | EPI_LP_MUSC | LP | WM,203,133,10,0.1757766718221763,3.580284024278043e-08,EPI_LP,2.9781259237363287,EPI,0.0,4,2,True,,,1.0856345105875357e-07,
ileum,radial_tissue_term,myeloid,cDC2,inferential,5,EPI | EPI_LP | EPI_LP_MUSC | LP | WM,203,133,10,0.11374995131319904,5.211804321723712e-06,EPI,28.57142857142857,EPI_LP_MUSC,10.61859732072498,4,2,True,,,1.0206450130042271e-05,
ileum,radial_tissue_term,myeloid,migDC,inferential,5,EPI | EPI_LP | EPI_LP_MUSC | LP | WM,203,133,10,0.059075092154134465,0.0007345550692844599,LP,0.628930817610063,EPI,0.0,4,2,True,,,0.0009590024515658226,
ileum,radial_tissue_term,myeloid,pDC,inferential,5,EPI | EPI_LP | EPI_LP_MUSC | LP | WM,203,133,10,0.20786632908272604,1.403363467605144e-11,EPI,0.0,EPI,0.0,4,2,True,,,9.422583282491682e-11,
ileum,radial_tissue_term,stroma,Adipocytes,inferential,4,EPI_LP | EPI_LP_MUSC | LP | WM,115,81,9,0.32257354980031205,3.1039012421071316e-06,EPI_LP_MUSC,1.2343585545550229,EPI_LP,0.0,4,2,True,,,6.342754712131965e-06,
ileum,radial_tissue_term,stroma,Angiogenic Pericytes,inferential,4,EPI_LP | EPI_LP_MUSC | LP | WM,115,81,9,0.06932788765766572,0.026289482239267397,WM,2.711864406779661,EPI_LP_MUSC,0.0,4,2,True,,,0.029073074476366298,
ileum,radial_tissue_term,stroma,Arteriolar Endothelial,inferential,4,EPI_LP | EPI_LP_MUSC | LP | WM,115,81,9,0.1737774643077821,0.0064120009646049456,EPI_LP_MUSC,1.2092316196793806,WM,0.0,4,2,True,,,0.007534101133410811,
ileum,radial_tissue_term,stroma,Capillary Endothelial,inferential,4,EPI_LP | EPI_LP_MUSC | LP | WM,115,81,9,0.16000674826822286,5.1300854732873e-05,LP,1.8461538461538463,EPI_LP,0.0,4,2,True,,,7.418892838292402e-05,
ileum,radial_tissue_term,stroma,Contractile Pericytes,inferential,4,EPI_LP | EPI_LP_MUSC | LP | WM,115,81,9,0.36251711114851565,1.5430802341903128e-05,EPI_LP_MUSC,9.359863996492992,EPI_LP,0.0,4,2,True,,,2.5447288072612174e-05,
ileum,radial_tissue_term,stroma,Crypt Bottom Fibroblasts (S2A),inferential,4,EPI_LP | EPI_LP_MUSC | LP | WM,115,81,9,0.23168053815186496,2.6493375898634414e-07,WM,3.8834951456310676,EPI_LP_MUSC,0.0,4,2,True,,,6.436588446614876e-07,
ileum,radial_tissue_term,stroma,Crypt Top Fibroblasts (S2B),inferential,4,EPI_LP | EPI_LP_MUSC | LP | WM,115,81,9,0.09263458748054555,0.005818368901781769,WM,7.017543859649122,EPI_LP_MUSC,0.0,4,2,True,,,0.006923122490727674,
ileum,radial_tissue_term,stroma,Fibroblastic Reticular Cells (FRC),inferential,4,EPI_LP | EPI_LP_MUSC | LP | WM,115,81,9,0.0014645574708623055,0.284913161565057,EPI_LP,0.0,EPI_LP,0.0,4,2,True,,,0.2911069259469061,
ileum,radial_tissue_term,stroma,Follicular Dendritic Cells (fDC),inferential,4,EPI_LP | EPI_LP_MUSC | LP | WM,115,81,9,0.0,0.7598891819562926,EPI_LP,0.0,EPI_LP,0.0,4,2,True,,,0.7598891819562926,
ileum,radial_tissue_term,stroma,Glia,inferential,4,EPI_LP | EPI_LP_MUSC | LP | WM,115,81,9,0.18148791763613684,4.1216653667327846e-05,LP,2.880658436213992,EPI_LP,0.0,4,2,True,,,6.248976523756158e-05,
ileum,radial_tissue_term,stroma,Interstitial Cells of Cajal (ICC),inferential,4,EPI_LP | EPI_LP_MUSC | LP | WM,115,81,9,0.0,0.23787136294373715,EPI_LP,0.0,EPI_LP,0.0,4,2,True,,,0.2457132760078164,
ileum,radial_tissue_term,stroma,Lamina propria Fibroblasts (S1),inferential,4,EPI_LP | EPI_LP_MUSC | LP | WM,115,81,9,0.2332245036258637,1.7700050685571225e-06,LP,46.51162790697674,EPI_LP_MUSC,3.328924162257495,4,2,True,,,3.697343920985989e-06,
ileum,radial_tissue_term,stroma,Lymphatic Endothelial,inferential,4,EPI_LP | EPI_LP_MUSC | LP | WM,115,81,9,0.24470354797408878,4.742544674206594e-05,EPI_LP_MUSC,4.368843970398143,EPI_LP,0.0,4,2,True,,,7.076177767863808e-05,
ileum,radial_tissue_term,stroma,Marginal Reticular Cells (MRC),inferential,4,EPI_LP | EPI_LP_MUSC | LP | WM,115,81,9,0.014347639378951872,0.21864538392297833,EPI_LP,0.0,EPI_LP,0.0,4,2,True,,,0.22836295654177735,
ileum,radial_tissue_term,stroma,Medullary Sinus Endothelial,inferential,4,EPI_LP | EPI_LP_MUSC | LP | WM,115,81,9,0.03760511300366871,0.053895311232229084,WM,4.067796610169491,EPI_LP,0.3807106598984772,4,2,True,,,0.058908828556157374,
ileum,radial_tissue_term,stroma,Mesenchymal Lymphoid Tissue Organizer Cells (mLTo Cells),inferential,4,EPI_LP | EPI_LP_MUSC | LP | WM,115,81,9,0.0,0.19510785549861065,EPI_LP,0.0,EPI_LP,0.0,4,2,True,,,0.2060689709760607,
ileum,radial_tissue_term,stroma,Muscularis Propria Fibroblasts,inferential,4,EPI_LP | EPI_LP_MUSC | LP | WM,115,81,9,0.19947333791301736,1.1725490415891696e-05,EPI_LP_MUSC,0.5303714653308149,EPI_LP,0.0,4,2,True,,,2.0411038872107764e-05,
ileum,radial_tissue_term,stroma,Myofibroblasts,inferential,4,EPI_LP | EPI_LP_MUSC | LP | WM,115,81,9,0.10762069713216062,0.0036314287215920642,WM,5.172413793103448,EPI_LP_MUSC,0.0,4,2,True,,,0.004433172725060442,
ileum,radial_tissue_term,stroma,Post Arteriole Capillary Endothelial (PAC),inferential,4,EPI_LP | EPI_LP_MUSC | LP | WM,115,81,9,0.25741083983267105,3.0461542324814483e-05,WM,20.833333333333336,EPI_LP_MUSC,1.071730536322296,4,2,True,,,4.853194878868749e-05,
ileum,radial_tissue_term,stroma,Pre Venule Capillary Endothelial (PVC),inferential,4,EPI_LP | EPI_LP_MUSC | LP | WM,115,81,9,0.16572260945782302,0.0002498404071385246,EPI_LP,0.0,EPI_LP,0.0,4,2,True,,,0.0003307746235355114,
ileum,radial_tissue_term,stroma,Secretory Pericytes,inferential,4,EPI_LP | EPI_LP_MUSC | LP | WM,115,81,9,0.0,0.720705718936598,EPI_LP,0.0,EPI_LP,0.0,4,2,True,,,0.7284552427961313,
ileum,radial_tissue_term,stroma,Smooth Muscle Cells (SMC),inferential,4,EPI_LP | EPI_LP_MUSC | LP | WM,115,81,9,0.07614834075731476,0.021804439459735852,EPI_LP,0.0,EPI_LP,0.0,4,2,True,,,0.02440020606208536,
ileum,radial_tissue_term,stroma,Submucosal Fibroblasts (S3),inferential,4,EPI_LP | EPI_LP_MUSC | LP | WM,115,81,9,0.6094353025342363,4.78549570989369e-08,EPI_LP_MUSC,42.312789927104035,EPI_LP,0.0,4,2,True,,,1.323048813911785e-07,
ileum,radial_tissue_term,stroma,Venular Endothelial,inferential,4,EPI_LP | EPI_LP_MUSC | LP | WM,115,81,9,0.04512258966341071,0.07463554999415656,EPI_LP_MUSC,10.575830729906276,EPI_LP,4.949238578680204,4,2,True,,,0.07972433749375814,
ileum,sample_preservation_method,lymphoid,CD4 Memory,descriptive,2,ambient temperature | frozen at -80C,234,164,13,0.0,,frozen at -80C,10.655737704918032,ambient temperature,4.365350791479383,0,0,False,,,,
ileum,sample_preservation_method,lymphoid,CD4 Naive,descriptive,2,ambient temperature | frozen at -80C,234,164,13,0.00750052353510543,,frozen at -80C,27.48633879781421,ambient temperature,0.32479233507669314,0,0,False,,,,
ileum,sample_preservation_method,lymphoid,CD4 Tfh,descriptive,2,ambient temperature | frozen at -80C,234,164,13,0.0035243214247575464,,ambient temperature,1.730124521072797,frozen at -80C,0.0,0,0,False,,,,
ileum,sample_preservation_method,lymphoid,CD4 Tfr,descriptive,2,ambient temperature | frozen at -80C,234,164,13,0.0,,ambient temperature,0.16367708199391368,frozen at -80C,0.0,0,0,False,,,,
ileum,sample_preservation_method,lymphoid,CD4 Th17,descriptive,2,ambient temperature | frozen at -80C,234,164,13,0.00023467725383090197,,frozen at -80C,10.655737704918032,ambient temperature,7.860749506903353,0,0,False,,,,
ileum,sample_preservation_method,lymphoid,CD4 Tr1,descriptive,2,ambient temperature | frozen at -80C,234,164,13,0.007106699917835873,,frozen at -80C,1.1111111111111112,ambient temperature,0.09075163221473423,0,0,False,,,,
ileum,sample_preservation_method,lymphoid,CD4 pTreg,descriptive,2,ambient temperature | frozen at -80C,234,164,13,0.0,,frozen at -80C,1.1111111111111112,ambient temperature,0.49628097138072014,0,0,False,,,,
ileum,sample_preservation_method,lymphoid,CD4 tTreg,descriptive,2,ambient temperature | frozen at -80C,234,164,13,0.0,,frozen at -80C,2.2222222222222223,ambient temperature,0.8573801578784894,0,0,False,,,,
ileum,sample_preservation_method,lymphoid,CD8 Circulating Effector Memory,descriptive,2,ambient temperature | frozen at -80C,234,164,13,0.0033499524651037778,,ambient temperature,1.7108652382624987,frozen at -80C,0.0,0,0,False,,,,
ileum,sample_preservation_method,lymphoid,CD8 Effector Memory,descriptive,2,ambient temperature | frozen at -80C,234,164,13,0.0,,ambient temperature,0.3904404930596821,frozen at -80C,0.0,0,0,False,,,,
ileum,sample_preservation_method,lymphoid,CD8 IEL,descriptive,2,ambient temperature | frozen at -80C,234,164,13,0.0,,frozen at -80C,6.557377049180328,ambient temperature,1.4381164492523069,0,0,False,,,,
ileum,sample_preservation_method,lymphoid,CD8 Memory Exhausted,descriptive,2,ambient temperature | frozen at -80C,234,164,13,0.008866708599692803,,ambient temperature,0.0,ambient temperature,0.0,0,0,False,,,,
ileum,sample_preservation_method,lymphoid,CD8 Naive,descriptive,2,ambient temperature | frozen at -80C,234,164,13,0.035847872646833805,,frozen at -80C,14.153005464480875,ambient temperature,0.0,0,0,False,,,,
ileum,sample_preservation_method,lymphoid,CD8 TRM,descriptive,2,ambient temperature | frozen at -80C,234,164,13,0.025424376050684566,,ambient temperature,11.858242408864077,frozen at -80C,0.819672131147541,0,0,False,,,,
ileum,sample_preservation_method,lymphoid,GC B Dark Zone (GC B DZ),descriptive,2,ambient temperature | frozen at -80C,234,164,13,0.0,,ambient temperature,0.0,ambient temperature,0.0,0,0,False,,,,
ileum,sample_preservation_method,lymphoid,GC B Light Zone (GC B LZ),descriptive,2,ambient temperature | frozen at -80C,234,164,13,0.0,,ambient temperature,0.09392210646508614,frozen at -80C,0.0,0,0,False,,,,
ileum,sample_preservation_method,lymphoid,Gamma Delta T Cells,descriptive,2,ambient temperature | frozen at -80C,234,164,13,0.00723903144294547,,frozen at -80C,1.639344262295082,ambient temperature,0.0,0,0,False,,,,
ileum,sample_preservation_method,lymphoid,ILC3,descriptive,2,ambient temperature | frozen at -80C,234,164,13,0.0,,frozen at -80C,0.819672131147541,ambient temperature,0.41512901882511744,0,0,False,,,,
ileum,sample_preservation_method,lymphoid,MAIT Cells,descriptive,2,ambient temperature | frozen at -80C,234,164,13,0.0,,ambient temperature,0.0,ambient temperature,0.0,0,0,False,,,,
ileum,sample_preservation_method,lymphoid,Memory B,descriptive,2,ambient temperature | frozen at -80C,234,164,13,0.0,,ambient temperature,5.642467403975196,frozen at -80C,4.1530054644808745,0,0,False,,,,
ileum,sample_preservation_method,lymphoid,NK Cells,descriptive,2,ambient temperature | frozen at -80C,234,164,13,0.01630553122656986,,frozen at -80C,17.795992714025502,ambient temperature,0.8190672963400236,0,0,False,,,,
ileum,sample_preservation_method,lymphoid,NKT Cells,descriptive,2,ambient temperature | frozen at -80C,234,164,13,0.0,,ambient temperature,1.597509314551115,frozen at -80C,0.819672131147541,0,0,False,,,,
ileum,sample_preservation_method,lymphoid,Naive B,descriptive,2,ambient temperature | frozen at -80C,234,164,13,0.0,,ambient temperature,1.511347946643541,frozen at -80C,0.0,0,0,False,,,,
ileum,sample_preservation_method,lymphoid,Plasma Cells,descriptive,2,ambient temperature | frozen at -80C,234,164,13,0.0,,ambient temperature,0.43037844508432743,frozen at -80C,0.0,0,0,False,,,,
ileum,sample_preservation_method,lymphoid,Plasma IGA,descriptive,2,ambient temperature | frozen at -80C,234,164,13,0.0,,ambient temperature,0.6026069894285542,frozen at -80C,0.0,0,0,False,,,,
ileum,sample_preservation_method,lymphoid,Plasma IGG,descriptive,2,ambient temperature | frozen at -80C,234,164,13,0.0,,ambient temperature,0.0,ambient temperature,0.0,0,0,False,,,,
ileum,sex_ontology_term,epithelial,BEST4 Colonocytes,inferential,2,female | male,217,144,10,0.0,0.5932623506414771,female,0.0,female,0.0,11,5,True,,,0.8775296528387747,
ileum,sex_ontology_term,epithelial,BEST4 Enterocytes,inferential,2,female | male,217,144,10,0.009970964648731227,0.16971248002571498,male,0.9784049685665989,female,0.7337526205450734,11,5,True,,,0.6973711100881084,
ileum,sex_ontology_term,epithelial,Brunners Gland Cells,inferential,2,female | male,217,144,10,0.006237250403543716,0.2250877079315226,female,0.0,female,0.0,11,5,True,,,0.6973711100881084,
ileum,sex_ontology_term,epithelial,Colonocyte Progenitors,inferential,2,female | male,217,144,10,0.0,0.9655037356787205,female,0.0,female,0.0,11,5,True,,,0.9965493089330332,
ileum,sex_ontology_term,epithelial,Crypt Top Colonocytes,inferential,2,female | male,217,144,10,0.0,0.37763517810626,female,0.0,female,0.0,11,5,True,,,0.7289600231177591,
ileum,sex_ontology_term,epithelial,EEC Enterochromaffin (EC),inferential,2,female | male,217,144,10,0.0,0.9965493089330332,female,0.3134796238244514,male,0.24119655832407372,11,5,True,,,0.9965493089330332,
ileum,sex_ontology_term,epithelial,EEC L,inferential,2,female | male,217,144,10,0.009288078000397593,0.04364070839683284,male,0.035171969973501194,female,0.0,11,5,True,,,0.47136586687126214,
ileum,sex_ontology_term,epithelial,EEC N,inferential,2,female | male,217,144,10,0.0,0.9896481849422357,female,0.13869625520110956,male,0.08147601466271207,11,5,True,,,0.9965493089330332,
ileum,sex_ontology_term,epithelial,EEC Progenitors,inferential,2,female | male,217,144,10,0.0,0.5578673070336644,female,0.11441647597254005,male,0.10810541350175751,11,5,True,,,0.8596643747731878,
ileum,sex_ontology_term,epithelial,EEC S,inferential,2,female | male,217,144,10,0.00010808230988198703,0.5947592084199338,female,0.0,female,0.0,11,5,True,,,0.8775296528387747,
ileum,sex_ontology_term,epithelial,Enterocyte Progenitors,inferential,2,female | male,217,144,10,0.0,0.6544287763042763,male,6.902723838207709,female,6.896551724137931,11,5,True,,,0.9042292043978584,
ileum,sex_ontology_term,epithelial,Enteroendocrine Cells (EEC),inferential,2,female | male,217,144,10,0.0,0.7670393832062848,female,0.0,female,0.0,11,5,True,,,0.9156376921394176,
ileum,sex_ontology_term,epithelial,Epithelial,inferential,2,female | male,217,144,10,0.0,0.4930393607634225,female,0.0,female,0.0,11,5,True,,,0.8168540992297804,
ileum,sex_ontology_term,epithelial,Foveolar Cells,inferential,2,female | male,217,144,10,0.0019450225533287032,0.34027534372030926,female,0.0,female,0.0,11,5,True,,,0.7289600231177591,
ileum,sex_ontology_term,epithelial,Goblet Cells,inferential,2,female | male,217,144,10,0.018997435516886343,0.02944003686818006,female,8.571428571428571,male,4.342585167748778,11,5,True,,,0.47136586687126214,
ileum,sex_ontology_term,epithelial,Intestinal Stem Cells (ISC),inferential,2,female | male,217,144,10,0.0,0.7604428837415842,male,3.4514592019058963,female,3.0254777070063694,11,5,True,,,0.9156376921394176,
ileum,sex_ontology_term,epithelial,Lower Crypt Colonocytes,inferential,2,female | male,217,144,10,0.010161614785482036,0.38468990322168894,female,0.0,female,0.0,11,5,True,,,0.7289600231177591,
ileum,sex_ontology_term,epithelial,Lower Villus Enterocytes,inferential,2,female | male,217,144,10,0.0,0.7753088404999229,male,5.298245614035087,female,4.939919893190922,11,5,True,,,0.9156376921394176,
ileum,sex_ontology_term,epithelial,Mature Goblet Cells,inferential,2,female | male,217,144,10,0.01287375829434437,0.060819334431271126,female,6.984334203655353,male,2.459472071158632,11,5,True,,,0.47136586687126214,
ileum,sex_ontology_term,epithelial,Microfold Cells (M Cells),inferential,2,female | male,217,144,10,0.009447974824367714,0.19671865919169915,female,0.0,female,0.0,11,5,True,,,0.6973711100881084,
ileum,sex_ontology_term,epithelial,Mid Crypt Colonocytes,inferential,2,female | male,217,144,10,0.0021265726953580717,0.810309214529719,female,0.0,female,0.0,11,5,True,,,0.9156376921394176,
ileum,sex_ontology_term,epithelial,Mid Villus Enterocytes,inferential,2,female | male,217,144,10,0.0,0.7489408959934574,female,12.278260869565218,male,12.275493323880422,11,5,True,,,0.9156376921394176,
ileum,sex_ontology_term,epithelial,Paneth Cells,inferential,2,female | male,217,144,10,0.0015117719448930107,0.11744640215086322,male,0.0982322062683341,female,0.034891835310537335,11,5,True,,,0.6494095177753613,
ileum,sex_ontology_term,epithelial,Secretory Progenitors,inferential,2,female | male,217,144,10,0.0,0.5040163590992262,male,1.9646946308681925,female,1.762402088772846,11,5,True,,,0.8168540992297804,
ileum,sex_ontology_term,epithelial,Transiently Amplifying Cells (TA),inferential,2,female | male,217,144,10,0.0,0.3305120463646464,male,9.104593735200595,female,8.823529411764707,11,5,True,,,0.7289600231177591,
ileum,sex_ontology_term,epithelial,Tuft Cells,inferential,2,female | male,217,144,10,0.0,0.8052840873246624,female,0.5698005698005698,male,0.5346103654877457,11,5,True,,,0.9156376921394176,
ileum,sex_ontology_term,epithelial,Tuft Progenitors,inferential,2,female | male,217,144,10,0.0,0.8288001538250813,female,0.0,female,0.0,11,5,True,,,0.9156376921394176,
ileum,sex_ontology_term,epithelial,Villus Tip Enterocytes,inferential,2,female | male,217,144,10,0.0,0.8153421724727999,female,14.61794019933555,male,13.192980983166114,11,5,True,,,0.9156376921394176,
ileum,sex_ontology_term,lymphoid,CD4 Memory,inferential,2,female | male,223,153,12,0.012287877477681003,0.05237494373488708,female,4.583654317529239,male,3.321167883211679,11,5,True,,,0.47136586687126214,
ileum,sex_ontology_term,lymphoid,CD4 Naive,inferential,2,female | male,223,153,12,0.0047385175231988465,0.2505246019071974,female,0.7575279760710225,male,0.0,11,5,True,,,0.6973711100881084,
ileum,sex_ontology_term,lymphoid,CD4 Tfh,inferential,2,female | male,223,153,12,0.0005283471713034949,0.3144969483158108,female,1.856756120527307,male,1.3266998341625207,11,5,True,,,0.7289600231177591,
ileum,sex_ontology_term,lymphoid,CD4 Tfr,inferential,2,female | male,223,153,12,0.0,0.21713105123299378,female,0.1679262308950426,male,0.09267840593141798,11,5,True,,,0.6973711100881084,
ileum,sex_ontology_term,lymphoid,CD4 Th17,inferential,2,female | male,223,153,12,0.008928326110994967,0.07403229834420975,female,7.56551744033233,male,7.017543859649122,11,5,True,,,0.47136586687126214,
ileum,sex_ontology_term,lymphoid,CD4 Tr1,inferential,2,female | male,223,153,12,0.0,0.21025046838340727,female,0.1009206077640637,male,0.0,11,5,True,,,0.6973711100881084,
ileum,sex_ontology_term,lymphoid,CD4 pTreg,inferential,2,female | male,223,153,12,0.0,0.7960486190616183,female,0.4967917077986179,male,0.4074505238649592,11,5,True,,,0.9156376921394176,
ileum,sex_ontology_term,lymphoid,CD4 tTreg,inferential,2,female | male,223,153,12,0.0,0.3659392247987354,female,0.819507177675417,male,0.5988023952095809,11,5,True,,,0.7289600231177591,
ileum,sex_ontology_term,lymphoid,CD8 Circulating Effector Memory,inferential,2,female | male,223,153,12,0.0007587988075203949,0.25224061428718814,female,1.7993997144272518,male,1.6666666666666667,11,5,True,,,0.6973711100881084,
ileum,sex_ontology_term,lymphoid,CD8 Effector Memory,inferential,2,female | male,223,153,12,0.004307707703365666,0.12678303872711147,male,0.45662100456621,female,0.2863238151394357,11,5,True,,,0.6620892022415821,
ileum,sex_ontology_term,lymphoid,CD8 IEL,inferential,2,female | male,223,153,12,0.0,0.7202586399159416,female,1.956371191135734,male,1.1764705882352942,11,5,True,,,0.9156376921394176,
ileum,sex_ontology_term,lymphoid,CD8 Memory Exhausted,inferential,2,female | male,223,153,12,0.018293485975554427,0.03028635727840538,female,0.0,female,0.0,11,5,True,,,0.47136586687126214,
ileum,sex_ontology_term,lymphoid,CD8 Naive,inferential,2,female | male,223,153,12,0.0,0.7768882474812642,female,0.0,female,0.0,11,5,True,,,0.9156376921394176,
ileum,sex_ontology_term,lymphoid,CD8 TRM,inferential,2,female | male,223,153,12,0.008088139789172801,0.06480248970534437,female,14.468343399828814,male,10.085632730732636,11,5,True,,,0.47136586687126214,
ileum,sex_ontology_term,lymphoid,GC B Dark Zone (GC B DZ),inferential,2,female | male,223,153,12,0.0,0.36264639154836587,female,0.0,female,0.0,11,5,True,,,0.7289600231177591,
ileum,sex_ontology_term,lymphoid,GC B Light Zone (GC B LZ),inferential,2,female | male,223,153,12,0.0,0.9859211359337855,female,0.2857674087726957,male,0.0,11,5,True,,,0.9965493089330332,
ileum,sex_ontology_term,lymphoid,Gamma Delta T Cells,inferential,2,female | male,223,153,12,0.026564385502346487,0.003548146492893801,female,0.0,female,0.0,11,5,True,,,0.2405307432605014,
ileum,sex_ontology_term,lymphoid,ILC3,inferential,2,female | male,223,153,12,0.0,0.3422248891634686,male,0.4037685060565276,female,0.3460249042145594,11,5,True,,,0.7289600231177591,
ileum,sex_ontology_term,lymphoid,MAIT Cells,inferential,2,female | male,223,153,12,0.0,0.3736947687951446,female,0.07588616579764973,male,0.0,11,5,True,,,0.7289600231177591,
ileum,sex_ontology_term,lymphoid,Memory B,inferential,2,female | male,223,153,12,0.002272608112624983,0.21328877199493607,female,6.488170693184663,male,5.115511551155116,11,5,True,,,0.6973711100881084,
ileum,sex_ontology_term,lymphoid,NK Cells,inferential,2,female | male,223,153,12,0.0,0.2412322673964894,female,0.8375232879172185,male,0.684931506849315,11,5,True,,,0.6973711100881084,
ileum,sex_ontology_term,lymphoid,NKT Cells,inferential,2,female | male,223,153,12,0.0,0.8852767899590905,male,1.9607843137254901,female,1.6380027367121892,11,5,True,,,0.9350114410803878,
ileum,sex_ontology_term,lymphoid,Naive B,inferential,2,female | male,223,153,12,0.0,0.7880494526393687,male,1.556420233463035,female,1.4457269035462277,11,5,True,,,0.9156376921394176,
ileum,sex_ontology_term,lymphoid,Plasma Cells,inferential,2,female | male,223,153,12,0.0017163770306029365,0.21558820701656123,male,0.4833512352309345,female,0.2770083102493075,11,5,True,,,0.6973711100881084,
ileum,sex_ontology_term,lymphoid,Plasma IGA,inferential,2,female | male,223,153,12,0.0,0.34328101386727616,female,0.5431818516826108,male,0.4761904761904762,11,5,True,,,0.7289600231177591,
ileum,sex_ontology_term,lymphoid,Plasma IGG,inferential,2,female | male,223,153,12,0.015870487851346333,0.0239662504708188,female,0.0,female,0.0,11,5,True,,,0.47136586687126214,
ileum,sex_ontology_term,myeloid,Classical Monocytes,inferential,2,female | male,193,123,9,0.008351749941127404,0.23359424249586141,male,2.200193423597679,female,1.8867924528301887,11,5,True,,,0.6973711100881084,
ileum,sex_ontology_term,myeloid,Cycling Macrophages,inferential,2,female | male,193,123,9,0.0,0.5335163830956945,female,2.0408163265306123,male,1.2825255888518932,11,5,True,,,0.835842333516588,
ileum,sex_ontology_term,myeloid,Eosinophils,inferential,2,female | male,193,123,9,0.0,0.7846266369383299,female,0.0,female,0.0,11,5,True,,,0.9156376921394176,
ileum,sex_ontology_term,myeloid,Follicle Associated Resident Macrophages,inferential,2,female | male,193,123,9,0.014040389363378479,0.16151615195227528,female,0.42194092827004215,male,0.0,11,5,True,,,0.6973711100881084,
ileum,sex_ontology_term,myeloid,Homeostatic Macrophages,inferential,2,female | male,193,123,9,0.0,0.6088075847193101,male,16.23286566682793,female,10.526315789473683,11,5,True,,,0.8803223958065926,
ileum,sex_ontology_term,myeloid,M0 Macrophages,inferential,2,female | male,193,123,9,0.0,0.6733621734877668,female,31.428571428571427,male,28.285714285714285,11,5,True,,,0.9042292043978584,
ileum,sex_ontology_term,myeloid,Mast Cells,inferential,2,female | male,193,123,9,0.0,0.3877446931477442,male,2.0220588235294117,female,1.7543859649122806,11,5,True,,,0.7289600231177591,
ileum,sex_ontology_term,myeloid,Monocyte Derived Dendritic Cells (MO DC),inferential,2,female | male,193,123,9,0.0019786529960268413,0.3613996102690501,female,0.0,female,0.0,11,5,True,,,0.7289600231177591,
ileum,sex_ontology_term,myeloid,Neutrophils,inferential,2,female | male,193,123,9,0.0,0.8265364076488019,female,0.0,female,0.0,11,5,True,,,0.9156376921394176,
ileum,sex_ontology_term,myeloid,Nonclassical Monocytes,inferential,2,female | male,193,123,9,0.000357339141441055,0.4484472453761038,female,0.0,female,0.0,11,5,True,,,0.7664371102791592,
ileum,sex_ontology_term,myeloid,Perivascular Resident Macrophages,inferential,2,female | male,193,123,9,0.015276349483378904,0.06601942610126299,female,0.0,female,0.0,11,5,True,,,0.47136586687126214,
ileum,sex_ontology_term,myeloid,Tolerogenic cDC2,inferential,2,female | male,193,123,9,0.0,0.8265322756353626,female,0.0,female,0.0,11,5,True,,,0.9156376921394176,
ileum,sex_ontology_term,myeloid,cDC1,inferential,2,female | male,193,123,9,0.0,0.8406176224268688,female,1.9498607242339834,male,1.678606545863183,11,5,True,,,0.9156376921394176,
ileum,sex_ontology_term,myeloid,cDC2,inferential,2,female | male,193,123,9,0.0,0.3355655613641009,female,13.740458015267176,male,12.36111111111111,11,5,True,,,0.7289600231177591,
ileum,sex_ontology_term,myeloid,migDC,inferential,2,female | male,193,123,9,0.0,0.6481378130971447,female,0.0,female,0.0,11,5,True,,,0.9042292043978584,
ileum,sex_ontology_term,myeloid,pDC,inferential,2,female | male,193,123,9,0.0002654464799672056,0.41968000021185226,female,0.0,female,0.0,11,5,True,,,0.7460065848324922,
ileum,sex_ontology_term,stroma,Adipocytes,inferential,2,female | male,111,76,8,0.0,0.1611420299931812,female,0.0,female,0.0,11,5,True,,,0.6973711100881084,
ileum,sex_ontology_term,stroma,Angiogenic Pericytes,inferential,2,female | male,111,76,8,0.0,0.4955895756215888,male,1.2731481481481481,female,1.0860172820109977,11,5,True,,,0.8168540992297804,
ileum,sex_ontology_term,stroma,Arteriolar Endothelial,inferential,2,female | male,111,76,8,0.0295170129835792,0.23917858125027808,male,0.8883248730964468,female,0.0,11,5,True,,,0.6973711100881084,
ileum,sex_ontology_term,stroma,Capillary Endothelial,inferential,2,female | male,111,76,8,0.06368786042265986,0.005117675388521306,female,1.2345679012345678,male,0.42194092827004215,11,5,True,,,0.2405307432605014,
ileum,sex_ontology_term,stroma,Contractile Pericytes,inferential,2,female | male,111,76,8,0.0,0.8571927330666889,male,0.6172839506172839,female,0.0,11,5,True,,,0.9156376921394176,
ileum,sex_ontology_term,stroma,Crypt Bottom Fibroblasts (S2A),inferential,2,female | male,111,76,8,0.0,0.5974669976774636,female,1.9159305513250078,male,1.8018018018018018,11,5,True,,,0.8775296528387747,
ileum,sex_ontology_term,stroma,Crypt Top Fibroblasts (S2B),inferential,2,female | male,111,76,8,0.0,0.4343644757621651,female,4.16834724333716,male,3.508771929824561,11,5,True,,,0.7561159392896947,
ileum,sex_ontology_term,stroma,Fibroblastic Reticular Cells (FRC),inferential,2,female | male,111,76,8,0.0,0.37457072944983894,female,0.0,female,0.0,11,5,True,,,0.7289600231177591,
ileum,sex_ontology_term,stroma,Follicular Dendritic Cells (fDC),inferential,2,female | male,111,76,8,0.0063323776625719115,0.0772217643503882,female,0.0,female,0.0,11,5,True,,,0.47136586687126214,
ileum,sex_ontology_term,stroma,Glia,inferential,2,female | male,111,76,8,0.00030185840762329407,0.33472326535213726,male,1.4388489208633095,female,1.2939137826747968,11,5,True,,,0.7289600231177591,
ileum,sex_ontology_term,stroma,Interstitial Cells of Cajal (ICC),inferential,2,female | male,111,76,8,0.03525627687397311,0.05260645010994553,female,0.0,female,0.0,11,5,True,,,0.47136586687126214,
ileum,sex_ontology_term,stroma,Lamina propria Fibroblasts (S1),inferential,2,female | male,111,76,8,0.0,0.9506029680105206,male,39.24050632911392,female,37.869969811085866,11,5,True,,,0.9928519888109881,
ileum,sex_ontology_term,stroma,Lymphatic Endothelial,inferential,2,female | male,111,76,8,0.0,0.5182496744217104,male,0.45871559633027525,female,0.0,11,5,True,,,0.8256859219600133,
ileum,sex_ontology_term,stroma,Marginal Reticular Cells (MRC),inferential,2,female | male,111,76,8,0.0,0.42062073400129874,female,0.0,female,0.0,11,5,True,,,0.7460065848324922,
ileum,sex_ontology_term,stroma,Medullary Sinus Endothelial,inferential,2,female | male,111,76,8,0.003438320182291659,0.27118274697183026,male,1.9762845849802373,female,1.4925373134328357,11,5,True,,,0.728319377581487,
ileum,sex_ontology_term,stroma,Mesenchymal Lymphoid Tissue Organizer Cells (mLTo Cells),inferential,2,female | male,111,76,8,0.0012154676836424816,0.2511574391370628,female,0.0,female,0.0,11,5,True,,,0.6973711100881084,
ileum,sex_ontology_term,stroma,Muscularis Propria Fibroblasts,inferential,2,female | male,111,76,8,0.029974230497032846,0.1611420299931812,female,0.0,female,0.0,11,5,True,,,0.6973711100881084,
ileum,sex_ontology_term,stroma,Myofibroblasts,inferential,2,female | male,111,76,8,0.0008334182993201183,0.4004910429891696,female,2.276234567901234,male,2.272727272727273,11,5,True,,,0.7381599615878813,
ileum,sex_ontology_term,stroma,Post Arteriole Capillary Endothelial (PAC),inferential,2,female | male,111,76,8,0.03417474659294359,0.05480264691469941,male,12.655086848635236,female,10.764488581846095,11,5,True,,,0.47136586687126214,
ileum,sex_ontology_term,stroma,Pre Venule Capillary Endothelial (PVC),inferential,2,female | male,111,76,8,0.005947520383626045,0.852563333599907,female,0.0,female,0.0,11,5,True,,,0.9156376921394176,
ileum,sex_ontology_term,stroma,Secretory Pericytes,inferential,2,female | male,111,76,8,0.05852806728885225,0.019936809376593288,female,0.0,female,0.0,11,5,True,,,0.47136586687126214,
ileum,sex_ontology_term,stroma,Smooth Muscle Cells (SMC),inferential,2,female | male,111,76,8,0.0026538592735184264,0.6645446524820622,female,0.0,female,0.0,11,5,True,,,0.9042292043978584,
ileum,sex_ontology_term,stroma,Submucosal Fibroblasts (S3),inferential,2,female | male,111,76,8,0.0,0.6180987034386713,female,0.0,female,0.0,11,5,True,,,0.8803223958065926,
ileum,sex_ontology_term,stroma,Venular Endothelial,inferential,2,female | male,111,76,8,0.032212171245292194,0.08023248797808717,male,6.486486486486487,female,5.854700854700855,11,5,True,,,0.47136586687126214,
ileum,age_range,epithelial,BEST4 Colonocytes,inferential,8,0-9 | 10-19 | 20-29 | 30-39 | 40-49 | 50-59 | 60-69 | 70-79,211,138,10,0.04797879326519725,0.006458580557109458,0-9,0.0,0-9,0.0,9,3,True,-0.14268417117699825,0.03836786406245418,0.020668252980167924,0.12436480075416183
ileum,age_range,epithelial,BEST4 Enterocytes,inferential,8,0-9 | 10-19 | 20-29 | 30-39 | 40-49 | 50-59 | 60-69 | 70-79,211,138,10,0.0,0.5417631017130508,60-69,1.0869565217391304,20-29,0.7058284979029285,9,3,True,0.04058453760286574,0.5576980684707694,0.5921596693142648,0.6923037920596752
ileum,age_range,epithelial,Brunners Gland Cells,inferential,8,0-9 | 10-19 | 20-29 | 30-39 | 40-49 | 50-59 | 60-69 | 70-79,211,138,10,0.14083632799152665,1.5255495549843126e-05,0-9,0.0,0-9,0.0,9,3,True,-0.16709838084178266,0.015101549803255848,0.0003585041454213135,0.06759741340504999
ileum,age_range,epithelial,Colonocyte Progenitors,inferential,8,0-9 | 10-19 | 20-29 | 30-39 | 40-49 | 50-59 | 60-69 | 70-79,211,138,10,0.02302387300068112,0.0003763050725691851,0-9,0.0,0-9,0.0,9,3,True,-0.11264663205509867,0.10272910747912653,0.0028415167068857722,0.22567481382773846
ileum,age_range,epithelial,Crypt Top Colonocytes,inferential,8,0-9 | 10-19 | 20-29 | 30-39 | 40-49 | 50-59 | 60-69 | 70-79,211,138,10,0.013679102698145847,0.0004321446339154115,0-9,0.0,0-9,0.0,9,3,True,-0.11248254231179242,0.10323422334673142,0.0028415167068857722,0.22567481382773846
ileum,age_range,epithelial,EEC Enterochromaffin (EC),inferential,8,0-9 | 10-19 | 20-29 | 30-39 | 40-49 | 50-59 | 60-69 | 70-79,211,138,10,0.0,0.919413974872144,30-39,0.3588516746411483,0-9,0.0,9,3,True,0.056188690811562934,0.4168024540184718,0.919413974872144,0.5761680982020051
ileum,age_range,epithelial,EEC L,inferential,8,0-9 | 10-19 | 20-29 | 30-39 | 40-49 | 50-59 | 60-69 | 70-79,211,138,10,0.005802536294685545,0.27880772637460743,70-79,0.1466275659824047,0-9,0.0,9,3,True,-0.08771866521781965,0.20441761674453718,0.32759907849016373,0.3558380735923425
ileum,age_range,epithelial,EEC N,inferential,8,0-9 | 10-19 | 20-29 | 30-39 | 40-49 | 50-59 | 60-69 | 70-79,211,138,10,0.009976817252575364,0.1603532470932904,0-9,0.2688172043010753,10-19,0.0,9,3,True,0.0927136351420358,0.17971447459211054,0.2216647827466073,0.3248684733011229
ileum,age_range,epithelial,EEC Progenitors,inferential,8,0-9 | 10-19 | 20-29 | 30-39 | 40-49 | 50-59 | 60-69 | 70-79,211,138,10,0.0064214992743110546,0.5248438659793121,50-59,0.15628090515946758,10-19,0.0,9,3,True,-0.0664827176049319,0.33652991732642246,0.5804155694359451,0.5041562501304041
ileum,age_range,epithelial,EEC S,inferential,8,0-9 | 10-19 | 20-29 | 30-39 | 40-49 | 50-59 | 60-69 | 70-79,211,138,10,0.1070656006006712,2.9108565906624428e-05,10-19,0.156526781432584,0-9,0.0,9,3,True,-0.19901839396327928,0.00369806154381141,0.0005472410390445393,0.030433629441739954
ileum,age_range,epithelial,Enterocyte Progenitors,inferential,8,0-9 | 10-19 | 20-29 | 30-39 | 40-49 | 50-59 | 60-69 | 70-79,211,138,10,0.07898062098931263,0.0018633315755696293,50-59,9.279975416826353,10-19,1.9653554460412548,9,3,True,0.0646432194904865,0.35009928696543,0.007660857796675971,0.5142083277304753
ileum,age_range,epithelial,Enteroendocrine Cells (EEC),inferential,8,0-9 | 10-19 | 20-29 | 30-39 | 40-49 | 50-59 | 60-69 | 70-79,211,138,10,0.02002404239934001,0.25633744447876605,70-79,0.15923566878980894,0-9,0.0,9,3,True,0.05126404506304946,0.45886507790847986,0.3129314257273248,0.603741751002126
ileum,age_range,epithelial,Epithelial,inferential,8,0-9 | 10-19 | 20-29 | 30-39 | 40-49 | 50-59 | 60-69 | 70-79,211,138,10,0.058578545879106624,0.0070835808893079414,0-9,0.0,0-9,0.0,9,3,True,-0.09709291194613566,0.1599319772406263,0.020668252980167924,0.2947765855023309
ileum,age_range,epithelial,Foveolar Cells,inferential,8,0-9 | 10-19 | 20-29 | 30-39 | 40-49 | 50-59 | 60-69 | 70-79,211,138,10,0.12164338365121852,3.684106152830343e-05,0-9,0.0,0-9,0.0,9,3,True,-0.15648333720932636,0.0229916397193714,0.0005771766306100871,0.08644856534483647
ileum,age_range,epithelial,Goblet Cells,inferential,8,0-9 | 10-19 | 20-29 | 30-39 | 40-49 | 50-59 | 60-69 | 70-79,211,138,10,0.1832023127199475,1.845576583983327e-07,70-79,11.200000000000001,0-9,0.39215686274509803,9,3,True,0.23903805913631088,0.0004608872591323165,8.674209944721637e-06,0.006623477445398846
ileum,age_range,epithelial,Intestinal Stem Cells (ISC),inferential,8,0-9 | 10-19 | 20-29 | 30-39 | 40-49 | 50-59 | 60-69 | 70-79,211,138,10,0.029383583584518085,0.03370465603450431,0-9,4.027514231499051,10-19,0.7453401198691327,9,3,True,-0.00376885369421389,0.9565999519589468,0.07028740706525248,0.9565999519589468
ileum,age_range,epithelial,Lower Crypt Colonocytes,inferential,8,0-9 | 10-19 | 20-29 | 30-39 | 40-49 | 50-59 | 60-69 | 70-79,211,138,10,0.017846554446237863,0.008091841376383158,0-9,0.0,0-9,0.0,9,3,True,-0.02967647657164827,0.6682075088746346,0.021732373982286196,0.7567651305327188
ileum,age_range,epithelial,Lower Villus Enterocytes,inferential,8,0-9 | 10-19 | 20-29 | 30-39 | 40-49 | 50-59 | 60-69 | 70-79,211,138,10,0.048095004120213336,0.002394781592693186,70-79,10.828025477707007,10-19,2.2066869300911853,9,3,True,-0.024380024301595565,0.7247715737980116,0.00900437878852638,0.8015120933766245
ileum,age_range,epithelial,Mature Goblet Cells,inferential,8,0-9 | 10-19 | 20-29 | 30-39 | 40-49 | 50-59 | 60-69 | 70-79,211,138,10,0.037973882066029134,0.06106676069147755,70-79,7.72573635924674,20-29,0.17491725471184288,9,3,True,0.17054882349963968,0.013106913221936477,0.10436864554543435,0.06484472857168573
ileum,age_range,epithelial,Microfold Cells (M Cells),inferential,8,0-9 | 10-19 | 20-29 | 30-39 | 40-49 | 50-59 | 60-69 | 70-79,211,138,10,0.12414385899896016,0.001364342912246099,0-9,0.6761162296243799,10-19,0.0,9,3,True,-0.1595124859627423,0.020441101468218374,0.006749907039533332,0.08006098075052197
ileum,age_range,epithelial,Mid Crypt Colonocytes,inferential,8,0-9 | 10-19 | 20-29 | 30-39 | 40-49 | 50-59 | 60-69 | 70-79,211,138,10,0.03463734174477113,0.00045343351705624026,0-9,0.0,0-9,0.0,9,3,True,-0.10631224704365626,0.12369031916407137,0.0028415167068857722,0.2426634104443394
ileum,age_range,epithelial,Mid Villus Enterocytes,inferential,8,0-9 | 10-19 | 20-29 | 30-39 | 40-49 | 50-59 | 60-69 | 70-79,211,138,10,0.008202139236289277,0.0797676336270814,70-79,18.121693121693124,60-69,9.785202863961814,9,3,True,0.019457983152182192,0.7787172048214767,0.129278578636994,0.8511560145723117
ileum,age_range,epithelial,Paneth Cells,inferential,8,0-9 | 10-19 | 20-29 | 30-39 | 40-49 | 50-59 | 60-69 | 70-79,211,138,10,0.03572256890491148,0.01934552808475942,40-49,0.1270616280794502,10-19,0.0,9,3,True,-0.06822324095357352,0.32400430349902654,0.04435316195042403,0.4992853201460409
ileum,age_range,epithelial,Secretory Progenitors,inferential,8,0-9 | 10-19 | 20-29 | 30-39 | 40-49 | 50-59 | 60-69 | 70-79,211,138,10,0.014758045561694834,0.2701801651851748,20-29,3.9520624303232994,10-19,1.5492472221776845,9,3,True,-0.10101970167225369,0.14362541904950962,0.3214801965494485,0.2700157878130781
ileum,age_range,epithelial,Transiently Amplifying Cells (TA),inferential,8,0-9 | 10-19 | 20-29 | 30-39 | 40-49 | 50-59 | 60-69 | 70-79,211,138,10,0.1208586197371172,5.135531781086842e-05,20-29,14.246606165154128,0-9,2.7764725046833196,9,3,True,-0.04413395502652659,0.5237437213062515,0.0006896285534602331,0.6744097233258581
ileum,age_range,epithelial,Tuft Cells,inferential,8,0-9 | 10-19 | 20-29 | 30-39 | 40-49 | 50-59 | 60-69 | 70-79,211,138,10,0.08722047808813727,0.00033546622157254463,70-79,1.336573511543135,10-19,0.0,9,3,True,0.21831326409681773,0.0014181883090594754,0.0028415167068857722,0.016663712631448835
ileum,age_range,epithelial,Tuft Progenitors,inferential,8,0-9 | 10-19 | 20-29 | 30-39 | 40-49 | 50-59 | 60-69 | 70-79,211,138,10,0.04442153828378065,0.03936953574991229,50-59,0.06262988915479123,0-9,0.0,9,3,True,-0.1217796587995982,0.07756064939142834,0.07873907149982458,0.18303335419689284
ileum,age_range,epithelial,Villus Tip Enterocytes,inferential,8,0-9 | 10-19 | 20-29 | 30-39 | 40-49 | 50-59 | 60-69 | 70-79,211,138,10,0.012245467355574283,0.18862277951782477,0-9,53.35574229691876,40-49,7.569007015926666,9,3,True,0.01818628764155852,0.7928407601537685,0.24625751770382678,0.856632545453497
ileum,age_range,lymphoid,CD4 Memory,inferential,8,0-9 | 10-19 | 20-29 | 30-39 | 40-49 | 50-59 | 60-69 | 70-79,217,147,12,0.10154524721313293,0.000545173426648771,50-59,5.576766822538387,0-9,1.6812804063833562,9,3,True,0.2345823188499168,0.0004932376821041694,0.003014488359116734,0.006623477445398846
ileum,age_range,lymphoid,CD4 Naive,inferential,8,0-9 | 10-19 | 20-29 | 30-39 | 40-49 | 50-59 | 60-69 | 70-79,217,147,12,0.059322304228046074,0.009895445722631385,70-79,3.3298900756217353,20-29,0.0,9,3,True,0.029474621984963218,0.6659053965112743,0.025838108275759726,0.7567651305327188
ileum,age_range,lymphoid,CD4 Tfh,inferential,8,0-9 | 10-19 | 20-29 | 30-39 | 40-49 | 50-59 | 60-69 | 70-79,217,147,12,0.06939451063526497,0.0026798501931645366,70-79,3.916433305800109,20-29,0.08116883116883117,9,3,True,0.08079126820389695,0.23594062709544944,0.009688689159902555,0.3890950692451271
ileum,age_range,lymphoid,CD4 Tfr,inferential,8,0-9 | 10-19 | 20-29 | 30-39 | 40-49 | 50-59 | 60-69 | 70-79,217,147,12,0.0030236834214954706,0.7136300458791989,70-79,0.5378418922586437,10-19,0.0,9,3,True,0.008162124899705742,0.9048450530457555,0.7381891899450871,0.9245155976771849
ileum,age_range,lymphoid,CD4 Th17,inferential,8,0-9 | 10-19 | 20-29 | 30-39 | 40-49 | 50-59 | 60-69 | 70-79,217,147,12,0.099435509616056,0.0009761325957387903,60-69,9.059233449477352,0-9,1.8369891027257192,9,3,True,0.20342712762309897,0.0026046826888617746,0.005097581333302572,0.02720446363922298
ileum,age_range,lymphoid,CD4 Tr1,inferential,8,0-9 | 10-19 | 20-29 | 30-39 | 40-49 | 50-59 | 60-69 | 70-79,217,147,12,0.014539331186110241,0.17130303034672126,0-9,0.5375895209469739,10-19,0.0,9,3,True,-0.13344532140079848,0.04962202304698196,0.23290773384326474,0.14100538781099725
ileum,age_range,lymphoid,CD4 pTreg,inferential,8,0-9 | 10-19 | 20-29 | 30-39 | 40-49 | 50-59 | 60-69 | 70-79,217,147,12,0.05672174618057195,0.01187019455506694,30-39,0.8308392923777539,0-9,0.20707992593227154,9,3,True,-0.10098736795024338,0.13811742678460592,0.02905390571304291,0.264959961586795
ileum,age_range,lymphoid,CD4 tTreg,inferential,8,0-9 | 10-19 | 20-29 | 30-39 | 40-49 | 50-59 | 60-69 | 70-79,217,147,12,0.0,0.625336431571281,70-79,1.2531769305962857,20-29,0.08116883116883117,9,3,True,0.050598962215348056,0.45836645387232067,0.6756508571000048,0.603741751002126
ileum,age_range,lymphoid,CD8 Circulating Effector Memory,inferential,8,0-9 | 10-19 | 20-29 | 30-39 | 40-49 | 50-59 | 60-69 | 70-79,217,147,12,0.0,0.5158536898325591,30-39,2.50170233910595,20-29,0.8796296296296295,9,3,True,-0.005906034611280362,0.931069287415691,0.5772648433840543,0.9410807851298382
ileum,age_range,lymphoid,CD8 Effector Memory,inferential,8,0-9 | 10-19 | 20-29 | 30-39 | 40-49 | 50-59 | 60-69 | 70-79,217,147,12,0.0,0.6870223936680281,0-9,0.8875210003029552,40-49,0.062111801242236024,9,3,True,0.03260818027277882,0.6328628815459225,0.7256191573572431,0.7530267198141356
ileum,age_range,lymphoid,CD8 IEL,inferential,8,0-9 | 10-19 | 20-29 | 30-39 | 40-49 | 50-59 | 60-69 | 70-79,217,147,12,0.0,0.7520346702235482,0-9,5.045008450756832,70-79,1.095667343113084,9,3,True,-0.07093782224205818,0.2982214435118714,0.7683832500110167,0.4672135948352652
ileum,age_range,lymphoid,CD8 Memory Exhausted,inferential,8,0-9 | 10-19 | 20-29 | 30-39 | 40-49 | 50-59 | 60-69 | 70-79,217,147,12,0.0325272626010293,0.05639981953760367,0-9,0.0,0-9,0.0,9,3,True,-0.009199675556574917,0.892817593423358,0.10150973651794114,0.9222511404592928
ileum,age_range,lymphoid,CD8 Naive,inferential,8,0-9 | 10-19 | 20-29 | 30-39 | 40-49 | 50-59 | 60-69 | 70-79,217,147,12,0.026048259578570397,0.08564262306183573,0-9,1.1938470527427583,10-19,0.0,9,3,True,-0.16605857892204212,0.014321555704558996,0.13417344279687599,0.06731131181142729
ileum,age_range,lymphoid,CD8 TRM,inferential,8,0-9 | 10-19 | 20-29 | 30-39 | 40-49 | 50-59 | 60-69 | 70-79,217,147,12,0.13114394784210548,1.3011587922153049e-05,60-69,20.0,0-9,2.583228715771576,9,3,True,0.1626329295166623,0.016490196228542024,0.0003585041454213135,0.07045811115831592
ileum,age_range,lymphoid,GC B Dark Zone (GC B DZ),inferential,8,0-9 | 10-19 | 20-29 | 30-39 | 40-49 | 50-59 | 60-69 | 70-79,217,147,12,0.16810449748730988,9.180393494371476e-05,0-9,20.847217784269866,30-39,0.0,9,3,True,-0.1597866837596205,0.018504594167631654,0.001013727144034836,0.07562747181553807
ileum,age_range,lymphoid,GC B Light Zone (GC B LZ),inferential,8,0-9 | 10-19 | 20-29 | 30-39 | 40-49 | 50-59 | 60-69 | 70-79,217,147,12,0.10108824353752159,0.0018177105548536096,0-9,5.719434873145269,20-29,0.0,9,3,True,-0.1299097644992391,0.0560377069938501,0.007660857796675971,0.15050127021205456
ileum,age_range,lymphoid,Gamma Delta T Cells,inferential,8,0-9 | 10-19 | 20-29 | 30-39 | 40-49 | 50-59 | 60-69 | 70-79,217,147,12,0.22953674474618116,1.624435787102411e-07,0-9,3.1730865935834256,20-29,0.0,9,3,True,-0.3348657412335969,4.395591156601827e-07,8.674209944721637e-06,4.1318556872057174e-05
ileum,age_range,lymphoid,ILC3,inferential,8,0-9 | 10-19 | 20-29 | 30-39 | 40-49 | 50-59 | 60-69 | 70-79,217,147,12,0.06556658012801075,0.03439596515959164,10-19,0.9601449275362319,20-29,0.11914217633042098,9,3,True,-0.14296665558070332,0.03531828004484047,0.07028740706525248,0.12436480075416183
ileum,age_range,lymphoid,MAIT Cells,inferential,8,0-9 | 10-19 | 20-29 | 30-39 | 40-49 | 50-59 | 60-69 | 70-79,217,147,12,0.03826409251061475,0.007258173330211432,10-19,0.6124629017659812,20-29,0.0,9,3,True,-0.08121178384145358,0.23350302071047432,0.020668252980167924,0.3890950692451271
ileum,age_range,lymphoid,Memory B,inferential,8,0-9 | 10-19 | 20-29 | 30-39 | 40-49 | 50-59 | 60-69 | 70-79,217,147,12,0.006859795443716068,0.2098985400035078,40-49,9.895000532992219,20-29,1.6420446663892356,9,3,True,-0.08539842319320723,0.21019776877320248,0.2648403906368886,0.35924709572147334
ileum,age_range,lymphoid,NK Cells,inferential,8,0-9 | 10-19 | 20-29 | 30-39 | 40-49 | 50-59 | 60-69 | 70-79,217,147,12,0.09888376434396268,0.0005332588889252747,10-19,1.3051251827588943,20-29,0.13850415512465375,9,3,True,-0.013961537293224937,0.8379718648919561,0.003014488359116734,0.8850489359533019
ileum,age_range,lymphoid,NKT Cells,inferential,8,0-9 | 10-19 | 20-29 | 30-39 | 40-49 | 50-59 | 60-69 | 70-79,217,147,12,0.09177970187474158,0.0004287588513213521,60-69,4.533508541392904,0-9,0.6758290184837741,9,3,True,0.2941432219290165,1.0537789783206912e-05,0.0028415167068857722,0.00033018407987381657
ileum,age_range,lymphoid,Naive B,inferential,8,0-9 | 10-19 | 20-29 | 30-39 | 40-49 | 50-59 | 60-69 | 70-79,217,147,12,0.03654266472282347,0.02065654651271629,0-9,7.5237645789793035,60-69,0.1524390243902439,9,3,True,-0.025428950943526873,0.7095291302908209,0.046231318385603126,0.7939968838968711
ileum,age_range,lymphoid,Plasma Cells,inferential,8,0-9 | 10-19 | 20-29 | 30-39 | 40-49 | 50-59 | 60-69 | 70-79,217,147,12,0.04817896927462937,0.032483936358150355,20-29,1.7129629629629628,0-9,0.11572403457663454,9,3,True,-0.050142009853514476,0.462440490129288,0.06939750040150303,0.603741751002126
ileum,age_range,lymphoid,Plasma IGA,inferential,8,0-9 | 10-19 | 20-29 | 30-39 | 40-49 | 50-59 | 60-69 | 70-79,217,147,12,0.07209763239291642,0.007475751077933079,70-79,2.3244165538329327,10-19,0.0,9,3,True,0.19524320042116194,0.003885144184051909,0.020668252980167924,0.030433629441739954
ileum,age_range,lymphoid,Plasma IGG,inferential,8,0-9 | 10-19 | 20-29 | 30-39 | 40-49 | 50-59 | 60-69 | 70-79,217,147,12,0.06559769073450192,0.007293606987679839,0-9,1.3930088316591385,10-19,0.0,9,3,True,-0.06536419807438616,0.3378919548746325,0.020668252980167924,0.5041562501304041
ileum,age_range,myeloid,Classical Monocytes,inferential,8,0-9 | 10-19 | 20-29 | 30-39 | 40-49 | 50-59 | 60-69 | 70-79,188,118,9,0.022938073283222688,0.1203567120266142,0-9,9.081632653061224,20-29,0.7730382601383633,9,3,True,0.08107493158142956,0.26870429354573516,0.1793110966975726,0.4281051456491374
ileum,age_range,myeloid,Cycling Macrophages,inferential,8,0-9 | 10-19 | 20-29 | 30-39 | 40-49 | 50-59 | 60-69 | 70-79,188,118,9,0.02441650129123696,0.19463657416768343,40-49,2.941176470588235,70-79,0.7168458781362007,9,3,True,-0.1532537219606776,0.03575394743481552,0.2506279174214006,0.12436480075416183
ileum,age_range,myeloid,Eosinophils,inferential,8,0-9 | 10-19 | 20-29 | 30-39 | 40-49 | 50-59 | 60-69 | 70-79,188,118,9,0.048420212236303946,0.04532162247085812,0-9,0.0,0-9,0.0,9,3,True,0.13862532301108868,0.05779779723468389,0.08694352065838089,0.15091647055723015
ileum,age_range,myeloid,Follicle Associated Resident Macrophages,inferential,8,0-9 | 10-19 | 20-29 | 30-39 | 40-49 | 50-59 | 60-69 | 70-79,188,118,9,0.0,0.6579631138583346,0-9,7.292768959435626,20-29,0.0,9,3,True,-0.055195757701763916,0.4518511604666182,0.7028242352577665,0.603741751002126
ileum,age_range,myeloid,Homeostatic Macrophages,inferential,8,0-9 | 10-19 | 20-29 | 30-39 | 40-49 | 50-59 | 60-69 | 70-79,188,118,9,0.053281417816388385,0.05723421314309447,20-29,40.896805045394686,10-19,8.296296296296296,9,3,True,-0.06599741091790302,0.36819621495044896,0.10150973651794114,0.53246837238988
ileum,age_range,myeloid,M0 Macrophages,inferential,8,0-9 | 10-19 | 20-29 | 30-39 | 40-49 | 50-59 | 60-69 | 70-79,188,118,9,0.03957547628766216,0.08712032545805598,10-19,36.11111111111111,70-79,12.365591397849462,9,3,True,-0.1374621977979998,0.059950655623597006,0.13425099332880758,0.15230707104373292
ileum,age_range,myeloid,Mast Cells,inferential,8,0-9 | 10-19 | 20-29 | 30-39 | 40-49 | 50-59 | 60-69 | 70-79,188,118,9,0.04977528714669634,0.043988179996914234,70-79,8.93371757925072,20-29,0.0,9,3,True,0.18430931595664166,0.011341484235783387,0.08614351916062371,0.05922775100909102
ileum,age_range,myeloid,Monocyte Derived Dendritic Cells (MO DC),inferential,8,0-9 | 10-19 | 20-29 | 30-39 | 40-49 | 50-59 | 60-69 | 70-79,188,118,9,0.13110198478737742,0.00015236317958344353,70-79,0.7168458781362007,0-9,0.0,9,3,True,0.26676781516975284,0.00021506364390842597,0.0014322138880843692,0.004043196505478408
ileum,age_range,myeloid,Neutrophils,inferential,8,0-9 | 10-19 | 20-29 | 30-39 | 40-49 | 50-59 | 60-69 | 70-79,188,118,9,0.1698724155624845,0.0018679216230562384,70-79,0.7936507936507936,0-9,0.0,9,3,True,0.2769183263819521,0.00011952570030662735,0.007660857796675971,0.0028088539572057427
ileum,age_range,myeloid,Nonclassical Monocytes,inferential,8,0-9 | 10-19 | 20-29 | 30-39 | 40-49 | 50-59 | 60-69 | 70-79,188,118,9,0.04723657600273079,0.07345471547806058,0-9,0.0,0-9,0.0,9,3,True,0.20645659499880353,0.004474708562313394,0.12113584657785428,0.032355584989035305
ileum,age_range,myeloid,Perivascular Resident Macrophages,inferential,8,0-9 | 10-19 | 20-29 | 30-39 | 40-49 | 50-59 | 60-69 | 70-79,188,118,9,0.09337057059785267,0.006696689261309036,70-79,1.1494252873563218,0-9,0.0,9,3,True,0.1454968974104681,0.04634229963967479,0.020668252980167924,0.13613050519154468
ileum,age_range,myeloid,Tolerogenic cDC2,inferential,8,0-9 | 10-19 | 20-29 | 30-39 | 40-49 | 50-59 | 60-69 | 70-79,188,118,9,0.03425570203322214,0.1290442261655946,30-39,1.3629355534998457,0-9,0.0,9,3,True,-0.11311372963470448,0.12221133345464885,0.18379026150857414,0.2426634104443394
ileum,age_range,myeloid,cDC1,inferential,8,0-9 | 10-19 | 20-29 | 30-39 | 40-49 | 50-59 | 60-69 | 70-79,188,118,9,0.18314746519984376,9.70589818756758e-05,10-19,6.077348066298343,60-69,0.8733624454148471,9,3,True,-0.3385381189263643,2.015027971187412e-06,0.001013727144034836,9.470631464580837e-05
ileum,age_range,myeloid,cDC2,inferential,8,0-9 | 10-19 | 20-29 | 30-39 | 40-49 | 50-59 | 60-69 | 70-79,188,118,9,0.07249539509899577,0.01711477779004502,10-19,22.362869198312236,70-79,7.389162561576355,9,3,True,-0.204080389695728,0.004966888444929634,0.0402197278066058,0.03334910813024183
ileum,age_range,myeloid,migDC,inferential,8,0-9 | 10-19 | 20-29 | 30-39 | 40-49 | 50-59 | 60-69 | 70-79,188,118,9,0.03424032323931031,0.16030519476920468,10-19,1.5463917525773196,0-9,0.0,9,3,True,-0.18745968249176503,0.009993524648345652,0.2216647827466073,0.05525831276144066
ileum,age_range,myeloid,pDC,inferential,8,0-9 | 10-19 | 20-29 | 30-39 | 40-49 | 50-59 | 60-69 | 70-79,188,118,9,0.02378423112961335,0.33490727895894606,10-19,0.41841004184100417,0-9,0.0,9,3,True,-0.0852070181841831,0.24498225202202678,0.3886578299029745,0.39704020155293995
ileum,age_range,stroma,Adipocytes,inferential,7,0-9 | 10-19 | 20-29 | 30-39 | 40-49 | 50-59 | 60-69,107,72,8,0.04200610385216342,0.3491088397331923,0-9,0.0,0-9,0.0,9,3,True,0.055701165338951225,0.5687777243623879,0.40019793823073263,0.6923037920596752
ileum,age_range,stroma,Angiogenic Pericytes,inferential,7,0-9 | 10-19 | 20-29 | 30-39 | 40-49 | 50-59 | 60-69,107,72,8,0.035442538669322045,0.2607480822343856,0-9,2.764254030076815,20-29,0.6636779184247539,9,3,True,-0.023519929064034363,0.8099676952214067,0.31423486833374675,0.8651927653501389
ileum,age_range,stroma,Arteriolar Endothelial,inferential,7,0-9 | 10-19 | 20-29 | 30-39 | 40-49 | 50-59 | 60-69,107,72,8,0.07635522415254194,0.18552579870711022,0-9,1.3821270150384075,10-19,0.0,9,3,True,0.055865431510192104,0.5676365768890761,0.2456257053305403,0.6923037920596752
ileum,age_range,stroma,Capillary Endothelial,inferential,7,0-9 | 10-19 | 20-29 | 30-39 | 40-49 | 50-59 | 60-69,107,72,8,0.11017023528109911,0.0018744652055696523,40-49,3.5015290519877675,0-9,0.0,9,3,True,0.2595007284584634,0.006951230470545128,0.007660857796675971,0.0435610442820828
ileum,age_range,stroma,Contractile Pericytes,inferential,7,0-9 | 10-19 | 20-29 | 30-39 | 40-49 | 50-59 | 60-69,107,72,8,0.11327341895044576,0.005811884792899752,40-49,2.129674599320058,10-19,0.0,9,3,True,0.24816138488007816,0.009957554159207776,0.019511327519020596,0.05525831276144066
ileum,age_range,stroma,Crypt Bottom Fibroblasts (S2A),inferential,7,0-9 | 10-19 | 20-29 | 30-39 | 40-49 | 50-59 | 60-69,107,72,8,0.0,0.7983255601176222,20-29,2.8135152696556203,40-49,1.2407838571982925,9,3,True,-0.04511844170082698,0.6444670543218396,0.8069097059253386,0.7567651305327188
ileum,age_range,stroma,Crypt Top Fibroblasts (S2B),inferential,7,0-9 | 10-19 | 20-29 | 30-39 | 40-49 | 50-59 | 60-69,107,72,8,0.04702662101073391,0.12208415094302814,0-9,7.6466084088329165,40-49,1.5900271633682577,9,3,True,-0.18916991835354455,0.05100194878270114,0.1793110966975726,0.14100538781099725
ileum,age_range,stroma,Fibroblastic Reticular Cells (FRC),inferential,7,0-9 | 10-19 | 20-29 | 30-39 | 40-49 | 50-59 | 60-69,107,72,8,0.1372188973009603,0.02732657524769356,0-9,1.0916269887353387,10-19,0.0,9,3,True,-0.20076312783293843,0.038127733709390495,0.059737164494958014,0.12436480075416183
ileum,age_range,stroma,Follicular Dendritic Cells (fDC),inferential,7,0-9 | 10-19 | 20-29 | 30-39 | 40-49 | 50-59 | 60-69,107,72,8,0.13135967477628535,0.04965474899768809,0-9,0.0,0-9,0.0,9,3,True,-0.1496564375259668,0.12391323086519457,0.09335092811565361,0.2426634104443394
ileum,age_range,stroma,Glia,inferential,7,0-9 | 10-19 | 20-29 | 30-39 | 40-49 | 50-59 | 60-69,107,72,8,0.10310081547865142,0.004097768847900878,60-69,2.8363853503184715,0-9,0.0,9,3,True,0.19710447220075528,0.04185834791417438,0.01426630635935861,0.1311561567977464
ileum,age_range,stroma,Interstitial Cells of Cajal (ICC),inferential,7,0-9 | 10-19 | 20-29 | 30-39 | 40-49 | 50-59 | 60-69,107,72,8,0.06710149654148516,0.17344192945775033,0-9,0.0,0-9,0.0,9,3,True,0.05488481224551172,0.5744648487303687,0.23290773384326474,0.6923037920596752
ileum,age_range,stroma,Lamina propria Fibroblasts (S1),inferential,7,0-9 | 10-19 | 20-29 | 30-39 | 40-49 | 50-59 | 60-69,107,72,8,0.0,0.4108800446268696,20-29,45.36271808999082,40-49,12.910794142357148,9,3,True,-0.17323609974317966,0.07435247291310644,0.46533402644488847,0.18303335419689284
ileum,age_range,stroma,Lymphatic Endothelial,inferential,7,0-9 | 10-19 | 20-29 | 30-39 | 40-49 | 50-59 | 60-69,107,72,8,0.11408041771518948,0.0023799806500195866,20-29,3.161225849433711,0-9,0.0,9,3,True,0.17054313008738228,0.0790402860289666,0.00900437878852638,0.18303335419689284
ileum,age_range,stroma,Marginal Reticular Cells (MRC),inferential,7,0-9 | 10-19 | 20-29 | 30-39 | 40-49 | 50-59 | 60-69,107,72,8,0.18130264151370323,0.010848798216346257,0-9,4.007725736359246,10-19,0.0,9,3,True,-0.27858547089899416,0.0036652971697676076,0.02756181168477157,0.030433629441739954
ileum,age_range,stroma,Medullary Sinus Endothelial,inferential,7,0-9 | 10-19 | 20-29 | 30-39 | 40-49 | 50-59 | 60-69,107,72,8,0.0673545221182708,0.05657365118162832,20-29,3.161225849433711,10-19,0.0,9,3,True,0.1525833620317133,0.11664831577871394,0.10150973651794114,0.2426634104443394
ileum,age_range,stroma,Mesenchymal Lymphoid Tissue Organizer Cells (mLTo Cells),inferential,7,0-9 | 10-19 | 20-29 | 30-39 | 40-49 | 50-59 | 60-69,107,72,8,0.17077754784639013,0.012054280029879506,0-9,1.0268974145120935,10-19,0.0,9,3,True,-0.19370466023234567,0.04559330317714793,0.02905390571304291,0.13613050519154468
ileum,age_range,stroma,Muscularis Propria Fibroblasts,inferential,7,0-9 | 10-19 | 20-29 | 30-39 | 40-49 | 50-59 | 60-69,107,72,8,0.025361088002014857,0.7146299604787545,0-9,0.7446093105991584,10-19,0.0,9,3,True,0.04291827055875223,0.6607064856034062,0.7381891899450871,0.7567651305327188
ileum,age_range,stroma,Myofibroblasts,inferential,7,0-9 | 10-19 | 20-29 | 30-39 | 40-49 | 50-59 | 60-69,107,72,8,0.051800990925412745,0.1252808015368396,0-9,4.746835443037975,60-69,1.0873931256096863,9,3,True,-0.15269785057530544,0.11637099444320226,0.18117531299173725,0.2426634104443394
ileum,age_range,stroma,Post Arteriole Capillary Endothelial (PAC),inferential,7,0-9 | 10-19 | 20-29 | 30-39 | 40-49 | 50-59 | 60-69,107,72,8,0.015963088788868863,0.21130882231666642,40-49,22.411671882104365,10-19,5.263157894736842,9,3,True,0.016844749196336994,0.8632731694786417,0.2648403906368886,0.9016408658999147
ileum,age_range,stroma,Pre Venule Capillary Endothelial (PVC),inferential,7,0-9 | 10-19 | 20-29 | 30-39 | 40-49 | 50-59 | 60-69,107,72,8,0.13982617370141875,0.08197161524475967,0-9,0.0,0-9,0.0,9,3,True,0.08508489894000834,0.38355266790223563,0.13059884462724422,0.5381186684001515
ileum,age_range,stroma,Secretory Pericytes,inferential,7,0-9 | 10-19 | 20-29 | 30-39 | 40-49 | 50-59 | 60-69,107,72,8,0.06457388629384003,0.21418578817332898,0-9,0.0,0-9,0.0,9,3,True,0.08654836119288158,0.3753951845177538,0.264914001161749,0.5346537476464978
ileum,age_range,stroma,Smooth Muscle Cells (SMC),inferential,7,0-9 | 10-19 | 20-29 | 30-39 | 40-49 | 50-59 | 60-69,107,72,8,0.11729556831314286,0.11723025769941223,40-49,0.28169014084507044,0-9,0.0,9,3,True,0.12652477395759268,0.1940689091631593,0.1777361971571734,0.34419768794975425
ileum,age_range,stroma,Submucosal Fibroblasts (S3),inferential,7,0-9 | 10-19 | 20-29 | 30-39 | 40-49 | 50-59 | 60-69,107,72,8,0.0975535288120222,0.06727648034660327,20-29,1.8241123354759718,0-9,0.0,9,3,True,0.17010010920130844,0.0798336970433256,0.1129283777246555,0.18303335419689284
ileum,age_range,stroma,Venular Endothelial,inferential,7,0-9 | 10-19 | 20-29 | 30-39 | 40-49 | 50-59 | 60-69,107,72,8,0.025159579650506955,0.0595584004275256,40-49,8.966922243185742,0-9,4.179164743885556,9,3,True,0.05964355344873223,0.5416929838095472,0.10367573407754456,0.6880964929472627
ileum,assay,epithelial,BEST4 Colonocytes,inferential,2,10x 3' v2 | 10x 3' v3,221,148,10,0.00894483455664474,0.009808683093732149,10x 3' v2,0.0,10x 3' v2,0.0,0,0,False,,,0.025611561411411722,
ileum,assay,epithelial,BEST4 Enterocytes,inferential,2,10x 3' v2 | 10x 3' v3,221,148,10,0.0294203906927732,0.048181766531556466,10x 3' v3,0.8704253493912858,10x 3' v2,0.8620689655172413,0,0,False,,,0.08880560890130017,
ileum,assay,epithelial,Brunners Gland Cells,inferential,2,10x 3' v2 | 10x 3' v3,221,148,10,0.053087026198834424,0.00019810167177880257,10x 3' v2,0.0,10x 3' v2,0.0,0,0,False,,,0.0011823587005257786,
ileum,assay,epithelial,Colonocyte Progenitors,inferential,2,10x 3' v2 | 10x 3' v3,221,148,10,0.004784385741290132,0.002531417932293013,10x 3' v2,0.0,10x 3' v2,0.0,0,0,False,,,0.00849833162984083,
ileum,assay,epithelial,Crypt Top Colonocytes,inferential,2,10x 3' v2 | 10x 3' v3,221,148,10,0.033257961887908825,8.68996908222105e-05,10x 3' v2,0.0,10x 3' v2,0.0,0,0,False,,,0.0006807142447739822,
ileum,assay,epithelial,EEC Enterochromaffin (EC),inferential,2,10x 3' v2 | 10x 3' v3,221,148,10,0.012661225181003169,0.028030305756976622,10x 3' v3,0.3194920790462192,10x 3' v2,0.0,0,0,False,,,0.056060611513953244,
ileum,assay,epithelial,EEC L,inferential,2,10x 3' v2 | 10x 3' v3,221,148,10,0.0,0.7083517140751503,10x 3' v3,0.05418498500508147,10x 3' v2,0.0,0,0,False,,,0.7481467541917318,
ileum,assay,epithelial,EEC N,inferential,2,10x 3' v2 | 10x 3' v3,221,148,10,0.013962585611028597,0.03381214054379488,10x 3' v3,0.1822854410710017,10x 3' v2,0.0,0,0,False,,,0.06386745434855388,
ileum,assay,epithelial,EEC Progenitors,inferential,2,10x 3' v2 | 10x 3' v3,221,148,10,0.00805628332812404,0.09194104875236131,10x 3' v3,0.14362127698182928,10x 3' v2,0.0,0,0,False,,,0.1464823488596943,
ileum,assay,epithelial,EEC S,inferential,2,10x 3' v2 | 10x 3' v3,221,148,10,0.06167392508418697,1.1476823371710127e-05,10x 3' v2,0.0,10x 3' v2,0.0,0,0,False,,,0.000134852674617594,
ileum,assay,epithelial,Enterocyte Progenitors,inferential,2,10x 3' v2 | 10x 3' v3,221,148,10,0.057176140509286044,0.0005264924189663291,10x 3' v3,8.280277679230629,10x 3' v2,3.5294117647058822,0,0,False,,,0.002474514369141747,
ileum,assay,epithelial,Enteroendocrine Cells (EEC),inferential,2,10x 3' v2 | 10x 3' v3,221,148,10,0.015921837068657553,0.02088909500086381,10x 3' v2,0.0,10x 3' v2,0.0,0,0,False,,,0.043634998446248845,
ileum,assay,epithelial,Epithelial,inferential,2,10x 3' v2 | 10x 3' v3,221,148,10,0.09821294056381963,1.69899291135032e-05,10x 3' v2,0.0,10x 3' v2,0.0,0,0,False,,,0.00017745037074103342,
ileum,assay,epithelial,Foveolar Cells,inferential,2,10x 3' v2 | 10x 3' v3,221,148,10,0.03839544428965881,0.0010221191351593999,10x 3' v2,0.0,10x 3' v2,0.0,0,0,False,,,0.004177356465434069,
ileum,assay,epithelial,Goblet Cells,inferential,2,10x 3' v2 | 10x 3' v3,221,148,10,0.18220457487260946,2.7598164898944335e-09,10x 3' v3,8.307043303543017,10x 3' v2,1.098901098901099,0,0,False,,,2.5942275005007675e-07,
ileum,assay,epithelial,Intestinal Stem Cells (ISC),inferential,2,10x 3' v2 | 10x 3' v3,221,148,10,0.001006262813674896,0.3098589120228424,10x 3' v2,3.669724770642202,10x 3' v3,3.3374331713706917,0,0,False,,,0.383246549080884,
ileum,assay,epithelial,Lower Crypt Colonocytes,inferential,2,10x 3' v2 | 10x 3' v3,221,148,10,0.0037610174182011614,0.0008196603388463373,10x 3' v2,0.0,10x 3' v2,0.0,0,0,False,,,0.003668955802455034,
ileum,assay,epithelial,Lower Villus Enterocytes,inferential,2,10x 3' v2 | 10x 3' v3,221,148,10,0.002340222916531409,0.13291380502973285,10x 3' v3,5.506528550759372,10x 3' v2,3.7750385208012327,0,0,False,,,0.18930147989083163,
ileum,assay,epithelial,Mature Goblet Cells,inferential,2,10x 3' v2 | 10x 3' v3,221,148,10,0.09129784736410342,9.268393614301446e-06,10x 3' v3,5.727733243914115,10x 3' v2,0.0,0,0,False,,,0.0001244612856777623,
ileum,assay,epithelial,Microfold Cells (M Cells),inferential,2,10x 3' v2 | 10x 3' v3,221,148,10,0.03199948360800707,0.0034224134613742834,10x 3' v2,0.0,10x 3' v2,0.0,0,0,False,,,0.010508101295411233,
ileum,assay,epithelial,Mid Crypt Colonocytes,inferential,2,10x 3' v2 | 10x 3' v3,221,148,10,0.0,0.015497767851945182,10x 3' v2,0.0,10x 3' v2,0.0,0,0,False,,,0.03468548043054398,
ileum,assay,epithelial,Mid Villus Enterocytes,inferential,2,10x 3' v2 | 10x 3' v3,221,148,10,0.0013453912263930012,0.2541993887965173,10x 3' v3,13.188433975890227,10x 3' v2,9.00900900900901,0,0,False,,,0.33187142426211985,
ileum,assay,epithelial,Paneth Cells,inferential,2,10x 3' v2 | 10x 3' v3,221,148,10,0.015436973228933969,0.011708855282588412,10x 3' v3,0.08741285457985287,10x 3' v2,0.0,0,0,False,,,0.028406511810300548,
ileum,assay,epithelial,Secretory Progenitors,inferential,2,10x 3' v2 | 10x 3' v3,221,148,10,0.003126162039005396,0.11651881506958355,10x 3' v2,2.65210608424337,10x 3' v3,1.8360153902322576,0,0,False,,,0.17955358387771891,
ileum,assay,epithelial,Transiently Amplifying Cells (TA),inferential,2,10x 3' v2 | 10x 3' v3,221,148,10,0.009260875438063691,0.32289627618916766,10x 3' v2,9.782608695652174,10x 3' v3,8.97403434671034,0,0,False,,,0.39418506443872414,
ileum,assay,epithelial,Tuft Cells,inferential,2,10x 3' v2 | 10x 3' v3,221,148,10,0.10307590797368059,2.2642568996788072e-08,10x 3' v3,0.8929349940274469,10x 3' v2,0.0,0,0,False,,,9.491383058320788e-07,
ileum,assay,epithelial,Tuft Progenitors,inferential,2,10x 3' v2 | 10x 3' v3,221,148,10,0.024823076985924664,0.01662835469584986,10x 3' v2,0.0,10x 3' v2,0.0,0,0,False,,,0.03635035677697411,
ileum,assay,epithelial,Villus Tip Enterocytes,inferential,2,10x 3' v2 | 10x 3' v3,221,148,10,0.0,0.5883826064887112,10x 3' v2,22.970216238270094,10x 3' v3,11.731859497123601,0,0,False,,,0.6357237357464236,
ileum,assay,lymphoid,CD4 Memory,inferential,3,10x 3' v2 | 10x 3' v3 | 10x 5' v1,234,164,13,0.042595156898254966,0.00440289159078879,10x 3' v3,4.583654317529239,10x 5' v1,0.26041666666666663,0,0,False,,,0.012648192813889257,
ileum,assay,lymphoid,CD4 Naive,inferential,3,10x 3' v2 | 10x 3' v3 | 10x 5' v1,234,164,13,0.0,0.9106798962657513,10x 3' v3,0.46330976793545264,10x 5' v1,0.0,0,0,False,,,0.9204721532148453,
ileum,assay,lymphoid,CD4 Tfh,inferential,3,10x 3' v2 | 10x 3' v3 | 10x 5' v1,234,164,13,0.0,0.4669235370687749,10x 3' v2,2.1739130434782608,10x 5' v1,0.8333333333333334,0,0,False,,,0.5216820852801886,
ileum,assay,lymphoid,CD4 Tfr,inferential,3,10x 3' v2 | 10x 3' v3 | 10x 5' v1,234,164,13,0.0,0.7263909144733975,10x 3' v3,0.19655877473862893,10x 5' v1,0.0,0,0,False,,,0.7586749551166596,
ileum,assay,lymphoid,CD4 Th17,inferential,3,10x 3' v2 | 10x 3' v3 | 10x 5' v1,234,164,13,0.07405082193298157,0.0003440025481621379,10x 3' v3,8.610962447596112,10x 5' v1,3.3854166666666665,0,0,False,,,0.001796457751513387,
ileum,assay,lymphoid,CD4 Tr1,inferential,3,10x 3' v2 | 10x 3' v3 | 10x 5' v1,234,164,13,0.0,0.12928467476883643,10x 3' v3,0.10235511042199222,10x 5' v1,0.0,0,0,False,,,0.18878050279686887,
ileum,assay,lymphoid,CD4 pTreg,inferential,3,10x 3' v2 | 10x 3' v3 | 10x 5' v1,234,164,13,0.026709987700266384,0.011253931141743842,10x 3' v2,0.6543075245365322,10x 5' v1,0.0,0,0,False,,,0.028406511810300548,
ileum,assay,lymphoid,CD4 tTreg,inferential,3,10x 3' v2 | 10x 3' v3 | 10x 5' v1,234,164,13,0.027825802620397473,0.007350218057914182,10x 3' v2,1.092896174863388,10x 5' v1,0.0,0,0,False,,,0.01974058564125523,
ileum,assay,lymphoid,CD8 Circulating Effector Memory,inferential,3,10x 3' v2 | 10x 3' v3 | 10x 5' v1,234,164,13,0.0,0.16129072310480938,10x 3' v3,1.8169067789878035,10x 3' v2,1.3024602026049203,0,0,False,,,0.22296070546841296,
ileum,assay,lymphoid,CD8 Effector Memory,inferential,3,10x 3' v2 | 10x 3' v3 | 10x 5' v1,234,164,13,0.00523706698757277,0.44055746035746846,10x 3' v2,0.5118045236915965,10x 5' v1,0.0,0,0,False,,,0.505029283824415,
ileum,assay,lymphoid,CD8 IEL,inferential,3,10x 3' v2 | 10x 3' v3 | 10x 5' v1,234,164,13,0.0,0.42063380429495034,10x 5' v1,2.5,10x 3' v2,1.3024602026049203,0,0,False,,,0.4932672194026373,
ileum,assay,lymphoid,CD8 Memory Exhausted,inferential,3,10x 3' v2 | 10x 3' v3 | 10x 5' v1,234,164,13,0.01354599130326544,0.06069270806052168,10x 3' v2,0.0,10x 3' v2,0.0,0,0,False,,,0.10609635887765874,
ileum,assay,lymphoid,CD8 Naive,inferential,3,10x 3' v2 | 10x 3' v3 | 10x 5' v1,234,164,13,0.019359286411863443,0.017114777417642665,10x 3' v2,0.0,10x 3' v2,0.0,0,0,False,,,0.03656338811950933,
ileum,assay,lymphoid,CD8 TRM,inferential,3,10x 3' v2 | 10x 3' v3 | 10x 5' v1,234,164,13,0.0911269158308009,8.94524371542034e-06,10x 3' v3,14.688589447295234,10x 5' v1,6.510416666666667,0,0,False,,,0.0001244612856777623,
ileum,assay,lymphoid,GC B Dark Zone (GC B DZ),inferential,3,10x 3' v2 | 10x 3' v3 | 10x 5' v1,234,164,13,0.030281346893186057,0.07400968032370384,10x 5' v1,15.364583333333334,10x 3' v3,0.0,0,0,False,,,0.12516313151294625,
ileum,assay,lymphoid,GC B Light Zone (GC B LZ),inferential,3,10x 3' v2 | 10x 3' v3 | 10x 5' v1,234,164,13,0.017907214903785176,0.20497166196452016,10x 5' v1,12.121212121212121,10x 3' v2,0.0,0,0,False,,,0.27923675687920135,
ileum,assay,lymphoid,Gamma Delta T Cells,inferential,3,10x 3' v2 | 10x 3' v3 | 10x 5' v1,234,164,13,0.1298321986674283,8.3887191197597e-07,10x 3' v2,0.0364963503649635,10x 3' v3,0.0,0,0,False,,,1.5770791945148236e-05,
ileum,assay,lymphoid,ILC3,inferential,3,10x 3' v2 | 10x 3' v3 | 10x 5' v1,234,164,13,0.022423833807009103,0.012705966912262492,10x 3' v2,0.6172839506172839,10x 5' v1,0.0,0,0,False,,,0.02913075340860181,
ileum,assay,lymphoid,MAIT Cells,inferential,3,10x 3' v2 | 10x 3' v3 | 10x 5' v1,234,164,13,0.05851653055790882,9.854045229962125e-05,10x 3' v2,0.19743336623889435,10x 3' v3,0.0,0,0,False,,,0.0007125232704741843,
ileum,assay,lymphoid,Memory B,inferential,3,10x 3' v2 | 10x 3' v3 | 10x 5' v1,234,164,13,0.011082769671270852,0.13053970938081358,10x 5' v1,10.37463976945245,10x 3' v2,5.115511551155116,0,0,False,,,0.18878050279686887,
ileum,assay,lymphoid,NK Cells,inferential,3,10x 3' v2 | 10x 3' v3 | 10x 5' v1,234,164,13,0.0,0.38256014761593243,10x 3' v2,0.8389261744966443,10x 5' v1,0.26041666666666663,0,0,False,,,0.4551981503278183,
ileum,assay,lymphoid,NKT Cells,inferential,3,10x 3' v2 | 10x 3' v3 | 10x 5' v1,234,164,13,0.06582677449740586,0.00020125254477034528,10x 5' v1,2.4691358024691357,10x 3' v2,0.7650273224043715,0,0,False,,,0.0011823587005257786,
ileum,assay,lymphoid,Naive B,inferential,3,10x 3' v2 | 10x 3' v3 | 10x 5' v1,234,164,13,0.0029350576376313236,0.5239278672674651,10x 5' v1,4.166666666666666,10x 3' v2,1.0869565217391304,0,0,False,,,0.5726653432923455,
ileum,assay,lymphoid,Plasma Cells,inferential,3,10x 3' v2 | 10x 3' v3 | 10x 5' v1,234,164,13,0.0029972979814978738,0.9917282523067038,10x 3' v2,0.76103500761035,10x 3' v3,0.2894847088395476,0,0,False,,,0.9917282523067038,
ileum,assay,lymphoid,Plasma IGA,inferential,3,10x 3' v2 | 10x 3' v3 | 10x 5' v1,234,164,13,0.0,0.8655146660698886,10x 5' v1,0.9584664536741214,10x 3' v2,0.05370569280343716,0,0,False,,,0.8940481165996651,
ileum,assay,lymphoid,Plasma IGG,inferential,3,10x 3' v2 | 10x 3' v3 | 10x 5' v1,234,164,13,0.13325678582013378,3.0291648058470596e-08,10x 3' v2,0.03171582619727244,10x 3' v3,0.0,0,0,False,,,9.491383058320788e-07,
ileum,assay,myeloid,Classical Monocytes,inferential,2,10x 3' v2 | 10x 3' v3,201,131,8,0.00026788275394751786,0.2922074252154089,10x 3' v2,2.510460251046025,10x 3' v3,2.0638297872340425,0,0,False,,,0.36623330626997913,
ileum,assay,myeloid,Cycling Macrophages,inferential,2,10x 3' v2 | 10x 3' v3,201,131,8,0.0,0.27351984811908536,10x 3' v2,2.3255813953488373,10x 3' v3,1.5873015873015872,0,0,False,,,0.35220364004375376,
ileum,assay,myeloid,Eosinophils,inferential,2,10x 3' v2 | 10x 3' v3,201,131,8,0.02370819445909256,0.027469186487234697,10x 3' v2,0.0,10x 3' v2,0.0,0,0,False,,,0.056060611513953244,
ileum,assay,myeloid,Follicle Associated Resident Macrophages,inferential,2,10x 3' v2 | 10x 3' v3,201,131,8,0.0005461135457052193,0.2534226351208549,10x 3' v2,0.2881844380403458,10x 3' v3,0.0,0,0,False,,,0.33187142426211985,
ileum,assay,myeloid,Homeostatic Macrophages,inferential,2,10x 3' v2 | 10x 3' v3,201,131,8,0.04204933011576675,0.004440323009131335,10x 3' v3,16.666666666666664,10x 3' v2,4.651162790697675,0,0,False,,,0.012648192813889257,
ileum,assay,myeloid,M0 Macrophages,inferential,2,10x 3' v2 | 10x 3' v3,201,131,8,0.0,0.42504941246397465,10x 3' v3,29.549632352941178,10x 3' v2,29.166666666666668,0,0,False,,,0.4932672194026373,
ileum,assay,myeloid,Mast Cells,inferential,2,10x 3' v2 | 10x 3' v3,201,131,8,0.05665642771408699,0.0008620452359318187,10x 3' v3,2.7885610766045548,10x 3' v2,0.7547169811320755,0,0,False,,,0.0036832841898904976,
ileum,assay,myeloid,Monocyte Derived Dendritic Cells (MO DC),inferential,2,10x 3' v2 | 10x 3' v3,201,131,8,0.08426941495309842,2.5941968536447767e-05,10x 3' v2,0.0,10x 3' v2,0.0,0,0,False,,,0.000243854504242609,
ileum,assay,myeloid,Neutrophils,inferential,2,10x 3' v2 | 10x 3' v3,201,131,8,0.0,0.47173380051931946,10x 3' v2,0.0,10x 3' v2,0.0,0,0,False,,,0.5216820852801886,
ileum,assay,myeloid,Nonclassical Monocytes,inferential,2,10x 3' v2 | 10x 3' v3,201,131,8,0.0,0.896183093523105,10x 3' v2,0.0,10x 3' v2,0.0,0,0,False,,,0.9156653346866508,
ileum,assay,myeloid,Perivascular Resident Macrophages,inferential,2,10x 3' v2 | 10x 3' v3,201,131,8,0.12084857659559428,0.0034654376612526403,10x 3' v2,0.0,10x 3' v2,0.0,0,0,False,,,0.010508101295411233,
ileum,assay,myeloid,Tolerogenic cDC2,inferential,2,10x 3' v2 | 10x 3' v3,201,131,8,0.0002944907076711467,0.2800551447630081,10x 3' v2,0.0,10x 3' v2,0.0,0,0,False,,,0.3557457244286859,
ileum,assay,myeloid,cDC1,inferential,2,10x 3' v2 | 10x 3' v3,201,131,8,0.023828982709599225,0.10132702035646567,10x 3' v2,3.289473684210526,10x 3' v3,1.7778128950695322,0,0,False,,,0.15874566522512953,
ileum,assay,myeloid,cDC2,inferential,2,10x 3' v2 | 10x 3' v3,201,131,8,0.05696571714099951,0.0017149312271186967,10x 3' v2,17.391304347826086,10x 3' v3,12.006307617661328,0,0,False,,,0.0064481414139663,
ileum,assay,myeloid,migDC,inferential,2,10x 3' v2 | 10x 3' v3,201,131,8,0.010176465115866163,0.06094897212120822,10x 3' v2,0.0,10x 3' v2,0.0,0,0,False,,,0.10609635887765874,
ileum,assay,myeloid,pDC,inferential,2,10x 3' v2 | 10x 3' v3,201,131,8,0.0016392578171212412,0.46266984689877166,10x 3' v2,0.0,10x 3' v2,0.0,0,0,False,,,0.5216820852801886,
ileum,assay,stroma,Adipocytes,inferential,2,10x 3' v2 | 10x 3' v3,116,81,8,0.032751177603162485,0.012352532192222015,10x 3' v2,0.0,10x 3' v2,0.0,0,0,False,,,0.029028450651721736,
ileum,assay,stroma,Angiogenic Pericytes,inferential,2,10x 3' v2 | 10x 3' v3,116,81,8,0.025756618044785098,0.011785680431933206,10x 3' v3,1.4749262536873156,10x 3' v2,0.21905805038335158,0,0,False,,,0.028406511810300548,
ileum,assay,stroma,Arteriolar Endothelial,inferential,2,10x 3' v2 | 10x 3' v3,116,81,8,0.1128993738137113,0.0018701824277764863,10x 3' v2,0.6960556844547563,10x 3' v3,0.3389830508474576,0,0,False,,,0.006633940970079204,
ileum,assay,stroma,Capillary Endothelial,inferential,2,10x 3' v2 | 10x 3' v3,116,81,8,0.0967147087219419,6.326451718916787e-05,10x 3' v3,1.574803149606299,10x 3' v2,0.0,0,0,False,,,0.0005406240559801618,
ileum,assay,stroma,Contractile Pericytes,inferential,2,10x 3' v2 | 10x 3' v3,116,81,8,0.03707531738110113,0.11960425332935451,10x 3' v2,0.45871559633027525,10x 3' v3,0.411522633744856,0,0,False,,,0.18133548085418266,
ileum,assay,stroma,Crypt Bottom Fibroblasts (S2A),inferential,2,10x 3' v2 | 10x 3' v3,116,81,8,0.19284906242060007,1.2705854785794336e-07,10x 3' v3,3.2432432432432434,10x 3' v2,0.3472222222222222,0,0,False,,,2.985875874661669e-06,
ileum,assay,stroma,Crypt Top Fibroblasts (S2B),inferential,2,10x 3' v2 | 10x 3' v3,116,81,8,0.07006076126281303,0.0019054936828950906,10x 3' v3,5.154639175257731,10x 3' v2,1.5133876600698486,0,0,False,,,0.006633940970079204,
ileum,assay,stroma,Fibroblastic Reticular Cells (FRC),inferential,2,10x 3' v2 | 10x 3' v3,116,81,8,0.006734813100348035,0.12769308721047304,10x 3' v2,0.0,10x 3' v2,0.0,0,0,False,,,0.18878050279686887,
ileum,assay,stroma,Follicular Dendritic Cells (fDC),inferential,2,10x 3' v2 | 10x 3' v3,116,81,8,0.014557609042668774,0.050638476570872226,10x 3' v2,0.0,10x 3' v2,0.0,0,0,False,,,0.09153878457042287,
ileum,assay,stroma,Glia,inferential,2,10x 3' v2 | 10x 3' v3,116,81,8,0.04675576169422769,0.003068173363590536,10x 3' v3,2.564102564102564,10x 3' v2,0.0,0,0,False,,,0.009945113661293461,
ileum,assay,stroma,Interstitial Cells of Cajal (ICC),inferential,2,10x 3' v2 | 10x 3' v3,116,81,8,0.0,0.1545220860092696,10x 3' v2,0.0,10x 3' v2,0.0,0,0,False,,,0.21679218037121406,
ileum,assay,stroma,Lamina propria Fibroblasts (S1),inferential,2,10x 3' v2 | 10x 3' v3,116,81,8,0.09872659785515449,0.00014721831337040903,10x 3' v3,46.13180515759313,10x 3' v2,16.666666666666664,0,0,False,,,0.000988465818344175,
ileum,assay,stroma,Lymphatic Endothelial,inferential,2,10x 3' v2 | 10x 3' v3,116,81,8,0.028262342571989844,0.09119359682691337,10x 3' v2,0.3807106598984772,10x 3' v3,0.0,0,0,False,,,0.1464823488596943,
ileum,assay,stroma,Marginal Reticular Cells (MRC),inferential,2,10x 3' v2 | 10x 3' v3,116,81,8,0.009256079496341276,0.21246783754379883,10x 3' v2,0.0,10x 3' v2,0.0,0,0,False,,,0.28531395327310133,
ileum,assay,stroma,Medullary Sinus Endothelial,inferential,2,10x 3' v2 | 10x 3' v3,116,81,8,0.08840830028283703,0.00040646772825233917,10x 3' v3,2.766798418972332,10x 3' v2,0.8090614886731391,0,0,False,,,0.0020109456029326254,
ileum,assay,stroma,Mesenchymal Lymphoid Tissue Organizer Cells (mLTo Cells),inferential,2,10x 3' v2 | 10x 3' v3,116,81,8,0.02166578596534613,0.033972050185401004,10x 3' v2,0.0,10x 3' v2,0.0,0,0,False,,,0.06386745434855388,
ileum,assay,stroma,Muscularis Propria Fibroblasts,inferential,2,10x 3' v2 | 10x 3' v3,116,81,8,0.10235518734338701,0.0012303510323157768,10x 3' v2,0.0,10x 3' v2,0.0,0,0,False,,,0.004818874876570126,
ileum,assay,stroma,Myofibroblasts,inferential,2,10x 3' v2 | 10x 3' v3,116,81,8,0.05572171469478174,0.006576836394174499,10x 3' v3,3.7037037037037033,10x 3' v2,1.1421319796954315,0,0,False,,,0.018183018266247145,
ileum,assay,stroma,Post Arteriole Capillary Endothelial (PAC),inferential,2,10x 3' v2 | 10x 3' v3,116,81,8,0.03485354245503937,0.07638276206373334,10x 3' v3,14.11042944785276,10x 3' v2,7.6923076923076925,0,0,False,,,0.12596455498229708,
ileum,assay,stroma,Pre Venule Capillary Endothelial (PVC),inferential,2,10x 3' v2 | 10x 3' v3,116,81,8,0.11330908456013256,0.0003434875050475453,10x 3' v2,0.0,10x 3' v2,0.0,0,0,False,,,0.001796457751513387,
ileum,assay,stroma,Secretory Pericytes,inferential,2,10x 3' v2 | 10x 3' v3,116,81,8,0.0,0.6804004989263472,10x 3' v2,0.0,10x 3' v2,0.0,0,0,False,,,0.7267914420349618,
ileum,assay,stroma,Smooth Muscle Cells (SMC),inferential,2,10x 3' v2 | 10x 3' v3,116,81,8,0.018299565902212742,0.3689318523415033,10x 3' v2,0.0,10x 3' v2,0.0,0,0,False,,,0.44461018102693983,
ileum,assay,stroma,Submucosal Fibroblasts (S3),inferential,2,10x 3' v2 | 10x 3' v3,116,81,8,0.08006586464449844,0.033508891583650224,10x 3' v2,0.0,10x 3' v2,0.0,0,0,False,,,0.06386745434855388,
ileum,assay,stroma,Venular Endothelial,inferential,2,10x 3' v2 | 10x 3' v3,116,81,8,0.012584012266661145,0.07456526983749989,10x 3' v2,8.547008547008547,10x 3' v3,5.263157894736842,0,0,False,,,0.12516313151294625,
ileum,sample_collection_method,epithelial,BEST4 Colonocytes,inferential,2,biopsy | surgical resection,225,152,11,0.0,0.8370288600764038,biopsy,0.0,biopsy,0.0,1,1,True,,,0.8646232181009006,
ileum,sample_collection_method,epithelial,BEST4 Enterocytes,inferential,2,biopsy | surgical resection,225,152,11,0.11614984079594418,0.0005009773541096217,surgical resection,1.4932010280130785,biopsy,0.846262341325811,1,1,True,,,0.003622451637408034,
ileum,sample_collection_method,epithelial,Brunners Gland Cells,inferential,2,biopsy | surgical resection,225,152,11,0.0,0.36508235425041224,biopsy,0.0,biopsy,0.0,1,1,True,,,0.536214707805293,
ileum,sample_collection_method,epithelial,Colonocyte Progenitors,inferential,2,biopsy | surgical resection,225,152,11,0.0,0.5818168444051852,biopsy,0.0,biopsy,0.0,1,1,True,,,0.7159881743148416,
ileum,sample_collection_method,epithelial,Crypt Top Colonocytes,inferential,2,biopsy | surgical resection,225,152,11,0.0,0.6783553480449511,biopsy,0.0,biopsy,0.0,1,1,True,,,0.7501812084261812,
ileum,sample_collection_method,epithelial,EEC Enterochromaffin (EC),inferential,2,biopsy | surgical resection,225,152,11,0.0006189047380661059,0.2779760044198748,biopsy,0.2684563758389262,surgical resection,0.0,1,1,True,,,0.4750862620994224,
ileum,sample_collection_method,epithelial,EEC L,inferential,2,biopsy | surgical resection,225,152,11,0.0027728291906609437,0.2883929601118914,biopsy,0.025043826696719257,surgical resection,0.0,1,1,True,,,0.4840881830449606,
ileum,sample_collection_method,epithelial,EEC N,inferential,2,biopsy | surgical resection,225,152,11,0.0011185750695745804,0.13984671916817693,biopsy,0.13054830287206268,surgical resection,0.0,1,1,True,,,0.2921242578179696,
ileum,sample_collection_method,epithelial,EEC Progenitors,inferential,2,biopsy | surgical resection,225,152,11,0.002753083730862273,0.6470687427597628,biopsy,0.13869625520110956,surgical resection,0.0,1,1,True,,,0.7417617295050939,
ileum,sample_collection_method,epithelial,EEC S,inferential,2,biopsy | surgical resection,225,152,11,0.0,0.5459663140372151,biopsy,0.0,biopsy,0.0,1,1,True,,,0.7030251167054551,
ileum,sample_collection_method,epithelial,Enterocyte Progenitors,inferential,2,biopsy | surgical resection,225,152,11,0.0,0.47361094810703896,biopsy,7.602339181286549,surgical resection,6.2351825509720245,1,1,True,,,0.6546974870891421,
ileum,sample_collection_method,epithelial,Enteroendocrine Cells (EEC),inferential,2,biopsy | surgical resection,225,152,11,0.012757851228515974,0.07007176413511391,biopsy,0.0,biopsy,0.0,1,1,True,,,0.16889091868463355,
ileum,sample_collection_method,epithelial,Epithelial,inferential,2,biopsy | surgical resection,225,152,11,0.01769192930409725,0.06365684284919268,biopsy,0.0,biopsy,0.0,1,1,True,,,0.16776741381879706,
ileum,sample_collection_method,epithelial,Foveolar Cells,inferential,2,biopsy | surgical resection,225,152,11,0.0,0.5048671958526905,biopsy,0.0,biopsy,0.0,1,1,True,,,0.6684157240866606,
ileum,sample_collection_method,epithelial,Goblet Cells,inferential,2,biopsy | surgical resection,225,152,11,0.02380565745959635,0.010732610030623762,biopsy,6.753812636165578,surgical resection,1.4536429633517012,1,1,True,,,0.04585751558539244,
ileum,sample_collection_method,epithelial,Intestinal Stem Cells (ISC),inferential,2,biopsy | surgical resection,225,152,11,0.022406012691135575,0.014748969752325322,surgical resection,5.48048048048048,biopsy,3.0254777070063694,1,1,True,,,0.05388130950993062,
ileum,sample_collection_method,epithelial,Lower Crypt Colonocytes,inferential,2,biopsy | surgical resection,225,152,11,0.0,0.7779421731231719,biopsy,0.0,biopsy,0.0,1,1,True,,,0.8309836849270246,
ileum,sample_collection_method,epithelial,Lower Villus Enterocytes,inferential,2,biopsy | surgical resection,225,152,11,0.0,0.5615155828353626,biopsy,5.166374781085814,surgical resection,4.224829224829225,1,1,True,,,0.7078786135330849,
ileum,sample_collection_method,epithelial,Mature Goblet Cells,inferential,2,biopsy | surgical resection,225,152,11,0.026939713526245423,0.0101349012555781,biopsy,4.641350210970464,surgical resection,0.07935941366837997,1,1,True,,,0.045365748477349595,
ileum,sample_collection_method,epithelial,Microfold Cells (M Cells),inferential,2,biopsy | surgical resection,225,152,11,0.0,0.2537544015624297,biopsy,0.0,biopsy,0.0,1,1,True,,,0.4500549763560074,
ileum,sample_collection_method,epithelial,Mid Crypt Colonocytes,inferential,2,biopsy | surgical resection,225,152,11,0.0,0.9708881890789038,biopsy,0.0,biopsy,0.0,1,1,True,,,0.9708881890789038,
ileum,sample_collection_method,epithelial,Mid Villus Enterocytes,inferential,2,biopsy | surgical resection,225,152,11,0.006628504498028917,0.09781984928341601,surgical resection,19.109981994935676,biopsy,12.096774193548388,1,1,True,,,0.21893013887240728,
ileum,sample_collection_method,epithelial,Paneth Cells,inferential,2,biopsy | surgical resection,225,152,11,0.0,0.24827544194462123,biopsy,0.07598784194528875,surgical resection,0.017445917655268667,1,1,True,,,0.44880560659219987,
ileum,sample_collection_method,epithelial,Secretory Progenitors,inferential,2,biopsy | surgical resection,225,152,11,0.0,0.9603096472019536,surgical resection,1.9129448709002093,biopsy,1.883148237566393,1,1,True,,,0.9706355573869208,
ileum,sample_collection_method,epithelial,Transiently Amplifying Cells (TA),inferential,2,biopsy | surgical resection,225,152,11,0.0,0.7400653875334036,surgical resection,13.73978027593255,biopsy,8.860759493670885,1,1,True,,,0.7996108784843671,
ileum,sample_collection_method,epithelial,Tuft Cells,inferential,2,biopsy | surgical resection,225,152,11,0.0,0.11736287612516995,biopsy,0.5714285714285714,surgical resection,0.0,1,1,True,,,0.2565607059480459,
ileum,sample_collection_method,epithelial,Tuft Progenitors,inferential,2,biopsy | surgical resection,225,152,11,0.026652527419545685,0.024069757432138923,biopsy,0.0,biopsy,0.0,1,1,True,,,0.07801921374555375,
ileum,sample_collection_method,epithelial,Villus Tip Enterocytes,inferential,2,biopsy | surgical resection,225,152,11,0.0,0.6117316888218354,biopsy,13.651877133105803,surgical resection,11.22106941064287,1,1,True,,,0.7372151121699042,
ileum,sample_collection_method,lymphoid,CD4 Memory,inferential,2,biopsy | surgical resection,234,164,13,0.0036132123825877737,0.21131366032353274,surgical resection,6.070287539936102,biopsy,4.076322636600174,1,1,True,,,0.40537722592677705,
ileum,sample_collection_method,lymphoid,CD4 Naive,inferential,2,biopsy | surgical resection,234,164,13,0.002994737084324827,0.30135039030236344,surgical resection,0.46756282875511396,biopsy,0.24875621890547264,1,1,True,,,0.4923279486912577,
ileum,sample_collection_method,lymphoid,CD4 Tfh,inferential,2,biopsy | surgical resection,234,164,13,0.0060265517545416225,0.4681083902604971,biopsy,1.7241379310344827,surgical resection,1.6853932584269662,1,1,True,,,0.6546974870891421,
ileum,sample_collection_method,lymphoid,CD4 Tfr,inferential,2,biopsy | surgical resection,234,164,13,0.0023770440587431874,0.8060283541607554,biopsy,0.16778523489932887,surgical resection,0.09861932938856016,1,1,True,,,0.8513108459675394,
ileum,sample_collection_method,lymphoid,CD4 Th17,inferential,2,biopsy | surgical resection,234,164,13,0.0,0.9061303459291549,surgical resection,8.98876404494382,biopsy,7.712082262210797,1,1,True,,,0.9258288317102235,
ileum,sample_collection_method,lymphoid,CD4 Tr1,inferential,2,biopsy | surgical resection,234,164,13,0.0,0.715215102786301,biopsy,0.10204081632653061,surgical resection,0.0,1,1,True,,,0.7817467402547941,
ileum,sample_collection_method,lymphoid,CD4 pTreg,inferential,2,biopsy | surgical resection,234,164,13,0.01472158721302342,0.09458311163368448,biopsy,0.4975124378109453,surgical resection,0.49504950495049505,1,1,True,,,0.21684908520893514,
ileum,sample_collection_method,lymphoid,CD4 tTreg,inferential,2,biopsy | surgical resection,234,164,13,0.014036966039793217,0.3145138213708322,biopsy,0.8673026886383347,surgical resection,0.79155672823219,1,1,True,,,0.4923279486912577,
ileum,sample_collection_method,lymphoid,CD8 Circulating Effector Memory,inferential,2,biopsy | surgical resection,234,164,13,0.0,0.35048140072502576,biopsy,1.7443704408499843,surgical resection,1.029678982434888,1,1,True,,,0.522940502669086,
ileum,sample_collection_method,lymphoid,CD8 Effector Memory,inferential,2,biopsy | surgical resection,234,164,13,9.942906911144416e-05,0.34478429039121095,surgical resection,0.38167938931297707,biopsy,0.36991368680641185,1,1,True,,,0.5227374725286101,
ileum,sample_collection_method,lymphoid,CD8 IEL,inferential,2,biopsy | surgical resection,234,164,13,0.0,0.8275796393952393,biopsy,1.5018773466833542,surgical resection,1.3114754098360655,1,1,True,,,0.8643609567016943,
ileum,sample_collection_method,lymphoid,CD8 Memory Exhausted,inferential,2,biopsy | surgical resection,234,164,13,0.0,0.5647967661168231,biopsy,0.0,biopsy,0.0,1,1,True,,,0.7078786135330849,
ileum,sample_collection_method,lymphoid,CD8 Naive,inferential,2,biopsy | surgical resection,234,164,13,0.01785408487975088,0.06522283422801528,surgical resection,0.13937282229965156,biopsy,0.0,1,1,True,,,0.16776741381879706,
ileum,sample_collection_method,lymphoid,CD8 TRM,inferential,2,biopsy | surgical resection,234,164,13,0.00073432294907763,0.3874282111499713,surgical resection,12.359550561797752,biopsy,11.548556430446194,1,1,True,,,0.5517916946681409,
ileum,sample_collection_method,lymphoid,GC B Dark Zone (GC B DZ),inferential,2,biopsy | surgical resection,234,164,13,0.04520197662958905,0.0025263957750926605,biopsy,0.0,biopsy,0.0,1,1,True,,,0.01583208019058067,
ileum,sample_collection_method,lymphoid,GC B Light Zone (GC B LZ),inferential,2,biopsy | surgical resection,234,164,13,0.03864814246684687,0.001757777465076967,biopsy,0.23446658851113714,surgical resection,0.0,1,1,True,,,0.011802220122659636,
ileum,sample_collection_method,lymphoid,Gamma Delta T Cells,inferential,2,biopsy | surgical resection,234,164,13,0.0,0.3092037587567284,biopsy,0.0,biopsy,0.0,1,1,True,,,0.4923279486912577,
ileum,sample_collection_method,lymphoid,ILC3,inferential,2,biopsy | surgical resection,234,164,13,0.0,0.2467011373940551,biopsy,0.42771599657827203,surgical resection,0.2881844380403458,1,1,True,,,0.44880560659219987,
ileum,sample_collection_method,lymphoid,MAIT Cells,inferential,2,biopsy | surgical resection,234,164,13,0.026747537186624558,0.012967435174810625,surgical resection,0.19743336623889435,biopsy,0.0,1,1,True,,,0.05078912110134162,
ileum,sample_collection_method,lymphoid,Memory B,inferential,2,biopsy | surgical resection,234,164,13,0.015884645521563046,0.06603610969463289,biopsy,6.413301662707839,surgical resection,3.7545126353790614,1,1,True,,,0.16776741381879706,
ileum,sample_collection_method,lymphoid,NK Cells,inferential,2,biopsy | surgical resection,234,164,13,0.0037596219099192627,0.37088790922042136,biopsy,0.8389261744966443,surgical resection,0.5763688760806917,1,1,True,,,0.5363609764110708,
ileum,sample_collection_method,lymphoid,NKT Cells,inferential,2,biopsy | surgical resection,234,164,13,0.021307512948120288,0.014903340928278682,biopsy,1.7595307917888565,surgical resection,0.5617977528089888,1,1,True,,,0.05388130950993062,
ileum,sample_collection_method,lymphoid,Naive B,inferential,2,biopsy | surgical resection,234,164,13,0.010383590688921356,0.15342535691908943,biopsy,1.7241379310344827,surgical resection,0.6498194945848376,1,1,True,,,0.31352138153031317,
ileum,sample_collection_method,lymphoid,Plasma Cells,inferential,2,biopsy | surgical resection,234,164,13,0.012369424485024877,0.49226187984270575,surgical resection,0.49073064340239914,biopsy,0.41450777202072536,1,1,True,,,0.661037381503062,
ileum,sample_collection_method,lymphoid,Plasma IGA,inferential,2,biopsy | surgical resection,234,164,13,0.0684617373329348,0.00022041361938918288,surgical resection,3.7545126353790614,biopsy,0.4761904761904762,1,1,True,,,0.0017265733518819328,
ileum,sample_collection_method,lymphoid,Plasma IGG,inferential,2,biopsy | surgical resection,234,164,13,0.1042957315528647,2.4448784175459534e-06,surgical resection,0.5291005291005291,biopsy,0.0,1,1,True,,,5.7454642812329904e-05,
ileum,sample_collection_method,myeloid,Classical Monocytes,inferential,2,biopsy | surgical resection,203,133,10,0.045122872081106755,0.0033601564710647874,surgical resection,6.616107993326255,biopsy,1.9230769230769231,1,1,True,,,0.018579688722358236,
ileum,sample_collection_method,myeloid,Cycling Macrophages,inferential,2,biopsy | surgical resection,203,133,10,0.012536535478658751,0.17729704419020398,biopsy,1.8450184501845017,surgical resection,1.223179900971942,1,1,True,,,0.35459408838040796,
ileum,sample_collection_method,myeloid,Eosinophils,inferential,2,biopsy | surgical resection,203,133,10,0.0,0.6668390441974978,biopsy,0.0,biopsy,0.0,1,1,True,,,0.7462246446972,
ileum,sample_collection_method,myeloid,Follicle Associated Resident Macrophages,inferential,2,biopsy | surgical resection,203,133,10,0.0329484424638692,0.0047267134697410755,biopsy,0.0,biopsy,0.0,1,1,True,,,0.02468394811975895,
ileum,sample_collection_method,myeloid,Homeostatic Macrophages,inferential,2,biopsy | surgical resection,203,133,10,0.013370016228722227,0.038834212987153144,biopsy,14.64968152866242,surgical resection,3.472222222222222,1,1,True,,,0.11775535550943213,
ileum,sample_collection_method,myeloid,M0 Macrophages,inferential,2,biopsy | surgical resection,203,133,10,0.02680727494481883,0.01762395434365136,biopsy,30.362116991643457,surgical resection,11.501944635094944,1,1,True,,,0.061357470677897326,
ileum,sample_collection_method,myeloid,Mast Cells,inferential,2,biopsy | surgical resection,203,133,10,0.007164749349624274,0.12512277586725892,biopsy,1.9607843137254901,surgical resection,0.0,1,1,True,,,0.2673077484436895,
ileum,sample_collection_method,myeloid,Monocyte Derived Dendritic Cells (MO DC),inferential,2,biopsy | surgical resection,203,133,10,0.0,0.6418718502515193,biopsy,0.0,biopsy,0.0,1,1,True,,,0.7417617295050939,
ileum,sample_collection_method,myeloid,Neutrophils,inferential,2,biopsy | surgical resection,203,133,10,0.08415905515270379,0.002735040218641335,biopsy,0.0,biopsy,0.0,1,1,True,,,0.016068361284517843,
ileum,sample_collection_method,myeloid,Nonclassical Monocytes,inferential,2,biopsy | surgical resection,203,133,10,0.04048365946240967,0.006427088888122806,biopsy,0.0,biopsy,0.0,1,1,True,,,0.03020731777417719,
ileum,sample_collection_method,myeloid,Perivascular Resident Macrophages,inferential,2,biopsy | surgical resection,203,133,10,0.1763325036479024,7.527408591976556e-05,surgical resection,0.34843205574912894,biopsy,0.0,1,1,True,,,0.0007075764076457963,
ileum,sample_collection_method,myeloid,Tolerogenic cDC2,inferential,2,biopsy | surgical resection,203,133,10,0.0029776032813365566,0.3194894135124119,biopsy,0.0,biopsy,0.0,1,1,True,,,0.4923279486912577,
ileum,sample_collection_method,myeloid,cDC1,inferential,2,biopsy | surgical resection,203,133,10,0.0362012820196878,0.0060626516852948144,biopsy,1.9607843137254901,surgical resection,0.24630541871921183,1,1,True,,,0.029994171495669086,
ileum,sample_collection_method,myeloid,cDC2,inferential,2,biopsy | surgical resection,203,133,10,0.0025436044619652235,0.2480888783187861,surgical resection,17.515587749862462,biopsy,13.513513513513514,1,1,True,,,0.44880560659219987,
ileum,sample_collection_method,myeloid,migDC,inferential,2,biopsy | surgical resection,203,133,10,0.018288736090569333,0.06788943827083252,biopsy,0.0,biopsy,0.0,1,1,True,,,0.1679370315120594,
ileum,sample_collection_method,myeloid,pDC,inferential,2,biopsy | surgical resection,203,133,10,0.0,0.6336468345200721,biopsy,0.0,biopsy,0.0,1,1,True,,,0.7417617295050939,
ileum,sample_collection_method,stroma,Adipocytes,inferential,2,biopsy | surgical resection,117,82,9,0.2616431642447092,7.790321185521016e-07,surgical resection,0.15432098765432098,biopsy,0.0,1,1,True,,,3.661450957194878e-05,
ileum,sample_collection_method,stroma,Angiogenic Pericytes,inferential,2,biopsy | surgical resection,117,82,9,0.044308743657471165,0.0229743517563747,biopsy,1.2367491166077738,surgical resection,0.0,1,1,True,,,0.07712818089640078,
ileum,sample_collection_method,stroma,Arteriolar Endothelial,inferential,2,biopsy | surgical resection,117,82,9,0.13758155288930302,0.011383225638045577,surgical resection,1.2092316196793806,biopsy,0.43668122270742354,1,1,True,,,0.046522748259838445,
ileum,sample_collection_method,stroma,Capillary Endothelial,inferential,2,biopsy | surgical resection,117,82,9,0.09799018028461352,0.0001685136411373604,biopsy,1.2345679012345678,surgical resection,0.0,1,1,True,,,0.0014400256606283525,
ileum,sample_collection_method,stroma,Contractile Pericytes,inferential,2,biopsy | surgical resection,117,82,9,0.28416977589660025,6.962185287246918e-06,surgical resection,4.288499025341131,biopsy,0.27548209366391185,1,1,True,,,0.00010397320067509473,
ileum,sample_collection_method,stroma,Crypt Bottom Fibroblasts (S2A),inferential,2,biopsy | surgical resection,117,82,9,0.15047240332314196,1.8717672699783965e-06,biopsy,2.293577981651376,surgical resection,0.0,1,1,True,,,5.7454642812329904e-05,
ileum,sample_collection_method,stroma,Crypt Top Fibroblasts (S2B),inferential,2,biopsy | surgical resection,117,82,9,0.17888437784342823,7.742685156655991e-06,biopsy,4.672897196261682,surgical resection,0.0,1,1,True,,,0.00010397320067509473,
ileum,sample_collection_method,stroma,Fibroblastic Reticular Cells (FRC),inferential,2,biopsy | surgical resection,117,82,9,0.004684372140317396,0.2733495388145393,biopsy,0.0,biopsy,0.0,1,1,True,,,0.4750862620994224,
ileum,sample_collection_method,stroma,Follicular Dendritic Cells (fDC),inferential,2,biopsy | surgical resection,117,82,9,0.0,0.535615261919905,biopsy,0.0,biopsy,0.0,1,1,True,,,0.699275480839876,
ileum,sample_collection_method,stroma,Glia,inferential,2,biopsy | surgical resection,117,82,9,0.01749839181363007,0.05996723611516446,biopsy,1.7191977077363898,surgical resection,0.0,1,1,True,,,0.1657917704360429,
ileum,sample_collection_method,stroma,Interstitial Cells of Cajal (ICC),inferential,2,biopsy | surgical resection,117,82,9,0.0,0.3078053256893518,biopsy,0.0,biopsy,0.0,1,1,True,,,0.4923279486912577,
ileum,sample_collection_method,stroma,Lamina propria Fibroblasts (S1),inferential,2,biopsy | surgical resection,117,82,9,0.19620822126642318,3.385504203017013e-06,biopsy,40.563380281690144,surgical resection,4.024520255863539,1,1,True,,,6.364747901671984e-05,
ileum,sample_collection_method,stroma,Lymphatic Endothelial,inferential,2,biopsy | surgical resection,117,82,9,0.18364463678006124,4.231525883343662e-05,surgical resection,3.5258534968511768,biopsy,0.0,1,1,True,,,0.0004972042912928803,
ileum,sample_collection_method,stroma,Marginal Reticular Cells (MRC),inferential,2,biopsy | surgical resection,117,82,9,0.0008868117928494459,0.48233309826007753,biopsy,0.0,biopsy,0.0,1,1,True,,,0.6570914671948882,
ileum,sample_collection_method,stroma,Medullary Sinus Endothelial,inferential,2,biopsy | surgical resection,117,82,9,0.0,0.6612756686499589,biopsy,1.6528925619834711,surgical resection,1.5178735949880227,1,1,True,,,0.7462246446972,
ileum,sample_collection_method,stroma,Mesenchymal Lymphoid Tissue Organizer Cells (mLTo Cells),inferential,2,biopsy | surgical resection,117,82,9,0.0,0.5865009513004554,biopsy,0.0,biopsy,0.0,1,1,True,,,0.7159881743148416,
ileum,sample_collection_method,stroma,Muscularis Propria Fibroblasts,inferential,2,biopsy | surgical resection,117,82,9,0.0,0.09061250745038642,biopsy,0.0,biopsy,0.0,1,1,True,,,0.21293939250840807,
ileum,sample_collection_method,stroma,Myofibroblasts,inferential,2,biopsy | surgical resection,117,82,9,0.13141361785939099,6.64365158921867e-05,biopsy,2.9357798165137616,surgical resection,0.0,1,1,True,,,0.0006938924993183945,
ileum,sample_collection_method,stroma,Post Arteriole Capillary Endothelial (PAC),inferential,2,biopsy | surgical resection,117,82,9,0.06218289531460133,0.045295045871324775,biopsy,13.83399209486166,surgical resection,3.0776112726459406,1,1,True,,,0.13305419724701653,
ileum,sample_collection_method,stroma,Pre Venule Capillary Endothelial (PVC),inferential,2,biopsy | surgical resection,117,82,9,0.003520855897757426,0.038462337220062266,biopsy,0.0,biopsy,0.0,1,1,True,,,0.11775535550943213,
ileum,sample_collection_method,stroma,Secretory Pericytes,inferential,2,biopsy | surgical resection,117,82,9,0.0008999014471682479,0.18616410637096376,biopsy,0.0,biopsy,0.0,1,1,True,,,0.36457137497647074,
ileum,sample_collection_method,stroma,Smooth Muscle Cells (SMC),inferential,2,biopsy | surgical resection,117,82,9,0.0,0.6287558603331356,biopsy,0.0,biopsy,0.0,1,1,True,,,0.7417617295050939,
ileum,sample_collection_method,stroma,Submucosal Fibroblasts (S3),inferential,2,biopsy | surgical resection,117,82,9,0.40684108928171736,2.020991879893366e-07,surgical resection,18.15062617944759,biopsy,0.0,1,1,True,,,1.8997323670997642e-05,
ileum,sample_collection_method,stroma,Venular Endothelial,inferential,2,biopsy | surgical resection,117,82,9,0.03419571419641271,0.053123590498179205,surgical resection,10.575830729906276,biopsy,5.839416058394161,1,1,True,,,0.15132174263117712,
ileum,sequenced_fragment,epithelial,BEST4 Colonocytes,descriptive,2,3 prime tag | 5 prime tag,225,152,11,0.0,,3 prime tag,0.0,3 prime tag,0.0,0,0,False,,,,
ileum,sequenced_fragment,epithelial,BEST4 Enterocytes,descriptive,2,3 prime tag | 5 prime tag,225,152,11,0.0,,5 prime tag,0.9417615312811819,3 prime tag,0.8669430833019224,0,0,False,,,,
ileum,sequenced_fragment,epithelial,Brunners Gland Cells,descriptive,2,3 prime tag | 5 prime tag,225,152,11,0.0,,3 prime tag,0.0,3 prime tag,0.0,0,0,False,,,,
ileum,sequenced_fragment,epithelial,Colonocyte Progenitors,descriptive,2,3 prime tag | 5 prime tag,225,152,11,0.0,,3 prime tag,0.0,3 prime tag,0.0,0,0,False,,,,
ileum,sequenced_fragment,epithelial,Crypt Top Colonocytes,descriptive,2,3 prime tag | 5 prime tag,225,152,11,0.0,,3 prime tag,0.0,3 prime tag,0.0,0,0,False,,,,
ileum,sequenced_fragment,epithelial,EEC Enterochromaffin (EC),descriptive,2,3 prime tag | 5 prime tag,225,152,11,0.0,,3 prime tag,0.24096385542168677,5 prime tag,0.12285012285012285,0,0,False,,,,
ileum,sequenced_fragment,epithelial,EEC L,descriptive,2,3 prime tag | 5 prime tag,225,152,11,0.003914050242897296,,3 prime tag,0.0,3 prime tag,0.0,0,0,False,,,,
ileum,sequenced_fragment,epithelial,EEC N,descriptive,2,3 prime tag | 5 prime tag,225,152,11,0.0,,5 prime tag,0.22220723107248513,3 prime tag,0.07538635506973237,0,0,False,,,,
ileum,sequenced_fragment,epithelial,EEC Progenitors,descriptive,2,3 prime tag | 5 prime tag,225,152,11,0.0,,3 prime tag,0.11441647597254005,5 prime tag,0.0,0,0,False,,,,
ileum,sequenced_fragment,epithelial,EEC S,descriptive,2,3 prime tag | 5 prime tag,225,152,11,0.012467610893701813,,5 prime tag,0.18452825594060873,3 prime tag,0.0,0,0,False,,,,
ileum,sequenced_fragment,epithelial,Enterocyte Progenitors,descriptive,2,3 prime tag | 5 prime tag,225,152,11,0.0032492869520064373,,3 prime tag,7.651715039577836,5 prime tag,3.098494444355369,0,0,False,,,,
ileum,sequenced_fragment,epithelial,Enteroendocrine Cells (EEC),descriptive,2,3 prime tag | 5 prime tag,225,152,11,0.0,,3 prime tag,0.0,3 prime tag,0.0,0,0,False,,,,
ileum,sequenced_fragment,epithelial,Epithelial,descriptive,2,3 prime tag | 5 prime tag,225,152,11,0.006937633314411918,,3 prime tag,0.0,3 prime tag,0.0,0,0,False,,,,
ileum,sequenced_fragment,epithelial,Foveolar Cells,descriptive,2,3 prime tag | 5 prime tag,225,152,11,0.0,,3 prime tag,0.0,3 prime tag,0.0,0,0,False,,,,
ileum,sequenced_fragment,epithelial,Goblet Cells,descriptive,2,3 prime tag | 5 prime tag,225,152,11,1.1819409224740313e-05,,3 prime tag,6.0606060606060606,5 prime tag,1.8835230625623638,0,0,False,,,,
ileum,sequenced_fragment,epithelial,Intestinal Stem Cells (ISC),descriptive,2,3 prime tag | 5 prime tag,225,152,11,0.021052624429689682,,3 prime tag,3.356282271944923,5 prime tag,0.36855036855036855,0,0,False,,,,
ileum,sequenced_fragment,epithelial,Lower Crypt Colonocytes,descriptive,2,3 prime tag | 5 prime tag,225,152,11,0.0,,3 prime tag,0.0,3 prime tag,0.0,0,0,False,,,,
ileum,sequenced_fragment,epithelial,Lower Villus Enterocytes,descriptive,2,3 prime tag | 5 prime tag,225,152,11,0.0,,3 prime tag,5.013192612137203,5 prime tag,4.380783104187359,0,0,False,,,,
ileum,sequenced_fragment,epithelial,Mature Goblet Cells,descriptive,2,3 prime tag | 5 prime tag,225,152,11,0.0,,3 prime tag,4.25531914893617,5 prime tag,2.3805214506899035,0,0,False,,,,
ileum,sequenced_fragment,epithelial,Microfold Cells (M Cells),descriptive,2,3 prime tag | 5 prime tag,225,152,11,0.0009078639673162034,,5 prime tag,0.07535795026375283,3 prime tag,0.0,0,0,False,,,,
ileum,sequenced_fragment,epithelial,Mid Crypt Colonocytes,descriptive,2,3 prime tag | 5 prime tag,225,152,11,0.0,,3 prime tag,0.0,3 prime tag,0.0,0,0,False,,,,
ileum,sequenced_fragment,epithelial,Mid Villus Enterocytes,descriptive,2,3 prime tag | 5 prime tag,225,152,11,0.0022678430981074023,,5 prime tag,16.044228703362247,3 prime tag,12.278260869565218,0,0,False,,,,
ileum,sequenced_fragment,epithelial,Paneth Cells,descriptive,2,3 prime tag | 5 prime tag,225,152,11,6.185452615560398e-05,,3 prime tag,0.07541478129713425,5 prime tag,0.0,0,0,False,,,,
ileum,sequenced_fragment,epithelial,Secretory Progenitors,descriptive,2,3 prime tag | 5 prime tag,225,152,11,0.0,,3 prime tag,1.883148237566393,5 prime tag,1.5492472221776845,0,0,False,,,,
ileum,sequenced_fragment,epithelial,Transiently Amplifying Cells (TA),descriptive,2,3 prime tag | 5 prime tag,225,152,11,0.0,,3 prime tag,9.069212410501192,5 prime tag,8.740002091065922,0,0,False,,,,
ileum,sequenced_fragment,epithelial,Tuft Cells,descriptive,2,3 prime tag | 5 prime tag,225,152,11,0.005623324870785116,,3 prime tag,0.5439005439005439,5 prime tag,0.06142506142506143,0,0,False,,,,
ileum,sequenced_fragment,epithelial,Tuft Progenitors,descriptive,2,3 prime tag | 5 prime tag,225,152,11,0.0,,3 prime tag,0.0,3 prime tag,0.0,0,0,False,,,,
ileum,sequenced_fragment,epithelial,Villus Tip Enterocytes,descriptive,2,3 prime tag | 5 prime tag,225,152,11,0.01632220899376959,,5 prime tag,59.92341471064876,3 prime tag,13.493975903614459,0,0,False,,,,
ileum,sequenced_fragment,lymphoid,CD4 Memory,inferential,2,3 prime tag | 5 prime tag,234,164,13,0.017980149116210976,0.025328153008917175,3 prime tag,4.411764705882353,5 prime tag,0.26041666666666663,0,0,False,,,0.2195106594106155,
ileum,sequenced_fragment,lymphoid,CD4 Naive,inferential,2,3 prime tag | 5 prime tag,234,164,13,0.0,0.6810787594490499,3 prime tag,0.36101083032490977,5 prime tag,0.0,0,0,False,,,0.7935440978954144,
ileum,sequenced_fragment,lymphoid,CD4 Tfh,inferential,2,3 prime tag | 5 prime tag,234,164,13,0.002791796350552942,0.23054293872050471,3 prime tag,1.7518248175182483,5 prime tag,0.8333333333333334,0,0,False,,,0.5043020711296028,
ileum,sequenced_fragment,lymphoid,CD4 Tfr,inferential,2,3 prime tag | 5 prime tag,234,164,13,0.0,0.7833629894249438,3 prime tag,0.16583747927031509,5 prime tag,0.0,0,0,False,,,0.8486432385436891,
ileum,sequenced_fragment,lymphoid,CD4 Th17,inferential,2,3 prime tag | 5 prime tag,234,164,13,0.011887702023558842,0.09843891518322555,3 prime tag,7.988165680473373,5 prime tag,3.3854166666666665,0,0,False,,,0.34706980560800316,
ileum,sequenced_fragment,lymphoid,CD4 Tr1,inferential,2,3 prime tag | 5 prime tag,234,164,13,0.0,0.929982265608037,3 prime tag,0.09980039920159679,5 prime tag,0.0,0,0,False,,,0.929982265608037,
ileum,sequenced_fragment,lymphoid,CD4 pTreg,inferential,2,3 prime tag | 5 prime tag,234,164,13,0.01714005638312454,0.017945330284250098,3 prime tag,0.5170630816959669,5 prime tag,0.0,0,0,False,,,0.2195106594106155,
ileum,sequenced_fragment,lymphoid,CD4 tTreg,inferential,2,3 prime tag | 5 prime tag,234,164,13,0.02697820332251684,0.0018042108656840343,3 prime tag,0.9313154831199069,5 prime tag,0.0,0,0,False,,,0.04690948250778489,
ileum,sequenced_fragment,lymphoid,CD8 Circulating Effector Memory,inferential,2,3 prime tag | 5 prime tag,234,164,13,0.0,0.4525789861204942,3 prime tag,1.7123287671232876,5 prime tag,1.5625,0,0,False,,,0.6686017308215806,
ileum,sequenced_fragment,lymphoid,CD8 Effector Memory,inferential,2,3 prime tag | 5 prime tag,234,164,13,0.004797333734129071,0.4628781213380173,3 prime tag,0.38167938931297707,5 prime tag,0.0,0,0,False,,,0.6686017308215806,
ileum,sequenced_fragment,lymphoid,CD8 IEL,inferential,2,3 prime tag | 5 prime tag,234,164,13,0.0,0.23275480205981666,5 prime tag,2.5,3 prime tag,1.3114754098360655,0,0,False,,,0.5043020711296028,
ileum,sequenced_fragment,lymphoid,CD8 Memory Exhausted,inferential,2,3 prime tag | 5 prime tag,234,164,13,0.012527125078623871,0.037223723086074044,3 prime tag,0.0,3 prime tag,0.0,0,0,False,,,0.24195420005948126,
ileum,sequenced_fragment,lymphoid,CD8 Naive,inferential,2,3 prime tag | 5 prime tag,234,164,13,0.0,0.41919944894302597,3 prime tag,0.0,3 prime tag,0.0,0,0,False,,,0.6686017308215806,
ileum,sequenced_fragment,lymphoid,CD8 TRM,inferential,2,3 prime tag | 5 prime tag,234,164,13,0.0035696509137602603,0.18750121789767335,3 prime tag,11.904761904761903,5 prime tag,6.510416666666667,0,0,False,,,0.4875031665339507,
ileum,sequenced_fragment,lymphoid,GC B Dark Zone (GC B DZ),inferential,2,3 prime tag | 5 prime tag,234,164,13,0.020885022114001686,0.07934339967160325,5 prime tag,15.364583333333334,3 prime tag,0.0,0,0,False,,,0.34382139857694743,
ileum,sequenced_fragment,lymphoid,GC B Light Zone (GC B LZ),inferential,2,3 prime tag | 5 prime tag,234,164,13,0.017000818116775358,0.10679070941784713,5 prime tag,12.121212121212121,3 prime tag,0.0,0,0,False,,,0.34706980560800316,
ileum,sequenced_fragment,lymphoid,Gamma Delta T Cells,inferential,2,3 prime tag | 5 prime tag,234,164,13,0.0,0.5960860503236969,3 prime tag,0.0,3 prime tag,0.0,0,0,False,,,0.7749118654208059,
ileum,sequenced_fragment,lymphoid,ILC3,inferential,2,3 prime tag | 5 prime tag,234,164,13,0.0,0.38731361803171804,3 prime tag,0.42771599657827203,5 prime tag,0.0,0,0,False,,,0.6686017308215806,
ileum,sequenced_fragment,lymphoid,MAIT Cells,inferential,2,3 prime tag | 5 prime tag,234,164,13,0.0,0.5422585388407981,3 prime tag,0.0,3 prime tag,0.0,0,0,False,,,0.7420380005189869,
ileum,sequenced_fragment,lymphoid,Memory B,inferential,2,3 prime tag | 5 prime tag,234,164,13,0.0,0.3780440456706877,5 prime tag,10.37463976945245,3 prime tag,5.617977528089887,0,0,False,,,0.6686017308215806,
ileum,sequenced_fragment,lymphoid,NK Cells,inferential,2,3 prime tag | 5 prime tag,234,164,13,0.0003267710547660993,0.1781891839349901,3 prime tag,0.8361204013377926,5 prime tag,0.26041666666666663,0,0,False,,,0.4875031665339507,
ileum,sequenced_fragment,lymphoid,NKT Cells,inferential,2,3 prime tag | 5 prime tag,234,164,13,0.0,0.6400134490572214,5 prime tag,2.4691358024691357,3 prime tag,1.5659955257270695,0,0,False,,,0.7923976035946549,
ileum,sequenced_fragment,lymphoid,Naive B,inferential,2,3 prime tag | 5 prime tag,234,164,13,0.0,0.4457854402291399,5 prime tag,4.166666666666666,3 prime tag,1.1695906432748537,0,0,False,,,0.6686017308215806,
ileum,sequenced_fragment,lymphoid,Plasma Cells,inferential,2,3 prime tag | 5 prime tag,234,164,13,0.0,0.920975626131864,5 prime tag,0.5208333333333333,3 prime tag,0.41450777202072536,0,0,False,,,0.929982265608037,
ileum,sequenced_fragment,lymphoid,Plasma IGA,inferential,2,3 prime tag | 5 prime tag,234,164,13,0.0,0.7019813173690204,5 prime tag,0.9584664536741214,3 prime tag,0.5770816158285244,0,0,False,,,0.7935440978954144,
ileum,sequenced_fragment,lymphoid,Plasma IGG,inferential,2,3 prime tag | 5 prime tag,234,164,13,0.0069898733896900786,0.07099206305789156,3 prime tag,0.0,3 prime tag,0.0,0,0,False,,,0.34382139857694743,
ileum,sequenced_fragment,myeloid,Classical Monocytes,descriptive,2,3 prime tag | 5 prime tag,203,133,10,0.0,,3 prime tag,2.1739130434782608,5 prime tag,1.8867924528301887,0,0,False,,,,
ileum,sequenced_fragment,myeloid,Cycling Macrophages,descriptive,2,3 prime tag | 5 prime tag,203,133,10,0.0,,5 prime tag,6.163522012578617,3 prime tag,1.729106628242075,0,0,False,,,,
ileum,sequenced_fragment,myeloid,Eosinophils,descriptive,2,3 prime tag | 5 prime tag,203,133,10,0.0,,3 prime tag,0.0,3 prime tag,0.0,0,0,False,,,,
ileum,sequenced_fragment,myeloid,Follicle Associated Resident Macrophages,descriptive,2,3 prime tag | 5 prime tag,203,133,10,0.0,,5 prime tag,4.276729559748428,3 prime tag,0.0,0,0,False,,,,
ileum,sequenced_fragment,myeloid,Homeostatic Macrophages,descriptive,2,3 prime tag | 5 prime tag,203,133,10,0.0,,5 prime tag,17.92452830188679,3 prime tag,12.5,0,0,False,,,,
ileum,sequenced_fragment,myeloid,M0 Macrophages,descriptive,2,3 prime tag | 5 prime tag,203,133,10,0.0,,5 prime tag,41.698113207547166,3 prime tag,29.411764705882355,0,0,False,,,,
ileum,sequenced_fragment,myeloid,Mast Cells,descriptive,2,3 prime tag | 5 prime tag,203,133,10,0.0027228370382462895,,3 prime tag,1.9607843137254901,5 prime tag,0.0,0,0,False,,,,
ileum,sequenced_fragment,myeloid,Monocyte Derived Dendritic Cells (MO DC),descriptive,2,3 prime tag | 5 prime tag,203,133,10,0.0,,3 prime tag,0.0,3 prime tag,0.0,0,0,False,,,,
ileum,sequenced_fragment,myeloid,Neutrophils,descriptive,2,3 prime tag | 5 prime tag,203,133,10,0.0,,3 prime tag,0.0,3 prime tag,0.0,0,0,False,,,,
ileum,sequenced_fragment,myeloid,Nonclassical Monocytes,descriptive,2,3 prime tag | 5 prime tag,203,133,10,0.0,,3 prime tag,0.0,3 prime tag,0.0,0,0,False,,,,
ileum,sequenced_fragment,myeloid,Perivascular Resident Macrophages,descriptive,2,3 prime tag | 5 prime tag,203,133,10,0.0,,3 prime tag,0.0,3 prime tag,0.0,0,0,False,,,,
ileum,sequenced_fragment,myeloid,Tolerogenic cDC2,descriptive,2,3 prime tag | 5 prime tag,203,133,10,0.0,,5 prime tag,0.9433962264150944,3 prime tag,0.0,0,0,False,,,,
ileum,sequenced_fragment,myeloid,cDC1,descriptive,2,3 prime tag | 5 prime tag,203,133,10,0.0,,5 prime tag,4.276729559748428,3 prime tag,1.8450184501845017,0,0,False,,,,
ileum,sequenced_fragment,myeloid,cDC2,descriptive,2,3 prime tag | 5 prime tag,203,133,10,0.0,,5 prime tag,22.830188679245282,3 prime tag,13.829787234042554,0,0,False,,,,
ileum,sequenced_fragment,myeloid,migDC,descriptive,2,3 prime tag | 5 prime tag,203,133,10,0.0,,3 prime tag,0.0,3 prime tag,0.0,0,0,False,,,,
ileum,sequenced_fragment,myeloid,pDC,descriptive,2,3 prime tag | 5 prime tag,203,133,10,0.0,,3 prime tag,0.0,3 prime tag,0.0,0,0,False,,,,
ileum,gene_annotation_version,epithelial,BEST4 Colonocytes,descriptive,2,v104 | v98,225,152,11,0.0005826878613711001,,v104,0.0,v104,0.0,0,0,False,,,,
ileum,gene_annotation_version,epithelial,BEST4 Enterocytes,descriptive,2,v104 | v98,225,152,11,0.05649416931975272,,v104,4.078014184397164,v98,0.8565663976522377,0,0,False,,,,
ileum,gene_annotation_version,epithelial,Brunners Gland Cells,descriptive,2,v104 | v98,225,152,11,0.0,,v104,0.0,v104,0.0,0,0,False,,,,
ileum,gene_annotation_version,epithelial,Colonocyte Progenitors,descriptive,2,v104 | v98,225,152,11,0.0,,v104,0.0,v104,0.0,0,0,False,,,,
ileum,gene_annotation_version,epithelial,Crypt Top Colonocytes,descriptive,2,v104 | v98,225,152,11,0.0,,v104,0.0,v104,0.0,0,0,False,,,,
ileum,gene_annotation_version,epithelial,EEC Enterochromaffin (EC),descriptive,2,v104 | v98,225,152,11,0.0,,v104,0.39215686274509803,v98,0.23981366995428016,0,0,False,,,,
ileum,gene_annotation_version,epithelial,EEC L,descriptive,2,v104 | v98,225,152,11,0.0040333248498696725,,v104,0.0,v104,0.0,0,0,False,,,,
ileum,gene_annotation_version,epithelial,EEC N,descriptive,2,v104 | v98,225,152,11,0.003271225429445683,,v104,0.09803921568627451,v98,0.07849285113747737,0,0,False,,,,
ileum,gene_annotation_version,epithelial,EEC Progenitors,descriptive,2,v104 | v98,225,152,11,0.0,,v98,0.10954599095207604,v104,0.09803921568627451,0,0,False,,,,
ileum,gene_annotation_version,epithelial,EEC S,descriptive,2,v104 | v98,225,152,11,0.0025365134619657007,,v104,0.0,v104,0.0,0,0,False,,,,
ileum,gene_annotation_version,epithelial,Enterocyte Progenitors,descriptive,2,v104 | v98,225,152,11,0.0,,v98,7.404773194246879,v104,2.621231979030144,0,0,False,,,,
ileum,gene_annotation_version,epithelial,Enteroendocrine Cells (EEC),descriptive,2,v104 | v98,225,152,11,0.007582038183806137,,v104,0.0,v104,0.0,0,0,False,,,,
ileum,gene_annotation_version,epithelial,Epithelial,descriptive,2,v104 | v98,225,152,11,0.0,,v104,0.0,v104,0.0,0,0,False,,,,
ileum,gene_annotation_version,epithelial,Foveolar Cells,descriptive,2,v104 | v98,225,152,11,0.0,,v104,0.0,v104,0.0,0,0,False,,,,
ileum,gene_annotation_version,epithelial,Goblet Cells,descriptive,2,v104 | v98,225,152,11,0.0,,v98,6.05043725849095,v104,3.014416775884666,0,0,False,,,,
ileum,gene_annotation_version,epithelial,Intestinal Stem Cells (ISC),descriptive,2,v104 | v98,225,152,11,0.0012972463831467914,,v104,4.6078431372549025,v98,3.2101331485774685,0,0,False,,,,
ileum,gene_annotation_version,epithelial,Lower Crypt Colonocytes,descriptive,2,v104 | v98,225,152,11,0.000372167828307148,,v104,0.0,v104,0.0,0,0,False,,,,
ileum,gene_annotation_version,epithelial,Lower Villus Enterocytes,descriptive,2,v104 | v98,225,152,11,0.0,,v104,5.490196078431373,v98,5.006596306068602,0,0,False,,,,
ileum,gene_annotation_version,epithelial,Mature Goblet Cells,descriptive,2,v104 | v98,225,152,11,0.016449252953999793,,v98,4.278197208876687,v104,0.09803921568627451,0,0,False,,,,
ileum,gene_annotation_version,epithelial,Microfold Cells (M Cells),descriptive,2,v104 | v98,225,152,11,0.0,,v104,0.0,v104,0.0,0,0,False,,,,
ileum,gene_annotation_version,epithelial,Mid Crypt Colonocytes,descriptive,2,v104 | v98,225,152,11,0.0,,v104,0.0,v104,0.0,0,0,False,,,,
ileum,gene_annotation_version,epithelial,Mid Villus Enterocytes,descriptive,2,v104 | v98,225,152,11,0.010028995106776508,,v104,22.54901960784314,v98,12.187517531556804,0,0,False,,,,
ileum,gene_annotation_version,epithelial,Paneth Cells,descriptive,2,v104 | v98,225,152,11,0.0,,v104,0.09803921568627451,v98,0.07279708966904141,0,0,False,,,,
ileum,gene_annotation_version,epithelial,Secretory Progenitors,descriptive,2,v104 | v98,225,152,11,0.0,,v98,1.902879236362345,v104,0.8865248226950355,0,0,False,,,,
ileum,gene_annotation_version,epithelial,Transiently Amplifying Cells (TA),descriptive,2,v104 | v98,225,152,11,0.0,,v98,9.152020453271703,v104,2.621231979030144,0,0,False,,,,
ileum,gene_annotation_version,epithelial,Tuft Cells,descriptive,2,v104 | v98,225,152,11,0.018262262999727195,,v104,4.019607843137255,v98,0.5244628160873247,0,0,False,,,,
ileum,gene_annotation_version,epithelial,Tuft Progenitors,descriptive,2,v104 | v98,225,152,11,0.01611929604111919,,v104,0.655307994757536,v98,0.0,0,0,False,,,,
ileum,gene_annotation_version,epithelial,Villus Tip Enterocytes,descriptive,2,v104 | v98,225,152,11,0.0024078485611157933,,v104,30.58823529411765,v98,13.54585480733131,0,0,False,,,,
colon,sampled_site_condition,epithelial,BEST4 Colonocytes,inferential,2,adjacent | healthy,117,68,12,0.01880435824892717,0.05527547660368858,adjacent,13.168724279835391,healthy,5.80672658357747,1,1,True,,,0.19244054817580467,
colon,sampled_site_condition,epithelial,BEST4 Enterocytes,inferential,2,adjacent | healthy,117,68,12,0.005461531672597262,0.16789890606180372,adjacent,0.0,adjacent,0.0,1,1,True,,,0.32751805327076844,
colon,sampled_site_condition,epithelial,Brunners Gland Cells,inferential,2,adjacent | healthy,117,68,12,0.0,0.3579259423024378,adjacent,0.0,adjacent,0.0,1,1,True,,,0.5257037277567055,
colon,sampled_site_condition,epithelial,Colonocyte Progenitors,inferential,2,adjacent | healthy,117,68,12,0.0,0.6149456168976182,healthy,12.801794120051863,adjacent,8.24468085106383,1,1,True,,,0.7811471349780555,
colon,sampled_site_condition,epithelial,Crypt Top Colonocytes,inferential,2,adjacent | healthy,117,68,12,0.0,0.8896351091266744,healthy,12.524368707814341,adjacent,11.889908256880734,1,1,True,,,0.9364086934007535,
colon,sampled_site_condition,epithelial,EEC Enterochromaffin (EC),inferential,2,adjacent | healthy,117,68,12,0.0063520868596655304,0.16789890606180372,adjacent,0.0,adjacent,0.0,1,1,True,,,0.32751805327076844,
colon,sampled_site_condition,epithelial,EEC L,inferential,2,adjacent | healthy,117,68,12,0.0,0.9515900887249519,adjacent,0.17084282460136674,healthy,0.0,1,1,True,,,0.9688852275044821,
colon,sampled_site_condition,epithelial,EEC N,inferential,2,adjacent | healthy,117,68,12,0.0,0.5437838935955843,adjacent,0.0,adjacent,0.0,1,1,True,,,0.7199392394082383,
colon,sampled_site_condition,epithelial,EEC Progenitors,inferential,2,adjacent | healthy,117,68,12,0.0042518016620755475,0.13350907702462872,healthy,0.02159827213822894,adjacent,0.0,1,1,True,,,0.2988060295313119,
colon,sampled_site_condition,epithelial,EEC S,inferential,2,adjacent | healthy,117,68,12,0.0,0.7286552891640568,adjacent,0.0,adjacent,0.0,1,1,True,,,0.8455999652027325,
colon,sampled_site_condition,epithelial,Enterocyte Progenitors,inferential,2,adjacent | healthy,117,68,12,0.0,0.8964929863320086,adjacent,0.211864406779661,healthy,0.017618040873854827,1,1,True,,,0.9364086934007535,
colon,sampled_site_condition,epithelial,Enteroendocrine Cells (EEC),inferential,2,adjacent | healthy,117,68,12,0.014144914775560544,0.14272587893573252,adjacent,0.0,adjacent,0.0,1,1,True,,,0.30323497426569856,
colon,sampled_site_condition,epithelial,Epithelial,inferential,2,adjacent | healthy,117,68,12,0.013631238707471143,0.18167279780420653,adjacent,0.0,adjacent,0.0,1,1,True,,,0.3366951827328425,
colon,sampled_site_condition,epithelial,Foveolar Cells,inferential,2,adjacent | healthy,117,68,12,0.0,0.40998344077189175,adjacent,0.0,adjacent,0.0,1,1,True,,,0.5839158095842094,
colon,sampled_site_condition,epithelial,Goblet Cells,inferential,2,adjacent | healthy,117,68,12,0.026263158806259047,0.022550762275266548,adjacent,8.950617283950617,healthy,1.688158483504861,1,1,True,,,0.13210996415679468,
colon,sampled_site_condition,epithelial,Intestinal Stem Cells (ISC),inferential,2,adjacent | healthy,117,68,12,0.0,0.8215948129612907,healthy,2.0509216491187283,adjacent,1.5625,1,1,True,,,0.912681338152436,
colon,sampled_site_condition,epithelial,Lower Crypt Colonocytes,inferential,2,adjacent | healthy,117,68,12,0.0,0.419911083405333,healthy,25.250716332378225,adjacent,17.425968109339408,1,1,True,,,0.5884932564734597,
colon,sampled_site_condition,epithelial,Lower Villus Enterocytes,inferential,2,adjacent | healthy,117,68,12,0.0,0.3489282820553473,adjacent,0.0,adjacent,0.0,1,1,True,,,0.5206231510032167,
colon,sampled_site_condition,epithelial,Mature Goblet Cells,inferential,2,adjacent | healthy,117,68,12,0.06516823083101998,0.006463694040829824,adjacent,1.4678899082568808,healthy,0.0,1,1,True,,,0.06750287469510949,
colon,sampled_site_condition,epithelial,Microfold Cells (M Cells),inferential,2,adjacent | healthy,117,68,12,0.024363380892326723,0.09246475105443677,adjacent,0.0,adjacent,0.0,1,1,True,,,0.2458727404455711,
colon,sampled_site_condition,epithelial,Mid Crypt Colonocytes,inferential,2,adjacent | healthy,117,68,12,0.04975542884966773,0.008813441610410146,adjacent,8.695652173913043,healthy,2.74990665866373,1,1,True,,,0.06750287469510949,
colon,sampled_site_condition,epithelial,Mid Villus Enterocytes,inferential,2,adjacent | healthy,117,68,12,0.0,0.5788510484515641,adjacent,0.0,adjacent,0.0,1,1,True,,,0.7453698432116032,
colon,sampled_site_condition,epithelial,Paneth Cells,inferential,2,adjacent | healthy,117,68,12,0.007555880275465769,0.22137696897679449,adjacent,0.0,adjacent,0.0,1,1,True,,,0.3911907119229571,
colon,sampled_site_condition,epithelial,Secretory Progenitors,inferential,2,adjacent | healthy,117,68,12,0.0,0.47697552295196277,adjacent,0.9259259259259258,healthy,0.7640682957285673,1,1,True,,,0.6497927414128188,
colon,sampled_site_condition,epithelial,Transiently Amplifying Cells (TA),inferential,2,adjacent | healthy,117,68,12,0.0,0.5266555417067531,adjacent,1.3297872340425532,healthy,1.2557127470672138,1,1,True,,,0.7072231560062113,
colon,sampled_site_condition,epithelial,Tuft Cells,inferential,2,adjacent | healthy,117,68,12,0.08227068800688793,0.0007896393310631495,healthy,0.21122604754592794,adjacent,0.0,1,1,True,,,0.02474203237331202,
colon,sampled_site_condition,epithelial,Tuft Progenitors,inferential,2,adjacent | healthy,117,68,12,0.058045190488766954,0.005514761884058266,healthy,0.0881605730534363,adjacent,0.0,1,1,True,,,0.06750287469510949,
colon,sampled_site_condition,epithelial,Villus Tip Enterocytes,inferential,2,adjacent | healthy,117,68,12,0.0,0.7286552891640568,adjacent,0.0,adjacent,0.0,1,1,True,,,0.8455999652027325,
colon,sampled_site_condition,lymphoid,CD4 Memory,inferential,2,adjacent | healthy,145,85,14,0.011173106203686287,0.07850849678676819,adjacent,10.663198959687907,healthy,3.882944122102745,1,1,True,,,0.23805802251471647,
colon,sampled_site_condition,lymphoid,CD4 Naive,inferential,2,adjacent | healthy,145,85,14,0.016743252440535882,0.053829558520737605,healthy,0.9887186874215472,adjacent,0.3872966692486445,1,1,True,,,0.19244054817580467,
colon,sampled_site_condition,lymphoid,CD4 Tfh,inferential,2,adjacent | healthy,145,85,14,0.0,0.8404948739613076,healthy,1.8197554526434097,adjacent,1.2474012474012475,1,1,True,,,0.9136091060453372,
colon,sampled_site_condition,lymphoid,CD4 Tfr,inferential,2,adjacent | healthy,145,85,14,0.0,0.8455743853823865,adjacent,0.21380574221136223,healthy,0.11097946141741197,1,1,True,,,0.9136091060453372,
colon,sampled_site_condition,lymphoid,CD4 Th17,inferential,2,adjacent | healthy,145,85,14,0.0,0.6682943162328968,adjacent,4.615384615384616,healthy,3.869586776048034,1,1,True,,,0.815839814621978,
colon,sampled_site_condition,lymphoid,CD4 Tr1,inferential,2,adjacent | healthy,145,85,14,0.03902393253514328,0.01438161709273965,adjacent,0.5201560468140443,healthy,0.0,1,1,True,,,0.09656228619410909,
colon,sampled_site_condition,lymphoid,CD4 pTreg,inferential,2,adjacent | healthy,145,85,14,0.012127388236160313,0.1440808184904097,adjacent,1.1703511053315996,healthy,0.4609175870858113,1,1,True,,,0.30323497426569856,
colon,sampled_site_condition,lymphoid,CD4 tTreg,inferential,2,adjacent | healthy,145,85,14,0.0007470529436154931,0.3772636308847306,adjacent,1.6905071521456438,healthy,0.9769912838160307,1,1,True,,,0.5455812508179181,
colon,sampled_site_condition,lymphoid,CD8 Circulating Effector Memory,inferential,2,adjacent | healthy,145,85,14,0.0041199323429122565,0.14587159192789378,adjacent,3.7296037296037294,healthy,1.7789330922242315,1,1,True,,,0.30323497426569856,
colon,sampled_site_condition,lymphoid,CD8 Effector Memory,inferential,2,adjacent | healthy,145,85,14,0.027101305666065844,0.008886584682403938,adjacent,4.0,healthy,0.9639123612078319,1,1,True,,,0.06750287469510949,
colon,sampled_site_condition,lymphoid,CD8 IEL,inferential,2,adjacent | healthy,145,85,14,0.0,0.8252969547123092,healthy,6.5361952861952854,adjacent,5.151515151515151,1,1,True,,,0.912681338152436,
colon,sampled_site_condition,lymphoid,CD8 Memory Exhausted,inferential,2,adjacent | healthy,145,85,14,0.0,0.9172674392513932,adjacent,0.0,adjacent,0.0,1,1,True,,,0.9475070251607798,
colon,sampled_site_condition,lymphoid,CD8 Naive,inferential,2,adjacent | healthy,145,85,14,0.008916640886941867,0.09141287401624035,healthy,0.2530160321710098,adjacent,0.0,1,1,True,,,0.2458727404455711,
colon,sampled_site_condition,lymphoid,CD8 TRM,inferential,2,adjacent | healthy,145,85,14,0.0,0.9585779378501792,adjacent,4.428904428904429,healthy,3.4924557068503232,1,1,True,,,0.9688852275044821,
colon,sampled_site_condition,lymphoid,GC B Dark Zone (GC B DZ),inferential,2,adjacent | healthy,145,85,14,0.0,0.9741041191401015,adjacent,0.2494802494802495,healthy,0.0,1,1,True,,,0.9741041191401015,
colon,sampled_site_condition,lymphoid,GC B Light Zone (GC B LZ),inferential,2,adjacent | healthy,145,85,14,0.0,0.654177044347763,adjacent,0.0,adjacent,0.0,1,1,True,,,0.8091137127459175,
colon,sampled_site_condition,lymphoid,Gamma Delta T Cells,inferential,2,adjacent | healthy,145,85,14,0.04907131294233538,0.006148781604204986,healthy,0.1974174340522967,adjacent,0.0,1,1,True,,,0.06750287469510949,
colon,sampled_site_condition,lymphoid,ILC3,inferential,2,adjacent | healthy,145,85,14,0.015905123591554007,0.0889474977794506,healthy,0.3550110205586364,adjacent,0.0333000333000333,1,1,True,,,0.2458727404455711,
colon,sampled_site_condition,lymphoid,MAIT Cells,inferential,2,adjacent | healthy,145,85,14,0.0001852978899821611,0.32372806441428703,adjacent,0.30303030303030304,healthy,0.21584837088628733,1,1,True,,,0.4975529987059128,
colon,sampled_site_condition,lymphoid,Memory B,inferential,2,adjacent | healthy,145,85,14,0.0,0.7900980716086035,adjacent,5.943536404160475,healthy,4.08885743953909,1,1,True,,,0.8948098642314304,
colon,sampled_site_condition,lymphoid,NK Cells,inferential,2,adjacent | healthy,145,85,14,0.01183313508225794,0.117667764172237,healthy,0.4247027681546537,adjacent,0.2688172043010753,1,1,True,,,0.2861993347830022,
colon,sampled_site_condition,lymphoid,NKT Cells,inferential,2,adjacent | healthy,145,85,14,0.006534385022201583,0.11615234283333906,adjacent,0.9239297813366184,healthy,0.38769473002594645,1,1,True,,,0.2861993347830022,
colon,sampled_site_condition,lymphoid,Naive B,inferential,2,adjacent | healthy,145,85,14,0.005082020112758534,0.17072749585391123,healthy,1.5250012023662567,adjacent,0.9563409563409564,1,1,True,,,0.32751805327076844,
colon,sampled_site_condition,lymphoid,Plasma Cells,inferential,2,adjacent | healthy,145,85,14,0.0,0.7016869850856564,adjacent,1.8181818181818181,healthy,0.9137182910547396,1,1,True,,,0.8349186911145785,
colon,sampled_site_condition,lymphoid,Plasma IGA,inferential,2,adjacent | healthy,145,85,14,0.0,0.7016869850856564,adjacent,9.752925877763328,healthy,2.991174915612672,1,1,True,,,0.8349186911145785,
colon,sampled_site_condition,lymphoid,Plasma IGG,inferential,2,adjacent | healthy,145,85,14,0.0055830519016736154,0.2247265791897839,adjacent,0.8915304606240713,healthy,0.0,1,1,True,,,0.3911907119229571,
colon,sampled_site_condition,myeloid,Classical Monocytes,inferential,2,adjacent | healthy,107,64,11,0.03557305953914795,0.021802468151847148,adjacent,10.550458715596331,healthy,3.881646011052095,1,1,True,,,0.13210996415679468,
colon,sampled_site_condition,myeloid,Cycling Macrophages,inferential,2,adjacent | healthy,107,64,11,0.0,0.328173254465602,adjacent,0.8620689655172413,healthy,0.0,1,1,True,,,0.4975529987059128,
colon,sampled_site_condition,myeloid,Eosinophils,inferential,2,adjacent | healthy,107,64,11,0.050603039391817005,0.029988744340587518,adjacent,0.0,adjacent,0.0,1,1,True,,,0.14094709840076133,
colon,sampled_site_condition,myeloid,Follicle Associated Resident Macrophages,inferential,2,adjacent | healthy,107,64,11,0.0,0.29183095323986,adjacent,0.796812749003984,healthy,0.0,1,1,True,,,0.4812650807815235,
colon,sampled_site_condition,myeloid,Homeostatic Macrophages,inferential,2,adjacent | healthy,107,64,11,0.03305848453287625,0.040774655199664875,adjacent,17.02127659574468,healthy,4.286589099816289,1,1,True,,,0.1597007328653541,
colon,sampled_site_condition,myeloid,M0 Macrophages,inferential,2,adjacent | healthy,107,64,11,0.0,0.4257185259595241,healthy,11.507936507936506,adjacent,9.487179487179487,1,1,True,,,0.5884932564734597,
colon,sampled_site_condition,myeloid,Mast Cells,inferential,2,adjacent | healthy,107,64,11,0.0,0.5542637780985207,adjacent,15.128205128205128,healthy,2.000800320128051,1,1,True,,,0.7236221547397353,
colon,sampled_site_condition,myeloid,Monocyte Derived Dendritic Cells (MO DC),inferential,2,adjacent | healthy,107,64,11,0.07765561419395293,0.002533966588024154,adjacent,0.0,adjacent,0.0,1,1,True,,,0.05954821481856762,
colon,sampled_site_condition,myeloid,Neutrophils,inferential,2,adjacent | healthy,107,64,11,0.03508477744263972,0.06023403020495238,adjacent,0.0,adjacent,0.0,1,1,True,,,0.2015671251971848,
colon,sampled_site_condition,myeloid,Nonclassical Monocytes,inferential,2,adjacent | healthy,107,64,11,0.004261952226708036,0.1483915831512993,adjacent,0.0,adjacent,0.0,1,1,True,,,0.30323497426569856,
colon,sampled_site_condition,myeloid,Perivascular Resident Macrophages,inferential,2,adjacent | healthy,107,64,11,0.055457659589671665,0.03889468852041917,adjacent,5.172413793103448,healthy,0.0,1,1,True,,,0.1597007328653541,
colon,sampled_site_condition,myeloid,Tolerogenic cDC2,inferential,2,adjacent | healthy,107,64,11,0.05805968119952661,0.009335503947195994,adjacent,0.0,adjacent,0.0,1,1,True,,,0.06750287469510949,
colon,sampled_site_condition,myeloid,cDC1,inferential,2,adjacent | healthy,107,64,11,0.03154294980132469,0.12812132626084463,adjacent,0.0,adjacent,0.0,1,1,True,,,0.29374157728096084,
colon,sampled_site_condition,myeloid,cDC2,inferential,2,adjacent | healthy,107,64,11,0.0,0.6402272371175817,adjacent,6.666666666666667,healthy,6.499270840398833,1,1,True,,,0.8024181371873691,
colon,sampled_site_condition,myeloid,migDC,inferential,2,adjacent | healthy,107,64,11,0.016002063382644257,0.06218560245445063,adjacent,0.0,adjacent,0.0,1,1,True,,,0.2015671251971848,
colon,sampled_site_condition,myeloid,pDC,inferential,2,adjacent | healthy,107,64,11,0.014340332316158179,0.1246720951262809,adjacent,0.0,adjacent,0.0,1,1,True,,,0.2929794235467601,
colon,sampled_site_condition,stroma,Adipocytes,inferential,2,adjacent | healthy,79,53,8,0.005796157693622464,0.08496409561080567,adjacent,1.493531202435312,healthy,0.0,1,1,True,,,0.2458727404455711,
colon,sampled_site_condition,stroma,Angiogenic Pericytes,inferential,2,adjacent | healthy,79,53,8,0.00954780665410973,0.21082426549858432,adjacent,2.413742631698003,healthy,0.4492939666238768,1,1,True,,,0.3811054030166717,
colon,sampled_site_condition,stroma,Arteriolar Endothelial,inferential,2,adjacent | healthy,79,53,8,0.03226275247621235,0.09416402825575063,healthy,1.2345679012345678,adjacent,0.6678373776074925,1,1,True,,,0.2458727404455711,
colon,sampled_site_condition,stroma,Capillary Endothelial,inferential,2,adjacent | healthy,79,53,8,0.12793539783106397,0.0005707119206391061,adjacent,0.0,adjacent,0.0,1,1,True,,,0.02474203237331202,
colon,sampled_site_condition,stroma,Contractile Pericytes,inferential,2,adjacent | healthy,79,53,8,0.09432107934715474,0.0049328835780504225,adjacent,4.690080637326338,healthy,0.6060606060606061,1,1,True,,,0.06750287469510949,
colon,sampled_site_condition,stroma,Crypt Bottom Fibroblasts (S2A),inferential,2,adjacent | healthy,79,53,8,0.005811808967123214,0.3215404127525763,healthy,8.433734939759036,adjacent,2.547175001375364,1,1,True,,,0.4975529987059128,
colon,sampled_site_condition,stroma,Crypt Top Fibroblasts (S2B),inferential,2,adjacent | healthy,79,53,8,0.01492762777918624,0.1826750459507975,healthy,1.478743068391867,adjacent,0.9115286094905206,1,1,True,,,0.3366951827328425,
colon,sampled_site_condition,stroma,Fibroblastic Reticular Cells (FRC),inferential,2,adjacent | healthy,79,53,8,0.06791624157389395,0.051165020802782804,adjacent,0.0,adjacent,0.0,1,1,True,,,0.19238047821846335,
colon,sampled_site_condition,stroma,Follicular Dendritic Cells (fDC),inferential,2,adjacent | healthy,79,53,8,0.06861411200901027,0.02599032413097019,adjacent,0.0,adjacent,0.0,1,1,True,,,0.135727248239511,
colon,sampled_site_condition,stroma,Glia,inferential,2,adjacent | healthy,79,53,8,0.038049648848739924,0.034634943087498475,adjacent,6.098339719029374,healthy,1.3333333333333335,1,1,True,,,0.15503260239165984,
colon,sampled_site_condition,stroma,Interstitial Cells of Cajal (ICC),inferential,2,adjacent | healthy,79,53,8,0.06652249204797134,0.02943553245921622,adjacent,0.0,adjacent,0.0,1,1,True,,,0.14094709840076133,
colon,sampled_site_condition,stroma,Lamina propria Fibroblasts (S1),inferential,2,adjacent | healthy,79,53,8,0.002109889049492552,0.3136743937914736,adjacent,15.93515605604913,healthy,13.218390804597702,1,1,True,,,0.4975529987059128,
colon,sampled_site_condition,stroma,Lymphatic Endothelial,inferential,2,adjacent | healthy,79,53,8,0.012764511225152847,0.24858008378696875,adjacent,0.0,adjacent,0.0,1,1,True,,,0.41725942635669755,
colon,sampled_site_condition,stroma,Marginal Reticular Cells (MRC),inferential,2,adjacent | healthy,79,53,8,0.05476434628264231,0.11874227719720304,adjacent,0.0,adjacent,0.0,1,1,True,,,0.2861993347830022,
colon,sampled_site_condition,stroma,Medullary Sinus Endothelial,inferential,2,adjacent | healthy,79,53,8,0.009004373614829968,0.24197848450204812,adjacent,0.0,adjacent,0.0,1,1,True,,,0.41356322805804585,
colon,sampled_site_condition,stroma,Mesenchymal Lymphoid Tissue Organizer Cells (mLTo Cells),inferential,2,adjacent | healthy,79,53,8,0.0,0.7698936814352572,adjacent,0.0,adjacent,0.0,1,1,True,,,0.8825610494501728,
colon,sampled_site_condition,stroma,Muscularis Propria Fibroblasts,inferential,2,adjacent | healthy,79,53,8,0.2700303004193519,5.971310686420464e-05,adjacent,13.681718247928293,healthy,0.0,1,1,True,,,0.005613032045235236,
colon,sampled_site_condition,stroma,Myofibroblasts,inferential,2,adjacent | healthy,79,53,8,0.08570011011993658,0.005187829110400477,healthy,2.135231316725979,adjacent,0.4118265405239977,1,1,True,,,0.06750287469510949,
colon,sampled_site_condition,stroma,Post Arteriole Capillary Endothelial (PAC),inferential,2,adjacent | healthy,79,53,8,0.0,0.8965615149581683,healthy,6.024096385542169,adjacent,3.976178687352148,1,1,True,,,0.9364086934007535,
colon,sampled_site_condition,stroma,Pre Venule Capillary Endothelial (PVC),inferential,2,adjacent | healthy,79,53,8,0.07033542866346544,0.0405994271690626,adjacent,0.7138053313768647,healthy,0.0,1,1,True,,,0.1597007328653541,
colon,sampled_site_condition,stroma,Secretory Pericytes,inferential,2,adjacent | healthy,79,53,8,0.0003716103387820258,0.3059302750465465,adjacent,0.09380863039399624,healthy,0.0,1,1,True,,,0.4958180319719892,
colon,sampled_site_condition,stroma,Smooth Muscle Cells (SMC),inferential,2,adjacent | healthy,79,53,8,0.06430693907230489,0.07125699869427392,adjacent,0.9653023880666158,healthy,0.0,1,1,True,,,0.22327192924205827,
colon,sampled_site_condition,stroma,Submucosal Fibroblasts (S3),inferential,2,adjacent | healthy,79,53,8,0.09548124071747684,0.008886891237824091,adjacent,31.0415024954032,healthy,0.33557046979865773,1,1,True,,,0.06750287469510949,
colon,sampled_site_condition,stroma,Venular Endothelial,inferential,2,adjacent | healthy,79,53,8,0.04507306481735185,0.02389222756027138,healthy,3.7037037037037033,adjacent,1.30549888273584,1,1,True,,,0.13210996415679468,
colon,radial_tissue_term,epithelial,BEST4 Colonocytes,inferential,5,EPI | EPI_LP | EPI_LP_MUSC | LP | WM,117,68,12,0.4521972895529042,3.580444201694165e-10,EPI_LP_MUSC,17.290044493882093,LP,0.22026431718061676,2,1,True,,,1.8697875275513973e-09,
colon,radial_tissue_term,epithelial,BEST4 Enterocytes,inferential,5,EPI | EPI_LP | EPI_LP_MUSC | LP | WM,117,68,12,0.6253627068258859,2.577300383144402e-15,EPI,0.0,EPI,0.0,2,1,True,,,4.037770600259564e-14,
colon,radial_tissue_term,epithelial,Brunners Gland Cells,inferential,5,EPI | EPI_LP | EPI_LP_MUSC | LP | WM,117,68,12,0.47951588520922617,5.409035904895199e-17,EPI,0.0,EPI,0.0,2,1,True,,,2.5422468753007438e-15,
colon,radial_tissue_term,epithelial,Colonocyte Progenitors,inferential,5,EPI | EPI_LP | EPI_LP_MUSC | LP | WM,117,68,12,0.269220505042116,2.3590481563963027e-07,EPI,22.363391559881578,EPI_LP,3.040540540540541,2,1,True,,,5.543763167531311e-07,
colon,radial_tissue_term,epithelial,Crypt Top Colonocytes,inferential,5,EPI | EPI_LP | EPI_LP_MUSC | LP | WM,117,68,12,0.28553481847173806,1.401430692066088e-07,EPI_LP,33.33333333333333,LP,0.0,2,1,True,,,3.4666969751108494e-07,
colon,radial_tissue_term,epithelial,EEC Enterochromaffin (EC),inferential,5,EPI | EPI_LP | EPI_LP_MUSC | LP | WM,117,68,12,0.10928677474491438,0.0003116566248950995,EPI,0.2656145782207624,EPI_LP,0.0,2,1,True,,,0.00046501147206570395,
colon,radial_tissue_term,epithelial,EEC L,inferential,5,EPI | EPI_LP | EPI_LP_MUSC | LP | WM,117,68,12,0.08179051781346483,0.001031728026353915,EPI,0.2506897557255333,EPI_LP,0.0,2,1,True,,,0.0013854633496752573,
colon,radial_tissue_term,epithelial,EEC N,inferential,5,EPI | EPI_LP | EPI_LP_MUSC | LP | WM,117,68,12,0.6238379435649096,3.4109008042705826e-15,EPI,0.0,EPI,0.0,2,1,True,,,4.5803525085919253e-14,
colon,radial_tissue_term,epithelial,EEC Progenitors,inferential,5,EPI | EPI_LP | EPI_LP_MUSC | LP | WM,117,68,12,0.09195291352146928,0.006284141386566056,EPI,0.40999372544332735,EPI_LP,0.0,2,1,True,,,0.007292707288113695,
colon,radial_tissue_term,epithelial,EEC S,inferential,5,EPI | EPI_LP | EPI_LP_MUSC | LP | WM,117,68,12,0.6293902309483597,2.327023692482924e-15,EPI,0.0,EPI,0.0,2,1,True,,,4.037770600259564e-14,
colon,radial_tissue_term,epithelial,Enterocyte Progenitors,inferential,5,EPI | EPI_LP | EPI_LP_MUSC | LP | WM,117,68,12,0.21581433218184023,7.508282027005448e-06,EPI,0.25742172678625164,EPI_LP,0.0,2,1,True,,,1.3316575670537965e-05,
colon,radial_tissue_term,epithelial,Enteroendocrine Cells (EEC),inferential,5,EPI | EPI_LP | EPI_LP_MUSC | LP | WM,117,68,12,0.5599541484237914,4.5679715286833796e-14,EPI,0.0,EPI,0.0,2,1,True,,,5.159139146647687e-13,
colon,radial_tissue_term,epithelial,Epithelial,inferential,5,EPI | EPI_LP | EPI_LP_MUSC | LP | WM,117,68,12,0.6427547459708918,1.329049320065915e-15,WM,0.03716456159316679,EPI,0.0,2,1,True,,,3.1232659021549e-14,
colon,radial_tissue_term,epithelial,Foveolar Cells,inferential,5,EPI | EPI_LP | EPI_LP_MUSC | LP | WM,117,68,12,0.6814780024994063,4.7948929263950026e-17,EPI,0.0,EPI,0.0,2,1,True,,,2.5422468753007438e-15,
colon,radial_tissue_term,epithelial,Goblet Cells,inferential,5,EPI | EPI_LP | EPI_LP_MUSC | LP | WM,117,68,12,0.3474631980749282,1.3557002205129212e-07,WM,15.970991723490062,LP,0.0,2,1,True,,,3.444211371032827e-07,
colon,radial_tissue_term,epithelial,Intestinal Stem Cells (ISC),inferential,5,EPI | EPI_LP | EPI_LP_MUSC | LP | WM,117,68,12,0.5684996053728236,4.9396013106201265e-14,EPI,4.6477423518077545,LP,0.0,2,1,True,,,5.159139146647687e-13,
colon,radial_tissue_term,epithelial,Lower Crypt Colonocytes,inferential,5,EPI | EPI_LP | EPI_LP_MUSC | LP | WM,117,68,12,0.5801412604657942,1.845504338908013e-13,EPI,30.96389313362962,EPI_LP,10.0,2,1,True,,,1.7347740785735321e-12,
colon,radial_tissue_term,epithelial,Lower Villus Enterocytes,inferential,5,EPI | EPI_LP | EPI_LP_MUSC | LP | WM,117,68,12,0.41895826029398914,1.889910722189965e-10,EPI,0.0900108799948611,EPI_LP,0.0,2,1,True,,,1.0450094581520981e-09,
colon,radial_tissue_term,epithelial,Mature Goblet Cells,inferential,5,EPI | EPI_LP | EPI_LP_MUSC | LP | WM,117,68,12,0.28270807548827825,6.454152462322067e-09,EPI_LP,1.932367149758454,EPI,0.0,2,1,True,,,2.4267613258330972e-08,
colon,radial_tissue_term,epithelial,Microfold Cells (M Cells),inferential,5,EPI | EPI_LP | EPI_LP_MUSC | LP | WM,117,68,12,0.30718987651809604,8.95696657852172e-09,EPI,0.0,EPI,0.0,2,1,True,,,3.2382879168501605e-08,
colon,radial_tissue_term,epithelial,Mid Crypt Colonocytes,inferential,5,EPI | EPI_LP | EPI_LP_MUSC | LP | WM,117,68,12,0.2746105616675994,1.9109743174802256e-07,EPI_LP_MUSC,6.306498109776799,LP,0.0,2,1,True,,,4.6059380985420824e-07,
colon,radial_tissue_term,epithelial,Mid Villus Enterocytes,inferential,5,EPI | EPI_LP | EPI_LP_MUSC | LP | WM,117,68,12,0.30055008724078447,6.904904687000658e-13,EPI,0.0,EPI,0.0,2,1,True,,,5.900554914346017e-12,
colon,radial_tissue_term,epithelial,Paneth Cells,inferential,5,EPI | EPI_LP | EPI_LP_MUSC | LP | WM,117,68,12,0.6468571792982981,3.654030688074799e-16,EPI,0.0,EPI,0.0,2,1,True,,,1.1449296155967704e-14,
colon,radial_tissue_term,epithelial,Secretory Progenitors,inferential,5,EPI | EPI_LP | EPI_LP_MUSC | LP | WM,117,68,12,0.40838294548558374,4.616527545660981e-10,WM,2.0095855134074556,EPI_LP,0.0,2,1,True,,,2.2839662594322747e-09,
colon,radial_tissue_term,epithelial,Transiently Amplifying Cells (TA),inferential,5,EPI | EPI_LP | EPI_LP_MUSC | LP | WM,117,68,12,0.15777086618036562,0.0006177602854172331,EPI,2.7061226978899864,EPI_LP_MUSC,0.6770508636180278,2,1,True,,,0.0008667084601376106,
colon,radial_tissue_term,epithelial,Tuft Cells,inferential,5,EPI | EPI_LP | EPI_LP_MUSC | LP | WM,117,68,12,0.04615926324229679,0.0038960148723430686,WM,0.42448467230443976,EPI_LP,0.0,2,1,True,,,0.004818755236845375,
colon,radial_tissue_term,epithelial,Tuft Progenitors,inferential,5,EPI | EPI_LP | EPI_LP_MUSC | LP | WM,117,68,12,0.1581741957357804,0.00011117003330472696,EPI,0.6858012720520108,EPI_LP,0.0,2,1,True,,,0.0001741663855107389,
colon,radial_tissue_term,epithelial,Villus Tip Enterocytes,inferential,5,EPI | EPI_LP | EPI_LP_MUSC | LP | WM,117,68,12,0.20725369759986384,2.91921960672939e-11,EPI,0.0,EPI,0.0,2,1,True,,,2.1108203310197127e-10,
colon,radial_tissue_term,lymphoid,CD4 Memory,inferential,5,EPI | EPI_LP | EPI_LP_MUSC | LP | WM,145,85,14,0.2564684788460272,1.4874160785182607e-09,EPI_LP,12.878787878787879,EPI,1.4242424242424243,2,1,True,,,6.990855569035825e-09,
colon,radial_tissue_term,lymphoid,CD4 Naive,inferential,5,EPI | EPI_LP | EPI_LP_MUSC | LP | WM,145,85,14,0.0,0.8330952650887199,LP,1.4657331755334064,EPI_LP_MUSC,0.15432098765432098,2,1,True,,,0.8420532786918243,
colon,radial_tissue_term,lymphoid,CD4 Tfh,inferential,5,EPI | EPI_LP | EPI_LP_MUSC | LP | WM,145,85,14,0.07822624405171252,0.005548839908658156,EPI_LP,2.523891203136486,EPI_LP_MUSC,0.32260017025046905,2,1,True,,,0.006519886892673334,
colon,radial_tissue_term,lymphoid,CD4 Tfr,inferential,5,EPI | EPI_LP | EPI_LP_MUSC | LP | WM,145,85,14,0.06362588669641189,0.005222566764286046,LP,0.23608847065797273,EPI,0.0,2,1,True,,,0.006214193365099851,
colon,radial_tissue_term,lymphoid,CD4 Th17,inferential,5,EPI | EPI_LP | EPI_LP_MUSC | LP | WM,145,85,14,0.14119976954413416,6.34191178280636e-08,LP,10.585581102153213,EPI_LP_MUSC,1.1854657687991021,2,1,True,,,1.8629365861993684e-07,
colon,radial_tissue_term,lymphoid,CD4 Tr1,inferential,5,EPI | EPI_LP | EPI_LP_MUSC | LP | WM,145,85,14,0.13243329785741306,0.0006437687278828347,EPI_LP,0.5034856700232379,EPI,0.0,2,1,True,,,0.0008899155944262715,
colon,radial_tissue_term,lymphoid,CD4 pTreg,inferential,5,EPI | EPI_LP | EPI_LP_MUSC | LP | WM,145,85,14,0.11443298878145788,8.252515645725668e-05,LP,1.5956058783469853,EPI,0.0,2,1,True,,,0.0001314807577454598,
colon,radial_tissue_term,lymphoid,CD4 tTreg,inferential,5,EPI | EPI_LP | EPI_LP_MUSC | LP | WM,145,85,14,0.11937098512745392,0.00011385294335815209,LP,2.2927690433590926,EPI_LP_MUSC,0.0,2,1,True,,,0.00017544551927321797,
colon,radial_tissue_term,lymphoid,CD8 Circulating Effector Memory,inferential,5,EPI | EPI_LP | EPI_LP_MUSC | LP | WM,145,85,14,0.2507067885537127,3.241962346469147e-08,EPI_LP,4.528182393920202,EPI,0.5239140876964249,2,1,True,,,1.0508429674762063e-07,
colon,radial_tissue_term,lymphoid,CD8 Effector Memory,inferential,5,EPI | EPI_LP | EPI_LP_MUSC | LP | WM,145,85,14,0.14430226919584918,3.6820019144881064e-05,EPI_LP,3.0557421087978507,EPI_LP_MUSC,0.33899181535862744,2,1,True,,,6.292875999306946e-05,
colon,radial_tissue_term,lymphoid,CD8 IEL,inferential,5,EPI | EPI_LP | EPI_LP_MUSC | LP | WM,145,85,14,0.19465945581841276,2.8878185837138843e-06,EPI,20.573643410852714,LP,1.1181093380157177,2,1,True,,,5.539896874879696e-06,
colon,radial_tissue_term,lymphoid,CD8 Memory Exhausted,inferential,5,EPI | EPI_LP | EPI_LP_MUSC | LP | WM,145,85,14,0.2579997900905966,1.8997142714457505e-09,EPI_LP,0.027255382938130283,EPI,0.0,2,1,True,,,7.944836485006756e-09,
colon,radial_tissue_term,lymphoid,CD8 Naive,inferential,5,EPI | EPI_LP | EPI_LP_MUSC | LP | WM,145,85,14,0.060062756913906376,0.038365779097733345,LP,0.6923176465513523,EPI_LP_MUSC,0.0,2,1,True,,,0.04145268086421764,
colon,radial_tissue_term,lymphoid,CD8 TRM,inferential,5,EPI | EPI_LP | EPI_LP_MUSC | LP | WM,145,85,14,0.04298272893188621,0.021471092942917745,EPI,8.5561797752809,EPI_LP_MUSC,1.4387049570910728,2,1,True,,,0.023744502783932565,
colon,radial_tissue_term,lymphoid,GC B Dark Zone (GC B DZ),inferential,5,EPI | EPI_LP | EPI_LP_MUSC | LP | WM,145,85,14,0.18840188027113633,7.167782424917283e-08,EPI,0.5308955118720495,EPI_LP_MUSC,0.0,2,1,True,,,1.966824298664206e-07,
colon,radial_tissue_term,lymphoid,GC B Light Zone (GC B LZ),inferential,5,EPI | EPI_LP | EPI_LP_MUSC | LP | WM,145,85,14,0.16026251974484426,1.021696445930719e-06,EPI,0.513157894736842,EPI_LP,0.0,2,1,True,,,2.134210353721946e-06,
colon,radial_tissue_term,lymphoid,Gamma Delta T Cells,inferential,5,EPI | EPI_LP | EPI_LP_MUSC | LP | WM,145,85,14,0.22560341297576653,1.5872086178904663e-06,LP,5.754296420726192,EPI_LP_MUSC,0.0,2,1,True,,,3.1744172357809326e-06,
colon,radial_tissue_term,lymphoid,ILC3,inferential,5,EPI | EPI_LP | EPI_LP_MUSC | LP | WM,145,85,14,0.13574423378401204,0.0017221330087630823,LP,0.5229954118418177,EPI_LP,0.0333000333000333,2,1,True,,,0.0022483403169962462,
colon,radial_tissue_term,lymphoid,MAIT Cells,inferential,5,EPI | EPI_LP | EPI_LP_MUSC | LP | WM,145,85,14,0.12286352091488695,0.00037879296469981756,LP,2.387305437638973,EPI,0.0,2,1,True,,,0.0005477929027966592,
colon,radial_tissue_term,lymphoid,Memory B,inferential,5,EPI | EPI_LP | EPI_LP_MUSC | LP | WM,145,85,14,0.008055515834161682,0.5952264715802861,EPI,6.598145908907699,EPI_LP,3.1293952180028133,2,1,True,,,0.6148493222917241,
colon,radial_tissue_term,lymphoid,NK Cells,inferential,5,EPI | EPI_LP | EPI_LP_MUSC | LP | WM,145,85,14,0.08706282287410591,0.0543348519544384,LP,0.8540372670807452,EPI_LP_MUSC,0.0,2,1,True,,,0.05738737172715966,
colon,radial_tissue_term,lymphoid,NKT Cells,inferential,5,EPI | EPI_LP | EPI_LP_MUSC | LP | WM,145,85,14,0.21333560128370344,3.7823836613913287e-07,EPI_LP_MUSC,0.951842001018618,LP,0.16299139649648137,2,1,True,,,8.465334861209165e-07,
colon,radial_tissue_term,lymphoid,Naive B,inferential,5,EPI | EPI_LP | EPI_LP_MUSC | LP | WM,145,85,14,0.06548334223999565,0.01919931500322728,EPI,4.976727236587102,EPI_LP_MUSC,0.5752169196802169,2,1,True,,,0.021743802533775475,
colon,radial_tissue_term,lymphoid,Plasma Cells,inferential,5,EPI | EPI_LP | EPI_LP_MUSC | LP | WM,145,85,14,0.42782150016683035,2.5297538518125644e-12,WM,52.70456609693667,EPI,0.0,2,1,True,,,1.9816405172531757e-11,
colon,radial_tissue_term,lymphoid,Plasma IGA,inferential,5,EPI | EPI_LP | EPI_LP_MUSC | LP | WM,145,85,14,0.1550871369446008,6.632804374114161e-06,LP,23.819898951010728,EPI,1.0376344086021505,2,1,True,,,1.2225168846406494e-05,
colon,radial_tissue_term,lymphoid,Plasma IGG,inferential,5,EPI | EPI_LP | EPI_LP_MUSC | LP | WM,145,85,14,0.15466210248576062,4.1429775247906295e-05,LP,0.822608684156603,EPI,0.0,2,1,True,,,6.954283702327128e-05,
colon,radial_tissue_term,myeloid,Classical Monocytes,inferential,5,EPI | EPI_LP | EPI_LP_MUSC | LP | WM,107,64,11,0.0,0.35776480263824884,EPI_LP_MUSC,8.695652173913043,EPI,0.0,2,1,True,,,0.3736654605332821,
colon,radial_tissue_term,myeloid,Cycling Macrophages,inferential,5,EPI | EPI_LP | EPI_LP_MUSC | LP | WM,107,64,11,0.0,0.8441461122644339,LP,3.005226480836237,EPI,0.0,2,1,True,,,0.8441461122644339,
colon,radial_tissue_term,myeloid,Eosinophils,inferential,5,EPI | EPI_LP | EPI_LP_MUSC | LP | WM,107,64,11,0.1164526304162318,0.0012428035555235454,EPI,0.0,EPI,0.0,2,1,True,,,0.0016454018904114543,
colon,radial_tissue_term,myeloid,Follicle Associated Resident Macrophages,inferential,5,EPI | EPI_LP | EPI_LP_MUSC | LP | WM,107,64,11,0.03862007702342426,0.031084874481046677,EPI_LP,0.28735632183908044,EPI,0.0,2,1,True,,,0.033976490711841716,
colon,radial_tissue_term,myeloid,Homeostatic Macrophages,inferential,5,EPI | EPI_LP | EPI_LP_MUSC | LP | WM,107,64,11,0.3685098177152552,4.8730994800244415e-08,EPI_LP,17.81609195402299,EPI,0.0,2,1,True,,,1.477649519749347e-07,
colon,radial_tissue_term,myeloid,M0 Macrophages,inferential,5,EPI | EPI_LP | EPI_LP_MUSC | LP | WM,107,64,11,0.36911054969383067,1.1997040066172849e-08,WM,22.158310439560438,EPI,0.0,2,1,True,,,4.1767472822972134e-08,
colon,radial_tissue_term,myeloid,Mast Cells,inferential,5,EPI | EPI_LP | EPI_LP_MUSC | LP | WM,107,64,11,0.06706593176895026,0.021116235811908374,WM,32.813267813267814,EPI,0.0,2,1,True,,,0.023630073408564135,
colon,radial_tissue_term,myeloid,Monocyte Derived Dendritic Cells (MO DC),inferential,5,EPI | EPI_LP | EPI_LP_MUSC | LP | WM,107,64,11,0.4008387978557879,3.9387035690056176e-07,WM,5.907830907830908,EPI,0.0,2,1,True,,,8.610189197361118e-07,
colon,radial_tissue_term,myeloid,Neutrophils,inferential,5,EPI | EPI_LP | EPI_LP_MUSC | LP | WM,107,64,11,0.17468895277244503,4.3970395326977447e-05,EPI,0.0,EPI,0.0,2,1,True,,,7.251258176729613e-05,
colon,radial_tissue_term,myeloid,Nonclassical Monocytes,inferential,5,EPI | EPI_LP | EPI_LP_MUSC | LP | WM,107,64,11,0.1435214830628471,8.001348054440252e-05,EPI,0.0,EPI,0.0,2,1,True,,,0.00012967702019265237,
colon,radial_tissue_term,myeloid,Perivascular Resident Macrophages,inferential,5,EPI | EPI_LP | EPI_LP_MUSC | LP | WM,107,64,11,0.23288554622398863,1.1241776288802743e-07,EPI_LP_MUSC,3.7037037037037033,EPI,0.0,2,1,True,,,2.9353526976318273e-07,
colon,radial_tissue_term,myeloid,Tolerogenic cDC2,inferential,5,EPI | EPI_LP | EPI_LP_MUSC | LP | WM,107,64,11,0.18903643598343567,3.817606628105445e-06,LP,0.2785515320334262,EPI,0.0,2,1,True,,,7.177100460838236e-06,
colon,radial_tissue_term,myeloid,cDC1,inferential,5,EPI | EPI_LP | EPI_LP_MUSC | LP | WM,107,64,11,0.15305108082129115,0.005145782210973107,LP,5.463386727688787,EPI,0.0,2,1,True,,,0.006214193365099851,
colon,radial_tissue_term,myeloid,cDC2,inferential,5,EPI | EPI_LP | EPI_LP_MUSC | LP | WM,107,64,11,0.10030861640731611,0.0034602281924955747,LP,38.733552631578945,EPI,0.0,2,1,True,,,0.004336819334594453,
colon,radial_tissue_term,myeloid,migDC,inferential,5,EPI | EPI_LP | EPI_LP_MUSC | LP | WM,107,64,11,0.07045305348465038,0.005211681868143567,EPI,0.0,EPI,0.0,2,1,True,,,0.006214193365099851,
colon,radial_tissue_term,myeloid,pDC,inferential,5,EPI | EPI_LP | EPI_LP_MUSC | LP | WM,107,64,11,0.21428911979463355,0.000239153399159407,EPI,0.0,EPI,0.0,2,1,True,,,0.00036258741162877836,
colon,radial_tissue_term,stroma,Adipocytes,inferential,4,EPI_LP | EPI_LP_MUSC | LP | WM,77,53,8,0.3264355891471441,1.8892205592880087e-08,EPI_LP,0.0,EPI_LP,0.0,2,1,True,,,6.342383306181173e-08,
colon,radial_tissue_term,stroma,Angiogenic Pericytes,inferential,4,EPI_LP | EPI_LP_MUSC | LP | WM,77,53,8,0.33125912085302905,1.8346845827969083e-06,LP,3.121815217074804,EPI_LP_MUSC,0.0,2,1,True,,,3.5929239746439457e-06,
colon,radial_tissue_term,stroma,Arteriolar Endothelial,inferential,4,EPI_LP | EPI_LP_MUSC | LP | WM,77,53,8,0.34995780142744387,8.666320216976659e-07,EPI_LP_MUSC,4.456859093730602,WM,0.0,2,1,True,,,1.8514411372631952e-06,
colon,radial_tissue_term,stroma,Capillary Endothelial,inferential,4,EPI_LP | EPI_LP_MUSC | LP | WM,77,53,8,0.6170944145810996,1.2694538537172367e-10,LP,3.6306480960013867,EPI_LP,0.0,2,1,True,,,7.458041390588766e-10,
colon,radial_tissue_term,stroma,Contractile Pericytes,inferential,4,EPI_LP | EPI_LP_MUSC | LP | WM,77,53,8,0.08959154023245541,0.05139903233098809,EPI_LP_MUSC,1.0248028227480281,LP,0.4526538498526853,2,1,True,,,0.054903511808100915,
colon,radial_tissue_term,stroma,Crypt Bottom Fibroblasts (S2A),inferential,4,EPI_LP | EPI_LP_MUSC | LP | WM,77,53,8,0.6408776617726084,1.1375714714355323e-10,LP,23.67867867867868,EPI_LP_MUSC,0.0,2,1,True,,,7.128781220996002e-10,
colon,radial_tissue_term,stroma,Crypt Top Fibroblasts (S2B),inferential,4,EPI_LP | EPI_LP_MUSC | LP | WM,77,53,8,0.46192084291742425,7.323281963111405e-08,WM,9.949539271610355,EPI_LP_MUSC,0.0,2,1,True,,,1.966824298664206e-07,
colon,radial_tissue_term,stroma,Fibroblastic Reticular Cells (FRC),inferential,4,EPI_LP | EPI_LP_MUSC | LP | WM,77,53,8,0.10390131248007133,0.0032811167058639148,EPI_LP,0.228310502283105,EPI_LP_MUSC,0.0,2,1,True,,,0.004167905004746054,
colon,radial_tissue_term,stroma,Follicular Dendritic Cells (fDC),inferential,4,EPI_LP | EPI_LP_MUSC | LP | WM,77,53,8,0.2832321158176275,1.3774588577511784e-05,EPI_LP,0.0,EPI_LP,0.0,2,1,True,,,2.3977987523816807e-05,
colon,radial_tissue_term,stroma,Glia,inferential,4,EPI_LP | EPI_LP_MUSC | LP | WM,77,53,8,0.1680149720187544,0.00036335138847382417,WM,4.527217523313816,EPI_LP_MUSC,0.0,2,1,True,,,0.0005336723518209293,
colon,radial_tissue_term,stroma,Interstitial Cells of Cajal (ICC),inferential,4,EPI_LP | EPI_LP_MUSC | LP | WM,77,53,8,0.29464241147933745,7.3638491267881695e-06,EPI_LP,0.0,EPI_LP,0.0,2,1,True,,,1.331157342150169e-05,
colon,radial_tissue_term,stroma,Lamina propria Fibroblasts (S1),inferential,4,EPI_LP | EPI_LP_MUSC | LP | WM,77,53,8,0.509134696711399,3.4134389242142905e-08,WM,33.417080144647215,EPI_LP_MUSC,0.2564102564102564,2,1,True,,,1.0695441962538109e-07,
colon,radial_tissue_term,stroma,Lymphatic Endothelial,inferential,4,EPI_LP | EPI_LP_MUSC | LP | WM,77,53,8,0.5186636403674224,2.166494476712651e-09,EPI_LP_MUSC,3.4031347327374473,EPI_LP,0.0,2,1,True,,,8.485436700457884e-09,
colon,radial_tissue_term,stroma,Marginal Reticular Cells (MRC),inferential,4,EPI_LP | EPI_LP_MUSC | LP | WM,77,53,8,0.0,0.792766541240649,EPI_LP,0.28735632183908044,EPI_LP_MUSC,0.0,2,1,True,,,0.810000596485011,
colon,radial_tissue_term,stroma,Medullary Sinus Endothelial,inferential,4,EPI_LP | EPI_LP_MUSC | LP | WM,77,53,8,0.4096822167342772,6.879297942926434e-08,EPI_LP,0.0,EPI_LP,0.0,2,1,True,,,1.9595575958638933e-07,
colon,radial_tissue_term,stroma,Mesenchymal Lymphoid Tissue Organizer Cells (mLTo Cells),inferential,4,EPI_LP | EPI_LP_MUSC | LP | WM,77,53,8,0.10238408670276931,0.0027009581948639694,EPI_LP,0.21057064645188464,EPI_LP_MUSC,0.0,2,1,True,,,0.003477946168728947,
colon,radial_tissue_term,stroma,Muscularis Propria Fibroblasts,inferential,4,EPI_LP | EPI_LP_MUSC | LP | WM,77,53,8,0.41084902459355144,1.943949352714419e-09,EPI_LP_MUSC,1.667129758266185,LP,0.0,2,1,True,,,7.944836485006756e-09,
colon,radial_tissue_term,stroma,Myofibroblasts,inferential,4,EPI_LP | EPI_LP_MUSC | LP | WM,77,53,8,0.3696479386325757,3.707368650532262e-07,WM,5.18925729671885,EPI_LP_MUSC,0.0,2,1,True,,,8.465334861209165e-07,
colon,radial_tissue_term,stroma,Post Arteriole Capillary Endothelial (PAC),inferential,4,EPI_LP | EPI_LP_MUSC | LP | WM,77,53,8,0.571516938852483,1.9073658490117794e-09,LP,16.68745545260157,EPI_LP_MUSC,0.0,2,1,True,,,7.944836485006756e-09,
colon,radial_tissue_term,stroma,Pre Venule Capillary Endothelial (PVC),inferential,4,EPI_LP | EPI_LP_MUSC | LP | WM,77,53,8,0.22663191964028567,1.1601080908999685e-06,EPI_LP,0.0,EPI_LP,0.0,2,1,True,,,2.3706556640129792e-06,
colon,radial_tissue_term,stroma,Secretory Pericytes,inferential,4,EPI_LP | EPI_LP_MUSC | LP | WM,77,53,8,0.09068581057303102,0.010214007952048534,LP,0.7475308435463666,EPI_LP_MUSC,0.0,2,1,True,,,0.011708740823080026,
colon,radial_tissue_term,stroma,Smooth Muscle Cells (SMC),inferential,4,EPI_LP | EPI_LP_MUSC | LP | WM,77,53,8,0.15357541580037756,0.0007735025939064223,EPI_LP,0.25673940949935814,EPI_LP_MUSC,0.0,2,1,True,,,0.0010537571569159956,
colon,radial_tissue_term,stroma,Submucosal Fibroblasts (S3),inferential,4,EPI_LP | EPI_LP_MUSC | LP | WM,77,53,8,0.5736393229918614,5.94461794852504e-11,EPI_LP_MUSC,38.588235294117645,LP,0.0,2,1,True,,,3.9913863368668126e-10,
colon,radial_tissue_term,stroma,Venular Endothelial,inferential,4,EPI_LP | EPI_LP_MUSC | LP | WM,77,53,8,0.20163409333934812,0.0005942518737036815,LP,4.612226202744925,EPI_LP,1.0845986984815619,2,1,True,,,0.0008463587292143343,
colon,sample_preservation_method,epithelial,BEST4 Colonocytes,inferential,2,ambient temperature | frozen at -80C,117,68,12,0.10291506357235733,0.0005905672406944234,ambient temperature,7.426934747707386,frozen at -80C,6.0728744939271255,0,0,False,,,0.004270255432713524,
colon,sample_preservation_method,epithelial,BEST4 Enterocytes,inferential,2,ambient temperature | frozen at -80C,117,68,12,0.01636452071711874,0.12086257196374446,ambient temperature,0.0,ambient temperature,0.0,0,0,False,,,0.2167339454247615,
colon,sample_preservation_method,epithelial,Brunners Gland Cells,inferential,2,ambient temperature | frozen at -80C,117,68,12,0.019351041491509086,0.23413243445800724,ambient temperature,0.0,ambient temperature,0.0,0,0,False,,,0.3099781526627138,
colon,sample_preservation_method,epithelial,Colonocyte Progenitors,inferential,2,ambient temperature | frozen at -80C,117,68,12,0.024981123810942682,0.05166630950571112,frozen at -80C,23.89937106918239,ambient temperature,10.0561797752809,0,0,False,,,0.12452905368043193,
colon,sample_preservation_method,epithelial,Crypt Top Colonocytes,inferential,2,ambient temperature | frozen at -80C,117,68,12,0.07525633661011435,0.0012370359572471269,ambient temperature,17.731796752226295,frozen at -80C,5.66615620214395,0,0,False,,,0.0064600766656238845,
colon,sample_preservation_method,epithelial,EEC Enterochromaffin (EC),inferential,2,ambient temperature | frozen at -80C,117,68,12,0.05893867389670932,0.006777451007211748,frozen at -80C,0.09225092250922509,ambient temperature,0.0,0,0,False,,,0.022752871238496584,
colon,sample_preservation_method,epithelial,EEC L,inferential,2,ambient temperature | frozen at -80C,117,68,12,0.0,0.7261415821690125,ambient temperature,0.0,ambient temperature,0.0,0,0,False,,,0.7768823711812772,
colon,sample_preservation_method,epithelial,EEC N,inferential,2,ambient temperature | frozen at -80C,117,68,12,0.012438152686255878,0.17847885746196507,ambient temperature,0.0,ambient temperature,0.0,0,0,False,,,0.2621408218972612,
colon,sample_preservation_method,epithelial,EEC Progenitors,inferential,2,ambient temperature | frozen at -80C,117,68,12,0.07456214639621195,0.0018843062240551103,ambient temperature,0.02159827213822894,frozen at -80C,0.0,0,0,False,,,0.008434513574341922,
colon,sample_preservation_method,epithelial,EEC S,inferential,2,ambient temperature | frozen at -80C,117,68,12,0.012513382914027624,0.1611989252357652,ambient temperature,0.0,ambient temperature,0.0,0,0,False,,,0.2528635768003197,
colon,sample_preservation_method,epithelial,Enterocyte Progenitors,inferential,2,ambient temperature | frozen at -80C,117,68,12,0.35636382306712444,1.3012126423701888e-10,frozen at -80C,0.6224066390041494,ambient temperature,0.0,0,0,False,,,1.2231398838279775e-08,
colon,sample_preservation_method,epithelial,Enteroendocrine Cells (EEC),inferential,2,ambient temperature | frozen at -80C,117,68,12,0.002157910178088991,0.47668477103226325,ambient temperature,0.0,ambient temperature,0.0,0,0,False,,,0.5601046059629093,
colon,sample_preservation_method,epithelial,Epithelial,inferential,2,ambient temperature | frozen at -80C,117,68,12,0.013082989860131199,0.5153771763356451,ambient temperature,0.0,ambient temperature,0.0,0,0,False,,,0.5907982265311053,
colon,sample_preservation_method,epithelial,Foveolar Cells,inferential,2,ambient temperature | frozen at -80C,117,68,12,0.00751280981607484,0.30369160982687554,ambient temperature,0.0,ambient temperature,0.0,0,0,False,,,0.3707404068016403,
colon,sample_preservation_method,epithelial,Goblet Cells,inferential,2,ambient temperature | frozen at -80C,117,68,12,0.2770268716567322,2.303445350107404e-08,ambient temperature,7.998541569581802,frozen at -80C,0.6451612903225806,0,0,False,,,1.08261931455048e-06,
colon,sample_preservation_method,epithelial,Intestinal Stem Cells (ISC),inferential,2,ambient temperature | frozen at -80C,117,68,12,0.006963039378082353,0.21918547416207837,frozen at -80C,3.881278538812785,ambient temperature,1.6113715179945571,0,0,False,,,0.29838152681062663,
colon,sample_preservation_method,epithelial,Lower Crypt Colonocytes,inferential,2,ambient temperature | frozen at -80C,117,68,12,0.023817439639889963,0.12220105433523785,frozen at -80C,24.878048780487806,ambient temperature,20.661276940281457,0,0,False,,,0.2167339454247615,
colon,sample_preservation_method,epithelial,Lower Villus Enterocytes,inferential,2,ambient temperature | frozen at -80C,117,68,12,0.06583852694346579,0.003907959535227852,ambient temperature,0.0,ambient temperature,0.0,0,0,False,,,0.014745184615541137,
colon,sample_preservation_method,epithelial,Mature Goblet Cells,inferential,2,ambient temperature | frozen at -80C,117,68,12,0.19581561543788906,4.3312812609884805e-07,ambient temperature,0.7108375410971337,frozen at -80C,0.0,0,0,False,,,1.357134795109724e-05,
colon,sample_preservation_method,epithelial,Microfold Cells (M Cells),inferential,2,ambient temperature | frozen at -80C,117,68,12,0.1282244814379345,0.00019530311523815755,ambient temperature,0.0,ambient temperature,0.0,0,0,False,,,0.002039832536931868,
colon,sample_preservation_method,epithelial,Mid Crypt Colonocytes,inferential,2,ambient temperature | frozen at -80C,117,68,12,0.07569789004396578,0.0020310960507209782,ambient temperature,3.833701747957114,frozen at -80C,1.4134275618374559,0,0,False,,,0.00867831948944418,
colon,sample_preservation_method,epithelial,Mid Villus Enterocytes,inferential,2,ambient temperature | frozen at -80C,117,68,12,0.023689861654170898,0.16454976789174725,ambient temperature,0.0,ambient temperature,0.0,0,0,False,,,0.2528635768003197,
colon,sample_preservation_method,epithelial,Paneth Cells,inferential,2,ambient temperature | frozen at -80C,117,68,12,0.00799801079645598,0.25671743041524364,ambient temperature,0.0,ambient temperature,0.0,0,0,False,,,0.32175251278710537,
colon,sample_preservation_method,epithelial,Secretory Progenitors,inferential,2,ambient temperature | frozen at -80C,117,68,12,0.010607585161391118,0.1894880625111558,ambient temperature,0.7797300583657587,frozen at -80C,0.7656967840735069,0,0,False,,,0.26987693751588854,
colon,sample_preservation_method,epithelial,Transiently Amplifying Cells (TA),inferential,2,ambient temperature | frozen at -80C,117,68,12,0.07397427905208248,0.0012370359572471269,frozen at -80C,2.997275204359673,ambient temperature,0.7151528754042501,0,0,False,,,0.0064600766656238845,
colon,sample_preservation_method,epithelial,Tuft Cells,inferential,2,ambient temperature | frozen at -80C,117,68,12,0.0068169712506182655,0.6051181778450074,frozen at -80C,0.2074688796680498,ambient temperature,0.08982416552118674,0,0,False,,,0.6691895143227141,
colon,sample_preservation_method,epithelial,Tuft Progenitors,inferential,2,ambient temperature | frozen at -80C,117,68,12,0.11999750731317685,0.00011154121960384194,frozen at -80C,0.26595744680851063,ambient temperature,0.0,0,0,False,,,0.0015680853886022494,
colon,sample_preservation_method,epithelial,Villus Tip Enterocytes,inferential,2,ambient temperature | frozen at -80C,117,68,12,0.003439212337044589,0.529840897053016,ambient temperature,0.0,ambient temperature,0.0,0,0,False,,,0.6000607749757049,
colon,sample_preservation_method,lymphoid,CD4 Memory,inferential,2,ambient temperature | frozen at -80C,145,85,14,0.02967828311131834,0.07016245877623448,ambient temperature,4.017857142857143,frozen at -80C,3.9005174333282726,0,0,False,,,0.15703026488014385,
colon,sample_preservation_method,lymphoid,CD4 Naive,inferential,2,ambient temperature | frozen at -80C,145,85,14,0.0,0.7590627017925377,frozen at -80C,1.3858660862885674,ambient temperature,0.5154639175257731,0,0,False,,,0.8017066738033544,
colon,sample_preservation_method,lymphoid,CD4 Tfh,inferential,2,ambient temperature | frozen at -80C,145,85,14,0.003432014850561796,0.24791790687132845,frozen at -80C,1.9449731622825386,ambient temperature,1.7960908610670894,0,0,False,,,0.3189719312459591,
colon,sample_preservation_method,lymphoid,CD4 Tfr,inferential,2,ambient temperature | frozen at -80C,145,85,14,0.021102625808679533,0.09202437364888144,frozen at -80C,0.12427385382508628,ambient temperature,0.08873114463176575,0,0,False,,,0.18021439839572617,
colon,sample_preservation_method,lymphoid,CD4 Th17,inferential,2,ambient temperature | frozen at -80C,145,85,14,0.0,0.5762956292119807,frozen at -80C,4.48712860809059,ambient temperature,3.747870528109029,0,0,False,,,0.6449022517372166,
colon,sample_preservation_method,lymphoid,CD4 Tr1,inferential,2,ambient temperature | frozen at -80C,145,85,14,0.024541117657407015,0.09121636473752298,frozen at -80C,0.0591715976331361,ambient temperature,0.051493305870236865,0,0,False,,,0.18021439839572617,
colon,sample_preservation_method,lymphoid,CD4 pTreg,inferential,2,ambient temperature | frozen at -80C,145,85,14,0.022918710321218335,0.038325592148808915,ambient temperature,0.5370569280343717,frozen at -80C,0.4568591455273698,0,0,False,,,0.09736772059427129,
colon,sample_preservation_method,lymphoid,CD4 tTreg,inferential,2,ambient temperature | frozen at -80C,145,85,14,0.0,0.9130122612415558,frozen at -80C,1.524867853208413,ambient temperature,0.85515766969535,0,0,False,,,0.9431115665572114,
colon,sample_preservation_method,lymphoid,CD8 Circulating Effector Memory,inferential,2,ambient temperature | frozen at -80C,145,85,14,0.04215959160758082,0.02154823664384452,frozen at -80C,2.0653864560899735,ambient temperature,1.8145161290322582,0,0,False,,,0.06023850005673058,
colon,sample_preservation_method,lymphoid,CD8 Effector Memory,inferential,2,ambient temperature | frozen at -80C,145,85,14,0.007397514455375112,0.21517814087468543,frozen at -80C,1.279228589484843,ambient temperature,0.9673518742442563,0,0,False,,,0.2974521359150063,
colon,sample_preservation_method,lymphoid,CD8 IEL,inferential,2,ambient temperature | frozen at -80C,145,85,14,0.02550695732055759,0.02178839363754085,ambient temperature,7.996406109613657,frozen at -80C,3.184637404580153,0,0,False,,,0.06023850005673058,
colon,sample_preservation_method,lymphoid,CD8 Memory Exhausted,inferential,2,ambient temperature | frozen at -80C,145,85,14,0.0,0.9430586780127013,ambient temperature,0.0,ambient temperature,0.0,0,0,False,,,0.963559953621673,
colon,sample_preservation_method,lymphoid,CD8 Naive,inferential,2,ambient temperature | frozen at -80C,145,85,14,0.018180695694449973,0.13692438998592774,frozen at -80C,0.5908162317763952,ambient temperature,0.12091898428053204,0,0,False,,,0.2383498640495779,
colon,sample_preservation_method,lymphoid,CD8 TRM,inferential,2,ambient temperature | frozen at -80C,145,85,14,0.0,0.5148931798169433,frozen at -80C,6.10863922877271,ambient temperature,2.928870292887029,0,0,False,,,0.5907982265311053,
colon,sample_preservation_method,lymphoid,GC B Dark Zone (GC B DZ),inferential,2,ambient temperature | frozen at -80C,145,85,14,0.013383451140286187,0.0559150426075212,frozen at -80C,0.34759358288770054,ambient temperature,0.0,0,0,False,,,0.12890511430419418,
colon,sample_preservation_method,lymphoid,GC B Light Zone (GC B LZ),inferential,2,ambient temperature | frozen at -80C,145,85,14,0.0172617270148398,0.07280450179971425,frozen at -80C,0.14032700140850432,ambient temperature,0.0,0,0,False,,,0.15915402719007302,
colon,sample_preservation_method,lymphoid,Gamma Delta T Cells,inferential,2,ambient temperature | frozen at -80C,145,85,14,0.13179375808303082,0.00011677231617250793,frozen at -80C,1.6679885890355515,ambient temperature,0.10298661174047373,0,0,False,,,0.0015680853886022494,
colon,sample_preservation_method,lymphoid,ILC3,inferential,2,ambient temperature | frozen at -80C,145,85,14,0.0,0.02107482810226767,frozen at -80C,0.3751801246549419,ambient temperature,0.31645569620253167,0,0,False,,,0.06023850005673058,
colon,sample_preservation_method,lymphoid,MAIT Cells,inferential,2,ambient temperature | frozen at -80C,145,85,14,0.0,0.6805225496868057,frozen at -80C,0.4128970818311679,ambient temperature,0.18315018315018314,0,0,False,,,0.7438269729134853,
colon,sample_preservation_method,lymphoid,Memory B,inferential,2,ambient temperature | frozen at -80C,145,85,14,0.011020596805799044,0.1870751371158846,frozen at -80C,6.8995661187936825,ambient temperature,3.4610630407911,0,0,False,,,0.26987693751588854,
colon,sample_preservation_method,lymphoid,NK Cells,inferential,2,ambient temperature | frozen at -80C,145,85,14,0.0,0.7272941347228978,frozen at -80C,0.5465736904321246,ambient temperature,0.26619343389529726,0,0,False,,,0.7768823711812772,
colon,sample_preservation_method,lymphoid,NKT Cells,inferential,2,ambient temperature | frozen at -80C,145,85,14,0.08134117542744816,0.0004956981810018724,ambient temperature,0.5110732538330494,frozen at -80C,0.3607854020675779,0,0,False,,,0.004235966274016,
colon,sample_preservation_method,lymphoid,Naive B,inferential,2,ambient temperature | frozen at -80C,145,85,14,0.06392076404584256,0.0017723767856009053,frozen at -80C,4.385603406827392,ambient temperature,0.6180469715698393,0,0,False,,,0.008330170892324254,
colon,sample_preservation_method,lymphoid,Plasma Cells,inferential,2,ambient temperature | frozen at -80C,145,85,14,0.03026280204156561,0.08419823739638158,frozen at -80C,1.5231761207411258,ambient temperature,0.8695652173913043,0,0,False,,,0.1720572677230406,
colon,sample_preservation_method,lymphoid,Plasma IGA,inferential,2,ambient temperature | frozen at -80C,145,85,14,0.005562900266267188,0.16947239721723553,frozen at -80C,6.726340033500838,ambient temperature,1.9632678910702976,0,0,False,,,0.2528635768003197,
colon,sample_preservation_method,lymphoid,Plasma IGG,inferential,2,ambient temperature | frozen at -80C,145,85,14,0.04705973579556218,0.004448992925381831,frozen at -80C,0.4082720925194554,ambient temperature,0.0,0,0,False,,,0.015489086480958964,
colon,sample_preservation_method,myeloid,Classical Monocytes,inferential,2,ambient temperature | frozen at -80C,107,64,11,0.0037999501183030747,0.14730907027836285,frozen at -80C,8.0,ambient temperature,4.119322485834621,0,0,False,,,0.2517645928393838,
colon,sample_preservation_method,myeloid,Cycling Macrophages,inferential,2,ambient temperature | frozen at -80C,107,64,11,0.0,0.982826347520014,ambient temperature,0.0,ambient temperature,0.0,0,0,False,,,0.9833519947131497,
colon,sample_preservation_method,myeloid,Eosinophils,inferential,2,ambient temperature | frozen at -80C,107,64,11,0.0,0.38922386311254353,ambient temperature,0.0,ambient temperature,0.0,0,0,False,,,0.4631271282604948,
colon,sample_preservation_method,myeloid,Follicle Associated Resident Macrophages,inferential,2,ambient temperature | frozen at -80C,107,64,11,0.008028035024147279,0.08123359877041283,ambient temperature,0.0,ambient temperature,0.0,0,0,False,,,0.16968796187597346,
colon,sample_preservation_method,myeloid,Homeostatic Macrophages,inferential,2,ambient temperature | frozen at -80C,107,64,11,0.10432890284670891,0.0013427793202727767,ambient temperature,10.444505044995909,frozen at -80C,2.7027027027027026,0,0,False,,,0.006643224005560054,
colon,sample_preservation_method,myeloid,M0 Macrophages,inferential,2,ambient temperature | frozen at -80C,107,64,11,0.07994250380068017,0.003921591653069451,ambient temperature,14.933536416505124,frozen at -80C,4.3478260869565215,0,0,False,,,0.014745184615541137,
colon,sample_preservation_method,myeloid,Mast Cells,inferential,2,ambient temperature | frozen at -80C,107,64,11,0.02258942772644263,0.16506169444062732,ambient temperature,9.801102324466811,frozen at -80C,0.0,0,0,False,,,0.2528635768003197,
colon,sample_preservation_method,myeloid,Monocyte Derived Dendritic Cells (MO DC),inferential,2,ambient temperature | frozen at -80C,107,64,11,0.03187930792409173,0.09598264843702035,ambient temperature,0.0,ambient temperature,0.0,0,0,False,,,0.18412997863428393,
colon,sample_preservation_method,myeloid,Neutrophils,inferential,2,ambient temperature | frozen at -80C,107,64,11,0.0,0.20799014133682345,ambient temperature,0.0,ambient temperature,0.0,0,0,False,,,0.2918070639650956,
colon,sample_preservation_method,myeloid,Nonclassical Monocytes,inferential,2,ambient temperature | frozen at -80C,107,64,11,0.029064969500991324,0.009198080099881179,ambient temperature,0.0,ambient temperature,0.0,0,0,False,,,0.029814466530649338,
colon,sample_preservation_method,myeloid,Perivascular Resident Macrophages,inferential,2,ambient temperature | frozen at -80C,107,64,11,0.0034632428725850785,0.10185111805342584,ambient temperature,0.0,ambient temperature,0.0,0,0,False,,,0.19148010194044057,
colon,sample_preservation_method,myeloid,Tolerogenic cDC2,inferential,2,ambient temperature | frozen at -80C,107,64,11,0.0,0.16610861224402995,ambient temperature,0.0,ambient temperature,0.0,0,0,False,,,0.2528635768003197,
colon,sample_preservation_method,myeloid,cDC1,inferential,2,ambient temperature | frozen at -80C,107,64,11,0.0016958451583187263,0.2480046277487452,ambient temperature,0.0,ambient temperature,0.0,0,0,False,,,0.3189719312459591,
colon,sample_preservation_method,myeloid,cDC2,inferential,2,ambient temperature | frozen at -80C,107,64,11,0.028296612006509646,0.029182778194041414,frozen at -80C,15.151515151515152,ambient temperature,5.766474056778046,0,0,False,,,0.07837660429256837,
colon,sample_preservation_method,myeloid,migDC,inferential,2,ambient temperature | frozen at -80C,107,64,11,0.018085255952414604,0.07458037074758567,ambient temperature,0.0,ambient temperature,0.0,0,0,False,,,0.15933079205166029,
colon,sample_preservation_method,myeloid,pDC,inferential,2,ambient temperature | frozen at -80C,107,64,11,0.08072285645749878,0.035259269852001285,ambient temperature,0.0,ambient temperature,0.0,0,0,False,,,0.09206587128022557,
colon,sample_preservation_method,stroma,Adipocytes,inferential,2,ambient temperature | frozen at -80C,79,53,8,0.04279992853891917,0.012646564462202208,ambient temperature,0.0,ambient temperature,0.0,0,0,False,,,0.03834764707893573,
colon,sample_preservation_method,stroma,Angiogenic Pericytes,inferential,2,ambient temperature | frozen at -80C,79,53,8,0.22226139013872045,2.4972656056117154e-05,frozen at -80C,2.606077280508682,ambient temperature,0.0,0,0,False,,,0.0005868574173187531,
colon,sample_preservation_method,stroma,Arteriolar Endothelial,inferential,2,ambient temperature | frozen at -80C,79,53,8,0.0,0.9086299488995111,frozen at -80C,1.0513371829628724,ambient temperature,0.8595988538681949,0,0,False,,,0.9431115665572114,
colon,sample_preservation_method,stroma,Capillary Endothelial,inferential,2,ambient temperature | frozen at -80C,79,53,8,0.05807418107660766,0.0474416490754246,frozen at -80C,0.700330700571502,ambient temperature,0.0,0,0,False,,,0.11735565823920822,
colon,sample_preservation_method,stroma,Contractile Pericytes,inferential,2,ambient temperature | frozen at -80C,79,53,8,0.0,0.9833519947131497,frozen at -80C,1.0528600890046673,ambient temperature,0.7042253521126761,0,0,False,,,0.9833519947131497,
colon,sample_preservation_method,stroma,Crypt Bottom Fibroblasts (S2A),inferential,2,ambient temperature | frozen at -80C,79,53,8,0.10982226527606281,0.0009774516504023098,frozen at -80C,11.717384484381302,ambient temperature,1.6635859519408502,0,0,False,,,0.006125363675854474,
colon,sample_preservation_method,stroma,Crypt Top Fibroblasts (S2B),inferential,2,ambient temperature | frozen at -80C,79,53,8,0.000896154287683532,0.1528983245949403,frozen at -80C,3.1591643273286403,ambient temperature,0.0,0,0,False,,,0.2528635768003197,
colon,sample_preservation_method,stroma,Fibroblastic Reticular Cells (FRC),inferential,2,ambient temperature | frozen at -80C,79,53,8,0.16355678737946974,0.0005534896151771254,ambient temperature,0.0,ambient temperature,0.0,0,0,False,,,0.004270255432713524,
colon,sample_preservation_method,stroma,Follicular Dendritic Cells (fDC),inferential,2,ambient temperature | frozen at -80C,79,53,8,0.11891692962828895,0.0007237921734307138,ambient temperature,0.0,ambient temperature,0.0,0,0,False,,,0.00485974745017765,
colon,sample_preservation_method,stroma,Glia,inferential,2,ambient temperature | frozen at -80C,79,53,8,0.08431848949040736,0.0042533104499042785,frozen at -80C,2.0122798368664006,ambient temperature,0.7299270072992701,0,0,False,,,0.015377353165038545,
colon,sample_preservation_method,stroma,Interstitial Cells of Cajal (ICC),inferential,2,ambient temperature | frozen at -80C,79,53,8,0.10782496418063009,0.0011331080182648088,ambient temperature,0.0,ambient temperature,0.0,0,0,False,,,0.0064600766656238845,
colon,sample_preservation_method,stroma,Lamina propria Fibroblasts (S1),inferential,2,ambient temperature | frozen at -80C,79,53,8,0.035264085829790424,0.056224571132680444,frozen at -80C,18.423344947735192,ambient temperature,7.142857142857142,0,0,False,,,0.12890511430419418,
colon,sample_preservation_method,stroma,Lymphatic Endothelial,inferential,2,ambient temperature | frozen at -80C,79,53,8,0.16887751000816614,0.0001399980211640611,ambient temperature,0.0,ambient temperature,0.0,0,0,False,,,0.001644976748677718,
colon,sample_preservation_method,stroma,Marginal Reticular Cells (MRC),inferential,2,ambient temperature | frozen at -80C,79,53,8,0.01926858693644521,0.3267236144006359,ambient temperature,0.0,ambient temperature,0.0,0,0,False,,,0.39374384299563814,
colon,sample_preservation_method,stroma,Medullary Sinus Endothelial,inferential,2,ambient temperature | frozen at -80C,79,53,8,0.16762620129982295,8.376247751461157e-05,ambient temperature,0.0,ambient temperature,0.0,0,0,False,,,0.0015680853886022494,
colon,sample_preservation_method,stroma,Mesenchymal Lymphoid Tissue Organizer Cells (mLTo Cells),inferential,2,ambient temperature | frozen at -80C,79,53,8,0.04258161199564372,0.15591789971622788,ambient temperature,0.0,ambient temperature,0.0,0,0,False,,,0.2528635768003197,
colon,sample_preservation_method,stroma,Muscularis Propria Fibroblasts,inferential,2,ambient temperature | frozen at -80C,79,53,8,0.0,0.16844985246898309,ambient temperature,0.0,ambient temperature,0.0,0,0,False,,,0.2528635768003197,
colon,sample_preservation_method,stroma,Myofibroblasts,inferential,2,ambient temperature | frozen at -80C,79,53,8,0.0,0.22219900932706238,frozen at -80C,2.092205822297416,ambient temperature,0.2347417840375587,0,0,False,,,0.29838152681062663,
colon,sample_preservation_method,stroma,Post Arteriole Capillary Endothelial (PAC),inferential,2,ambient temperature | frozen at -80C,79,53,8,0.14329036265807554,0.0004737575166625503,frozen at -80C,11.852185388688767,ambient temperature,2.484472049689441,0,0,False,,,0.004235966274016,
colon,sample_preservation_method,stroma,Pre Venule Capillary Endothelial (PVC),inferential,2,ambient temperature | frozen at -80C,79,53,8,0.0,0.11042135361935076,ambient temperature,0.0,ambient temperature,0.0,0,0,False,,,0.20352171059252888,
colon,sample_preservation_method,stroma,Secretory Pericytes,inferential,2,ambient temperature | frozen at -80C,79,53,8,0.044683456507566305,0.011574108089634307,frozen at -80C,0.6591092650282682,ambient temperature,0.0,0,0,False,,,0.03626553868085416,
colon,sample_preservation_method,stroma,Smooth Muscle Cells (SMC),inferential,2,ambient temperature | frozen at -80C,79,53,8,0.0,0.25110556289575503,frozen at -80C,0.15864234894866885,ambient temperature,0.0,0,0,False,,,0.3189719312459591,
colon,sample_preservation_method,stroma,Submucosal Fibroblasts (S3),inferential,2,ambient temperature | frozen at -80C,79,53,8,0.05380679894310914,0.0028456505489586176,ambient temperature,7.4074074074074066,frozen at -80C,0.0,0,0,False,,,0.01163005006965696,
colon,sample_preservation_method,stroma,Venular Endothelial,inferential,2,ambient temperature | frozen at -80C,79,53,8,0.0011558054936910693,0.2919891126412176,ambient temperature,3.4482758620689653,frozen at -80C,2.6995853725304295,0,0,False,,,0.3611444287930849,
colon,sex_ontology_term,epithelial,BEST4 Colonocytes,inferential,2,female | male,117,68,12,0.0,0.6285981802186285,female,6.918238993710692,male,6.680613668061367,9,4,True,,,0.8659121816310071,
colon,sex_ontology_term,epithelial,BEST4 Enterocytes,inferential,2,female | male,117,68,12,0.01023599778356659,0.2394859793626439,female,0.0,female,0.0,9,4,True,,,0.7575692651509448,
colon,sex_ontology_term,epithelial,Brunners Gland Cells,inferential,2,female | male,117,68,12,0.005568319382564457,0.03340475815997765,female,0.0,female,0.0,9,4,True,,,0.39250590837973737,
colon,sex_ontology_term,epithelial,Colonocyte Progenitors,inferential,2,female | male,117,68,12,0.011049131926814315,0.10849217371630013,female,13.468634686346864,male,12.182971014492754,9,4,True,,,0.5367507541753797,
colon,sex_ontology_term,epithelial,Crypt Top Colonocytes,inferential,2,female | male,117,68,12,0.07517440425097842,0.0011601886790756093,female,18.072289156626507,male,6.268774773813967,9,4,True,,,0.05452886791655363,
colon,sex_ontology_term,epithelial,EEC Enterochromaffin (EC),inferential,2,female | male,117,68,12,0.0,0.7332622477212799,female,0.06485084306095978,male,0.0,9,4,True,,,0.9149679399141699,
colon,sex_ontology_term,epithelial,EEC L,inferential,2,female | male,117,68,12,0.008803468445837185,0.26686402405224524,female,0.0,female,0.0,9,4,True,,,0.7777597723922389,
colon,sex_ontology_term,epithelial,EEC N,inferential,2,female | male,117,68,12,0.007736945499579533,0.2887608298324864,female,0.0,female,0.0,9,4,True,,,0.7777597723922389,
colon,sex_ontology_term,epithelial,EEC Progenitors,inferential,2,female | male,117,68,12,0.0,0.2439059337577603,female,0.07874015748031496,male,0.0,9,4,True,,,0.7575692651509448,
colon,sex_ontology_term,epithelial,EEC S,inferential,2,female | male,117,68,12,0.010972063581028813,0.1983716768641237,female,0.0,female,0.0,9,4,True,,,0.7171899086626011,
colon,sex_ontology_term,epithelial,Enterocyte Progenitors,inferential,2,female | male,117,68,12,0.0,0.8431410999106046,female,0.15748031496062992,male,0.0,9,4,True,,,0.954882691465022,
colon,sex_ontology_term,epithelial,Enteroendocrine Cells (EEC),inferential,2,female | male,117,68,12,0.040823462681045454,0.0295064013603917,female,0.0,female,0.0,9,4,True,,,0.39250590837973737,
colon,sex_ontology_term,epithelial,Epithelial,inferential,2,female | male,117,68,12,0.0042136887229421525,0.08535321307950232,female,0.0,female,0.0,9,4,True,,,0.47195306055724806,
colon,sex_ontology_term,epithelial,Foveolar Cells,inferential,2,female | male,117,68,12,0.04735314339586647,0.019776641033702747,female,0.0,female,0.0,9,4,True,,,0.37180085143361163,
colon,sex_ontology_term,epithelial,Goblet Cells,inferential,2,female | male,117,68,12,0.0,0.9912288873861294,male,2.8725243010957295,female,1.8218623481781375,9,4,True,,,0.9936460006568212,
colon,sex_ontology_term,epithelial,Intestinal Stem Cells (ISC),inferential,2,female | male,117,68,12,0.0,0.9780745369402444,male,2.3563218390804597,female,1.805337519623234,9,4,True,,,0.9936460006568212,
colon,sex_ontology_term,epithelial,Lower Crypt Colonocytes,inferential,2,female | male,117,68,12,0.0,0.4065471772606698,female,22.393822393822393,male,20.416666666666668,9,4,True,,,0.8268547860328272,
colon,sex_ontology_term,epithelial,Lower Villus Enterocytes,inferential,2,female | male,117,68,12,0.02385243651183628,0.07492901179802978,female,0.0,female,0.0,9,4,True,,,0.44766504956032815,
colon,sex_ontology_term,epithelial,Mature Goblet Cells,inferential,2,female | male,117,68,12,0.043956376840456994,0.05369277940408441,female,0.20242914979757085,male,0.0,9,4,True,,,0.4391430839402787,
colon,sex_ontology_term,epithelial,Microfold Cells (M Cells),inferential,2,female | male,117,68,12,0.010479637941768087,0.14828774558025504,female,0.0,female,0.0,9,4,True,,,0.6969524042271986,
colon,sex_ontology_term,epithelial,Mid Crypt Colonocytes,inferential,2,female | male,117,68,12,0.0,0.8776847833880451,male,3.41534536176417,female,2.737382378100941,9,4,True,,,0.9821710671247172,
colon,sex_ontology_term,epithelial,Mid Villus Enterocytes,inferential,2,female | male,117,68,12,0.0,0.32787903544296637,female,0.0,female,0.0,9,4,True,,,0.7777597723922389,
colon,sex_ontology_term,epithelial,Paneth Cells,inferential,2,female | male,117,68,12,0.02908042479837206,0.05719418716951739,female,0.0,female,0.0,9,4,True,,,0.4391430839402787,
colon,sex_ontology_term,epithelial,Secretory Progenitors,inferential,2,female | male,117,68,12,0.0,0.4127901177102429,female,0.8661417322834646,male,0.7571597533158739,9,4,True,,,0.8268547860328272,
colon,sex_ontology_term,epithelial,Transiently Amplifying Cells (TA),inferential,2,female | male,117,68,12,0.01889627494770079,0.04088094480047539,female,1.3031550068587106,male,1.0201158189114206,9,4,True,,,0.42697875680496516,
colon,sex_ontology_term,epithelial,Tuft Cells,inferential,2,female | male,117,68,12,0.01708022974671417,0.35578372566879013,female,0.24271844660194172,male,0.0,9,4,True,,,0.7777597723922389,
colon,sex_ontology_term,epithelial,Tuft Progenitors,inferential,2,female | male,117,68,12,0.0,0.7085762972439873,female,0.14204545454545456,male,0.0,9,4,True,,,0.9149679399141699,
colon,sex_ontology_term,epithelial,Villus Tip Enterocytes,inferential,2,female | male,117,68,12,0.0,0.24613726798810354,female,0.0,female,0.0,9,4,True,,,0.7575692651509448,
colon,sex_ontology_term,lymphoid,CD4 Memory,inferential,2,female | male,145,85,14,0.0,0.46864139358027135,female,4.255445616987033,male,3.869047619047619,9,4,True,,,0.8268547860328272,
colon,sex_ontology_term,lymphoid,CD4 Naive,inferential,2,female | male,145,85,14,0.0,0.917544453563777,female,1.0112255833430894,male,0.6211180124223602,9,4,True,,,0.9936460006568212,
colon,sex_ontology_term,lymphoid,CD4 Tfh,inferential,2,female | male,145,85,14,0.0,0.6019359728335987,male,1.8257261410788383,female,1.7659989113136123,9,4,True,,,0.8659121816310071,
colon,sex_ontology_term,lymphoid,CD4 Tfr,inferential,2,female | male,145,85,14,0.0,0.4143438753611456,female,0.11773326075424081,male,0.10741138560687433,9,4,True,,,0.8268547860328272,
colon,sex_ontology_term,lymphoid,CD4 Th17,inferential,2,female | male,145,85,14,0.015047973086784763,0.06073255416195344,female,4.6047826599128285,male,3.0757097791798107,9,4,True,,,0.4391430839402787,
colon,sex_ontology_term,lymphoid,CD4 Tr1,inferential,2,female | male,145,85,14,0.005995316935703576,0.2482018297706621,male,0.05282620179609086,female,0.0,9,4,True,,,0.7575692651509448,
colon,sex_ontology_term,lymphoid,CD4 pTreg,inferential,2,female | male,145,85,14,0.0,0.6875634158058628,female,0.569215789867878,male,0.4464285714285714,9,4,True,,,0.9149679399141699,
colon,sex_ontology_term,lymphoid,CD4 tTreg,inferential,2,female | male,145,85,14,0.0,0.4327944836387213,male,1.2150026413100898,female,0.9957874615030621,9,4,True,,,0.8268547860328272,
colon,sex_ontology_term,lymphoid,CD8 Circulating Effector Memory,inferential,2,female | male,145,85,14,0.0,0.738022708676162,female,1.997423290798685,male,1.5840220385674932,9,4,True,,,0.9149679399141699,
colon,sex_ontology_term,lymphoid,CD8 Effector Memory,inferential,2,female | male,145,85,14,0.0,0.6214857398080693,female,1.1260618739698238,male,1.1235955056179776,9,4,True,,,0.8659121816310071,
colon,sex_ontology_term,lymphoid,CD8 IEL,inferential,2,female | male,145,85,14,0.0014781164550458402,0.24983667254977965,female,9.142848818576464,male,4.655721636853713,9,4,True,,,0.7575692651509448,
colon,sex_ontology_term,lymphoid,CD8 Memory Exhausted,inferential,2,female | male,145,85,14,0.0,0.9365264331818,female,0.0,female,0.0,9,4,True,,,0.9936460006568212,
colon,sex_ontology_term,lymphoid,CD8 Naive,inferential,2,female | male,145,85,14,0.0,0.8235495480291504,female,0.2920620344862769,male,0.07974481658692185,9,4,True,,,0.9457863306179245,
colon,sex_ontology_term,lymphoid,CD8 TRM,inferential,2,female | male,145,85,14,0.01163772252436248,0.047373383183405594,female,5.203666242670131,male,2.9451137884872822,9,4,True,,,0.4391430839402787,
colon,sex_ontology_term,lymphoid,GC B Dark Zone (GC B DZ),inferential,2,female | male,145,85,14,0.0,0.5908906623265399,female,0.0,female,0.0,9,4,True,,,0.8659121816310071,
colon,sex_ontology_term,lymphoid,GC B Light Zone (GC B LZ),inferential,2,female | male,145,85,14,0.0046856232654609855,0.3175830471288961,female,0.0,female,0.0,9,4,True,,,0.7777597723922389,
colon,sex_ontology_term,lymphoid,Gamma Delta T Cells,inferential,2,female | male,145,85,14,0.01186967332812084,0.18884592590467508,female,0.20580674841581448,male,0.1539882968894364,9,4,True,,,0.7171899086626011,
colon,sex_ontology_term,lymphoid,ILC3,inferential,2,female | male,145,85,14,0.0,0.6356163886440371,female,0.3982409377446987,male,0.322234156820623,9,4,True,,,0.8659121816310071,
colon,sex_ontology_term,lymphoid,MAIT Cells,inferential,2,female | male,145,85,14,0.0,0.9936460006568212,female,0.27056277056277056,male,0.2066115702479339,9,4,True,,,0.9936460006568212,
colon,sex_ontology_term,lymphoid,Memory B,inferential,2,female | male,145,85,14,0.0,0.9587170047033349,female,4.2853236454549,male,3.568464730290456,9,4,True,,,0.9936460006568212,
colon,sex_ontology_term,lymphoid,NK Cells,inferential,2,female | male,145,85,14,0.0,0.34127190497685495,female,0.4611761453648474,male,0.31695721077654515,9,4,True,,,0.7777597723922389,
colon,sex_ontology_term,lymphoid,NKT Cells,inferential,2,female | male,145,85,14,0.006514890406167081,0.19153991221327885,female,0.5208898534997286,male,0.45454545454545453,9,4,True,,,0.7171899086626011,
colon,sex_ontology_term,lymphoid,Naive B,inferential,2,female | male,145,85,14,0.0033917598061348375,0.3118334153275204,male,1.5574650912996777,female,1.3312236286919832,9,4,True,,,0.7777597723922389,
colon,sex_ontology_term,lymphoid,Plasma Cells,inferential,2,female | male,145,85,14,0.0014028813413664628,0.3535298875758994,female,1.6520329596109684,male,0.435471100554236,9,4,True,,,0.7777597723922389,
colon,sex_ontology_term,lymphoid,Plasma IGA,inferential,2,female | male,145,85,14,0.0,0.47354211590865214,female,3.70981099856667,male,1.9632678910702976,9,4,True,,,0.8268547860328272,
colon,sex_ontology_term,lymphoid,Plasma IGG,inferential,2,female | male,145,85,14,0.0,0.47354211590865214,female,0.0,female,0.0,9,4,True,,,0.8268547860328272,
colon,sex_ontology_term,myeloid,Classical Monocytes,inferential,2,female | male,107,64,11,0.0,0.5187294920363876,female,4.745254745254746,male,4.145077720207254,9,4,True,,,0.847156149056056,
colon,sex_ontology_term,myeloid,Cycling Macrophages,inferential,2,female | male,107,64,11,0.0007826683268807679,0.3769357475528471,female,0.3184713375796179,male,0.0,9,4,True,,,0.805271824317446,
colon,sex_ontology_term,myeloid,Eosinophils,inferential,2,female | male,107,64,11,0.007771230617294492,0.1945844217088863,female,0.0,female,0.0,9,4,True,,,0.7171899086626011,
colon,sex_ontology_term,myeloid,Follicle Associated Resident Macrophages,inferential,2,female | male,107,64,11,0.0,0.5600482875922184,female,0.0,female,0.0,9,4,True,,,0.8659121816310071,
colon,sex_ontology_term,myeloid,Homeostatic Macrophages,inferential,2,female | male,107,64,11,0.0,0.494672762440476,female,7.030867221950025,male,4.3478260869565215,9,4,True,,,0.8303435655250847,
colon,sex_ontology_term,myeloid,M0 Macrophages,inferential,2,female | male,107,64,11,0.05110182330896901,0.01263198130588881,female,14.008620689655173,male,4.6801872074882995,9,4,True,,,0.37180085143361163,
colon,sex_ontology_term,myeloid,Mast Cells,inferential,2,female | male,107,64,11,0.002099846026485967,0.31308506560003985,female,11.540111540111539,male,0.0,9,4,True,,,0.7777597723922389,
colon,sex_ontology_term,myeloid,Monocyte Derived Dendritic Cells (MO DC),inferential,2,female | male,107,64,11,0.00419093314165505,0.5227133685665026,female,0.0,female,0.0,9,4,True,,,0.847156149056056,
colon,sex_ontology_term,myeloid,Neutrophils,inferential,2,female | male,107,64,11,0.026498369924955717,0.07619830630814096,female,0.0,female,0.0,9,4,True,,,0.44766504956032815,
colon,sex_ontology_term,myeloid,Nonclassical Monocytes,inferential,2,female | male,107,64,11,0.007615974047456359,0.09806285985454767,female,0.0,female,0.0,9,4,True,,,0.5121060459070823,
colon,sex_ontology_term,myeloid,Perivascular Resident Macrophages,inferential,2,female | male,107,64,11,0.0,0.7875813391925078,female,0.0,female,0.0,9,4,True,,,0.9457863306179245,
colon,sex_ontology_term,myeloid,Tolerogenic cDC2,inferential,2,female | male,107,64,11,0.0,0.5986283771747206,female,0.0,female,0.0,9,4,True,,,0.8659121816310071,
colon,sex_ontology_term,myeloid,cDC1,inferential,2,female | male,107,64,11,0.0,0.47500168559332634,female,0.9963902487266972,male,0.0,9,4,True,,,0.8268547860328272,
colon,sex_ontology_term,myeloid,cDC2,inferential,2,female | male,107,64,11,0.0,0.7493120455416125,male,7.142857142857142,female,5.899183344835519,9,4,True,,,0.9149679399141699,
colon,sex_ontology_term,myeloid,migDC,inferential,2,female | male,107,64,11,0.007215887201289965,0.19243854713877015,female,0.0,female,0.0,9,4,True,,,0.7171899086626011,
colon,sex_ontology_term,myeloid,pDC,inferential,2,female | male,107,64,11,0.04946692934146537,0.02833299342068665,female,0.0,female,0.0,9,4,True,,,0.39250590837973737,
colon,sex_ontology_term,stroma,Adipocytes,inferential,2,female | male,79,53,8,0.0093687296451701,0.5855642557541767,female,0.0,female,0.0,9,4,True,,,0.8659121816310071,
colon,sex_ontology_term,stroma,Angiogenic Pericytes,inferential,2,female | male,79,53,8,0.0,0.31156386343834586,male,0.9456088135058509,female,0.0,9,4,True,,,0.7777597723922389,
colon,sex_ontology_term,stroma,Arteriolar Endothelial,inferential,2,female | male,79,53,8,0.04847456456057092,0.017195122328389073,male,1.5454829146512716,female,0.5319148936170213,9,4,True,,,0.37180085143361163,
colon,sex_ontology_term,stroma,Capillary Endothelial,inferential,2,female | male,79,53,8,0.0,0.9647358129704094,female,0.0,female,0.0,9,4,True,,,0.9936460006568212,
colon,sex_ontology_term,stroma,Contractile Pericytes,inferential,2,female | male,79,53,8,0.15757026719032396,0.00012476160850890216,male,2.3456790123456788,female,0.0,9,4,True,,,0.011727591199836802,
colon,sex_ontology_term,stroma,Crypt Bottom Fibroblasts (S2A),inferential,2,female | male,79,53,8,0.0,0.5855642557541767,male,5.536833855799372,female,2.8112449799196786,9,4,True,,,0.8659121816310071,
colon,sex_ontology_term,stroma,Crypt Top Fibroblasts (S2B),inferential,2,female | male,79,53,8,0.0,0.46420153178936896,female,2.112676056338028,male,0.14997187005272727,9,4,True,,,0.8268547860328272,
colon,sex_ontology_term,stroma,Fibroblastic Reticular Cells (FRC),inferential,2,female | male,79,53,8,0.0,0.6337169578301337,female,0.0,female,0.0,9,4,True,,,0.8659121816310071,
colon,sex_ontology_term,stroma,Follicular Dendritic Cells (fDC),inferential,2,female | male,79,53,8,0.0,0.48853118265303763,female,0.0,female,0.0,9,4,True,,,0.8303435655250847,
colon,sex_ontology_term,stroma,Glia,inferential,2,female | male,79,53,8,0.005235185592473368,0.3430830688280347,male,1.5273865414710486,female,1.5184381778741864,9,4,True,,,0.7777597723922389,
colon,sex_ontology_term,stroma,Interstitial Cells of Cajal (ICC),inferential,2,female | male,79,53,8,0.0,0.7494950146105435,female,0.0,female,0.0,9,4,True,,,0.9149679399141699,
colon,sex_ontology_term,stroma,Lamina propria Fibroblasts (S1),inferential,2,female | male,79,53,8,0.0005349716914713934,0.19131883841920894,female,20.0,male,8.941508912826396,9,4,True,,,0.7171899086626011,
colon,sex_ontology_term,stroma,Lymphatic Endothelial,inferential,2,female | male,79,53,8,0.0,0.5456948104156332,female,0.0,female,0.0,9,4,True,,,0.8659121816310071,
colon,sex_ontology_term,stroma,Marginal Reticular Cells (MRC),inferential,2,female | male,79,53,8,0.01490904178392583,0.29996235302772256,female,0.0,female,0.0,9,4,True,,,0.7777597723922389,
colon,sex_ontology_term,stroma,Medullary Sinus Endothelial,inferential,2,female | male,79,53,8,0.0,0.727254753718432,female,0.0,female,0.0,9,4,True,,,0.9149679399141699,
colon,sex_ontology_term,stroma,Mesenchymal Lymphoid Tissue Organizer Cells (mLTo Cells),inferential,2,female | male,79,53,8,0.0,0.9725687694963729,female,0.0,female,0.0,9,4,True,,,0.9936460006568212,
colon,sex_ontology_term,stroma,Muscularis Propria Fibroblasts,inferential,2,female | male,79,53,8,0.0,0.9882418670697989,female,0.0,female,0.0,9,4,True,,,0.9936460006568212,
colon,sex_ontology_term,stroma,Myofibroblasts,inferential,2,female | male,79,53,8,0.0,0.7125532342537275,female,1.536312849162011,male,1.5319180969587474,9,4,True,,,0.9149679399141699,
colon,sex_ontology_term,stroma,Post Arteriole Capillary Endothelial (PAC),inferential,2,female | male,79,53,8,0.0,0.8097821576291095,male,5.310898767483728,female,4.166666666666666,9,4,True,,,0.9457863306179245,
colon,sex_ontology_term,stroma,Pre Venule Capillary Endothelial (PVC),inferential,2,female | male,79,53,8,0.0,0.4522943198770939,female,0.0,female,0.0,9,4,True,,,0.8268547860328272,
colon,sex_ontology_term,stroma,Secretory Pericytes,inferential,2,female | male,79,53,8,0.0,0.8250476501135087,female,0.0,female,0.0,9,4,True,,,0.9457863306179245,
colon,sex_ontology_term,stroma,Smooth Muscle Cells (SMC),inferential,2,female | male,79,53,8,0.0,0.980404372749356,female,0.0,female,0.0,9,4,True,,,0.9936460006568212,
colon,sex_ontology_term,stroma,Submucosal Fibroblasts (S3),inferential,2,female | male,79,53,8,0.0,0.8174062470083889,male,2.07381073302861,female,0.43383947939262474,9,4,True,,,0.9457863306179245,
colon,sex_ontology_term,stroma,Venular Endothelial,inferential,2,female | male,79,53,8,0.035148890399125464,0.06690358354078672,male,3.8073346567756765,female,2.6200873362445414,9,4,True,,,0.44766504956032815,
colon,age_range,epithelial,BEST4 Colonocytes,inferential,7,0-9 | 10-19 | 20-29 | 30-39 | 40-49 | 50-59 | 60-69,109,61,12,0.07951981043294702,0.020333630608506032,60-69,14.228673262348948,10-19,3.2407407407407405,11,3,True,0.35307226059839264,0.00016607258677754554,0.052540496488519634,0.001561082315708928
colon,age_range,epithelial,BEST4 Enterocytes,inferential,7,0-9 | 10-19 | 20-29 | 30-39 | 40-49 | 50-59 | 60-69,109,61,12,0.017709883234491415,0.24921141886215462,0-9,0.0,0-9,0.0,11,3,True,-0.05841430099087933,0.5462773921598054,0.3209023749731854,0.6846676648402895
colon,age_range,epithelial,Brunners Gland Cells,inferential,7,0-9 | 10-19 | 20-29 | 30-39 | 40-49 | 50-59 | 60-69,109,61,12,0.05286714885247637,0.0812807244584581,0-9,0.0,0-9,0.0,11,3,True,-0.058696973630564205,0.54433387117319,0.13643550176955468,0.6846676648402895
colon,age_range,epithelial,Colonocyte Progenitors,inferential,7,0-9 | 10-19 | 20-29 | 30-39 | 40-49 | 50-59 | 60-69,109,61,12,0.011864259793637782,0.3637534697977584,10-19,30.080211405269434,40-49,4.732733919573164,11,3,True,-0.06102902290796442,0.5284303072442327,0.4328205843163201,0.6846676648402895
colon,age_range,epithelial,Crypt Top Colonocytes,inferential,7,0-9 | 10-19 | 20-29 | 30-39 | 40-49 | 50-59 | 60-69,109,61,12,0.0,0.46281996975840756,40-49,22.533613611465615,10-19,6.656347941260271,11,3,True,0.22265181585845287,0.01996287331482553,0.5241575561119315,0.053614574045531424
colon,age_range,epithelial,EEC Enterochromaffin (EC),inferential,7,0-9 | 10-19 | 20-29 | 30-39 | 40-49 | 50-59 | 60-69,109,61,12,0.11348349467648594,0.026760077973414488,40-49,0.2173818245246817,0-9,0.0,11,3,True,-0.0818384403994326,0.3975593060760877,0.057790627583957886,0.5338653538736035
colon,age_range,epithelial,EEC L,inferential,7,0-9 | 10-19 | 20-29 | 30-39 | 40-49 | 50-59 | 60-69,109,61,12,0.0,0.5129254856214418,40-49,0.23390894819466249,0-9,0.0,11,3,True,-0.04651378286014611,0.6310285797869677,0.5606394842839015,0.7146588734936743
colon,age_range,epithelial,EEC N,inferential,7,0-9 | 10-19 | 20-29 | 30-39 | 40-49 | 50-59 | 60-69,109,61,12,0.013190884010409768,0.24321426061397497,0-9,0.0,0-9,0.0,11,3,True,0.005936125433382367,0.951151348439487,0.3175297291349118,0.961378782293675
colon,age_range,epithelial,EEC Progenitors,inferential,7,0-9 | 10-19 | 20-29 | 30-39 | 40-49 | 50-59 | 60-69,109,61,12,0.05880163888396538,0.021092796212045628,10-19,0.40597727405845485,0-9,0.0,11,3,True,-0.209766654699484,0.028582500446606672,0.052540496488519634,0.06716887604952568
colon,age_range,epithelial,EEC S,inferential,7,0-9 | 10-19 | 20-29 | 30-39 | 40-49 | 50-59 | 60-69,109,61,12,0.05376827550168706,0.07364808298729104,0-9,0.0,0-9,0.0,11,3,True,-0.04726286535531103,0.6255336297911108,0.12820221853343255,0.7146588734936743
colon,age_range,epithelial,Enterocyte Progenitors,inferential,7,0-9 | 10-19 | 20-29 | 30-39 | 40-49 | 50-59 | 60-69,109,61,12,0.22506296924186092,0.00014853840963411567,10-19,0.9988438429900874,20-29,0.0,11,3,True,-0.38044351314329167,4.490031028772898e-05,0.0024255839163432108,0.0007459531960702376
colon,age_range,epithelial,Enteroendocrine Cells (EEC),inferential,7,0-9 | 10-19 | 20-29 | 30-39 | 40-49 | 50-59 | 60-69,109,61,12,0.04442298677267003,0.08755339512805489,0-9,0.0,0-9,0.0,11,3,True,-0.05944134491506771,0.539232199569339,0.14438630073749403,0.6846676648402895
colon,age_range,epithelial,Epithelial,inferential,7,0-9 | 10-19 | 20-29 | 30-39 | 40-49 | 50-59 | 60-69,109,61,12,0.0,0.8169587125371515,0-9,0.0,0-9,0.0,11,3,True,-0.02717426309503928,0.7791026602966544,0.8532679886499137,0.8515773263707618
colon,age_range,epithelial,Foveolar Cells,inferential,7,0-9 | 10-19 | 20-29 | 30-39 | 40-49 | 50-59 | 60-69,109,61,12,0.03990246212227719,0.08916997483269727,0-9,0.0,0-9,0.0,11,3,True,-0.05042879891978162,0.6025382969207158,0.14451685576333695,0.7146588734936743
colon,age_range,epithelial,Goblet Cells,inferential,7,0-9 | 10-19 | 20-29 | 30-39 | 40-49 | 50-59 | 60-69,109,61,12,0.20336700358877247,0.00048693148846793913,30-39,11.594202898550725,10-19,0.38448312741824997,11,3,True,0.2977148455916688,0.0016664755242808442,0.004577155991598628,0.007832434964119967
colon,age_range,epithelial,Intestinal Stem Cells (ISC),inferential,7,0-9 | 10-19 | 20-29 | 30-39 | 40-49 | 50-59 | 60-69,109,61,12,0.1041361437952692,0.013632911932443419,10-19,6.097322649990229,60-69,0.37053182214472535,11,3,True,-0.29263146106500587,0.0020162468800206915,0.041020693857428736,0.008614873032815681
colon,age_range,epithelial,Lower Crypt Colonocytes,inferential,7,0-9 | 10-19 | 20-29 | 30-39 | 40-49 | 50-59 | 60-69,109,61,12,0.0,0.9104787465958106,30-39,34.59244532803181,40-49,18.2721143787051,11,3,True,0.024912824260420373,0.7970716240496762,0.9302717628261543,0.8612038236858571
colon,age_range,epithelial,Lower Villus Enterocytes,inferential,7,0-9 | 10-19 | 20-29 | 30-39 | 40-49 | 50-59 | 60-69,109,61,12,0.035472017875028364,0.16273103870480082,0-9,0.0,0-9,0.0,11,3,True,-0.18177735216002,0.058527737467030404,0.2317684490644133,0.12143462417335173
colon,age_range,epithelial,Mature Goblet Cells,inferential,7,0-9 | 10-19 | 20-29 | 30-39 | 40-49 | 50-59 | 60-69,109,61,12,0.11498814713057509,0.006230333795595151,40-49,0.7783058503210549,0-9,0.0,11,3,True,0.3680633329230138,8.231965374314959e-05,0.022562741430801832,0.0009672559314820077
colon,age_range,epithelial,Microfold Cells (M Cells),inferential,7,0-9 | 10-19 | 20-29 | 30-39 | 40-49 | 50-59 | 60-69,109,61,12,0.07195108347203108,0.025540059325132983,0-9,0.0,0-9,0.0,11,3,True,-0.21287605373601765,0.026255810708934603,0.057715999509766455,0.06494858438525929
colon,age_range,epithelial,Mid Crypt Colonocytes,inferential,7,0-9 | 10-19 | 20-29 | 30-39 | 40-49 | 50-59 | 60-69,109,61,12,0.0815154071809044,0.02578799978095948,60-69,5.523638530620923,0-9,0.5747126436781609,11,3,True,0.3007165765180924,0.001486751674230642,0.057715999509766455,0.007355508283035808
colon,age_range,epithelial,Mid Villus Enterocytes,inferential,7,0-9 | 10-19 | 20-29 | 30-39 | 40-49 | 50-59 | 60-69,109,61,12,0.0,0.6641196538453111,0-9,0.0,0-9,0.0,11,3,True,-0.014143054405566558,0.8839507659152771,0.7089586760260751,0.9130919999564401
colon,age_range,epithelial,Paneth Cells,inferential,7,0-9 | 10-19 | 20-29 | 30-39 | 40-49 | 50-59 | 60-69,109,61,12,0.041309010808484,0.07674737919684549,0-9,0.0,0-9,0.0,11,3,True,-0.04394617304967517,0.6500150636561873,0.13116824808188138,0.727397809329543
colon,age_range,epithelial,Secretory Progenitors,inferential,7,0-9 | 10-19 | 20-29 | 30-39 | 40-49 | 50-59 | 60-69,109,61,12,0.03452784660131951,0.3075714491488215,40-49,0.9105180533751962,20-29,0.24813895781637718,11,3,True,-0.004225955963288875,0.9652138381819926,0.38041731868406875,0.9652138381819926
colon,age_range,epithelial,Transiently Amplifying Cells (TA),inferential,7,0-9 | 10-19 | 20-29 | 30-39 | 40-49 | 50-59 | 60-69,109,61,12,0.11889050499546006,0.007351354534105742,30-39,5.263157894736842,20-29,0.24813895781637718,11,3,True,-0.14907212774848003,0.12184549762618782,0.02467954736449785,0.22025916878580104
colon,age_range,epithelial,Tuft Cells,inferential,7,0-9 | 10-19 | 20-29 | 30-39 | 40-49 | 50-59 | 60-69,109,61,12,0.030911964312632642,0.13475024195390642,40-49,1.0531267293857223,60-69,0.0,11,3,True,-0.12932273265583014,0.1801677980402923,0.20105591656614608,0.28704700026758434
colon,age_range,epithelial,Tuft Progenitors,inferential,7,0-9 | 10-19 | 20-29 | 30-39 | 40-49 | 50-59 | 60-69,109,61,12,0.13654094606724596,0.0027820354697677702,40-49,0.41175074586384597,0-9,0.0,11,3,True,-0.37926659187585765,4.761403379171729e-05,0.01376375442937739,0.0007459531960702376
colon,age_range,epithelial,Villus Tip Enterocytes,inferential,7,0-9 | 10-19 | 20-29 | 30-39 | 40-49 | 50-59 | 60-69,109,61,12,0.0,0.6403585043679438,0-9,0.0,0-9,0.0,11,3,True,0.016611728792147794,0.8638747449763405,0.6918816024205371,0.9070440557456028
colon,age_range,lymphoid,CD4 Memory,inferential,8,0-9 | 10-19 | 20-29 | 30-39 | 40-49 | 50-59 | 60-69 | 70-79,141,81,14,0.09345609497985698,0.011659751098189761,50-59,5.293005671077505,0-9,0.5,11,3,True,0.2733886972037321,0.0010375789217510554,0.03779367597344267,0.005418467702477734
colon,age_range,lymphoid,CD4 Naive,inferential,8,0-9 | 10-19 | 20-29 | 30-39 | 40-49 | 50-59 | 60-69 | 70-79,141,81,14,0.06434723816687961,0.0734071135862895,0-9,4.28380187416332,60-69,0.09499683343888536,11,3,True,-0.2593587975005287,0.0018987913841631654,0.12820221853343255,0.008499351910063693
colon,age_range,lymphoid,CD4 Tfh,inferential,8,0-9 | 10-19 | 20-29 | 30-39 | 40-49 | 50-59 | 60-69 | 70-79,141,81,14,0.0,0.497343689462438,0-9,3.932584269662921,60-69,0.9523809523809524,11,3,True,-0.014073329202362095,0.8684464363521729,0.5500036095231667,0.9070440557456028
colon,age_range,lymphoid,CD4 Tfr,inferential,8,0-9 | 10-19 | 20-29 | 30-39 | 40-49 | 50-59 | 60-69 | 70-79,141,81,14,0.010998420506702257,0.4196830603779928,0-9,0.45632333767926986,20-29,0.0,11,3,True,0.09472842356485789,0.26384919965490644,0.4931275959441415,0.3936797582152572
colon,age_range,lymphoid,CD4 Th17,inferential,8,0-9 | 10-19 | 20-29 | 30-39 | 40-49 | 50-59 | 60-69 | 70-79,141,81,14,0.00023825520610025455,0.35593210564987077,50-59,4.768300873069174,0-9,2.127110996519273,11,3,True,0.11839315765640891,0.16203816795121986,0.4289438196293314,0.2690141476908808
colon,age_range,lymphoid,CD4 Tr1,inferential,8,0-9 | 10-19 | 20-29 | 30-39 | 40-49 | 50-59 | 60-69 | 70-79,141,81,14,0.010992161901563572,0.29866609751288187,30-39,0.24616491061883136,50-59,0.0,11,3,True,0.07205388205412422,0.3958364233698538,0.3743281755494786,0.5338653538736035
colon,age_range,lymphoid,CD4 pTreg,inferential,8,0-9 | 10-19 | 20-29 | 30-39 | 40-49 | 50-59 | 60-69 | 70-79,141,81,14,0.0,0.4789751381167566,40-49,1.0978904616660428,60-69,0.2896451846488052,11,3,True,0.08714997596167263,0.3041411120144036,0.535995987892561,0.43983483891313746
colon,age_range,lymphoid,CD4 tTreg,inferential,8,0-9 | 10-19 | 20-29 | 30-39 | 40-49 | 50-59 | 60-69 | 70-79,141,81,14,0.0,0.9415658011904793,30-39,1.977364334353675,60-69,0.3620564808110065,11,3,True,-0.06470561079647981,0.4458831001372291,0.9415658011904793,0.5903241044070356
colon,age_range,lymphoid,CD8 Circulating Effector Memory,inferential,8,0-9 | 10-19 | 20-29 | 30-39 | 40-49 | 50-59 | 60-69 | 70-79,141,81,14,0.03479683664125681,0.17627169654428376,30-39,3.4279405877839677,10-19,1.13520749665328,11,3,True,0.24341148540947063,0.0036316807680395976,0.24013825326322716,0.013026320831464834
colon,age_range,lymphoid,CD8 Effector Memory,inferential,8,0-9 | 10-19 | 20-29 | 30-39 | 40-49 | 50-59 | 60-69 | 70-79,141,81,14,0.119520495046907,0.004800084279526933,70-79,5.770720371804802,0-9,0.535475234270415,11,3,True,0.33894335470876363,3.934814886759406e-05,0.02050945101252417,0.0007459531960702376
colon,age_range,lymphoid,CD8 IEL,inferential,8,0-9 | 10-19 | 20-29 | 30-39 | 40-49 | 50-59 | 60-69 | 70-79,141,81,14,0.06032978130659564,0.04830234467976525,70-79,17.15724244771495,0-9,3.2442748091603053,11,3,True,0.15464158912918016,0.06710776547950398,0.09248258993270421,0.13421553095900796
colon,age_range,lymphoid,CD8 Memory Exhausted,inferential,8,0-9 | 10-19 | 20-29 | 30-39 | 40-49 | 50-59 | 60-69 | 70-79,141,81,14,0.011730982711467986,0.3516408029637472,0-9,0.0,0-9,0.0,11,3,True,0.1348659666872867,0.11082794778784777,0.4289438196293314,0.2042711194521116
colon,age_range,lymphoid,CD8 Naive,inferential,8,0-9 | 10-19 | 20-29 | 30-39 | 40-49 | 50-59 | 60-69 | 70-79,141,81,14,0.14448528898368515,0.0013265742626334732,0-9,2.14190093708166,60-69,0.0,11,3,True,-0.36572849831486404,8.210423520970289e-06,0.007480560977738931,0.0002572599369904024
colon,age_range,lymphoid,CD8 TRM,inferential,8,0-9 | 10-19 | 20-29 | 30-39 | 40-49 | 50-59 | 60-69 | 70-79,141,81,14,0.0548865477367674,0.04467116864478597,50-59,5.204835460040296,30-39,2.0912908229642726,11,3,True,0.24475345693347308,0.0034441332837519094,0.0874810385960392,0.012949941146907179
colon,age_range,lymphoid,GC B Dark Zone (GC B DZ),inferential,8,0-9 | 10-19 | 20-29 | 30-39 | 40-49 | 50-59 | 60-69 | 70-79,141,81,14,0.06575650488525989,0.05765129339389816,0-9,1.1235955056179776,20-29,0.0,11,3,True,-0.183090082553057,0.02977086272374883,0.10421579959666206,0.06739550727781421
colon,age_range,lymphoid,GC B Light Zone (GC B LZ),inferential,8,0-9 | 10-19 | 20-29 | 30-39 | 40-49 | 50-59 | 60-69 | 70-79,141,81,14,0.08515107254803936,0.025724145389793833,0-9,1.3071895424836601,20-29,0.0,11,3,True,-0.15233982567377147,0.07132955695838618,0.057715999509766455,0.1396870490435063
colon,age_range,lymphoid,Gamma Delta T Cells,inferential,8,0-9 | 10-19 | 20-29 | 30-39 | 40-49 | 50-59 | 60-69 | 70-79,141,81,14,0.5840357546936457,1.819124915533715e-12,0-9,8.955223880597014,60-69,0.0,11,3,True,-0.5819639746258064,3.779630036785781e-14,1.709977420601692e-10,3.552852234578634e-12
colon,age_range,lymphoid,ILC3,inferential,8,0-9 | 10-19 | 20-29 | 30-39 | 40-49 | 50-59 | 60-69 | 70-79,141,81,14,0.02175915640947673,0.013964491525933187,30-39,1.1285872300081436,60-69,0.0,11,3,True,-0.07588219240495964,0.37115038313219084,0.041020693857428736,0.528608121430696
colon,age_range,lymphoid,MAIT Cells,inferential,8,0-9 | 10-19 | 20-29 | 30-39 | 40-49 | 50-59 | 60-69 | 70-79,141,81,14,0.0,0.8419572346467618,30-39,0.9281303901060589,20-29,0.0,11,3,True,-0.00898339190096775,0.9158009844512919,0.8697140665581935,0.9357097015045809
colon,age_range,lymphoid,Memory B,inferential,8,0-9 | 10-19 | 20-29 | 30-39 | 40-49 | 50-59 | 60-69 | 70-79,141,81,14,0.02640028912055713,0.17393840298336571,30-39,13.016129620400871,70-79,0.11045655375552282,11,3,True,-0.21006848743041337,0.012412899919714691,0.24013825326322716,0.035340634059674546
colon,age_range,lymphoid,NK Cells,inferential,8,0-9 | 10-19 | 20-29 | 30-39 | 40-49 | 50-59 | 60-69 | 70-79,141,81,14,0.0,0.44744116510555654,10-19,0.766384778012685,60-69,0.0,11,3,True,-0.027896938784561925,0.7426296636584917,0.5129203599990526,0.8212610398105673
colon,age_range,lymphoid,NKT Cells,inferential,8,0-9 | 10-19 | 20-29 | 30-39 | 40-49 | 50-59 | 60-69 | 70-79,141,81,14,0.015472841770615546,0.1760958961385064,30-39,0.9306534184740725,10-19,0.2917754180871165,11,3,True,0.21082198924081605,0.012095076764523835,0.24013825326322716,0.035340634059674546
colon,age_range,lymphoid,Naive B,inferential,8,0-9 | 10-19 | 20-29 | 30-39 | 40-49 | 50-59 | 60-69 | 70-79,141,81,14,0.17131550376340224,0.0001548245052985028,0-9,16.853932584269664,60-69,0.0724112961622013,11,3,True,-0.3816475812314689,3.0199355267266505e-06,0.0024255839163432108,0.00014193696975615258
colon,age_range,lymphoid,Plasma Cells,inferential,8,0-9 | 10-19 | 20-29 | 30-39 | 40-49 | 50-59 | 60-69 | 70-79,141,81,14,0.07369305828185549,0.05125967386380408,50-59,2.666666666666667,0-9,0.012891581797086502,11,3,True,0.2850603751026206,0.0006122180724284743,0.09447861457250165,0.004110607057734042
colon,age_range,lymphoid,Plasma IGA,inferential,8,0-9 | 10-19 | 20-29 | 30-39 | 40-49 | 50-59 | 60-69 | 70-79,141,81,14,0.008198524171320236,0.28776961092797504,20-29,24.383164005805515,0-9,1.0,11,3,True,0.07456193563053654,0.3795549284578007,0.36554518144904935,0.5311009734791216
colon,age_range,lymphoid,Plasma IGG,inferential,8,0-9 | 10-19 | 20-29 | 30-39 | 40-49 | 50-59 | 60-69 | 70-79,141,81,14,0.0900836662103548,0.003914225546296411,30-39,0.960363474267265,40-49,0.0,11,3,True,-0.04324492378723054,0.6106314611207038,0.018396860067593133,0.7146588734936743
colon,age_range,myeloid,Classical Monocytes,inferential,7,0-9 | 10-19 | 20-29 | 40-49 | 50-59 | 60-69 | 70-79,99,56,10,0.029649267501804567,0.13788182537080676,70-79,8.108108108108109,0-9,0.0,11,3,True,0.04986973214705694,0.6239917138133007,0.20251393101337242,0.7146588734936743
colon,age_range,myeloid,Cycling Macrophages,inferential,7,0-9 | 10-19 | 20-29 | 40-49 | 50-59 | 60-69 | 70-79,99,56,10,0.13382095191730328,0.00648078743225159,60-69,2.380952380952381,0-9,0.0,11,3,True,0.1901355260130016,0.05942545438270404,0.022562741430801832,0.12143462417335173
colon,age_range,myeloid,Eosinophils,inferential,7,0-9 | 10-19 | 20-29 | 40-49 | 50-59 | 60-69 | 70-79,99,56,10,0.09344820310942538,0.005048107310069619,0-9,0.0,0-9,0.0,11,3,True,-0.23181268483206804,0.02095702004645348,0.02063139509332801,0.054721107899072974
colon,age_range,myeloid,Follicle Associated Resident Macrophages,inferential,7,0-9 | 10-19 | 20-29 | 40-49 | 50-59 | 60-69 | 70-79,99,56,10,0.09273568733355599,0.03379459989399244,0-9,0.0,0-9,0.0,11,3,True,-0.2494300416017943,0.01278278253222271,0.06905853021815846,0.035340634059674546
colon,age_range,myeloid,Homeostatic Macrophages,inferential,7,0-9 | 10-19 | 20-29 | 40-49 | 50-59 | 60-69 | 70-79,99,56,10,0.2004182435923606,0.00029720676980063356,70-79,24.31192660550459,0-9,0.0,11,3,True,0.3877677445283643,7.322223884673992e-05,0.0034921795451574446,0.0009672559314820077
colon,age_range,myeloid,M0 Macrophages,inferential,7,0-9 | 10-19 | 20-29 | 40-49 | 50-59 | 60-69 | 70-79,99,56,10,0.08471158073125175,0.019607410130753428,70-79,26.53061224489796,0-9,0.0,11,3,True,0.28771953040894505,0.003880180673202291,0.052540496488519634,0.013026320831464834
colon,age_range,myeloid,Mast Cells,inferential,7,0-9 | 10-19 | 20-29 | 40-49 | 50-59 | 60-69 | 70-79,99,56,10,0.05188047903736029,0.14890660631895974,50-59,14.925373134328357,0-9,0.0,11,3,True,0.1444625549676326,0.1536881726003683,0.21534186144588022,0.26266705862608397
colon,age_range,myeloid,Monocyte Derived Dendritic Cells (MO DC),inferential,7,0-9 | 10-19 | 20-29 | 40-49 | 50-59 | 60-69 | 70-79,99,56,10,0.024352398073314407,0.12803009524472164,0-9,0.0,0-9,0.0,11,3,True,-0.12653791767922853,0.2120054247441489,0.19729227791809564,0.3214275794508064
colon,age_range,myeloid,Neutrophils,inferential,7,0-9 | 10-19 | 20-29 | 40-49 | 50-59 | 60-69 | 70-79,99,56,10,0.08532411432862579,0.006448073374010667,0-9,0.0,0-9,0.0,11,3,True,-0.2240574276298514,0.025783581634624977,0.022562741430801832,0.06494858438525929
colon,age_range,myeloid,Nonclassical Monocytes,inferential,7,0-9 | 10-19 | 20-29 | 40-49 | 50-59 | 60-69 | 70-79,99,56,10,0.07739801936786526,0.015834299345590875,0-9,0.0,0-9,0.0,11,3,True,-0.10576223769441473,0.2974665161452838,0.045103761772289155,0.4369039455883856
colon,age_range,myeloid,Perivascular Resident Macrophages,inferential,7,0-9 | 10-19 | 20-29 | 40-49 | 50-59 | 60-69 | 70-79,99,56,10,0.08079557511417836,0.03179856435166578,70-79,5.172413793103448,0-9,0.0,11,3,True,0.08840801275318733,0.38420070421893904,0.06642366775681297,0.5311009734791216
colon,age_range,myeloid,Tolerogenic cDC2,inferential,7,0-9 | 10-19 | 20-29 | 40-49 | 50-59 | 60-69 | 70-79,99,56,10,0.08267268115671855,0.025752252184918827,0-9,0.0,0-9,0.0,11,3,True,-0.32702354402980544,0.0009536552112744544,0.057715999509766455,0.005273152344694041
colon,age_range,myeloid,cDC1,inferential,7,0-9 | 10-19 | 20-29 | 40-49 | 50-59 | 60-69 | 70-79,99,56,10,0.050697305881937174,0.18553819284981665,20-29,2.564102564102564,0-9,0.0,11,3,True,-0.28033959100307576,0.0049463314740013095,0.24915128754118238,0.015498505285204103
colon,age_range,myeloid,cDC2,inferential,7,0-9 | 10-19 | 20-29 | 40-49 | 50-59 | 60-69 | 70-79,99,56,10,0.05405879878314168,0.1106975169416419,10-19,33.85714285714286,0-9,0.0,11,3,True,-0.01963428333163482,0.8470403128126345,0.17342610987523896,0.9047930614134959
colon,age_range,myeloid,migDC,inferential,7,0-9 | 10-19 | 20-29 | 40-49 | 50-59 | 60-69 | 70-79,99,56,10,0.10855046642155856,0.0027710186667397538,10-19,2.786377708978328,0-9,0.0,11,3,True,-0.38041454315483403,0.0001027126677000255,0.01376375442937739,0.0010727767515335996
colon,age_range,myeloid,pDC,inferential,7,0-9 | 10-19 | 20-29 | 40-49 | 50-59 | 60-69 | 70-79,99,56,10,0.38854270989614426,0.0005825509004826285,0-9,100.0,10-19,0.0,11,3,True,-0.2991094406389066,0.0026342784029522266,0.004978162240487916,0.010317590411562888
colon,age_range,stroma,Adipocytes,inferential,6,10-19 | 20-29 | 30-39 | 40-49 | 50-59 | 60-69,67,42,8,0.14790312911316592,0.005555378551812223,10-19,0.0,10-19,0.0,11,3,True,0.21860305775350378,0.07552996234058071,0.021758565994597877,0.14489421346968542
colon,age_range,stroma,Angiogenic Pericytes,inferential,6,10-19 | 20-29 | 30-39 | 40-49 | 50-59 | 60-69,67,42,8,0.1597559034729183,0.0012890623006491496,40-49,2.6200873362445414,60-69,0.0,11,3,True,-0.31199852711260945,0.010162106613375634,0.007480560977738931,0.030814129730880956
colon,age_range,stroma,Arteriolar Endothelial,inferential,6,10-19 | 20-29 | 30-39 | 40-49 | 50-59 | 60-69,67,42,8,0.22624504457352848,0.0011111700131066769,60-69,5.797101449275362,40-49,0.0,11,3,True,0.25959686715636265,0.0338864907498276,0.007460712945144831,0.07407744489497196
colon,age_range,stroma,Capillary Endothelial,inferential,6,10-19 | 20-29 | 30-39 | 40-49 | 50-59 | 60-69,67,42,8,0.3857255659591978,1.3893918954872054e-06,10-19,4.0589852719640795,20-29,0.0,11,3,True,-0.15886630763361642,0.1991148109244798,6.530141908789865e-05,0.30683265945739513
colon,age_range,stroma,Contractile Pericytes,inferential,6,10-19 | 20-29 | 30-39 | 40-49 | 50-59 | 60-69,67,42,8,0.10201046559989999,0.13360810695409714,30-39,4.022988505747127,40-49,0.0,11,3,True,0.23657099112858765,0.053925845906493505,0.20105591656614608,0.11520521625478158
colon,age_range,stroma,Crypt Bottom Fibroblasts (S2A),inferential,6,10-19 | 20-29 | 30-39 | 40-49 | 50-59 | 60-69,67,42,8,0.29548100806658034,6.7364231832825e-05,10-19,27.17527386541471,60-69,0.0,11,3,True,-0.39554947087748554,0.0009229786977866995,0.0015830594480713877,0.005273152344694041
colon,age_range,stroma,Crypt Top Fibroblasts (S2B),inferential,6,10-19 | 20-29 | 30-39 | 40-49 | 50-59 | 60-69,67,42,8,0.20142880683345074,0.0008802869121777371,50-59,5.865921787709497,20-29,0.0,11,3,True,-0.17234735639744214,0.1631256001955341,0.006895580812058941,0.2690141476908808
colon,age_range,stroma,Fibroblastic Reticular Cells (FRC),inferential,6,10-19 | 20-29 | 30-39 | 40-49 | 50-59 | 60-69,67,42,8,0.0,0.44051397410697923,10-19,0.0,10-19,0.0,11,3,True,0.21495236527434372,0.08066645463334608,0.511213747729087,0.15165293471069063
colon,age_range,stroma,Follicular Dendritic Cells (fDC),inferential,6,10-19 | 20-29 | 30-39 | 40-49 | 50-59 | 60-69,67,42,8,0.06693778316982132,0.03908629639168333,10-19,0.0,10-19,0.0,11,3,True,0.3487431064100422,0.003824785127637924,0.07817259278336666,0.013026320831464834
colon,age_range,stroma,Glia,inferential,6,10-19 | 20-29 | 30-39 | 40-49 | 50-59 | 60-69,67,42,8,0.11759140449882893,0.012133280385924494,50-59,5.038759689922481,60-69,0.0,11,3,True,-0.16879863856853794,0.1720973119303955,0.038017611875896744,0.27891633312857206
colon,age_range,stroma,Interstitial Cells of Cajal (ICC),inferential,6,10-19 | 20-29 | 30-39 | 40-49 | 50-59 | 60-69,67,42,8,0.09348816146918962,0.021239775176210063,10-19,0.0,10-19,0.0,11,3,True,0.33962657267716767,0.004927347622357352,0.052540496488519634,0.015498505285204103
colon,age_range,stroma,Lamina propria Fibroblasts (S1),inferential,6,10-19 | 20-29 | 30-39 | 40-49 | 50-59 | 60-69,67,42,8,0.18532460811828988,0.004457086825550302,50-59,34.387351778656125,60-69,0.0,11,3,True,-0.4161340009939655,0.00046109999187986554,0.019950769600082303,0.003940309021518851
colon,age_range,stroma,Lymphatic Endothelial,inferential,6,10-19 | 20-29 | 30-39 | 40-49 | 50-59 | 60-69,67,42,8,0.338034784892842,0.00020433873877842045,60-69,6.666666666666667,10-19,0.0,11,3,True,0.26983512204205173,0.027225629899922024,0.0027439773493102173,0.06562074898955565
colon,age_range,stroma,Marginal Reticular Cells (MRC),inferential,6,10-19 | 20-29 | 30-39 | 40-49 | 50-59 | 60-69,67,42,8,0.0,0.6712481081523477,10-19,0.20563237662057401,20-29,0.0,11,3,True,0.17805793681177073,0.14941889601185446,0.7089586760260751,0.26009955972433924
colon,age_range,stroma,Medullary Sinus Endothelial,inferential,6,10-19 | 20-29 | 30-39 | 40-49 | 50-59 | 60-69,67,42,8,0.1095151061956625,0.027050932060576034,10-19,0.0,10-19,0.0,11,3,True,0.265164683060333,0.03011288623051273,0.057790627583957886,0.06739550727781421
colon,age_range,stroma,Mesenchymal Lymphoid Tissue Organizer Cells (mLTo Cells),inferential,6,10-19 | 20-29 | 30-39 | 40-49 | 50-59 | 60-69,67,42,8,0.0,0.9306909909380928,30-39,0.14326647564469913,20-29,0.0,11,3,True,0.06992401768044854,0.5739316594592855,0.9406984209481798,0.7006438440152316
colon,age_range,stroma,Muscularis Propria Fibroblasts,inferential,6,10-19 | 20-29 | 30-39 | 40-49 | 50-59 | 60-69,67,42,8,0.1328375985092489,0.001352867410867679,60-69,1.6194331983805668,10-19,0.0,11,3,True,0.36263205377489144,0.0025631532781720642,0.007480560977738931,0.010317590411562888
colon,age_range,stroma,Myofibroblasts,inferential,6,10-19 | 20-29 | 30-39 | 40-49 | 50-59 | 60-69,67,42,8,0.2073493278127186,0.00034392752607965505,50-59,5.0,60-69,0.0,11,3,True,-0.4043804755896437,0.0006890341019127286,0.003592131939054175,0.004317947038653099
colon,age_range,stroma,Post Arteriole Capillary Endothelial (PAC),inferential,6,10-19 | 20-29 | 30-39 | 40-49 | 50-59 | 60-69,67,42,8,0.2314036152434363,0.0009570966155178584,10-19,17.659417854799734,60-69,0.0,11,3,True,-0.41237528816970376,0.0005251383978224639,0.006920544758359899,0.004110607057734042
colon,age_range,stroma,Pre Venule Capillary Endothelial (PVC),inferential,6,10-19 | 20-29 | 30-39 | 40-49 | 50-59 | 60-69,67,42,8,0.11077293159255563,0.10486144455006466,10-19,0.0,10-19,0.0,11,3,True,0.07332997099899452,0.5553711576458098,0.1670673862323064,0.6869064318250806
colon,age_range,stroma,Secretory Pericytes,inferential,6,10-19 | 20-29 | 30-39 | 40-49 | 50-59 | 60-69,67,42,8,0.0,0.21766772644235985,10-19,0.7067618265367284,20-29,0.0,11,3,True,-0.18164744450077724,0.14125408508534357,0.28817980683918065,0.250526113170232
colon,age_range,stroma,Smooth Muscle Cells (SMC),inferential,6,10-19 | 20-29 | 30-39 | 40-49 | 50-59 | 60-69,67,42,8,0.1309893025682532,0.016492453803716358,20-29,0.9389671361502347,10-19,0.0,11,3,True,0.06154170142941621,0.6207907014353369,0.04559678404556875,0.7146588734936743
colon,age_range,stroma,Submucosal Fibroblasts (S3),inferential,6,10-19 | 20-29 | 30-39 | 40-49 | 50-59 | 60-69,67,42,8,0.34242393100020974,1.8895989751469077e-05,60-69,36.0,10-19,0.0,11,3,True,0.4090305196413112,0.0005888205397184706,0.0005920743455460312,0.004110607057734042
colon,age_range,stroma,Venular Endothelial,inferential,6,10-19 | 20-29 | 30-39 | 40-49 | 50-59 | 60-69,67,42,8,0.08267053899738157,0.04919286698548096,20-29,4.444444444444445,30-39,0.5747126436781609,11,3,True,-0.16113014486929667,0.19270555822819208,0.09248258993270421,0.3019053745575009
colon,assay,epithelial,BEST4 Colonocytes,inferential,3,10x 3' v2 | 10x 3' v3 | 10x 5' v1,114,66,10,0.27717151393649386,1.9045184238779424e-08,10x 3' v2,14.40278434080913,10x 5' v1,2.0,0,0,False,,,2.5574961692075227e-07,
colon,assay,epithelial,BEST4 Enterocytes,inferential,3,10x 3' v2 | 10x 3' v3 | 10x 5' v1,114,66,10,0.08885742399559828,0.0023663217836927927,10x 3' v2,0.0,10x 3' v2,0.0,0,0,False,,,0.004196872597492878,
colon,assay,epithelial,Brunners Gland Cells,inferential,3,10x 3' v2 | 10x 3' v3 | 10x 5' v1,114,66,10,0.07568087381684084,0.00044479223747410647,10x 3' v2,0.0,10x 3' v2,0.0,0,0,False,,,0.00104526175806415,
colon,assay,epithelial,Colonocyte Progenitors,inferential,3,10x 3' v2 | 10x 3' v3 | 10x 5' v1,114,66,10,0.12264254611676295,0.0005315186266933104,10x 3' v3,16.445139431847796,10x 5' v1,0.0,0,0,False,,,0.0011895893073612187,
colon,assay,epithelial,Crypt Top Colonocytes,inferential,3,10x 3' v2 | 10x 3' v3 | 10x 5' v1,114,66,10,0.011248249601877374,0.2604795111305767,10x 5' v1,66.66666666666666,10x 3' v3,6.737998843262001,0,0,False,,,0.2925482624318314,
colon,assay,epithelial,EEC Enterochromaffin (EC),inferential,3,10x 3' v2 | 10x 3' v3 | 10x 5' v1,114,66,10,0.07600820166724832,0.0008023115094622093,10x 3' v3,0.2066442006236141,10x 3' v2,0.0,0,0,False,,,0.0016395061280314713,
colon,assay,epithelial,EEC L,inferential,3,10x 3' v2 | 10x 3' v3 | 10x 5' v1,114,66,10,0.026806649188430145,0.008757548486660754,10x 3' v3,0.09638803363816001,10x 3' v2,0.0,0,0,False,,,0.012862649339782982,
colon,assay,epithelial,EEC N,inferential,3,10x 3' v2 | 10x 3' v3 | 10x 5' v1,114,66,10,0.10902110691559477,0.0005227826728223296,10x 3' v2,0.0,10x 3' v2,0.0,0,0,False,,,0.0011895893073612187,
colon,assay,epithelial,EEC Progenitors,inferential,3,10x 3' v2 | 10x 3' v3 | 10x 5' v1,114,66,10,0.03970496750676888,0.005223608253971395,10x 3' v3,0.13575744179192456,10x 3' v2,0.0,0,0,False,,,0.008183652931221853,
colon,assay,epithelial,EEC S,inferential,3,10x 3' v2 | 10x 3' v3 | 10x 5' v1,114,66,10,0.1055881190889323,0.0009137176340185228,10x 3' v2,0.0,10x 3' v2,0.0,0,0,False,,,0.0018274352680370456,
colon,assay,epithelial,Enterocyte Progenitors,inferential,3,10x 3' v2 | 10x 3' v3 | 10x 5' v1,114,66,10,0.06582968125375882,0.001757217486767298,10x 3' v3,0.21041582297482608,10x 3' v2,0.0,0,0,False,,,0.0033035688751225202,
colon,assay,epithelial,Enteroendocrine Cells (EEC),inferential,3,10x 3' v2 | 10x 3' v3 | 10x 5' v1,114,66,10,0.08915901243105372,0.0019119771822461147,10x 3' v2,0.0,10x 3' v2,0.0,0,0,False,,,0.0035240363751202902,
colon,assay,epithelial,Epithelial,inferential,3,10x 3' v2 | 10x 3' v3 | 10x 5' v1,114,66,10,0.05536504203759869,0.0025106985448127843,10x 3' v2,0.0,10x 3' v2,0.0,0,0,False,,,0.004370475244674106,
colon,assay,epithelial,Foveolar Cells,inferential,3,10x 3' v2 | 10x 3' v3 | 10x 5' v1,114,66,10,0.11778140429990616,0.0003125764911997646,10x 3' v2,0.0,10x 3' v2,0.0,0,0,False,,,0.000753389491609689,
colon,assay,epithelial,Goblet Cells,inferential,3,10x 3' v2 | 10x 3' v3 | 10x 5' v1,114,66,10,0.0,0.6033088021549842,10x 5' v1,4.5528455284552845,10x 3' v3,1.3429551597477303,0,0,False,,,0.6164242108974839,
colon,assay,epithelial,Intestinal Stem Cells (ISC),inferential,3,10x 3' v2 | 10x 3' v3 | 10x 5' v1,114,66,10,0.18404579283380887,2.6000125308262547e-05,10x 3' v3,3.4435761880743163,10x 5' v1,0.3976143141153081,0,0,False,,,8.146705929922265e-05,
colon,assay,epithelial,Lower Crypt Colonocytes,inferential,3,10x 3' v2 | 10x 3' v3 | 10x 5' v1,114,66,10,0.13869624702616115,0.0009573340158103184,10x 3' v3,29.2587358684481,10x 5' v1,0.0,0,0,False,,,0.001874779114295207,
colon,assay,epithelial,Lower Villus Enterocytes,inferential,3,10x 3' v2 | 10x 3' v3 | 10x 5' v1,114,66,10,0.03363030768103912,0.027874746792320257,10x 3' v2,0.0,10x 3' v2,0.0,0,0,False,,,0.037974292731566724,
colon,assay,epithelial,Mature Goblet Cells,inferential,3,10x 3' v2 | 10x 3' v3 | 10x 5' v1,114,66,10,0.14040723300951588,0.00022053283255964022,10x 5' v1,1.865473823724321,10x 3' v3,0.0,0,0,False,,,0.0005602726016380048,
colon,assay,epithelial,Microfold Cells (M Cells),inferential,3,10x 3' v2 | 10x 3' v3 | 10x 5' v1,114,66,10,0.04058074696477969,0.017496080552409365,10x 3' v2,0.0,10x 3' v2,0.0,0,0,False,,,0.02491866018070425,
colon,assay,epithelial,Mid Crypt Colonocytes,inferential,3,10x 3' v2 | 10x 3' v3 | 10x 5' v1,114,66,10,0.16345626612101008,6.508538955704915e-05,10x 3' v2,7.460058580748236,10x 5' v1,0.0,0,0,False,,,0.00017994195936360646,
colon,assay,epithelial,Mid Villus Enterocytes,inferential,3,10x 3' v2 | 10x 3' v3 | 10x 5' v1,114,66,10,0.008416078661039,0.007950941491365464,10x 3' v2,0.0,10x 3' v2,0.0,0,0,False,,,0.011863309526799263,
colon,assay,epithelial,Paneth Cells,inferential,3,10x 3' v2 | 10x 3' v3 | 10x 5' v1,114,66,10,0.10568205096138437,0.000705457946450954,10x 3' v2,0.0,10x 3' v2,0.0,0,0,False,,,0.0015071147037815835,
colon,assay,epithelial,Secretory Progenitors,inferential,3,10x 3' v2 | 10x 3' v3 | 10x 5' v1,114,66,10,0.08820735218249935,0.0039297287870676476,10x 3' v3,0.9588331436243178,10x 5' v1,0.0,0,0,False,,,0.006368870792833774,
colon,assay,epithelial,Transiently Amplifying Cells (TA),inferential,3,10x 3' v2 | 10x 3' v3 | 10x 5' v1,114,66,10,0.015383938293134803,0.0866926847295698,10x 3' v3,2.184142640929865,10x 5' v1,0.0,0,0,False,,,0.10722516269183634,
colon,assay,epithelial,Tuft Cells,inferential,3,10x 3' v2 | 10x 3' v3 | 10x 5' v1,114,66,10,0.2176242266639135,6.958989860066295e-07,10x 3' v3,0.3750911436423804,10x 3' v2,0.0,0,0,False,,,3.8479120402719515e-06,
colon,assay,epithelial,Tuft Progenitors,inferential,3,10x 3' v2 | 10x 3' v3 | 10x 5' v1,114,66,10,0.18288248206740493,1.5634632182635942e-06,10x 3' v3,0.3214288173760941,10x 3' v2,0.0,0,0,False,,,7.243906853161754e-06,
colon,assay,epithelial,Villus Tip Enterocytes,inferential,3,10x 3' v2 | 10x 3' v3 | 10x 5' v1,114,66,10,0.0,0.020948654272810858,10x 3' v2,0.0,10x 3' v2,0.0,0,0,False,,,0.029390649278271952,
colon,assay,lymphoid,CD4 Memory,inferential,4,10x 3' v2 | 10x 3' v3 | 10x 5' v1 | 10x 5' v3,143,84,13,0.3874828733660387,2.7980312369845573e-11,10x 5' v1,19.09436352121596,10x 5' v3,0.2127110996519273,0,0,False,,,8.717940689398631e-10,
colon,assay,lymphoid,CD4 Naive,inferential,4,10x 3' v2 | 10x 3' v3 | 10x 5' v1 | 10x 5' v3,143,84,13,0.0,0.2895409218595765,10x 3' v3,1.3499859203922413,10x 3' v2,0.0,0,0,False,,,0.3201981959388258,
colon,assay,lymphoid,CD4 Tfh,inferential,4,10x 3' v2 | 10x 3' v3 | 10x 5' v1 | 10x 5' v3,143,84,13,0.16585207407626876,1.2702181831652418e-05,10x 5' v1,3.6595283274600163,10x 3' v2,0.35434290190743967,0,0,False,,,4.5923272775974125e-05,
colon,assay,lymphoid,CD4 Tfr,inferential,4,10x 3' v2 | 10x 3' v3 | 10x 5' v1 | 10x 5' v3,143,84,13,0.017994729507826886,0.33257593380987305,10x 5' v1,0.2933411557641537,10x 3' v2,0.0,0,0,False,,,0.3552515656605462,
colon,assay,lymphoid,CD4 Th17,inferential,4,10x 3' v2 | 10x 3' v3 | 10x 5' v1 | 10x 5' v3,143,84,13,0.24229057274562826,1.5421345311174472e-09,10x 5' v1,7.076566125290023,10x 5' v3,1.0635554982596365,0,0,False,,,2.4160107654173343e-08,
colon,assay,lymphoid,CD4 Tr1,inferential,4,10x 3' v2 | 10x 3' v3 | 10x 5' v1 | 10x 5' v3,143,84,13,0.20925615686625332,1.2624030123773906e-05,10x 5' v1,0.656311529205863,10x 3' v2,0.0,0,0,False,,,4.5923272775974125e-05,
colon,assay,lymphoid,CD4 pTreg,inferential,4,10x 3' v2 | 10x 3' v3 | 10x 5' v1 | 10x 5' v3,143,84,13,0.17233226506434707,2.9161333103405062e-05,10x 5' v1,1.3388259526261586,10x 3' v2,0.0,0,0,False,,,8.842468747484117e-05,
colon,assay,lymphoid,CD4 tTreg,inferential,4,10x 3' v2 | 10x 3' v3 | 10x 5' v1 | 10x 5' v3,143,84,13,0.17475204882554726,5.3056128556519225e-05,10x 5' v1,1.6543649783659964,10x 3' v2,0.03987240829346093,0,0,False,,,0.0001511295783125093,
colon,assay,lymphoid,CD8 Circulating Effector Memory,inferential,4,10x 3' v2 | 10x 3' v3 | 10x 5' v1 | 10x 5' v3,143,84,13,0.25250006560967664,9.068312342014394e-07,10x 5' v1,5.1233396584440225,10x 5' v3,1.0209939314416925,0,0,False,,,4.735674223051962e-06,
colon,assay,lymphoid,CD8 Effector Memory,inferential,4,10x 3' v2 | 10x 3' v3 | 10x 5' v1 | 10x 5' v3,143,84,13,0.2570571250321955,1.0766453636674352e-07,10x 5' v3,5.477069807726405,10x 3' v2,0.4817158931082982,0,0,False,,,9.200424016794447e-07,
colon,assay,lymphoid,CD8 IEL,inferential,4,10x 3' v2 | 10x 3' v3 | 10x 5' v1 | 10x 5' v3,143,84,13,0.09161925596657464,0.0007591607731045403,10x 5' v3,15.844550846443,10x 3' v2,3.285555443840526,0,0,False,,,0.001585802503818373,
colon,assay,lymphoid,CD8 Memory Exhausted,inferential,4,10x 3' v2 | 10x 3' v3 | 10x 5' v1 | 10x 5' v3,143,84,13,0.23825033737047213,2.7396531813983253e-08,10x 5' v1,0.031665611146295125,10x 3' v2,0.0,0,0,False,,,3.2190924881430325e-07,
colon,assay,lymphoid,CD8 Naive,inferential,4,10x 3' v2 | 10x 3' v3 | 10x 5' v1 | 10x 5' v3,143,84,13,0.01732984180686244,0.3321088051668063,10x 3' v3,0.44628079204571536,10x 3' v2,0.0,0,0,False,,,0.3552515656605462,
colon,assay,lymphoid,CD8 TRM,inferential,4,10x 3' v2 | 10x 3' v3 | 10x 5' v1 | 10x 5' v3,143,84,13,0.243437490503647,1.694169608523369e-07,10x 5' v1,7.640538400633412,10x 3' v2,1.5209149906830302,0,0,False,,,1.225014947701513e-06,
colon,assay,lymphoid,GC B Dark Zone (GC B DZ),inferential,4,10x 3' v2 | 10x 3' v3 | 10x 5' v1 | 10x 5' v3,143,84,13,0.20014207477280885,2.6663681754313257e-07,10x 5' v3,0.4525044847625493,10x 3' v2,0.0,0,0,False,,,1.7902757749324616e-06,
colon,assay,lymphoid,GC B Light Zone (GC B LZ),inferential,4,10x 3' v2 | 10x 3' v3 | 10x 5' v1 | 10x 5' v3,143,84,13,0.22748746305326273,3.8141322143053484e-06,10x 5' v3,0.8991008991008991,10x 3' v2,0.0,0,0,False,,,1.4938684506029283e-05,
colon,assay,lymphoid,Gamma Delta T Cells,inferential,4,10x 3' v2 | 10x 3' v3 | 10x 5' v1 | 10x 5' v3,143,84,13,0.23830416529306844,1.3590550267632004e-05,10x 5' v3,6.293226334406842,10x 3' v2,0.0,0,0,False,,,4.731524907990401e-05,
colon,assay,lymphoid,ILC3,inferential,4,10x 3' v2 | 10x 3' v3 | 10x 5' v1 | 10x 5' v3,143,84,13,0.21594745612391897,0.00016120022886818868,10x 3' v3,0.4324193066347878,10x 5' v3,0.011279043537108053,0,0,False,,,0.00042091170871138157,
colon,assay,lymphoid,MAIT Cells,inferential,4,10x 3' v2 | 10x 3' v3 | 10x 5' v1 | 10x 5' v3,143,84,13,0.00448665090744312,0.261426106853977,10x 5' v1,0.6090487238979118,10x 3' v2,0.0,0,0,False,,,0.2925482624318314,
colon,assay,lymphoid,Memory B,inferential,4,10x 3' v2 | 10x 3' v3 | 10x 5' v1 | 10x 5' v3,143,84,13,0.12103550801516105,0.033785712913576064,10x 5' v3,9.01536274670603,10x 5' v1,0.09239297813366185,0,0,False,,,0.04536938591251643,
colon,assay,lymphoid,NK Cells,inferential,4,10x 3' v2 | 10x 3' v3 | 10x 5' v1 | 10x 5' v3,143,84,13,0.18763784371270384,0.0068489074768832104,10x 5' v3,0.9138592200785424,10x 5' v1,0.036818851251840944,0,0,False,,,0.010554054144705276,
colon,assay,lymphoid,NKT Cells,inferential,4,10x 3' v2 | 10x 3' v3 | 10x 5' v1 | 10x 5' v3,143,84,13,0.08168047380428281,0.0036366564214048926,10x 5' v3,0.7702567448811216,10x 3' v3,0.33546122644474713,0,0,False,,,0.005997293045825612,
colon,assay,lymphoid,Naive B,inferential,4,10x 3' v2 | 10x 3' v3 | 10x 5' v1 | 10x 5' v3,143,84,13,0.17641363451067918,0.0001366945935283078,10x 3' v3,4.385603406827392,10x 5' v1,0.2664002664002664,0,0,False,,,0.00036712262261888386,
colon,assay,lymphoid,Plasma Cells,inferential,4,10x 3' v2 | 10x 3' v3 | 10x 5' v1 | 10x 5' v3,143,84,13,0.059246205743185176,0.08895248826716853,10x 3' v3,3.438065989447988,10x 5' v3,0.017724834435651305,0,0,False,,,0.10859134931316677,
colon,assay,lymphoid,Plasma IGA,inferential,4,10x 3' v2 | 10x 3' v3 | 10x 5' v1 | 10x 5' v3,143,84,13,0.2101356542603558,3.707393051610035e-06,10x 3' v2,16.835066864784547,10x 5' v3,0.0,0,0,False,,,1.4938684506029283e-05,
colon,assay,lymphoid,Plasma IGG,inferential,4,10x 3' v2 | 10x 3' v3 | 10x 5' v1 | 10x 5' v3,143,84,13,0.5179439142306514,4.071322378144108e-15,10x 3' v2,0.41943592810864844,10x 5' v1,0.0,0,0,False,,,3.8270430354554615e-13,
colon,assay,myeloid,Classical Monocytes,inferential,3,10x 3' v2 | 10x 3' v3 | 10x 5' v1,102,62,9,0.017191864381079395,0.08155392288700732,10x 3' v2,8.65817091454273,10x 5' v1,2.5,0,0,False,,,0.10221425001838251,
colon,assay,myeloid,Cycling Macrophages,inferential,3,10x 3' v2 | 10x 3' v3 | 10x 5' v1,102,62,9,0.03049363550634396,0.23587039406860957,10x 5' v1,2.0408163265306123,10x 3' v2,0.0,0,0,False,,,0.2737261363265346,
colon,assay,myeloid,Eosinophils,inferential,3,10x 3' v2 | 10x 3' v3 | 10x 5' v1,102,62,9,0.02645222152900484,0.24852878584552998,10x 3' v2,0.0,10x 3' v2,0.0,0,0,False,,,0.284898852066827,
colon,assay,myeloid,Follicle Associated Resident Macrophages,inferential,3,10x 3' v2 | 10x 3' v3 | 10x 5' v1,102,62,9,0.0,0.5610860279618711,10x 3' v2,0.0,10x 3' v2,0.0,0,0,False,,,0.5795833695430317,
colon,assay,myeloid,Homeostatic Macrophages,inferential,3,10x 3' v2 | 10x 3' v3 | 10x 5' v1,102,62,9,0.3321681294154657,1.5858707899780572e-07,10x 5' v1,35.08771929824561,10x 3' v2,3.108777013159483,0,0,False,,,1.225014947701513e-06,
colon,assay,myeloid,M0 Macrophages,inferential,3,10x 3' v2 | 10x 3' v3 | 10x 5' v1,102,62,9,0.14625751602646764,0.00026524247494216373,10x 5' v1,22.393822393822393,10x 3' v2,4.316770186335404,0,0,False,,,0.0006561261222253524,
colon,assay,myeloid,Mast Cells,inferential,3,10x 3' v2 | 10x 3' v3 | 10x 5' v1,102,62,9,0.0,0.6552312943508687,10x 3' v3,8.333333333333332,10x 5' v1,2.0408163265306123,0,0,False,,,0.6622767921395877,
colon,assay,myeloid,Monocyte Derived Dendritic Cells (MO DC),inferential,3,10x 3' v2 | 10x 3' v3 | 10x 5' v1,102,62,9,0.2154218776449574,4.1567868742775515e-05,10x 3' v2,0.0,10x 3' v2,0.0,0,0,False,,,0.00012210561443190307,
colon,assay,myeloid,Neutrophils,inferential,3,10x 3' v2 | 10x 3' v3 | 10x 5' v1,102,62,9,0.0055362668330702965,0.48408062233440063,10x 3' v2,0.0,10x 3' v2,0.0,0,0,False,,,0.5112761629149849,
colon,assay,myeloid,Nonclassical Monocytes,inferential,3,10x 3' v2 | 10x 3' v3 | 10x 5' v1,102,62,9,0.010524476141383627,0.3235674189640971,10x 3' v2,0.0,10x 3' v2,0.0,0,0,False,,,0.353666713751455,
colon,assay,myeloid,Perivascular Resident Macrophages,inferential,3,10x 3' v2 | 10x 3' v3 | 10x 5' v1,102,62,9,0.2527329940764541,3.424829842106127e-06,10x 3' v2,2.3809523809523805,10x 3' v3,0.0,0,0,False,,,1.4633363870817089e-05,
colon,assay,myeloid,Tolerogenic cDC2,inferential,3,10x 3' v2 | 10x 3' v3 | 10x 5' v1,102,62,9,0.016704971311109623,0.1671044837776802,10x 3' v2,0.0,10x 3' v2,0.0,0,0,False,,,0.19634776843877422,
colon,assay,myeloid,cDC1,inferential,3,10x 3' v2 | 10x 3' v3 | 10x 5' v1,102,62,9,0.05203312134124855,0.04760969295278095,10x 3' v3,1.1904761904761905,10x 3' v2,0.0,0,0,False,,,0.06303255123325929,
colon,assay,myeloid,cDC2,inferential,3,10x 3' v2 | 10x 3' v3 | 10x 5' v1,102,62,9,0.02104397711997873,0.06658769670601085,10x 3' v3,15.384615384615385,10x 5' v1,2.2222222222222223,0,0,False,,,0.08693393736618082,
colon,assay,myeloid,migDC,inferential,3,10x 3' v2 | 10x 3' v3 | 10x 5' v1,102,62,9,0.03418368486641681,0.1409126143463663,10x 3' v2,0.0,10x 3' v2,0.0,0,0,False,,,0.16766817403238518,
colon,assay,myeloid,pDC,inferential,3,10x 3' v2 | 10x 3' v3 | 10x 5' v1,102,62,9,0.0,0.9091403931621073,10x 3' v2,0.0,10x 3' v2,0.0,0,0,False,,,0.9091403931621073,
colon,assay,stroma,Adipocytes,inferential,2,10x 3' v2 | 10x 3' v3,77,51,6,0.21293545493617066,5.962405475292236e-07,10x 3' v2,0.0,10x 3' v2,0.0,0,0,False,,,3.5029132167341887e-06,
colon,assay,stroma,Angiogenic Pericytes,inferential,2,10x 3' v2 | 10x 3' v3,77,51,6,0.18071563412759492,1.4169652806863278e-05,10x 3' v3,2.7444698976304673,10x 3' v2,0.0,0,0,False,,,4.75695487087553e-05,
colon,assay,stroma,Arteriolar Endothelial,inferential,2,10x 3' v2 | 10x 3' v3,77,51,6,0.02860535915834126,0.0981666660329768,10x 3' v2,1.2345679012345678,10x 3' v3,0.7929757595245257,0,0,False,,,0.11830341803974127,
colon,assay,stroma,Capillary Endothelial,inferential,2,10x 3' v2 | 10x 3' v3,77,51,6,0.5338272584045455,9.650645685065299e-12,10x 3' v3,2.462191415227222,10x 3' v2,0.0,0,0,False,,,4.5358034719806904e-10,
colon,assay,stroma,Contractile Pericytes,inferential,2,10x 3' v2 | 10x 3' v3,77,51,6,0.0967527028581911,0.016483936846942413,10x 3' v2,0.91324200913242,10x 3' v3,0.4526538498526853,0,0,False,,,0.02383830867096287,
colon,assay,stroma,Crypt Bottom Fibroblasts (S2A),inferential,2,10x 3' v2 | 10x 3' v3,77,51,6,0.3802658981455931,4.553974159071953e-08,10x 3' v3,17.165473866840166,10x 3' v2,0.0,0,0,False,,,4.280735709527636e-07,
colon,assay,stroma,Crypt Top Fibroblasts (S2B),inferential,2,10x 3' v2 | 10x 3' v3,77,51,6,0.29479324318582195,4.088616380841823e-07,10x 3' v3,7.161122045669115,10x 3' v2,0.0,0,0,False,,,2.5621995986608757e-06,
colon,assay,stroma,Fibroblastic Reticular Cells (FRC),inferential,2,10x 3' v2 | 10x 3' v3,77,51,6,0.07820854233048125,0.003442661977564203,10x 3' v2,0.0,10x 3' v2,0.0,0,0,False,,,0.005778754033768483,
colon,assay,stroma,Follicular Dendritic Cells (fDC),inferential,2,10x 3' v2 | 10x 3' v3,77,51,6,0.0,0.07209535902999138,10x 3' v2,0.0,10x 3' v2,0.0,0,0,False,,,0.09158059120025933,
colon,assay,stroma,Glia,inferential,2,10x 3' v2 | 10x 3' v3,77,51,6,0.07332671893880593,0.0026309250570174833,10x 3' v3,3.797278666906432,10x 3' v2,0.0,0,0,False,,,0.004496490097448062,
colon,assay,stroma,Interstitial Cells of Cajal (ICC),inferential,2,10x 3' v2 | 10x 3' v3,77,51,6,0.012667525843916984,0.024239452913540415,10x 3' v2,0.0,10x 3' v2,0.0,0,0,False,,,0.03350747902754116,
colon,assay,stroma,Lamina propria Fibroblasts (S1),inferential,2,10x 3' v2 | 10x 3' v3,77,51,6,0.11222985349545073,0.002216894292047835,10x 3' v3,21.851646728695908,10x 3' v2,2.793296089385475,0,0,False,,,0.0040074627587018555,
colon,assay,stroma,Lymphatic Endothelial,inferential,2,10x 3' v2 | 10x 3' v3,77,51,6,0.2708300108014147,1.6183196161318812e-06,10x 3' v2,0.4048582995951417,10x 3' v3,0.0,0,0,False,,,7.243906853161754e-06,
colon,assay,stroma,Marginal Reticular Cells (MRC),inferential,2,10x 3' v2 | 10x 3' v3,77,51,6,0.0,0.4951153246504131,10x 3' v2,0.0,10x 3' v2,0.0,0,0,False,,,0.5171204501904314,
colon,assay,stroma,Medullary Sinus Endothelial,inferential,2,10x 3' v2 | 10x 3' v3,77,51,6,0.11445611416377763,0.0005774590527304059,10x 3' v2,0.0,10x 3' v2,0.0,0,0,False,,,0.0012623523478292593,
colon,assay,stroma,Mesenchymal Lymphoid Tissue Organizer Cells (mLTo Cells),inferential,2,10x 3' v2 | 10x 3' v3,77,51,6,0.09042204199536862,0.0013541403530161133,10x 3' v2,0.0,10x 3' v2,0.0,0,0,False,,,0.002597738636398258,
colon,assay,stroma,Muscularis Propria Fibroblasts,inferential,2,10x 3' v2 | 10x 3' v3,77,51,6,0.4375132394372695,2.2028911079219096e-10,10x 3' v2,1.639344262295082,10x 3' v3,0.0,0,0,False,,,4.14143528289319e-09,
colon,assay,stroma,Myofibroblasts,inferential,2,10x 3' v2 | 10x 3' v3,77,51,6,0.2197020244919263,1.6183196161318812e-06,10x 3' v3,4.88767877899631,10x 3' v2,0.0,0,0,False,,,7.243906853161754e-06,
colon,assay,stroma,Post Arteriole Capillary Endothelial (PAC),inferential,2,10x 3' v2 | 10x 3' v3,77,51,6,0.38100786885680754,4.051936298977835e-08,10x 3' v3,15.932979749276761,10x 3' v2,1.4492753623188406,0,0,False,,,4.232022356710183e-07,
colon,assay,stroma,Pre Venule Capillary Endothelial (PVC),inferential,2,10x 3' v2 | 10x 3' v3,77,51,6,0.14674680435743376,2.4734504208411795e-05,10x 3' v2,0.0,10x 3' v2,0.0,0,0,False,,,8.017391019278306e-05,
colon,assay,stroma,Secretory Pericytes,inferential,2,10x 3' v2 | 10x 3' v3,77,51,6,0.027850183719489986,0.07209535902999138,10x 3' v3,0.5362277170787809,10x 3' v2,0.0,0,0,False,,,0.09158059120025933,
colon,assay,stroma,Smooth Muscle Cells (SMC),inferential,2,10x 3' v2 | 10x 3' v3,77,51,6,0.1098870194967059,0.004623686843306279,10x 3' v2,0.0,10x 3' v2,0.0,0,0,False,,,0.007366551919843903,
colon,assay,stroma,Submucosal Fibroblasts (S3),inferential,2,10x 3' v2 | 10x 3' v3,77,51,6,0.5235681181532824,3.709761995488779e-11,10x 3' v2,28.39506172839506,10x 3' v3,0.0,0,0,False,,,8.717940689398631e-10,
colon,assay,stroma,Venular Endothelial,inferential,2,10x 3' v2 | 10x 3' v3,77,51,6,0.07323967422788936,0.006980497870818751,10x 3' v3,3.9176287744227354,10x 3' v2,2.272727272727273,0,0,False,,,0.010583335481563913,
colon,sample_collection_method,epithelial,BEST4 Colonocytes,inferential,2,biopsy | surgical resection,117,68,12,0.31536085811524694,1.4906586930027788e-10,surgical resection,14.903129657228018,biopsy,3.3281209278081834,0,0,False,,,2.3832600451038554e-09,
colon,sample_collection_method,epithelial,BEST4 Enterocytes,inferential,2,biopsy | surgical resection,117,68,12,0.0,0.6813203459151702,biopsy,0.0,biopsy,0.0,0,0,False,,,0.7627095888604701,
colon,sample_collection_method,epithelial,Brunners Gland Cells,inferential,2,biopsy | surgical resection,117,68,12,0.0030856897613733667,0.280733811046236,biopsy,0.0,biopsy,0.0,0,0,False,,,0.3998330036113058,
colon,sample_collection_method,epithelial,Colonocyte Progenitors,inferential,2,biopsy | surgical resection,117,68,12,0.027205027828159204,0.03362904464688111,biopsy,16.445139431847796,surgical resection,7.684729064039408,0,0,False,,,0.0702473377068183,
colon,sample_collection_method,epithelial,Crypt Top Colonocytes,inferential,2,biopsy | surgical resection,117,68,12,0.0,0.8997822951292423,biopsy,14.793868921775898,surgical resection,11.60443995963673,0,0,False,,,0.9294454477159206,
colon,sample_collection_method,epithelial,EEC Enterochromaffin (EC),inferential,2,biopsy | surgical resection,117,68,12,0.15665579474944727,1.8499985333127849e-06,biopsy,0.14911440456234645,surgical resection,0.0,0,0,False,,,1.022985726943697e-05,
colon,sample_collection_method,epithelial,EEC L,inferential,2,biopsy | surgical resection,117,68,12,0.0,0.21187996721556118,biopsy,0.0,biopsy,0.0,0,0,False,,,0.3265035560370943,
colon,sample_collection_method,epithelial,EEC N,inferential,2,biopsy | surgical resection,117,68,12,0.006956264367095901,0.23476161708101612,biopsy,0.0,biopsy,0.0,0,0,False,,,0.35027923818437323,
colon,sample_collection_method,epithelial,EEC Progenitors,inferential,2,biopsy | surgical resection,117,68,12,0.041014323690033494,0.002843725803898898,biopsy,0.08081189342103029,surgical resection,0.0,0,0,False,,,0.008100309865651406,
colon,sample_collection_method,epithelial,EEC S,inferential,2,biopsy | surgical resection,117,68,12,0.0,0.3750627149991751,biopsy,0.0,biopsy,0.0,0,0,False,,,0.47312249994489225,
colon,sample_collection_method,epithelial,Enterocyte Progenitors,inferential,2,biopsy | surgical resection,117,68,12,0.15447721177430151,1.8500805700045586e-06,biopsy,0.21041582297482608,surgical resection,0.0,0,0,False,,,1.022985726943697e-05,
colon,sample_collection_method,epithelial,Enteroendocrine Cells (EEC),inferential,2,biopsy | surgical resection,117,68,12,0.0,0.9956312095285957,biopsy,0.0,biopsy,0.0,0,0,False,,,0.9956312095285957,
colon,sample_collection_method,epithelial,Epithelial,inferential,2,biopsy | surgical resection,117,68,12,0.0007867650613203979,0.8867934051314708,biopsy,0.0,biopsy,0.0,0,0,False,,,0.9262064453595361,
colon,sample_collection_method,epithelial,Foveolar Cells,inferential,2,biopsy | surgical resection,117,68,12,0.0,0.2616599726780494,biopsy,0.0,biopsy,0.0,0,0,False,,,0.38431308487088506,
colon,sample_collection_method,epithelial,Goblet Cells,inferential,2,biopsy | surgical resection,117,68,12,0.02447968360894134,0.018010165329084327,surgical resection,3.230769230769231,biopsy,1.0299504272268665,0,0,False,,,0.04232388852334817,
colon,sample_collection_method,epithelial,Intestinal Stem Cells (ISC),inferential,2,biopsy | surgical resection,117,68,12,0.036310076336790585,0.027340615975497876,biopsy,2.536683785766691,surgical resection,1.2711864406779663,0,0,False,,,0.05976785817899535,
colon,sample_collection_method,epithelial,Lower Crypt Colonocytes,inferential,2,biopsy | surgical resection,117,68,12,0.006705003859496097,0.9345415404749701,biopsy,26.13871635610766,surgical resection,20.0,0,0,False,,,0.9548576609200782,
colon,sample_collection_method,epithelial,Lower Villus Enterocytes,inferential,2,biopsy | surgical resection,117,68,12,0.0,0.5289027695972399,biopsy,0.0,biopsy,0.0,0,0,False,,,0.621460754276757,
colon,sample_collection_method,epithelial,Mature Goblet Cells,inferential,2,biopsy | surgical resection,117,68,12,0.039579778318562464,0.06264989701974517,surgical resection,0.3861003861003861,biopsy,0.0,0,0,False,,,0.11325173692030858,
colon,sample_collection_method,epithelial,Microfold Cells (M Cells),inferential,2,biopsy | surgical resection,117,68,12,0.025576213872721243,0.03647083972397132,biopsy,0.0,biopsy,0.0,0,0,False,,,0.07328629897463532,
colon,sample_collection_method,epithelial,Mid Crypt Colonocytes,inferential,2,biopsy | surgical resection,117,68,12,0.12345323858036902,0.00015122934790138873,surgical resection,5.138888888888888,biopsy,1.6606618869654066,0,0,False,,,0.0006180677696839365,
colon,sample_collection_method,epithelial,Mid Villus Enterocytes,inferential,2,biopsy | surgical resection,117,68,12,0.0035667511690255877,0.9563336974491603,biopsy,0.0,biopsy,0.0,0,0,False,,,0.966616855486248,
colon,sample_collection_method,epithelial,Paneth Cells,inferential,2,biopsy | surgical resection,117,68,12,0.0,0.4868123255949368,biopsy,0.0,biopsy,0.0,0,0,False,,,0.5792450456446083,
colon,sample_collection_method,epithelial,Secretory Progenitors,inferential,2,biopsy | surgical resection,117,68,12,0.0,0.30587428210308354,surgical resection,0.7782101167315175,biopsy,0.7670415863287403,0,0,False,,,0.40849491559840356,
colon,sample_collection_method,epithelial,Transiently Amplifying Cells (TA),inferential,2,biopsy | surgical resection,117,68,12,0.11350020928578758,0.0006088088142691445,biopsy,2.320786768481194,surgical resection,0.7518796992481203,0,0,False,,,0.001973380294527572,
colon,sample_collection_method,epithelial,Tuft Cells,inferential,2,biopsy | surgical resection,117,68,12,0.0,0.03847699726708637,biopsy,0.25537752094095667,surgical resection,0.06485084306095978,0,0,False,,,0.07535078631471082,
colon,sample_collection_method,epithelial,Tuft Progenitors,inferential,2,biopsy | surgical resection,117,68,12,0.07349033669692372,0.00021905867277535884,biopsy,0.10191546358761014,surgical resection,0.0,0,0,False,,,0.000791981355418605,
colon,sample_collection_method,epithelial,Villus Tip Enterocytes,inferential,2,biopsy | surgical resection,117,68,12,0.0,0.21591572733053596,biopsy,0.0,biopsy,0.0,0,0,False,,,0.32735610272694166,
colon,sample_collection_method,lymphoid,CD4 Memory,inferential,2,biopsy | surgical resection,145,85,14,0.021707258364434164,0.0233640183317257,biopsy,5.41871921182266,surgical resection,1.930238331678252,0,0,False,,,0.052290898171005136,
colon,sample_collection_method,lymphoid,CD4 Naive,inferential,2,biopsy | surgical resection,145,85,14,0.01184886990891433,0.09417482301924669,biopsy,1.1764705882352942,surgical resection,0.15432098765432098,0,0,False,,,0.152628161444986,
colon,sample_collection_method,lymphoid,CD4 Tfh,inferential,2,biopsy | surgical resection,145,85,14,0.0728167477460983,0.0007567083352372796,biopsy,2.2950819672131146,surgical resection,0.38666731018403355,0,0,False,,,0.0023710194504101426,
colon,sample_collection_method,lymphoid,CD4 Tfr,inferential,2,biopsy | surgical resection,145,85,14,0.0,0.8174192779660181,biopsy,0.2210759027266028,surgical resection,0.0,0,0,False,,,0.8831886451586862,
colon,sample_collection_method,lymphoid,CD4 Th17,inferential,2,biopsy | surgical resection,145,85,14,0.06334247861041543,2.0949631373276095e-05,biopsy,4.941599281221923,surgical resection,1.4944769330734242,0,0,False,,,9.846326745439764e-05,
colon,sample_collection_method,lymphoid,CD4 Tr1,inferential,2,biopsy | surgical resection,145,85,14,0.0,0.7887232519405504,biopsy,0.17605633802816903,surgical resection,0.0,0,0,False,,,0.8620928567722295,
colon,sample_collection_method,lymphoid,CD4 pTreg,inferential,2,biopsy | surgical resection,145,85,14,0.0009550810587995303,0.08559186717312706,biopsy,0.7042253521126761,surgical resection,0.18657850275309645,0,0,False,,,0.14367206275489186,
colon,sample_collection_method,lymphoid,CD4 tTreg,inferential,2,biopsy | surgical resection,145,85,14,0.027765769127852693,0.006039103297326879,biopsy,1.4218009478672986,surgical resection,0.18868193210298473,0,0,False,,,0.01576876972079796,
colon,sample_collection_method,lymphoid,CD8 Circulating Effector Memory,inferential,2,biopsy | surgical resection,145,85,14,0.0,0.4834017747849161,biopsy,2.3450586264656614,surgical resection,1.2213022826230375,0,0,False,,,0.5792450456446083,
colon,sample_collection_method,lymphoid,CD8 Effector Memory,inferential,2,biopsy | surgical resection,145,85,14,0.0,0.3204438197577341,biopsy,1.4285714285714286,surgical resection,0.5902757619738752,0,0,False,,,0.4126262884551645,
colon,sample_collection_method,lymphoid,CD8 IEL,inferential,2,biopsy | surgical resection,145,85,14,0.0,0.3144569156902508,biopsy,6.481481481481481,surgical resection,5.909090909090909,0,0,False,,,0.4105409732622719,
colon,sample_collection_method,lymphoid,CD8 Memory Exhausted,inferential,2,biopsy | surgical resection,145,85,14,0.19018500420664705,8.543557955290782e-08,biopsy,0.0,biopsy,0.0,0,0,False,,,6.692453731644446e-07,
colon,sample_collection_method,lymphoid,CD8 Naive,inferential,2,biopsy | surgical resection,145,85,14,0.0,0.41907370309415637,biopsy,0.28440166265587397,surgical resection,0.0,0,0,False,,,0.518328001195404,
colon,sample_collection_method,lymphoid,CD8 TRM,inferential,2,biopsy | surgical resection,145,85,14,0.07702642539302469,0.0002812229335718331,biopsy,5.450070323488045,surgical resection,1.5183469592503256,0,0,False,,,0.0009441055627054397,
colon,sample_collection_method,lymphoid,GC B Dark Zone (GC B DZ),inferential,2,biopsy | surgical resection,145,85,14,0.005288070600649289,0.04046881431358561,biopsy,0.06333122229259025,surgical resection,0.0,0,0,False,,,0.07763405194851117,
colon,sample_collection_method,lymphoid,GC B Light Zone (GC B LZ),inferential,2,biopsy | surgical resection,145,85,14,0.0,0.3085440319945389,biopsy,0.09242144177449169,surgical resection,0.0,0,0,False,,,0.40849491559840356,
colon,sample_collection_method,lymphoid,Gamma Delta T Cells,inferential,2,biopsy | surgical resection,145,85,14,0.036490345836748504,0.059561249046041424,biopsy,0.29455081001472755,surgical resection,0.0,0,0,False,,,0.10977955706525283,
colon,sample_collection_method,lymphoid,ILC3,inferential,2,biopsy | surgical resection,145,85,14,0.10789461866880391,0.00018160506572079599,biopsy,0.33195020746887965,surgical resection,0.30043490157111796,0,0,False,,,0.000711286507406451,
colon,sample_collection_method,lymphoid,MAIT Cells,inferential,2,biopsy | surgical resection,145,85,14,0.0080629707439144,0.10343449551504318,biopsy,0.4344677769732078,surgical resection,0.0,0,0,False,,,0.16479394200701794,
colon,sample_collection_method,lymphoid,Memory B,inferential,2,biopsy | surgical resection,145,85,14,0.0,0.614994486012914,biopsy,4.3478260869565215,surgical resection,3.674621579045215,0,0,False,,,0.7136973047557273,
colon,sample_collection_method,lymphoid,NK Cells,inferential,2,biopsy | surgical resection,145,85,14,0.021172631968701013,0.3046432220227308,biopsy,0.5141388174807198,surgical resection,0.13360646910824595,0,0,False,,,0.40849491559840356,
colon,sample_collection_method,lymphoid,NKT Cells,inferential,2,biopsy | surgical resection,145,85,14,0.0989551391383212,9.140380699492444e-05,surgical resection,0.8906582833793939,biopsy,0.3694581280788177,0,0,False,,,0.0003905435389783135,
colon,sample_collection_method,lymphoid,Naive B,inferential,2,biopsy | surgical resection,145,85,14,0.0,0.2710125223144649,biopsy,2.084446819882416,surgical resection,0.7719864487478826,0,0,False,,,0.3919258015009184,
colon,sample_collection_method,lymphoid,Plasma Cells,inferential,2,biopsy | surgical resection,145,85,14,0.028725612110941854,0.0659624190410838,biopsy,2.1052631578947367,surgical resection,0.29594815580912015,0,0,False,,,0.1169899507521109,
colon,sample_collection_method,lymphoid,Plasma IGA,inferential,2,biopsy | surgical resection,145,85,14,0.03876311641275521,0.043805130797044615,surgical resection,12.146118721461187,biopsy,2.1052631578947367,0,0,False,,,0.08235364589844388,
colon,sample_collection_method,lymphoid,Plasma IGG,inferential,2,biopsy | surgical resection,145,85,14,0.20375027321681963,4.4138641936117685e-07,surgical resection,0.2904602512600078,biopsy,0.0,0,0,False,,,2.7660215613300413e-06,
colon,sample_collection_method,myeloid,Classical Monocytes,inferential,2,biopsy | surgical resection,107,64,11,0.10136930152190084,0.001138417714211584,surgical resection,9.859154929577464,biopsy,2.9018691588785046,0,0,False,,,0.003451976294706094,
colon,sample_collection_method,myeloid,Cycling Macrophages,inferential,2,biopsy | surgical resection,107,64,11,0.005090574189627337,0.06902685383468206,biopsy,1.0107679804957335,surgical resection,0.0,0,0,False,,,0.11906312750993196,
colon,sample_collection_method,myeloid,Eosinophils,inferential,2,biopsy | surgical resection,107,64,11,0.0,0.8300372444982888,biopsy,0.0,biopsy,0.0,0,0,False,,,0.8866306929868084,
colon,sample_collection_method,myeloid,Follicle Associated Resident Macrophages,inferential,2,biopsy | surgical resection,107,64,11,0.0,0.8497793650355188,biopsy,0.0,biopsy,0.0,0,0,False,,,0.8975197788015592,
colon,sample_collection_method,myeloid,Homeostatic Macrophages,inferential,2,biopsy | surgical resection,107,64,11,0.04904563395759069,0.010106267111591436,biopsy,10.344390628519935,surgical resection,2.7027027027027026,0,0,False,,,0.02521974017191683,
colon,sample_collection_method,myeloid,M0 Macrophages,inferential,2,biopsy | surgical resection,107,64,11,0.11996282978598213,0.00024748062236849686,biopsy,16.227809394376962,surgical resection,3.9603960396039604,0,0,False,,,0.0008615992038014334,
colon,sample_collection_method,myeloid,Mast Cells,inferential,2,biopsy | surgical resection,107,64,11,0.0,0.6815702708965903,surgical resection,10.256410256410255,biopsy,2.000800320128051,0,0,False,,,0.7627095888604701,
colon,sample_collection_method,myeloid,Monocyte Derived Dendritic Cells (MO DC),inferential,2,biopsy | surgical resection,107,64,11,0.07196603450373168,0.01672224178350571,biopsy,0.0,biopsy,0.0,0,0,False,,,0.04030489045255223,
colon,sample_collection_method,myeloid,Neutrophils,inferential,2,biopsy | surgical resection,107,64,11,0.0,0.6908535479268416,biopsy,0.0,biopsy,0.0,0,0,False,,,0.7640027471190954,
colon,sample_collection_method,myeloid,Nonclassical Monocytes,inferential,2,biopsy | surgical resection,107,64,11,0.008549200836593341,0.19125929640783407,biopsy,0.0,biopsy,0.0,0,0,False,,,0.29963956437227335,
colon,sample_collection_method,myeloid,Perivascular Resident Macrophages,inferential,2,biopsy | surgical resection,107,64,11,0.3563816740931497,2.081040479737676e-09,surgical resection,7.575757575757576,biopsy,0.0,0,0,False,,,2.445222563691769e-08,
colon,sample_collection_method,myeloid,Tolerogenic cDC2,inferential,2,biopsy | surgical resection,107,64,11,0.0,0.3004873173398193,biopsy,0.0,biopsy,0.0,0,0,False,,,0.40849491559840356,
colon,sample_collection_method,myeloid,cDC1,inferential,2,biopsy | surgical resection,107,64,11,0.020815852723728694,0.03664314948731766,biopsy,1.0625278148642634,surgical resection,0.0,0,0,False,,,0.07328629897463532,
colon,sample_collection_method,myeloid,cDC2,inferential,2,biopsy | surgical resection,107,64,11,0.025515299793198276,0.08949066608782966,biopsy,8.993305545029683,surgical resection,5.9405940594059405,0,0,False,,,0.14758109846063136,
colon,sample_collection_method,myeloid,migDC,inferential,2,biopsy | surgical resection,107,64,11,0.0,0.47364369662451367,biopsy,0.0,biopsy,0.0,0,0,False,,,0.5782143828922635,
colon,sample_collection_method,myeloid,pDC,inferential,2,biopsy | surgical resection,107,64,11,0.01453713087073725,0.2976775970384054,biopsy,0.0,biopsy,0.0,0,0,False,,,0.40849491559840356,
colon,sample_collection_method,stroma,Adipocytes,inferential,2,biopsy | surgical resection,79,53,8,0.38011671091377947,3.06674893802914e-10,surgical resection,0.3461073107171111,biopsy,0.0,0,0,False,,,4.118205716781989e-09,
colon,sample_collection_method,stroma,Angiogenic Pericytes,inferential,2,biopsy | surgical resection,79,53,8,0.19355127891808144,1.0685910615219062e-05,biopsy,1.7793594306049825,surgical resection,0.0,0,0,False,,,5.5804199879477325e-05,
colon,sample_collection_method,stroma,Arteriolar Endothelial,inferential,2,biopsy | surgical resection,79,53,8,0.1096916814794561,0.0015913424524728603,surgical resection,3.7104781813430883,biopsy,0.5747126436781609,0,0,False,,,0.004674568454139027,
colon,sample_collection_method,stroma,Capillary Endothelial,inferential,2,biopsy | surgical resection,79,53,8,0.28276362240623015,1.4726677384162587e-07,biopsy,2.097902097902098,surgical resection,0.0,0,0,False,,,1.0648520570086793e-06,
colon,sample_collection_method,stroma,Contractile Pericytes,inferential,2,biopsy | surgical resection,79,53,8,0.19474725395788378,0.00021832420303841404,surgical resection,2.9787539477461955,biopsy,0.27932960893854747,0,0,False,,,0.000791981355418605,
colon,sample_collection_method,stroma,Crypt Bottom Fibroblasts (S2A),inferential,2,biopsy | surgical resection,79,53,8,0.6424171108693458,1.7838115554879249e-12,biopsy,15.957446808510639,surgical resection,0.0,0,0,False,,,5.5892762071954986e-11,
colon,sample_collection_method,stroma,Crypt Top Fibroblasts (S2B),inferential,2,biopsy | surgical resection,79,53,8,0.5272752213097629,1.5212298160237373e-10,biopsy,7.927927927927928,surgical resection,0.0,0,0,False,,,2.3832600451038554e-09,
colon,sample_collection_method,stroma,Fibroblastic Reticular Cells (FRC),inferential,2,biopsy | surgical resection,79,53,8,0.0,0.37749135633900976,biopsy,0.0,biopsy,0.0,0,0,False,,,0.47312249994489225,
colon,sample_collection_method,stroma,Follicular Dendritic Cells (fDC),inferential,2,biopsy | surgical resection,79,53,8,0.03924704291508073,0.010195214112051484,biopsy,0.0,biopsy,0.0,0,0,False,,,0.02521974017191683,
colon,sample_collection_method,stroma,Glia,inferential,2,biopsy | surgical resection,79,53,8,0.06881810356113316,0.0035872925197452357,biopsy,3.614457831325301,surgical resection,0.0,0,0,False,,,0.009634442767315777,
colon,sample_collection_method,stroma,Interstitial Cells of Cajal (ICC),inferential,2,biopsy | surgical resection,79,53,8,0.06353023209670822,0.0030627210497606765,biopsy,0.0,biopsy,0.0,0,0,False,,,0.008467522902279517,
colon,sample_collection_method,stroma,Lamina propria Fibroblasts (S1),inferential,2,biopsy | surgical resection,79,53,8,0.3461168495888568,1.9203868986432475e-07,biopsy,25.294117647058822,surgical resection,1.4844804318488527,0,0,False,,,1.2894026319461805e-06,
colon,sample_collection_method,stroma,Lymphatic Endothelial,inferential,2,biopsy | surgical resection,79,53,8,0.35812795898650585,3.570097344020344e-08,surgical resection,1.27174654613679,biopsy,0.0,0,0,False,,,3.050810457617385e-07,
colon,sample_collection_method,stroma,Marginal Reticular Cells (MRC),inferential,2,biopsy | surgical resection,79,53,8,0.0,0.6590218927378988,biopsy,0.17421602787456447,surgical resection,0.0,0,0,False,,,0.755464120943445,
colon,sample_collection_method,stroma,Medullary Sinus Endothelial,inferential,2,biopsy | surgical resection,79,53,8,0.20878642681179738,1.5990573015684487e-05,biopsy,0.0,biopsy,0.0,0,0,False,,,7.911125597233378e-05,
colon,sample_collection_method,stroma,Mesenchymal Lymphoid Tissue Organizer Cells (mLTo Cells),inferential,2,biopsy | surgical resection,79,53,8,0.026180866136586,0.03098302778610373,biopsy,0.0,biopsy,0.0,0,0,False,,,0.06619101390667614,
colon,sample_collection_method,stroma,Muscularis Propria Fibroblasts,inferential,2,biopsy | surgical resection,79,53,8,0.4968694276272867,5.079744939083472e-12,surgical resection,2.633378932968536,biopsy,0.0,0,0,False,,,1.193740060684616e-10,
colon,sample_collection_method,stroma,Myofibroblasts,inferential,2,biopsy | surgical resection,79,53,8,0.5863744856041947,1.6623461475598587e-12,biopsy,5.0,surgical resection,0.0,0,0,False,,,5.5892762071954986e-11,
colon,sample_collection_method,stroma,Post Arteriole Capillary Endothelial (PAC),inferential,2,biopsy | surgical resection,79,53,8,0.4357504047125117,3.784992605962069e-09,biopsy,14.17004048582996,surgical resection,1.0189828080229226,0,0,False,,,3.953214499560383e-08,
colon,sample_collection_method,stroma,Pre Venule Capillary Endothelial (PVC),inferential,2,biopsy | surgical resection,79,53,8,0.3385084211329577,6.821254567893448e-09,biopsy,0.0,biopsy,0.0,0,0,False,,,6.411979293819841e-08,
colon,sample_collection_method,stroma,Secretory Pericytes,inferential,2,biopsy | surgical resection,79,53,8,0.07279159667592588,0.020126011543323677,biopsy,0.5319148936170213,surgical resection,0.0,0,0,False,,,0.04614256305054697,
colon,sample_collection_method,stroma,Smooth Muscle Cells (SMC),inferential,2,biopsy | surgical resection,79,53,8,0.20813166896041924,2.4809847089727457e-05,biopsy,0.0,biopsy,0.0,0,0,False,,,0.00011105360125878005,
colon,sample_collection_method,stroma,Submucosal Fibroblasts (S3),inferential,2,biopsy | surgical resection,79,53,8,0.6957005626489544,1.0628501231083969e-13,surgical resection,35.64705882352941,biopsy,0.0,0,0,False,,,9.990791157218932e-12,
colon,sample_collection_method,stroma,Venular Endothelial,inferential,2,biopsy | surgical resection,79,53,8,0.008732454281536456,0.06966459588347083,biopsy,3.614457831325301,surgical resection,2.9246220064010595,0,0,False,,,0.11906312750993196,
colon,sequenced_fragment,epithelial,BEST4 Colonocytes,inferential,2,3 prime tag | 5 prime tag,117,68,12,0.04172119627145506,0.035616155605225956,3 prime tag,6.776635615935167,5 prime tag,4.0,0,0,False,,,0.06392643313758505,
colon,sequenced_fragment,epithelial,BEST4 Enterocytes,inferential,2,3 prime tag | 5 prime tag,117,68,12,0.07671704155886365,0.001315266148803808,3 prime tag,0.0,3 prime tag,0.0,0,0,False,,,0.004184937746193935,
colon,sequenced_fragment,epithelial,Brunners Gland Cells,inferential,2,3 prime tag | 5 prime tag,117,68,12,0.03941636146682797,0.001315266148803808,3 prime tag,0.0,3 prime tag,0.0,0,0,False,,,0.004184937746193935,
colon,sequenced_fragment,epithelial,Colonocyte Progenitors,inferential,2,3 prime tag | 5 prime tag,117,68,12,0.18423891605534318,4.141659893879565e-06,3 prime tag,13.613813746051129,5 prime tag,0.0,0,0,False,,,7.247904814289239e-05,
colon,sequenced_fragment,epithelial,Crypt Top Colonocytes,inferential,2,3 prime tag | 5 prime tag,117,68,12,0.0,0.7226770168866509,5 prime tag,66.66666666666666,3 prime tag,11.708843159065628,0,0,False,,,0.7782675566471624,
colon,sequenced_fragment,epithelial,EEC Enterochromaffin (EC),inferential,2,3 prime tag | 5 prime tag,117,68,12,0.0,0.8299249765640654,3 prime tag,0.0,3 prime tag,0.0,0,0,False,,,0.8419528747751388,
colon,sequenced_fragment,epithelial,EEC L,inferential,2,3 prime tag | 5 prime tag,117,68,12,0.005177307968400185,0.08237651321574163,3 prime tag,0.0,3 prime tag,0.0,0,0,False,,,0.13105354375231623,
colon,sequenced_fragment,epithelial,EEC N,inferential,2,3 prime tag | 5 prime tag,117,68,12,0.08136452650719855,0.0008559580913288241,3 prime tag,0.0,3 prime tag,0.0,0,0,False,,,0.003744816649563606,
colon,sequenced_fragment,epithelial,EEC Progenitors,inferential,2,3 prime tag | 5 prime tag,117,68,12,0.0,0.20073944514799488,3 prime tag,0.07179550027063737,5 prime tag,0.0,0,0,False,,,0.2810352232071928,
colon,sequenced_fragment,epithelial,EEC S,inferential,2,3 prime tag | 5 prime tag,117,68,12,0.057197834611606456,0.005868942259413012,3 prime tag,0.0,3 prime tag,0.0,0,0,False,,,0.014166412350307269,
colon,sequenced_fragment,epithelial,Enterocyte Progenitors,inferential,2,3 prime tag | 5 prime tag,117,68,12,0.0,0.3551934408166928,3 prime tag,0.10016189800425732,5 prime tag,0.0,0,0,False,,,0.43620247117839467,
colon,sequenced_fragment,epithelial,Enteroendocrine Cells (EEC),inferential,2,3 prime tag | 5 prime tag,117,68,12,0.07357149677027106,0.0017565528149910395,3 prime tag,0.0,3 prime tag,0.0,0,0,False,,,0.005288493210993421,
colon,sequenced_fragment,epithelial,Epithelial,inferential,2,3 prime tag | 5 prime tag,117,68,12,0.04660945700998689,0.0018131976723406013,3 prime tag,0.0,3 prime tag,0.0,0,0,False,,,0.005288493210993421,
colon,sequenced_fragment,epithelial,Foveolar Cells,inferential,2,3 prime tag | 5 prime tag,117,68,12,0.08157059664571889,0.0011167845119485723,3 prime tag,0.0,3 prime tag,0.0,0,0,False,,,0.004184937746193935,
colon,sequenced_fragment,epithelial,Goblet Cells,inferential,2,3 prime tag | 5 prime tag,117,68,12,0.0,0.8591617538516431,5 prime tag,3.5211267605633805,3 prime tag,2.0284600123144285,0,0,False,,,0.8591617538516431,
colon,sequenced_fragment,epithelial,Intestinal Stem Cells (ISC),inferential,2,3 prime tag | 5 prime tag,117,68,12,0.11010177511498113,0.00031232065147390465,3 prime tag,2.1531179663709787,5 prime tag,0.0,0,0,False,,,0.0016817265848594865,
colon,sequenced_fragment,epithelial,Lower Crypt Colonocytes,inferential,2,3 prime tag | 5 prime tag,117,68,12,0.12417596272611327,0.0003477683113615233,3 prime tag,24.431644316443165,5 prime tag,7.042253521126761,0,0,False,,,0.0017388415568076164,
colon,sequenced_fragment,epithelial,Lower Villus Enterocytes,inferential,2,3 prime tag | 5 prime tag,117,68,12,0.022967549606896537,0.04175944560446143,3 prime tag,0.0,3 prime tag,0.0,0,0,False,,,0.0730790298078075,
colon,sequenced_fragment,epithelial,Mature Goblet Cells,inferential,2,3 prime tag | 5 prime tag,117,68,12,0.028905583160903227,0.009949672722739326,5 prime tag,2.112676056338028,3 prime tag,0.0,0,0,False,,,0.021105366381568267,
colon,sequenced_fragment,epithelial,Microfold Cells (M Cells),inferential,2,3 prime tag | 5 prime tag,117,68,12,0.03260359367767225,0.009171602076879278,3 prime tag,0.0,3 prime tag,0.0,0,0,False,,,0.02006287954317342,
colon,sequenced_fragment,epithelial,Mid Crypt Colonocytes,inferential,2,3 prime tag | 5 prime tag,117,68,12,0.045700287736030076,0.010500533023339895,3 prime tag,3.481750376648418,5 prime tag,0.8141112618724559,0,0,False,,,0.021618744459817433,
colon,sequenced_fragment,epithelial,Mid Villus Enterocytes,inferential,2,3 prime tag | 5 prime tag,117,68,12,0.01524081561860497,0.005232328386249457,3 prime tag,0.0,3 prime tag,0.0,0,0,False,,,0.013080820965623643,
colon,sequenced_fragment,epithelial,Paneth Cells,inferential,2,3 prime tag | 5 prime tag,117,68,12,0.08055071557772245,0.0012322599603920702,3 prime tag,0.0,3 prime tag,0.0,0,0,False,,,0.004184937746193935,
colon,sequenced_fragment,epithelial,Secretory Progenitors,inferential,2,3 prime tag | 5 prime tag,117,68,12,0.01667185476884086,0.08918657034681292,3 prime tag,0.830437848948361,5 prime tag,0.0,0,0,False,,,0.13821409499279505,
colon,sequenced_fragment,epithelial,Transiently Amplifying Cells (TA),inferential,2,3 prime tag | 5 prime tag,117,68,12,0.004609493850378413,0.16980270061747338,3 prime tag,1.3733956413127746,5 prime tag,0.0,0,0,False,,,0.247628938400482,
colon,sequenced_fragment,epithelial,Tuft Cells,inferential,2,3 prime tag | 5 prime tag,117,68,12,0.0,0.26641984061549995,3 prime tag,0.20175685434246793,5 prime tag,0.0,0,0,False,,,0.3528430520173224,
colon,sequenced_fragment,epithelial,Tuft Progenitors,inferential,2,3 prime tag | 5 prime tag,117,68,12,0.0,0.7508436290700896,3 prime tag,0.0881605730534363,5 prime tag,0.0,0,0,False,,,0.7844634930583025,
colon,sequenced_fragment,epithelial,Villus Tip Enterocytes,inferential,2,3 prime tag | 5 prime tag,117,68,12,0.005349567822459712,0.008448304300327742,3 prime tag,0.0,3 prime tag,0.0,0,0,False,,,0.019076816162030386,
colon,sequenced_fragment,lymphoid,CD4 Memory,inferential,2,3 prime tag | 5 prime tag,145,85,14,0.15332120191697923,9.932774197996155e-06,5 prime tag,14.842175957018133,3 prime tag,2.623155165536498,0,0,False,,,0.00013493083073842996,
colon,sequenced_fragment,lymphoid,CD4 Naive,inferential,2,3 prime tag | 5 prime tag,145,85,14,0.0,0.7448898335608694,3 prime tag,0.8646470868770368,5 prime tag,0.8007391438250694,0,0,False,,,0.7844634930583025,
colon,sequenced_fragment,lymphoid,CD4 Tfh,inferential,2,3 prime tag | 5 prime tag,145,85,14,0.1401758682372485,1.4659149752403977e-05,5 prime tag,3.6595283274600163,3 prime tag,1.3891568589619911,0,0,False,,,0.00014659149752403977,
colon,sequenced_fragment,lymphoid,CD4 Tfr,inferential,2,3 prime tag | 5 prime tag,145,85,14,0.026272281669622217,0.06800336927237133,5 prime tag,0.2933411557641537,3 prime tag,0.0,0,0,False,,,0.11070315928060448,
colon,sequenced_fragment,lymphoid,CD4 Th17,inferential,2,3 prime tag | 5 prime tag,145,85,14,0.06583390212622652,0.00016465164710208495,5 prime tag,5.7514549811708315,3 prime tag,3.3657990922887286,0,0,False,,,0.0009604679414288289,
colon,sequenced_fragment,lymphoid,CD4 Tr1,inferential,2,3 prime tag | 5 prime tag,145,85,14,0.14361198319236432,6.114086415444494e-05,5 prime tag,0.5323868677905945,3 prime tag,0.0,0,0,False,,,0.0005349825613513932,
colon,sequenced_fragment,lymphoid,CD4 pTreg,inferential,2,3 prime tag | 5 prime tag,145,85,14,0.08377980062653367,0.0012164893644859693,5 prime tag,1.1301160659743432,3 prime tag,0.4121080200357691,0,0,False,,,0.004184937746193935,
colon,sequenced_fragment,lymphoid,CD4 tTreg,inferential,2,3 prime tag | 5 prime tag,145,85,14,0.09044886734348064,0.001236734898886752,5 prime tag,1.4876394661999561,3 prime tag,0.8154008223044981,0,0,False,,,0.004184937746193935,
colon,sequenced_fragment,lymphoid,CD8 Circulating Effector Memory,inferential,2,3 prime tag | 5 prime tag,145,85,14,0.15976334012230586,1.156549977757971e-05,5 prime tag,4.528182393920202,3 prime tag,1.3720765325652466,0,0,False,,,0.00013493083073842996,
colon,sequenced_fragment,lymphoid,CD8 Effector Memory,inferential,2,3 prime tag | 5 prime tag,145,85,14,0.2711649728592136,1.0778809309833037e-09,5 prime tag,4.9853372434017595,3 prime tag,0.7856069127061641,0,0,False,,,3.772583258441563e-08,
colon,sequenced_fragment,lymphoid,CD8 IEL,inferential,2,3 prime tag | 5 prime tag,145,85,14,0.09272601019968808,7.911690434124048e-05,5 prime tag,11.669829222011385,3 prime tag,4.191865244550562,0,0,False,,,0.0006153537004318704,
colon,sequenced_fragment,lymphoid,CD8 Memory Exhausted,inferential,2,3 prime tag | 5 prime tag,145,85,14,0.10487579190322496,0.00011680099132730542,5 prime tag,0.02933411557641537,3 prime tag,0.0,0,0,False,,,0.0007432790357192163,
colon,sequenced_fragment,lymphoid,CD8 Naive,inferential,2,3 prime tag | 5 prime tag,145,85,14,0.012751559154509083,0.1804843837688632,5 prime tag,0.26400704018773835,3 prime tag,0.20416708121911584,0,0,False,,,0.25783483395551887,
colon,sequenced_fragment,lymphoid,CD8 TRM,inferential,2,3 prime tag | 5 prime tag,145,85,14,0.05739151691534582,0.0022446991640806798,5 prime tag,6.043329532497149,3 prime tag,3.2031846910207156,0,0,False,,,0.006285157659425903,
colon,sequenced_fragment,lymphoid,GC B Dark Zone (GC B DZ),inferential,2,3 prime tag | 5 prime tag,145,85,14,0.030981376104566243,0.0006737705279513932,5 prime tag,0.061595318755774564,3 prime tag,0.0,0,0,False,,,0.0031442624637731684,
colon,sequenced_fragment,lymphoid,GC B Light Zone (GC B LZ),inferential,2,3 prime tag | 5 prime tag,145,85,14,0.016173141738271304,0.021111293958284608,3 prime tag,0.0,3 prime tag,0.0,0,0,False,,,0.041049738252220073,
colon,sequenced_fragment,lymphoid,Gamma Delta T Cells,inferential,2,3 prime tag | 5 prime tag,145,85,14,0.018175682068201197,0.02540078796621369,5 prime tag,0.1968934587617589,3 prime tag,0.1586091698992247,0,0,False,,,0.048055544800944816,
colon,sequenced_fragment,lymphoid,ILC3,inferential,2,3 prime tag | 5 prime tag,145,85,14,0.1308459903865463,0.003960306110201155,3 prime tag,0.3550110205586364,5 prime tag,0.031625553447185324,0,0,False,,,0.010267460285706697,
colon,sequenced_fragment,lymphoid,MAIT Cells,inferential,2,3 prime tag | 5 prime tag,145,85,14,0.0,0.5000899188840674,5 prime tag,0.4158004158004158,3 prime tag,0.15620387380727577,0,0,False,,,0.5738736774079461,
colon,sequenced_fragment,lymphoid,Memory B,inferential,2,3 prime tag | 5 prime tag,145,85,14,0.04804472177275069,0.061186999950739875,3 prime tag,4.216673759871377,5 prime tag,2.127659574468085,0,0,False,,,0.1044656096719949,
colon,sequenced_fragment,lymphoid,NK Cells,inferential,2,3 prime tag | 5 prime tag,145,85,14,0.13980543294358197,0.0023900483483093875,3 prime tag,0.4497535077739856,5 prime tag,0.05420054200542006,0,0,False,,,0.006434745553140659,
colon,sequenced_fragment,lymphoid,NKT Cells,inferential,2,3 prime tag | 5 prime tag,145,85,14,0.000802368127896006,0.16706180498762915,5 prime tag,0.7330482590103848,3 prime tag,0.3751674121540638,0,0,False,,,0.247628938400482,
colon,sequenced_fragment,lymphoid,Naive B,inferential,2,3 prime tag | 5 prime tag,145,85,14,0.038804059755629894,0.01724511319426295,3 prime tag,1.5907975108470547,5 prime tag,0.5323868677905945,0,0,False,,,0.0344902263885259,
colon,sequenced_fragment,lymphoid,Plasma Cells,inferential,2,3 prime tag | 5 prime tag,145,85,14,0.0,0.7808376413794075,3 prime tag,1.3824586529821632,5 prime tag,0.45610034207525657,0,0,False,,,0.8038034543611547,
colon,sequenced_fragment,lymphoid,Plasma IGA,inferential,2,3 prime tag | 5 prime tag,145,85,14,0.1948203319617825,4.86211491697126e-07,3 prime tag,6.4816058002148225,5 prime tag,0.03872966692486445,0,0,False,,,1.1344934806266273e-05,
colon,sequenced_fragment,lymphoid,Plasma IGG,inferential,2,3 prime tag | 5 prime tag,145,85,14,0.3469072710996129,1.6500294504180535e-11,3 prime tag,0.11598977945131791,5 prime tag,0.0,0,0,False,,,1.1550206152926374e-09,
colon,sequenced_fragment,myeloid,Classical Monocytes,inferential,2,3 prime tag | 5 prime tag,107,64,11,0.004287249802083002,0.06687790622176414,3 prime tag,6.0606060606060606,5 prime tag,3.084862385321101,0,0,False,,,0.11070315928060448,
colon,sequenced_fragment,myeloid,Cycling Macrophages,inferential,2,3 prime tag | 5 prime tag,107,64,11,0.038278231781116584,0.0908264052809796,5 prime tag,1.5638864241348713,3 prime tag,0.0,0,0,False,,,0.13821409499279505,
colon,sequenced_fragment,myeloid,Eosinophils,inferential,2,3 prime tag | 5 prime tag,107,64,11,0.005129626550560619,0.44171186051735123,3 prime tag,0.0,3 prime tag,0.0,0,0,False,,,0.5240649192578744,
colon,sequenced_fragment,myeloid,Follicle Associated Resident Macrophages,inferential,2,3 prime tag | 5 prime tag,107,64,11,0.004707284915828416,0.3420574175445071,3 prime tag,0.0,3 prime tag,0.0,0,0,False,,,0.429893567665799,
colon,sequenced_fragment,myeloid,Homeostatic Macrophages,inferential,2,3 prime tag | 5 prime tag,107,64,11,0.18239774813907444,9.246588207808987e-05,5 prime tag,22.77372392051291,3 prime tag,3.4482758620689653,0,0,False,,,0.0006472611745466291,
colon,sequenced_fragment,myeloid,M0 Macrophages,inferential,2,3 prime tag | 5 prime tag,107,64,11,0.06012367402995016,0.008091622277216746,5 prime tag,18.146929824561404,3 prime tag,6.960556844547564,0,0,False,,,0.018880451980172408,
colon,sequenced_fragment,myeloid,Mast Cells,inferential,2,3 prime tag | 5 prime tag,107,64,11,0.0,0.3439148541326392,3 prime tag,7.6923076923076925,5 prime tag,0.0,0,0,False,,,0.429893567665799,
colon,sequenced_fragment,myeloid,Monocyte Derived Dendritic Cells (MO DC),inferential,2,3 prime tag | 5 prime tag,107,64,11,0.009344339881318378,0.26715259652740125,3 prime tag,0.0,3 prime tag,0.0,0,0,False,,,0.3528430520173224,
colon,sequenced_fragment,myeloid,Neutrophils,inferential,2,3 prime tag | 5 prime tag,107,64,11,0.0,0.6861341815445687,3 prime tag,0.0,3 prime tag,0.0,0,0,False,,,0.7504592610643721,
colon,sequenced_fragment,myeloid,Nonclassical Monocytes,inferential,2,3 prime tag | 5 prime tag,107,64,11,0.0,0.544363983468134,3 prime tag,0.0,3 prime tag,0.0,0,0,False,,,0.6146044974640222,
colon,sequenced_fragment,myeloid,Perivascular Resident Macrophages,inferential,2,3 prime tag | 5 prime tag,107,64,11,0.008369658688883442,0.2779992953489579,3 prime tag,0.0,3 prime tag,0.0,0,0,False,,,0.3603694569338343,
colon,sequenced_fragment,myeloid,Tolerogenic cDC2,inferential,2,3 prime tag | 5 prime tag,107,64,11,0.0,0.4007909666606052,3 prime tag,0.0,3 prime tag,0.0,0,0,False,,,0.48371323562486834,
colon,sequenced_fragment,myeloid,cDC1,inferential,2,3 prime tag | 5 prime tag,107,64,11,0.0,0.6423471762701161,3 prime tag,0.0,3 prime tag,0.0,0,0,False,,,0.7137190847445734,
colon,sequenced_fragment,myeloid,cDC2,inferential,2,3 prime tag | 5 prime tag,107,64,11,0.03122483435866528,0.03059429052237708,3 prime tag,8.571428571428571,5 prime tag,2.5816993464052285,0,0,False,,,0.05635790359385252,
colon,sequenced_fragment,myeloid,migDC,inferential,2,3 prime tag | 5 prime tag,107,64,11,0.012680840086591256,0.23219438909653586,3 prime tag,0.0,3 prime tag,0.0,0,0,False,,,0.3186981811128924,
colon,sequenced_fragment,myeloid,pDC,inferential,2,3 prime tag | 5 prime tag,107,64,11,0.0,0.45669961690683725,3 prime tag,0.0,3 prime tag,0.0,0,0,False,,,0.5328162197246434,
colon,sequenced_fragment,stroma,Adipocytes,descriptive,2,3 prime tag | 5 prime tag,79,53,8,0.006062749981643375,,5 prime tag,1.361031518624642,3 prime tag,0.0,0,0,False,,,,
colon,sequenced_fragment,stroma,Angiogenic Pericytes,descriptive,2,3 prime tag | 5 prime tag,79,53,8,0.049924472087639685,,3 prime tag,0.7207207207207207,5 prime tag,0.0,0,0,False,,,,
colon,sequenced_fragment,stroma,Arteriolar Endothelial,descriptive,2,3 prime tag | 5 prime tag,79,53,8,0.0,,5 prime tag,6.429799426934098,3 prime tag,0.8865248226950355,0,0,False,,,,
colon,sequenced_fragment,stroma,Capillary Endothelial,descriptive,2,3 prime tag | 5 prime tag,79,53,8,0.008838949280131528,,3 prime tag,0.0,3 prime tag,0.0,0,0,False,,,,
colon,sequenced_fragment,stroma,Contractile Pericytes,descriptive,2,3 prime tag | 5 prime tag,79,53,8,0.054481031522964726,,5 prime tag,8.441260744985673,3 prime tag,0.7042253521126761,0,0,False,,,,
colon,sequenced_fragment,stroma,Crypt Bottom Fibroblasts (S2A),descriptive,2,3 prime tag | 5 prime tag,79,53,8,0.0,,3 prime tag,5.757575757575758,5 prime tag,0.5372492836676217,0,0,False,,,,
colon,sequenced_fragment,stroma,Crypt Top Fibroblasts (S2B),descriptive,2,3 prime tag | 5 prime tag,79,53,8,0.005158579913991979,,5 prime tag,2.035816618911175,3 prime tag,1.478743068391867,0,0,False,,,,
colon,sequenced_fragment,stroma,Fibroblastic Reticular Cells (FRC),descriptive,2,3 prime tag | 5 prime tag,79,53,8,0.0,,5 prime tag,0.07163323782234957,3 prime tag,0.0,0,0,False,,,,
colon,sequenced_fragment,stroma,Follicular Dendritic Cells (fDC),descriptive,2,3 prime tag | 5 prime tag,79,53,8,0.0,,3 prime tag,0.0,3 prime tag,0.0,0,0,False,,,,
colon,sequenced_fragment,stroma,Glia,descriptive,2,3 prime tag | 5 prime tag,79,53,8,0.021555770062427853,,5 prime tag,10.4054441260745,3 prime tag,1.3888888888888888,0,0,False,,,,
colon,sequenced_fragment,stroma,Interstitial Cells of Cajal (ICC),descriptive,2,3 prime tag | 5 prime tag,79,53,8,0.0,,3 prime tag,0.0,3 prime tag,0.0,0,0,False,,,,
colon,sequenced_fragment,stroma,Lamina propria Fibroblasts (S1),descriptive,2,3 prime tag | 5 prime tag,79,53,8,0.0,,3 prime tag,14.367816091954023,5 prime tag,1.540114613180516,0,0,False,,,,
colon,sequenced_fragment,stroma,Lymphatic Endothelial,descriptive,2,3 prime tag | 5 prime tag,79,53,8,0.0014398014504167934,,3 prime tag,0.0,3 prime tag,0.0,0,0,False,,,,
colon,sequenced_fragment,stroma,Marginal Reticular Cells (MRC),descriptive,2,3 prime tag | 5 prime tag,79,53,8,0.006995702701600213,,3 prime tag,0.0,3 prime tag,0.0,0,0,False,,,,
colon,sequenced_fragment,stroma,Medullary Sinus Endothelial,descriptive,2,3 prime tag | 5 prime tag,79,53,8,2.1900344605365494e-05,,3 prime tag,0.0,3 prime tag,0.0,0,0,False,,,,
colon,sequenced_fragment,stroma,Mesenchymal Lymphoid Tissue Organizer Cells (mLTo Cells),descriptive,2,3 prime tag | 5 prime tag,79,53,8,0.0,,5 prime tag,0.07163323782234957,3 prime tag,0.0,0,0,False,,,,
colon,sequenced_fragment,stroma,Muscularis Propria Fibroblasts,descriptive,2,3 prime tag | 5 prime tag,79,53,8,0.05397876263879901,,5 prime tag,23.42406876790831,3 prime tag,0.0,0,0,False,,,,
colon,sequenced_fragment,stroma,Myofibroblasts,descriptive,2,3 prime tag | 5 prime tag,79,53,8,0.008979253554317841,,3 prime tag,1.8292682926829267,5 prime tag,0.10744985673352436,0,0,False,,,,
colon,sequenced_fragment,stroma,Post Arteriole Capillary Endothelial (PAC),descriptive,2,3 prime tag | 5 prime tag,79,53,8,0.0,,5 prime tag,10.393982808022923,3 prime tag,4.444444444444445,0,0,False,,,,
colon,sequenced_fragment,stroma,Pre Venule Capillary Endothelial (PVC),descriptive,2,3 prime tag | 5 prime tag,79,53,8,0.09151672765768791,,5 prime tag,3.181948424068768,3 prime tag,0.0,0,0,False,,,,
colon,sequenced_fragment,stroma,Secretory Pericytes,descriptive,2,3 prime tag | 5 prime tag,79,53,8,0.018532650303266587,,3 prime tag,0.0,3 prime tag,0.0,0,0,False,,,,
colon,sequenced_fragment,stroma,Smooth Muscle Cells (SMC),descriptive,2,3 prime tag | 5 prime tag,79,53,8,0.0,,5 prime tag,0.03581661891117478,3 prime tag,0.0,0,0,False,,,,
colon,sequenced_fragment,stroma,Submucosal Fibroblasts (S3),descriptive,2,3 prime tag | 5 prime tag,79,53,8,0.0193581063758572,,5 prime tag,29.747851002865332,3 prime tag,0.5882352941176471,0,0,False,,,,
colon,sequenced_fragment,stroma,Venular Endothelial,descriptive,2,3 prime tag | 5 prime tag,79,53,8,0.0005294450782154915,,3 prime tag,3.1963470319634704,5 prime tag,2.214899713467049,0,0,False,,,,
colon,gene_annotation_version,epithelial,BEST4 Colonocytes,inferential,2,v104 | v98,117,68,12,0.005747065372591075,0.3211104179646662,v98,6.809076951187253,v104,6.666666666666667,0,0,False,,,0.35964366812042614,
colon,gene_annotation_version,epithelial,BEST4 Enterocytes,inferential,2,v104 | v98,117,68,12,0.0,0.2648837087516571,v104,0.0,v104,0.0,0,0,False,,,0.34841045816715505,
colon,gene_annotation_version,epithelial,Brunners Gland Cells,inferential,2,v104 | v98,117,68,12,0.0,0.2920887830557646,v104,0.0,v104,0.0,0,0,False,,,0.35558634458962646,
colon,gene_annotation_version,epithelial,Colonocyte Progenitors,inferential,2,v104 | v98,117,68,12,0.09558372284710753,0.0008544112367712204,v98,14.036554056953245,v104,1.1111111111111112,0,0,False,,,0.007974504876531391,
colon,gene_annotation_version,epithelial,Crypt Top Colonocytes,inferential,2,v104 | v98,117,68,12,0.05442117069787902,0.011190152245792262,v98,14.793868921775898,v104,2.941176470588235,0,0,False,,,0.03481380698690926,
colon,gene_annotation_version,epithelial,EEC Enterochromaffin (EC),inferential,2,v104 | v98,117,68,12,0.006985017318276187,0.25621629673124646,v104,0.18796992481203006,v98,0.0,0,0,False,,,0.34841045816715505,
colon,gene_annotation_version,epithelial,EEC L,inferential,2,v104 | v98,117,68,12,0.16778986273733515,0.0016883594586130195,v104,1.232394366197183,v98,0.0,0,0,False,,,0.009454812968232909,
colon,gene_annotation_version,epithelial,EEC N,inferential,2,v104 | v98,117,68,12,0.0,0.26052506542114107,v104,0.0,v104,0.0,0,0,False,,,0.34841045816715505,
colon,gene_annotation_version,epithelial,EEC Progenitors,inferential,2,v104 | v98,117,68,12,0.0,0.36805598051058064,v104,0.21505376344086022,v98,0.0,0,0,False,,,0.39636797901139453,
colon,gene_annotation_version,epithelial,EEC S,inferential,2,v104 | v98,117,68,12,0.0,0.2648837087516571,v104,0.0,v104,0.0,0,0,False,,,0.34841045816715505,
colon,gene_annotation_version,epithelial,Enterocyte Progenitors,inferential,2,v104 | v98,117,68,12,0.056271497053426496,0.0027266195971997476,v98,0.09193443741953361,v104,0.0,0,0,False,,,0.012724224786932156,
colon,gene_annotation_version,epithelial,Enteroendocrine Cells (EEC),inferential,2,v104 | v98,117,68,12,0.004953791243073865,0.13533717033097767,v104,0.0,v104,0.0,0,0,False,,,0.291495443789798,
colon,gene_annotation_version,epithelial,Epithelial,inferential,2,v104 | v98,117,68,12,0.010410218310561508,0.09751128312424635,v104,0.0,v104,0.0,0,0,False,,,0.22752632728990818,
colon,gene_annotation_version,epithelial,Foveolar Cells,inferential,2,v104 | v98,117,68,12,0.0,0.27375107427419326,v104,0.0,v104,0.0,0,0,False,,,0.34841045816715505,
colon,gene_annotation_version,epithelial,Goblet Cells,inferential,2,v104 | v98,117,68,12,0.08034277363586274,0.0013191141593553654,v104,10.416666666666668,v98,1.7380515697486245,0,0,False,,,0.009233799115487558,
colon,gene_annotation_version,epithelial,Intestinal Stem Cells (ISC),inferential,2,v104 | v98,117,68,12,0.0761551679548519,0.003440280458287753,v104,8.333333333333332,v98,1.774761783067431,0,0,False,,,0.013761121833151011,
colon,gene_annotation_version,epithelial,Lower Crypt Colonocytes,inferential,2,v104 | v98,117,68,12,0.008102692536009511,0.2158407659743663,v104,41.00418410041841,v98,21.55621864860624,0,0,False,,,0.34841045816715505,
colon,gene_annotation_version,epithelial,Lower Villus Enterocytes,inferential,2,v104 | v98,117,68,12,0.0014202585412934085,0.44909794589960583,v104,0.2777777777777778,v98,0.0,0,0,False,,,0.46573120315514677,
colon,gene_annotation_version,epithelial,Mature Goblet Cells,inferential,2,v104 | v98,117,68,12,0.026617681459349632,0.03881088931988814,v104,0.0,v104,0.0,0,0,False,,,0.10867049009568679,
colon,gene_annotation_version,epithelial,Microfold Cells (M Cells),inferential,2,v104 | v98,117,68,12,0.012549387073581587,0.048367131032358825,v104,0.0,v104,0.0,0,0,False,,,0.12311633353691337,
colon,gene_annotation_version,epithelial,Mid Crypt Colonocytes,inferential,2,v104 | v98,117,68,12,0.0,0.7280099650265249,v104,3.4408602150537635,v98,3.28434130453858,0,0,False,,,0.7280099650265249,
colon,gene_annotation_version,epithelial,Mid Villus Enterocytes,inferential,2,v104 | v98,117,68,12,0.00356728366759858,0.1939309095576807,v104,0.0,v104,0.0,0,0,False,,,0.34841045816715505,
colon,gene_annotation_version,epithelial,Paneth Cells,inferential,2,v104 | v98,117,68,12,0.000849830374299887,0.23541588645658,v104,0.0,v104,0.0,0,0,False,,,0.34841045816715505,
colon,gene_annotation_version,epithelial,Secretory Progenitors,inferential,2,v104 | v98,117,68,12,0.07914811309774761,0.008569636077044222,v104,1.7204301075268817,v98,0.7571597533158739,0,0,False,,,0.02999372626965478,
colon,gene_annotation_version,epithelial,Transiently Amplifying Cells (TA),inferential,2,v104 | v98,117,68,12,0.12281126137089489,5.109881025476182e-05,v98,1.4331397054509183,v104,0.22675736961451248,0,0,False,,,0.0007153833435666656,
colon,gene_annotation_version,epithelial,Tuft Cells,inferential,2,v104 | v98,117,68,12,0.38798646998339487,1.122580273213481e-06,v104,9.750566893424036,v98,0.08982416552118674,0,0,False,,,3.143224764997747e-05,
colon,gene_annotation_version,epithelial,Tuft Progenitors,inferential,2,v104 | v98,117,68,12,0.012166094254882368,0.1802607818031238,v104,0.5730659025787965,v98,0.0,0,0,False,,,0.34841045816715505,
colon,gene_annotation_version,epithelial,Villus Tip Enterocytes,inferential,2,v104 | v98,117,68,12,0.0,0.3211104179646662,v104,0.0,v104,0.0,0,0,False,,,0.35964366812042614,
